header.seq,header.stamp.secs,header.stamp.nsecs,header.frame_id,status.status,status.service,latitude,longitude,altitude,position_covariance,position_covariance_type,bag_t.secs,bag_t.nsecs
2873,1778834033,624507599,gps,0,0,36.7291448,127.4431163,98.023,0.815409;0.0;0.0;0.0;0.815409;0.0;0.0;0.0;2.274064,2,1778834033,690582549
2874,1778834033,749507535,gps,0,0,36.7291447,127.4431164,98.01,0.815409;0.0;0.0;0.0;0.815409;0.0;0.0;0.0;2.277081,2,1778834033,815666571
2875,1778834033,874507470,gps,0,0,36.7291447,127.4431163,98.005,0.815409;0.0;0.0;0.0;0.815409;0.0;0.0;0.0;2.277081,2,1778834033,939474200
2876,1778834033,999507406,gps,0,0,36.7291447,127.4431164,98.027,0.815409;0.0;0.0;0.0;0.815409;0.0;0.0;0.0;2.2801,2,1778834034,65931284
2877,1778834034,124507341,gps,0,0,36.7291447,127.4431163,98.026,0.815409;0.0;0.0;0.0;0.815409;0.0;0.0;0.0;2.2801,2,1778834034,190421406
2878,1778834034,249507276,gps,0,0,36.7291446,127.4431163,98.017,0.815409;0.0;0.0;0.0;0.815409;0.0;0.0;0.0;2.2801,2,1778834034,316077862
2879,1778834034,374507212,gps,0,0,36.7291446,127.4431163,98.029,0.815409;0.0;0.0;0.0;0.815409;0.0;0.0;0.0;2.2831209999999995,2,1778834034,440611755
2880,1778834034,499507147,gps,0,0,36.729144399999996,127.4431163,98.032,0.815409;0.0;0.0;0.0;0.815409;0.0;0.0;0.0;2.2831209999999995,2,1778834034,565891756
2881,1778834034,624507083,gps,0,0,36.729144399999996,127.4431163,98.043,0.817216;0.0;0.0;0.0;0.817216;0.0;0.0;0.0;2.2831209999999995,2,1778834034,690440529
2882,1778834034,749507018,gps,0,0,36.7291445,127.4431163,98.043,0.817216;0.0;0.0;0.0;0.817216;0.0;0.0;0.0;2.286144,2,1778834034,815552013
2883,1778834034,874506954,gps,0,0,36.729144399999996,127.4431164,98.057,0.817216;0.0;0.0;0.0;0.817216;0.0;0.0;0.0;2.286144,2,1778834034,938105962
2884,1778834034,999506890,gps,0,0,36.729144399999996,127.4431163,98.026,0.817216;0.0;0.0;0.0;0.817216;0.0;0.0;0.0;2.289169,2,1778834035,71089060
2885,1778834035,124506824,gps,0,0,36.729144399999996,127.4431164,98.041,0.817216;0.0;0.0;0.0;0.817216;0.0;0.0;0.0;2.289169,2,1778834035,191805403
2886,1778834035,249506760,gps,0,0,36.729144399999996,127.4431164,98.042,0.817216;0.0;0.0;0.0;0.817216;0.0;0.0;0.0;2.289169,2,1778834035,317149076
2887,1778834035,374506695,gps,0,0,36.729144399999996,127.4431163,98.06700000000001,0.819025;0.0;0.0;0.0;0.819025;0.0;0.0;0.0;2.292196,2,1778834035,440609184
2888,1778834035,499506631,gps,0,0,36.7291443,127.4431164,98.044,0.819025;0.0;0.0;0.0;0.819025;0.0;0.0;0.0;2.292196,2,1778834035,566640739
2889,1778834035,624506566,gps,0,0,36.7291443,127.4431164,98.06,0.819025;0.0;0.0;0.0;0.819025;0.0;0.0;0.0;2.295225,2,1778834035,692049351
2890,1778834035,749506502,gps,0,0,36.7291443,127.4431164,98.057,0.819025;0.0;0.0;0.0;0.819025;0.0;0.0;0.0;2.295225,2,1778834035,815441229
2891,1778834035,874506437,gps,0,0,36.7291442,127.4431164,98.042,0.819025;0.0;0.0;0.0;0.819025;0.0;0.0;0.0;2.298256,2,1778834035,939024277
2892,1778834035,999506374,gps,0,0,36.7291443,127.4431164,98.05,0.820836;0.0;0.0;0.0;0.820836;0.0;0.0;0.0;2.3012889999999997,2,1778834036,69750625
2893,1778834036,124506308,gps,0,0,36.7291441,127.4431164,98.055,0.820836;0.0;0.0;0.0;0.820836;0.0;0.0;0.0;2.3043240000000003,2,1778834036,190558639
2894,1778834036,249506243,gps,0,0,36.7291441,127.4431164,98.063,0.8226490000000001;0.0;0.0;0.0;0.8226490000000001;0.0;0.0;0.0;2.3043240000000003,2,1778834036,315701459
2895,1778834036,374506179,gps,0,0,36.7291441,127.4431163,98.046,0.8226490000000001;0.0;0.0;0.0;0.8226490000000001;0.0;0.0;0.0;2.3073609999999998,2,1778834036,439749153
2896,1778834036,499506114,gps,0,0,36.7291442,127.4431164,98.039,0.8226490000000001;0.0;0.0;0.0;0.8226490000000001;0.0;0.0;0.0;2.3104,2,1778834036,565141368
2897,1778834036,624506050,gps,0,0,36.7291441,127.4431164,98.056,0.8244640000000001;0.0;0.0;0.0;0.8244640000000001;0.0;0.0;0.0;2.3134409999999996,2,1778834036,690917009
2898,1778834036,749505985,gps,0,0,36.729144,127.4431163,98.058,0.8244640000000001;0.0;0.0;0.0;0.8244640000000001;0.0;0.0;0.0;2.316484,2,1778834036,812950890
2899,1778834036,874505921,gps,0,0,36.7291441,127.4431163,98.058,0.826281;0.0;0.0;0.0;0.826281;0.0;0.0;0.0;2.3195289999999997,2,1778834036,939651789
2900,1778834036,999505857,gps,0,0,36.729144,127.4431163,98.053,0.826281;0.0;0.0;0.0;0.826281;0.0;0.0;0.0;2.3195289999999997,2,1778834037,68420741
2901,1778834037,124505791,gps,0,0,36.729144,127.4431163,98.048,0.826281;0.0;0.0;0.0;0.826281;0.0;0.0;0.0;2.322576,2,1778834037,189983651
2902,1778834037,249505727,gps,0,0,36.729144,127.4431163,98.059,0.8281000000000001;0.0;0.0;0.0;0.8281000000000001;0.0;0.0;0.0;2.3256249999999996,2,1778834037,316103324
2903,1778834037,374505662,gps,0,0,36.7291439,127.4431163,98.065,0.8281000000000001;0.0;0.0;0.0;0.8281000000000001;0.0;0.0;0.0;2.3256249999999996,2,1778834037,439647854
2904,1778834037,499505598,gps,0,0,36.729143799999996,127.4431163,98.052,0.829921;0.0;0.0;0.0;0.829921;0.0;0.0;0.0;2.328676,2,1778834037,564798555
2905,1778834037,624505533,gps,0,0,36.7291439,127.4431163,98.045,0.829921;0.0;0.0;0.0;0.829921;0.0;0.0;0.0;2.3317289999999997,2,1778834037,686138297
2906,1778834037,749505469,gps,0,0,36.7291439,127.4431163,98.046,0.831744;0.0;0.0;0.0;0.831744;0.0;0.0;0.0;2.3317289999999997,2,1778834037,814006003
2907,1778834037,874505404,gps,0,0,36.7291439,127.44311619999999,98.053,0.831744;0.0;0.0;0.0;0.831744;0.0;0.0;0.0;2.334784,2,1778834037,940529694
2908,1778834037,999505341,gps,0,0,36.7291439,127.44311619999999,98.036,0.831744;0.0;0.0;0.0;0.831744;0.0;0.0;0.0;2.3378409999999996,2,1778834038,70859391
2909,1778834038,124505275,gps,0,0,36.729143799999996,127.4431163,98.044,0.8335690000000001;0.0;0.0;0.0;0.8335690000000001;0.0;0.0;0.0;2.3378409999999996,2,1778834038,190811505
2910,1778834038,249505210,gps,0,0,36.729143799999996,127.4431163,98.047,0.8335690000000001;0.0;0.0;0.0;0.8335690000000001;0.0;0.0;0.0;2.3409,2,1778834038,315545859
2911,1778834038,374505146,gps,0,0,36.729143799999996,127.4431163,98.042,0.8335690000000001;0.0;0.0;0.0;0.8335690000000001;0.0;0.0;0.0;2.3409,2,1778834038,439509792
2912,1778834038,499505081,gps,0,0,36.729143799999996,127.4431163,98.039,0.835396;0.0;0.0;0.0;0.835396;0.0;0.0;0.0;2.3439609999999997,2,1778834038,560671814
2913,1778834038,624505017,gps,0,0,36.729143799999996,127.4431163,98.051,0.835396;0.0;0.0;0.0;0.835396;0.0;0.0;0.0;2.347024,2,1778834038,690126889
2914,1778834038,749504952,gps,0,0,36.7291437,127.4431163,98.058,0.835396;0.0;0.0;0.0;0.835396;0.0;0.0;0.0;2.3500889999999997,2,1778834038,815145736
2915,1778834038,874504888,gps,0,0,36.7291437,127.4431163,98.049,0.8372250000000001;0.0;0.0;0.0;0.8372250000000001;0.0;0.0;0.0;2.3500889999999997,2,1778834038,939950441
2916,1778834038,999504824,gps,0,0,36.7291437,127.44311619999999,98.052,0.8372250000000001;0.0;0.0;0.0;0.8372250000000001;0.0;0.0;0.0;2.3531560000000002,2,1778834039,69875886
2917,1778834039,124504759,gps,0,0,36.7291437,127.4431163,98.047,0.8372250000000001;0.0;0.0;0.0;0.8372250000000001;0.0;0.0;0.0;2.356225,2,1778834039,189725967
2918,1778834039,249504694,gps,0,0,36.7291437,127.44311619999999,98.053,0.839056;0.0;0.0;0.0;0.839056;0.0;0.0;0.0;2.356225,2,1778834039,315463174
2919,1778834039,374504629,gps,0,0,36.7291437,127.4431163,98.049,0.839056;0.0;0.0;0.0;0.839056;0.0;0.0;0.0;2.359296,2,1778834039,438074521
2920,1778834039,499504565,gps,0,0,36.7291437,127.44311619999999,98.063,0.8408890000000001;0.0;0.0;0.0;0.8408890000000001;0.0;0.0;0.0;2.3623689999999997,2,1778834039,564611734
2921,1778834039,624504500,gps,0,0,36.7291437,127.44311619999999,98.055,0.8408890000000001;0.0;0.0;0.0;0.8408890000000001;0.0;0.0;0.0;2.3623689999999997,2,1778834039,689993168
2922,1778834039,749504436,gps,0,0,36.7291436,127.44311619999999,98.048,0.8408890000000001;0.0;0.0;0.0;0.8408890000000001;0.0;0.0;0.0;2.365444,2,1778834039,814004751
2923,1778834039,874504371,gps,0,0,36.7291436,127.44311619999999,98.06400000000001,0.842724;0.0;0.0;0.0;0.842724;0.0;0.0;0.0;2.368521,2,1778834039,938456053
2924,1778834039,999504308,gps,0,0,36.7291436,127.4431161,98.053,0.842724;0.0;0.0;0.0;0.842724;0.0;0.0;0.0;2.368521,2,1778834040,68483050
2925,1778834040,124504242,gps,0,0,36.7291436,127.44311619999999,98.06700000000001,0.842724;0.0;0.0;0.0;0.842724;0.0;0.0;0.0;2.3716,2,1778834040,189785678
2926,1778834040,249504178,gps,0,0,36.7291435,127.4431161,98.084,0.842724;0.0;0.0;0.0;0.842724;0.0;0.0;0.0;2.374681,2,1778834040,315619480
2927,1778834040,374504113,gps,0,0,36.7291435,127.4431161,98.066,0.8445610000000001;0.0;0.0;0.0;0.8445610000000001;0.0;0.0;0.0;2.374681,2,1778834040,440284297
2928,1778834040,499504048,gps,0,0,36.7291435,127.4431161,98.086,0.8445610000000001;0.0;0.0;0.0;0.8445610000000001;0.0;0.0;0.0;2.377764,2,1778834040,565744410
2929,1778834040,624503984,gps,0,0,36.7291435,127.4431161,98.081,0.8445610000000001;0.0;0.0;0.0;0.8445610000000001;0.0;0.0;0.0;2.377764,2,1778834040,689895844
2930,1778834040,749503919,gps,0,0,36.7291435,127.4431161,98.093,0.8464;0.0;0.0;0.0;0.8464;0.0;0.0;0.0;2.380849,2,1778834040,815252141
2931,1778834040,874503855,gps,0,0,36.7291434,127.4431161,98.10300000000001,0.8464;0.0;0.0;0.0;0.8464;0.0;0.0;0.0;2.380849,2,1778834040,940069070
2932,1778834040,999503791,gps,0,0,36.7291434,127.44311599999999,98.11200000000001,0.8464;0.0;0.0;0.0;0.8464;0.0;0.0;0.0;2.380849,2,1778834041,70481364
2933,1778834041,124503726,gps,0,0,36.7291435,127.44311599999999,98.09700000000001,0.8464;0.0;0.0;0.0;0.8464;0.0;0.0;0.0;2.380849,2,1778834041,190321379
2934,1778834041,249503661,gps,0,0,36.7291434,127.44311599999999,98.113,0.8464;0.0;0.0;0.0;0.8464;0.0;0.0;0.0;2.380849,2,1778834041,313011374
2935,1778834041,374503597,gps,0,0,36.7291434,127.44311599999999,98.119,0.8464;0.0;0.0;0.0;0.8464;0.0;0.0;0.0;2.380849,2,1778834041,439827636
2936,1778834041,499503532,gps,0,0,36.7291434,127.44311599999999,98.118,0.8464;0.0;0.0;0.0;0.8464;0.0;0.0;0.0;2.380849,2,1778834041,564807530
2937,1778834041,624503467,gps,0,0,36.7291433,127.44311599999999,98.131,0.8464;0.0;0.0;0.0;0.8464;0.0;0.0;0.0;2.380849,2,1778834041,689638955
2938,1778834041,749503403,gps,0,0,36.7291433,127.44311599999999,98.101,0.8464;0.0;0.0;0.0;0.8464;0.0;0.0;0.0;2.377764,2,1778834041,814095465
2939,1778834041,874503338,gps,0,0,36.7291433,127.44311599999999,98.12,0.8464;0.0;0.0;0.0;0.8464;0.0;0.0;0.0;2.377764,2,1778834041,939072582
2940,1778834041,999503275,gps,0,0,36.7291433,127.44311599999999,98.122,0.8464;0.0;0.0;0.0;0.8464;0.0;0.0;0.0;2.377764,2,1778834042,69030423
2941,1778834042,124503209,gps,0,0,36.7291433,127.44311599999999,98.143,0.8464;0.0;0.0;0.0;0.8464;0.0;0.0;0.0;2.377764,2,1778834042,185965664
2942,1778834042,249503145,gps,0,0,36.7291433,127.44311599999999,98.144,0.8464;0.0;0.0;0.0;0.8464;0.0;0.0;0.0;2.377764,2,1778834042,315011602
2943,1778834042,374503080,gps,0,0,36.7291433,127.44311599999999,98.152,0.8464;0.0;0.0;0.0;0.8464;0.0;0.0;0.0;2.377764,2,1778834042,438815781
2944,1778834042,499503015,gps,0,0,36.729143199999996,127.44311599999999,98.164,0.8464;0.0;0.0;0.0;0.8464;0.0;0.0;0.0;2.377764,2,1778834042,564485353
2945,1778834042,624502951,gps,0,0,36.729143199999996,127.4431159,98.166,0.8464;0.0;0.0;0.0;0.8464;0.0;0.0;0.0;2.377764,2,1778834042,689816769
2946,1778834042,749502886,gps,0,0,36.729143199999996,127.4431159,98.153,0.8464;0.0;0.0;0.0;0.8464;0.0;0.0;0.0;2.377764,2,1778834042,814894122
2947,1778834042,874502822,gps,0,0,36.729143199999996,127.4431159,98.177,0.8464;0.0;0.0;0.0;0.8464;0.0;0.0;0.0;2.374681,2,1778834042,940043310
2948,1778834042,999502758,gps,0,0,36.729143199999996,127.4431159,98.17,0.8464;0.0;0.0;0.0;0.8464;0.0;0.0;0.0;2.374681,2,1778834043,66080496
2949,1778834043,124502693,gps,0,0,36.729143199999996,127.4431158,98.191,0.8464;0.0;0.0;0.0;0.8464;0.0;0.0;0.0;2.374681,2,1778834043,190253639
2950,1778834043,249502628,gps,0,0,36.729143199999996,127.4431158,98.191,0.8464;0.0;0.0;0.0;0.8464;0.0;0.0;0.0;2.374681,2,1778834043,317243810
2951,1778834043,374502563,gps,0,0,36.729143199999996,127.4431158,98.182,0.8464;0.0;0.0;0.0;0.8464;0.0;0.0;0.0;2.374681,2,1778834043,440421993
2952,1778834043,499502499,gps,0,0,36.7291431,127.4431158,98.19800000000001,0.8464;0.0;0.0;0.0;0.8464;0.0;0.0;0.0;2.374681,2,1778834043,564971966
2953,1778834043,624502434,gps,0,0,36.7291431,127.4431158,98.191,0.8464;0.0;0.0;0.0;0.8464;0.0;0.0;0.0;2.3716,2,1778834043,689840921
2954,1778834043,749502370,gps,0,0,36.7291431,127.44311569999999,98.186,0.8464;0.0;0.0;0.0;0.8464;0.0;0.0;0.0;2.3716,2,1778834043,814894457
2955,1778834043,874502305,gps,0,0,36.729143,127.4431159,98.2,0.8464;0.0;0.0;0.0;0.8464;0.0;0.0;0.0;2.3716,2,1778834043,937919557
2956,1778834043,999502242,gps,0,0,36.7291428,127.44311599999999,98.187,0.8464;0.0;0.0;0.0;0.8464;0.0;0.0;0.0;2.3716,2,1778834044,70477471
2957,1778834044,124502176,gps,0,0,36.7291425,127.4431163,98.19,0.8464;0.0;0.0;0.0;0.8464;0.0;0.0;0.0;2.368521,2,1778834044,191136778
2958,1778834044,249502112,gps,0,0,36.729141999999996,127.44311669999999,98.19500000000001,0.8464;0.0;0.0;0.0;0.8464;0.0;0.0;0.0;2.368521,2,1778834044,316828153
2959,1778834044,374502047,gps,0,0,36.7291416,127.4431173,98.20100000000001,0.8464;0.0;0.0;0.0;0.8464;0.0;0.0;0.0;2.368521,2,1778834044,439134923
2960,1778834044,499501982,gps,0,0,36.7291411,127.44311769999999,98.174,0.8464;0.0;0.0;0.0;0.8464;0.0;0.0;0.0;2.368521,2,1778834044,564441512
2961,1778834044,624501918,gps,0,0,36.729140699999995,127.4431182,98.185,0.8464;0.0;0.0;0.0;0.8464;0.0;0.0;0.0;2.368521,2,1778834044,690401996
2962,1778834044,749501853,gps,0,0,36.7291403,127.4431187,98.20400000000001,0.8464;0.0;0.0;0.0;0.8464;0.0;0.0;0.0;2.365444,2,1778834044,814986435
2963,1778834044,874501789,gps,0,0,36.72914,127.44311909999999,98.2,0.8464;0.0;0.0;0.0;0.8464;0.0;0.0;0.0;2.365444,2,1778834044,939811129
2964,1778834044,999501725,gps,0,0,36.729139599999996,127.4431194,98.196,0.8464;0.0;0.0;0.0;0.8464;0.0;0.0;0.0;2.365444,2,1778834045,68963984
2965,1778834045,124501660,gps,0,0,36.7291393,127.4431199,98.205,0.8464;0.0;0.0;0.0;0.8464;0.0;0.0;0.0;2.365444,2,1778834045,189526182
2966,1778834045,249501595,gps,0,0,36.729138899999995,127.4431202,98.227,0.8464;0.0;0.0;0.0;0.8464;0.0;0.0;0.0;2.3623689999999997,2,1778834045,315947805
2967,1778834045,374501530,gps,0,0,36.7291387,127.44312049999999,98.21900000000001,0.8464;0.0;0.0;0.0;0.8464;0.0;0.0;0.0;2.3623689999999997,2,1778834045,438557996
2968,1778834045,499501466,gps,0,0,36.7291384,127.44312079999999,98.202,0.8464;0.0;0.0;0.0;0.8464;0.0;0.0;0.0;2.3623689999999997,2,1778834045,563863166
2969,1778834045,624501401,gps,0,0,36.729138,127.4431212,98.206,0.8464;0.0;0.0;0.0;0.8464;0.0;0.0;0.0;2.3623689999999997,2,1778834045,689153648
2970,1778834045,749501337,gps,0,0,36.7291376,127.44312169999999,98.223,0.8464;0.0;0.0;0.0;0.8464;0.0;0.0;0.0;2.3623689999999997,2,1778834045,812104365
2971,1778834045,874501272,gps,0,0,36.729137099999996,127.4431223,98.223,0.8464;0.0;0.0;0.0;0.8464;0.0;0.0;0.0;2.3623689999999997,2,1778834045,938896534
2972,1778834045,999501209,gps,0,0,36.729136499999996,127.443123,98.22,0.8464;0.0;0.0;0.0;0.8464;0.0;0.0;0.0;2.359296,2,1778834046,68940844
2973,1778834046,124501143,gps,0,0,36.7291358,127.4431238,98.21300000000001,0.8464;0.0;0.0;0.0;0.8464;0.0;0.0;0.0;2.359296,2,1778834046,188968432
2974,1778834046,249501078,gps,0,0,36.7291351,127.44312459999999,98.235,0.8464;0.0;0.0;0.0;0.8464;0.0;0.0;0.0;2.359296,2,1778834046,315654863
2975,1778834046,374501014,gps,0,0,36.7291343,127.44312559999999,98.22200000000001,0.8464;0.0;0.0;0.0;0.8464;0.0;0.0;0.0;2.359296,2,1778834046,439063457
2976,1778834046,499500949,gps,0,0,36.7291336,127.4431264,98.212,0.8464;0.0;0.0;0.0;0.8464;0.0;0.0;0.0;2.359296,2,1778834046,564025247
2977,1778834046,624500885,gps,0,0,36.729132799999995,127.4431274,98.217,0.8464;0.0;0.0;0.0;0.8464;0.0;0.0;0.0;2.356225,2,1778834046,685675770
2978,1778834046,749500820,gps,0,0,36.7291319,127.4431283,98.22,0.8464;0.0;0.0;0.0;0.8464;0.0;0.0;0.0;2.356225,2,1778834046,813531502
2979,1778834046,874500755,gps,0,0,36.729130999999995,127.44312939999999,98.215,0.8464;0.0;0.0;0.0;0.8464;0.0;0.0;0.0;2.356225,2,1778834046,938592449
2980,1778834046,999500692,gps,0,0,36.72913,127.44313059999999,98.20700000000001,0.8464;0.0;0.0;0.0;0.8464;0.0;0.0;0.0;2.356225,2,1778834047,69645334
2981,1778834047,124500626,gps,0,0,36.7291288,127.4431319,98.208,0.8464;0.0;0.0;0.0;0.8464;0.0;0.0;0.0;2.3531560000000002,2,1778834047,190110861
2982,1778834047,249500562,gps,0,0,36.7291276,127.44313319999999,98.193,0.8464;0.0;0.0;0.0;0.8464;0.0;0.0;0.0;2.3531560000000002,2,1778834047,316831427
2983,1778834047,374500497,gps,0,0,36.7291264,127.4431346,98.196,0.8464;0.0;0.0;0.0;0.8464;0.0;0.0;0.0;2.3531560000000002,2,1778834047,439975057
2984,1778834047,499500433,gps,0,0,36.7291251,127.44313609999999,98.19500000000001,0.8464;0.0;0.0;0.0;0.8464;0.0;0.0;0.0;2.3531560000000002,2,1778834047,560811005
2985,1778834047,624500368,gps,0,0,36.729123799999996,127.4431376,98.176,0.8464;0.0;0.0;0.0;0.8464;0.0;0.0;0.0;2.3531560000000002,2,1778834047,690078567
2986,1778834047,749500303,gps,0,0,36.7291224,127.4431393,98.154,0.8464;0.0;0.0;0.0;0.8464;0.0;0.0;0.0;2.3531560000000002,2,1778834047,815234228
2987,1778834047,874500239,gps,0,0,36.7291209,127.4431408,98.172,0.8464;0.0;0.0;0.0;0.8464;0.0;0.0;0.0;2.3531560000000002,2,1778834047,939772227
2988,1778834047,999500175,gps,0,0,36.7291196,127.44314229999999,98.18,0.8464;0.0;0.0;0.0;0.8464;0.0;0.0;0.0;2.3531560000000002,2,1778834048,70031755
2989,1778834048,124500110,gps,0,0,36.729118299999996,127.44314399999999,98.154,0.8464;0.0;0.0;0.0;0.8464;0.0;0.0;0.0;2.3531560000000002,2,1778834048,190188287
2990,1778834048,249500045,gps,0,0,36.7291168,127.44314539999999,98.175,0.8464;0.0;0.0;0.0;0.8464;0.0;0.0;0.0;2.3531560000000002,2,1778834048,315163900
2991,1778834048,374499981,gps,0,0,36.7291155,127.443147,98.139,0.8464;0.0;0.0;0.0;0.8464;0.0;0.0;0.0;2.3531560000000002,2,1778834048,438000771
2992,1778834048,499499916,gps,0,0,36.729113999999996,127.4431487,98.154,0.8464;0.0;0.0;0.0;0.8464;0.0;0.0;0.0;2.3531560000000002,2,1778834048,566978998
2993,1778834048,624499851,gps,0,0,36.7291126,127.4431504,98.13,0.8464;0.0;0.0;0.0;0.8464;0.0;0.0;0.0;2.3531560000000002,2,1778834048,690423898
2994,1778834048,749499787,gps,0,0,36.729110999999996,127.44315209999999,98.126,0.8464;0.0;0.0;0.0;0.8464;0.0;0.0;0.0;2.3531560000000002,2,1778834048,814883903
2995,1778834048,874499722,gps,0,0,36.7291095,127.4431539,98.10900000000001,0.8464;0.0;0.0;0.0;0.8464;0.0;0.0;0.0;2.3531560000000002,2,1778834048,938661240
2996,1778834048,999499659,gps,0,0,36.7291081,127.4431554,98.111,0.8464;0.0;0.0;0.0;0.8464;0.0;0.0;0.0;2.3531560000000002,2,1778834049,68809137
2997,1778834049,124499593,gps,0,0,36.729106699999996,127.443157,98.098,0.8464;0.0;0.0;0.0;0.8464;0.0;0.0;0.0;2.356225,2,1778834049,189634434
2998,1778834049,249499528,gps,0,0,36.7291054,127.44315839999999,98.101,0.8464;0.0;0.0;0.0;0.8464;0.0;0.0;0.0;2.356225,2,1778834049,315839841
2999,1778834049,375499463,gps,0,0,36.7291042,127.4431599,98.09,0.851929;0.0;0.0;0.0;0.851929;0.0;0.0;0.0;2.3623689999999997,2,1778834049,441766164
3000,1778834049,500499399,gps,0,0,36.729103099999996,127.4431613,98.07600000000001,0.8574760000000001;0.0;0.0;0.0;0.8574760000000001;0.0;0.0;0.0;2.368521,2,1778834049,565076323
3001,1778834049,625499334,gps,0,0,36.729101899999996,127.44316269999999,98.052,0.8574760000000001;0.0;0.0;0.0;0.8574760000000001;0.0;0.0;0.0;2.3716,2,1778834049,690837062
3002,1778834049,750499270,gps,0,0,36.7291007,127.44316409999999,98.053,0.8574760000000001;0.0;0.0;0.0;0.8574760000000001;0.0;0.0;0.0;2.3716,2,1778834049,815315860
3003,1778834049,875499205,gps,0,0,36.7290995,127.4431656,98.047,0.8574760000000001;0.0;0.0;0.0;0.8574760000000001;0.0;0.0;0.0;2.374681,2,1778834049,940498491
3004,1778834050,499140,gps,0,0,36.7290983,127.4431671,98.016,0.8574760000000001;0.0;0.0;0.0;0.8574760000000001;0.0;0.0;0.0;2.374681,2,1778834050,70759007
3005,1778834050,125499076,gps,0,0,36.7290969,127.4431688,97.995,0.8574760000000001;0.0;0.0;0.0;0.8574760000000001;0.0;0.0;0.0;2.377764,2,1778834050,192159743
3006,1778834050,250499011,gps,0,0,36.7290955,127.44317059999999,97.996,0.8593290000000001;0.0;0.0;0.0;0.8593290000000001;0.0;0.0;0.0;2.377764,2,1778834050,314211211
3007,1778834050,375498947,gps,0,0,36.7290938,127.44317249999999,98.002,0.8593290000000001;0.0;0.0;0.0;0.8593290000000001;0.0;0.0;0.0;2.377764,2,1778834050,440471266
3008,1778834050,500498882,gps,0,0,36.729092099999995,127.44317439999999,97.982,0.8593290000000001;0.0;0.0;0.0;0.8593290000000001;0.0;0.0;0.0;2.377764,2,1778834050,565896348
3009,1778834050,625498817,gps,0,0,36.7290905,127.4431764,97.988,0.8574760000000001;0.0;0.0;0.0;0.8574760000000001;0.0;0.0;0.0;2.377764,2,1778834050,691910223
3010,1778834050,750498753,gps,0,0,36.7290888,127.44317849999999,97.98100000000001,0.8574760000000001;0.0;0.0;0.0;0.8574760000000001;0.0;0.0;0.0;2.377764,2,1778834050,815192971
3011,1778834050,875498688,gps,0,0,36.729087,127.4431807,97.949,0.8574760000000001;0.0;0.0;0.0;0.8574760000000001;0.0;0.0;0.0;2.377764,2,1778834050,940755096
3012,1778834051,498624,gps,0,0,36.7290853,127.4431829,97.946,0.8593290000000001;0.0;0.0;0.0;0.8593290000000001;0.0;0.0;0.0;2.380849,2,1778834051,70347311
3013,1778834051,125498559,gps,0,0,36.7290834,127.44318519999999,97.94200000000001,0.8593290000000001;0.0;0.0;0.0;0.8593290000000001;0.0;0.0;0.0;2.380849,2,1778834051,188103313
3014,1778834051,250498495,gps,0,0,36.7290815,127.4431874,97.923,0.8593290000000001;0.0;0.0;0.0;0.8593290000000001;0.0;0.0;0.0;2.3839360000000003,2,1778834051,315660643
3015,1778834051,375498430,gps,0,0,36.7290797,127.44318969999999,97.891,0.8593290000000001;0.0;0.0;0.0;0.8593290000000001;0.0;0.0;0.0;2.3839360000000003,2,1778834051,440377760
3016,1778834051,500498365,gps,0,0,36.7290779,127.4431918,97.894,0.8593290000000001;0.0;0.0;0.0;0.8593290000000001;0.0;0.0;0.0;2.387025,2,1778834051,566841358
3017,1778834051,625498301,gps,0,0,36.7290761,127.4431941,97.883,0.8593290000000001;0.0;0.0;0.0;0.8593290000000001;0.0;0.0;0.0;2.387025,2,1778834051,692675453
3018,1778834051,750498236,gps,0,0,36.7290743,127.44319619999999,97.86200000000001,0.8593290000000001;0.0;0.0;0.0;0.8593290000000001;0.0;0.0;0.0;2.390116,2,1778834051,815209447
3019,1778834051,875498172,gps,0,0,36.7290724,127.44319829999999,97.86,0.8611840000000001;0.0;0.0;0.0;0.8611840000000001;0.0;0.0;0.0;2.390116,2,1778834051,940303184
3020,1778834052,498107,gps,0,0,36.7290706,127.44320049999999,97.84100000000001,0.8611840000000001;0.0;0.0;0.0;0.8611840000000001;0.0;0.0;0.0;2.3932089999999997,2,1778834052,66101690
3021,1778834052,125498042,gps,0,0,36.7290689,127.4432028,97.824,0.8611840000000001;0.0;0.0;0.0;0.8611840000000001;0.0;0.0;0.0;2.396304,2,1778834052,191870819
3022,1778834052,250497978,gps,0,0,36.7290671,127.44320479999999,97.811,0.8611840000000001;0.0;0.0;0.0;0.8611840000000001;0.0;0.0;0.0;2.396304,2,1778834052,316741843
3023,1778834052,375497913,gps,0,0,36.729065299999995,127.4432071,97.825,0.8611840000000001;0.0;0.0;0.0;0.8611840000000001;0.0;0.0;0.0;2.3994009999999997,2,1778834052,442011484
3024,1778834052,500497849,gps,0,0,36.729063499999995,127.4432095,97.81400000000001,0.8611840000000001;0.0;0.0;0.0;0.8611840000000001;0.0;0.0;0.0;2.3994009999999997,2,1778834052,566143409
3025,1778834052,625497784,gps,0,0,36.729061699999995,127.44321199999999,97.809,0.8630410000000001;0.0;0.0;0.0;0.8630410000000001;0.0;0.0;0.0;2.4025000000000003,2,1778834052,690915526
3026,1778834052,750497719,gps,0,0,36.729059899999996,127.44321439999999,97.784,0.8630410000000001;0.0;0.0;0.0;0.8630410000000001;0.0;0.0;0.0;2.4025000000000003,2,1778834052,815179698
3027,1778834052,875497655,gps,0,0,36.729057999999995,127.44321699999999,97.752,0.8630410000000001;0.0;0.0;0.0;0.8630410000000001;0.0;0.0;0.0;2.405601,2,1778834052,938728623
3028,1778834053,497590,gps,0,0,36.729056299999996,127.4432195,97.76,0.8630410000000001;0.0;0.0;0.0;0.8630410000000001;0.0;0.0;0.0;2.405601,2,1778834053,70211459
3029,1778834053,125497526,gps,0,0,36.729054399999995,127.4432219,97.762,0.8630410000000001;0.0;0.0;0.0;0.8630410000000001;0.0;0.0;0.0;2.408704,2,1778834053,192550373
3030,1778834053,250497461,gps,0,0,36.729052599999996,127.44322439999999,97.73100000000001,0.8630410000000001;0.0;0.0;0.0;0.8630410000000001;0.0;0.0;0.0;2.411809,2,1778834053,317361341
3031,1778834053,375497397,gps,0,0,36.729050699999995,127.44322679999999,97.75,0.8630410000000001;0.0;0.0;0.0;0.8630410000000001;0.0;0.0;0.0;2.411809,2,1778834053,440732273
3032,1778834053,500497332,gps,0,0,36.729048899999995,127.44322939999999,97.73400000000001,0.8630410000000001;0.0;0.0;0.0;0.8630410000000001;0.0;0.0;0.0;2.4149160000000003,2,1778834053,565172738
3033,1778834053,625497267,gps,0,0,36.729047099999995,127.44323179999999,97.72800000000001,0.8649000000000001;0.0;0.0;0.0;0.8649000000000001;0.0;0.0;0.0;2.4149160000000003,2,1778834053,690760159
3034,1778834053,750497203,gps,0,0,36.729045299999996,127.4432343,97.71000000000001,0.8649000000000001;0.0;0.0;0.0;0.8649000000000001;0.0;0.0;0.0;2.4180249999999996,2,1778834053,814089745
3035,1778834053,875497138,gps,0,0,36.7290433,127.4432367,97.697,0.8649000000000001;0.0;0.0;0.0;0.8649000000000001;0.0;0.0;0.0;2.4180249999999996,2,1778834053,939730661
3036,1778834054,497074,gps,0,0,36.7290414,127.4432391,97.697,0.8667610000000001;0.0;0.0;0.0;0.8667610000000001;0.0;0.0;0.0;2.421136,2,1778834054,69718704
3037,1778834054,125497009,gps,0,0,36.7290395,127.4432416,97.677,0.8667610000000001;0.0;0.0;0.0;0.8667610000000001;0.0;0.0;0.0;2.4242489999999997,2,1778834054,191856963
3038,1778834054,250496944,gps,0,0,36.7290378,127.44324399999999,97.674,0.8667610000000001;0.0;0.0;0.0;0.8667610000000001;0.0;0.0;0.0;2.4242489999999997,2,1778834054,317714771
3039,1778834054,375496880,gps,0,0,36.7290361,127.4432463,97.669,0.8667610000000001;0.0;0.0;0.0;0.8667610000000001;0.0;0.0;0.0;2.4273640000000003,2,1778834054,441007638
3040,1778834054,500496815,gps,0,0,36.7290346,127.4432485,97.672,0.8686240000000001;0.0;0.0;0.0;0.8686240000000001;0.0;0.0;0.0;2.4273640000000003,2,1778834054,567705764
3041,1778834054,625496751,gps,0,0,36.7290334,127.44325049999999,97.665,0.8686240000000001;0.0;0.0;0.0;0.8686240000000001;0.0;0.0;0.0;2.430481,2,1778834054,693400554
3042,1778834054,750496686,gps,0,0,36.729032499999995,127.44325239999999,97.663,0.8686240000000001;0.0;0.0;0.0;0.8686240000000001;0.0;0.0;0.0;2.430481,2,1778834054,814671774
3043,1778834054,875496622,gps,0,0,36.7290316,127.4432542,97.666,0.8686240000000001;0.0;0.0;0.0;0.8686240000000001;0.0;0.0;0.0;2.4336,2,1778834054,941999574
3044,1778834055,496557,gps,0,0,36.7290311,127.44325579999999,97.648,0.8686240000000001;0.0;0.0;0.0;0.8686240000000001;0.0;0.0;0.0;2.4336,2,1778834055,70953971
3045,1778834055,125496493,gps,0,0,36.7290304,127.4432571,97.643,0.8686240000000001;0.0;0.0;0.0;0.8686240000000001;0.0;0.0;0.0;2.4336,2,1778834055,193059392
3046,1778834055,250496428,gps,0,0,36.72903,127.4432587,97.616,0.8686240000000001;0.0;0.0;0.0;0.8686240000000001;0.0;0.0;0.0;2.436721,2,1778834055,318111362
3047,1778834055,375496363,gps,0,0,36.7290294,127.44326,97.646,0.8686240000000001;0.0;0.0;0.0;0.8686240000000001;0.0;0.0;0.0;2.436721,2,1778834055,443251504
3048,1778834055,500496299,gps,0,0,36.729028899999996,127.44326149999999,97.61,0.8686240000000001;0.0;0.0;0.0;0.8686240000000001;0.0;0.0;0.0;2.436721,2,1778834055,567852379
3049,1778834055,625496234,gps,0,0,36.7290285,127.4432631,97.61,0.8686240000000001;0.0;0.0;0.0;0.8686240000000001;0.0;0.0;0.0;2.436721,2,1778834055,690341090
3050,1778834055,750496170,gps,0,0,36.7290279,127.4432647,97.629,0.8686240000000001;0.0;0.0;0.0;0.8686240000000001;0.0;0.0;0.0;2.436721,2,1778834055,818262211
3051,1778834055,875496105,gps,0,0,36.7290273,127.4432665,97.62,0.8667610000000001;0.0;0.0;0.0;0.8667610000000001;0.0;0.0;0.0;2.436721,2,1778834055,942521083
3052,1778834056,496040,gps,0,0,36.7290267,127.44326849999999,97.622,0.8667610000000001;0.0;0.0;0.0;0.8667610000000001;0.0;0.0;0.0;2.4336,2,1778834056,73012057
3053,1778834056,125495976,gps,0,0,36.7290261,127.44327059999999,97.58500000000001,0.8667610000000001;0.0;0.0;0.0;0.8667610000000001;0.0;0.0;0.0;2.4336,2,1778834056,193406948
3054,1778834056,250495911,gps,0,0,36.729025299999996,127.4432729,97.589,0.8667610000000001;0.0;0.0;0.0;0.8667610000000001;0.0;0.0;0.0;2.430481,2,1778834056,318060630
3055,1778834056,375495847,gps,0,0,36.7290245,127.44327559999999,97.572,0.8667610000000001;0.0;0.0;0.0;0.8667610000000001;0.0;0.0;0.0;2.430481,2,1778834056,440920594
3056,1778834056,500495782,gps,0,0,36.7290237,127.44327829999999,97.557,0.8649000000000001;0.0;0.0;0.0;0.8649000000000001;0.0;0.0;0.0;2.430481,2,1778834056,561911348
3057,1778834056,625495718,gps,0,0,36.729022799999996,127.4432811,97.572,0.8649000000000001;0.0;0.0;0.0;0.8649000000000001;0.0;0.0;0.0;2.4273640000000003,2,1778834056,691678078
3058,1778834056,750495653,gps,0,0,36.7290218,127.4432839,97.566,0.8649000000000001;0.0;0.0;0.0;0.8649000000000001;0.0;0.0;0.0;2.4273640000000003,2,1778834056,816554885
3059,1778834056,875495589,gps,0,0,36.7290209,127.44328669999999,97.539,0.8649000000000001;0.0;0.0;0.0;0.8649000000000001;0.0;0.0;0.0;2.4242489999999997,2,1778834056,941430020
3060,1778834057,495524,gps,0,0,36.7290199,127.4432897,97.539,0.8630410000000001;0.0;0.0;0.0;0.8630410000000001;0.0;0.0;0.0;2.4242489999999997,2,1778834057,71896828
3061,1778834057,125495459,gps,0,0,36.7290189,127.4432928,97.521,0.8630410000000001;0.0;0.0;0.0;0.8630410000000001;0.0;0.0;0.0;2.421136,2,1778834057,192487873
3062,1778834057,250495395,gps,0,0,36.729017899999995,127.4432959,97.529,0.8630410000000001;0.0;0.0;0.0;0.8630410000000001;0.0;0.0;0.0;2.421136,2,1778834057,317876366
3063,1778834057,375495330,gps,0,0,36.7290169,127.44329889999999,97.511,0.8611840000000001;0.0;0.0;0.0;0.8611840000000001;0.0;0.0;0.0;2.4180249999999996,2,1778834057,439842900
3064,1778834057,500495266,gps,0,0,36.7290157,127.44330199999999,97.498,0.8611840000000001;0.0;0.0;0.0;0.8611840000000001;0.0;0.0;0.0;2.4180249999999996,2,1778834057,567578716
3065,1778834057,625495201,gps,0,0,36.7290146,127.443305,97.495,0.8611840000000001;0.0;0.0;0.0;0.8611840000000001;0.0;0.0;0.0;2.4149160000000003,2,1778834057,693320850
3066,1778834057,750495136,gps,0,0,36.7290134,127.4433081,97.468,0.8611840000000001;0.0;0.0;0.0;0.8611840000000001;0.0;0.0;0.0;2.4149160000000003,2,1778834057,816679286
3067,1778834057,875495072,gps,0,0,36.7290121,127.44331129999999,97.47200000000001,0.8593290000000001;0.0;0.0;0.0;0.8593290000000001;0.0;0.0;0.0;2.4149160000000003,2,1778834057,941088263
3068,1778834058,495007,gps,0,0,36.7290109,127.44331439999999,97.46300000000001,0.8593290000000001;0.0;0.0;0.0;0.8593290000000001;0.0;0.0;0.0;2.411809,2,1778834058,71537405
3069,1778834058,125494943,gps,0,0,36.7290096,127.4433177,97.437,0.8593290000000001;0.0;0.0;0.0;0.8593290000000001;0.0;0.0;0.0;2.411809,2,1778834058,191785216
3070,1778834058,250494878,gps,0,0,36.729008199999996,127.44332109999999,97.424,0.8593290000000001;0.0;0.0;0.0;0.8593290000000001;0.0;0.0;0.0;2.411809,2,1778834058,317762089
3071,1778834058,375494814,gps,0,0,36.7290068,127.4433244,97.399,0.8593290000000001;0.0;0.0;0.0;0.8593290000000001;0.0;0.0;0.0;2.411809,2,1778834058,442447916
3072,1778834058,500494749,gps,0,0,36.7290054,127.44332779999999,97.401,0.8574760000000001;0.0;0.0;0.0;0.8574760000000001;0.0;0.0;0.0;2.411809,2,1778834058,567416981
3073,1778834058,625494684,gps,0,0,36.729003899999995,127.4433313,97.384,0.8574760000000001;0.0;0.0;0.0;0.8574760000000001;0.0;0.0;0.0;2.411809,2,1778834058,691510850
3074,1778834058,750494620,gps,0,0,36.7290024,127.4433347,97.371,0.8574760000000001;0.0;0.0;0.0;0.8574760000000001;0.0;0.0;0.0;2.411809,2,1778834058,815544836
3075,1778834058,875494555,gps,0,0,36.7290008,127.4433378,97.349,0.8574760000000001;0.0;0.0;0.0;0.8574760000000001;0.0;0.0;0.0;2.411809,2,1778834058,941048685
3076,1778834059,494491,gps,0,0,36.7289993,127.4433406,97.35000000000001,0.8556250000000001;0.0;0.0;0.0;0.8556250000000001;0.0;0.0;0.0;2.411809,2,1778834059,72267897
3077,1778834059,125494426,gps,0,0,36.7289976,127.44334289999999,97.324,0.8556250000000001;0.0;0.0;0.0;0.8556250000000001;0.0;0.0;0.0;2.411809,2,1778834059,193109556
3078,1778834059,250494361,gps,0,0,36.728995999999995,127.443345,97.325,0.8556250000000001;0.0;0.0;0.0;0.8556250000000001;0.0;0.0;0.0;2.411809,2,1778834059,315031260
3079,1778834059,375494297,gps,0,0,36.7289945,127.4433468,97.286,0.8556250000000001;0.0;0.0;0.0;0.8556250000000001;0.0;0.0;0.0;2.411809,2,1778834059,441810901
3080,1778834059,500494232,gps,0,0,36.7289931,127.44334839999999,97.312,0.8556250000000001;0.0;0.0;0.0;0.8556250000000001;0.0;0.0;0.0;2.411809,2,1778834059,565798474
3081,1778834059,625494168,gps,0,0,36.7289915,127.4433498,97.266,0.8556250000000001;0.0;0.0;0.0;0.8556250000000001;0.0;0.0;0.0;2.4149160000000003,2,1778834059,691183423
3082,1778834059,750494103,gps,0,0,36.7289901,127.4433514,97.277,0.8556250000000001;0.0;0.0;0.0;0.8556250000000001;0.0;0.0;0.0;2.4149160000000003,2,1778834059,815403832
3083,1778834059,875494038,gps,0,0,36.7289886,127.4433528,97.263,0.8556250000000001;0.0;0.0;0.0;0.8556250000000001;0.0;0.0;0.0;2.4149160000000003,2,1778834059,941593511
3084,1778834060,493974,gps,0,0,36.728987,127.4433543,97.264,0.8556250000000001;0.0;0.0;0.0;0.8556250000000001;0.0;0.0;0.0;2.4180249999999996,2,1778834060,69933124
3085,1778834060,125493909,gps,0,0,36.7289855,127.443356,97.247,0.8556250000000001;0.0;0.0;0.0;0.8556250000000001;0.0;0.0;0.0;2.4180249999999996,2,1778834060,188322786
3086,1778834060,250493845,gps,0,0,36.728983899999996,127.44335769999999,97.22800000000001,0.8556250000000001;0.0;0.0;0.0;0.8556250000000001;0.0;0.0;0.0;2.421136,2,1778834060,315686971
3087,1778834060,375493780,gps,0,0,36.7289822,127.4433596,97.239,0.8556250000000001;0.0;0.0;0.0;0.8556250000000001;0.0;0.0;0.0;2.421136,2,1778834060,439886683
3088,1778834060,500493716,gps,0,0,36.7289806,127.4433619,97.239,0.8556250000000001;0.0;0.0;0.0;0.8556250000000001;0.0;0.0;0.0;2.4242489999999997,2,1778834060,565653837
3089,1778834060,625493651,gps,0,0,36.7289792,127.4433643,97.202,0.8556250000000001;0.0;0.0;0.0;0.8556250000000001;0.0;0.0;0.0;2.4273640000000003,2,1778834060,691460097
3090,1778834060,750493586,gps,0,0,36.7289777,127.44336709999999,97.238,0.8556250000000001;0.0;0.0;0.0;0.8556250000000001;0.0;0.0;0.0;2.4273640000000003,2,1778834060,815399829
3091,1778834060,875493522,gps,0,0,36.7289762,127.44336999999999,97.2,0.8556250000000001;0.0;0.0;0.0;0.8556250000000001;0.0;0.0;0.0;2.430481,2,1778834060,940959245
3092,1778834061,493457,gps,0,0,36.7289746,127.4433732,97.191,0.8556250000000001;0.0;0.0;0.0;0.8556250000000001;0.0;0.0;0.0;2.4336,2,1778834061,65700819
3093,1778834061,125493393,gps,0,0,36.7289731,127.4433765,97.177,0.8556250000000001;0.0;0.0;0.0;0.8556250000000001;0.0;0.0;0.0;2.436721,2,1778834061,191216701
3094,1778834061,250493328,gps,0,0,36.7289714,127.4433799,97.183,0.8556250000000001;0.0;0.0;0.0;0.8556250000000001;0.0;0.0;0.0;2.436721,2,1778834061,316525819
3095,1778834061,375493263,gps,0,0,36.7289695,127.4433832,97.158,0.8556250000000001;0.0;0.0;0.0;0.8556250000000001;0.0;0.0;0.0;2.4398440000000003,2,1778834061,441255282
3096,1778834061,500493199,gps,0,0,36.7289679,127.4433866,97.164,0.8574760000000001;0.0;0.0;0.0;0.8574760000000001;0.0;0.0;0.0;2.4429689999999997,2,1778834061,565519433
3097,1778834061,625493134,gps,0,0,36.728966199999995,127.44338959999999,97.141,0.8574760000000001;0.0;0.0;0.0;0.8574760000000001;0.0;0.0;0.0;2.4460960000000003,2,1778834061,690140667
3098,1778834061,750493069,gps,0,0,36.7289647,127.4433923,97.148,0.8574760000000001;0.0;0.0;0.0;0.8574760000000001;0.0;0.0;0.0;2.4492249999999998,2,1778834061,813308079
3099,1778834061,875493005,gps,0,0,36.7289631,127.4433947,97.168,0.8574760000000001;0.0;0.0;0.0;0.8574760000000001;0.0;0.0;0.0;2.452356,2,1778834061,937672575
3100,1778834062,492940,gps,0,0,36.7289616,127.44339699999999,97.117,0.8574760000000001;0.0;0.0;0.0;0.8574760000000001;0.0;0.0;0.0;2.455489,2,1778834062,70222890
3101,1778834062,125492876,gps,0,0,36.728960199999996,127.4433991,97.104,0.8593290000000001;0.0;0.0;0.0;0.8593290000000001;0.0;0.0;0.0;2.4586240000000004,2,1778834062,191416788
3102,1778834062,250492811,gps,0,0,36.7289588,127.44340109999999,97.124,0.8593290000000001;0.0;0.0;0.0;0.8593290000000001;0.0;0.0;0.0;2.4617609999999996,2,1778834062,315585182
3103,1778834062,375492746,gps,0,0,36.7289575,127.44340299999999,97.104,0.8593290000000001;0.0;0.0;0.0;0.8593290000000001;0.0;0.0;0.0;2.4617609999999996,2,1778834062,439372012
3104,1778834062,500492682,gps,0,0,36.7289562,127.44340489999999,97.114,0.8593290000000001;0.0;0.0;0.0;0.8593290000000001;0.0;0.0;0.0;2.468041,2,1778834062,564152193
3105,1778834062,625492617,gps,0,0,36.7289549,127.4434067,97.09100000000001,0.8611840000000001;0.0;0.0;0.0;0.8611840000000001;0.0;0.0;0.0;2.471184,2,1778834062,690129805
3106,1778834062,750492553,gps,0,0,36.7289536,127.4434088,97.077,0.8611840000000001;0.0;0.0;0.0;0.8611840000000001;0.0;0.0;0.0;2.474329,2,1778834062,814529366
3107,1778834062,875492488,gps,0,0,36.728952199999995,127.4434107,97.078,0.8611840000000001;0.0;0.0;0.0;0.8611840000000001;0.0;0.0;0.0;2.4774760000000002,2,1778834062,940415273
3108,1778834063,492423,gps,0,0,36.7289507,127.44341279999999,97.065,0.8630410000000001;0.0;0.0;0.0;0.8630410000000001;0.0;0.0;0.0;2.480625,2,1778834063,69623252
3109,1778834063,125492359,gps,0,0,36.7289491,127.4434151,97.06700000000001,0.8630410000000001;0.0;0.0;0.0;0.8630410000000001;0.0;0.0;0.0;2.483776,2,1778834063,189826389
3110,1778834063,250492294,gps,0,0,36.7289475,127.4434175,97.027,0.8630410000000001;0.0;0.0;0.0;0.8630410000000001;0.0;0.0;0.0;2.486929,2,1778834063,316006819
3111,1778834063,375492230,gps,0,0,36.728945599999996,127.44341999999999,97.009,0.8649000000000001;0.0;0.0;0.0;0.8649000000000001;0.0;0.0;0.0;2.493241,2,1778834063,441553646
3112,1778834063,500492165,gps,0,0,36.728943799999996,127.4434227,96.99000000000001,0.8649000000000001;0.0;0.0;0.0;0.8649000000000001;0.0;0.0;0.0;2.4964000000000004,2,1778834063,566613647
3113,1778834063,625492101,gps,0,0,36.7289417,127.4434256,96.97200000000001,0.8667610000000001;0.0;0.0;0.0;0.8667610000000001;0.0;0.0;0.0;2.499561,2,1778834063,691842147
3114,1778834063,750492036,gps,0,0,36.728939499999996,127.4434285,96.959,0.8667610000000001;0.0;0.0;0.0;0.8667610000000001;0.0;0.0;0.0;2.502724,2,1778834063,813436955
3115,1778834063,875491971,gps,0,0,36.728937099999996,127.44343169999999,96.943,0.8686240000000001;0.0;0.0;0.0;0.8686240000000001;0.0;0.0;0.0;2.505889,2,1778834063,940628901
3116,1778834064,491907,gps,0,0,36.728934599999995,127.44343509999999,96.907,0.8686240000000001;0.0;0.0;0.0;0.8686240000000001;0.0;0.0;0.0;2.509056,2,1778834064,70824419
3117,1778834064,125491842,gps,0,0,36.7289321,127.4434386,96.903,0.8704890000000001;0.0;0.0;0.0;0.8704890000000001;0.0;0.0;0.0;2.512225,2,1778834064,191894444
3118,1778834064,250491778,gps,0,0,36.7289293,127.44344219999999,96.85000000000001,0.8723560000000001;0.0;0.0;0.0;0.8723560000000001;0.0;0.0;0.0;2.5153960000000004,2,1778834064,317155949
3119,1778834064,375491713,gps,0,0,36.7289264,127.4434457,96.836,0.8723560000000001;0.0;0.0;0.0;0.8723560000000001;0.0;0.0;0.0;2.5217440000000004,2,1778834064,442084811
3120,1778834064,500491648,gps,0,0,36.7289235,127.44344939999999,96.83200000000001,0.8742250000000001;0.0;0.0;0.0;0.8742250000000001;0.0;0.0;0.0;2.524921,2,1778834064,566707867
3121,1778834064,625491584,gps,0,0,36.728920599999995,127.4434529,96.806,0.8742250000000001;0.0;0.0;0.0;0.8742250000000001;0.0;0.0;0.0;2.5281000000000002,2,1778834064,687381291
3122,1778834064,750491519,gps,0,0,36.7289178,127.44345639999999,96.786,0.8760960000000001;0.0;0.0;0.0;0.8760960000000001;0.0;0.0;0.0;2.531281,2,1778834064,815240584
3123,1778834064,875491455,gps,0,0,36.7289148,127.44345969999999,96.786,0.8779690000000001;0.0;0.0;0.0;0.8779690000000001;0.0;0.0;0.0;2.5344640000000003,2,1778834064,941057391
3124,1778834065,491390,gps,0,0,36.728912099999995,127.4434629,96.777,0.8779690000000001;0.0;0.0;0.0;0.8779690000000001;0.0;0.0;0.0;2.540836,2,1778834065,71571926
3125,1778834065,125491325,gps,0,0,36.7289093,127.44346619999999,96.774,0.8798439999999998;0.0;0.0;0.0;0.8798439999999998;0.0;0.0;0.0;2.544025,2,1778834065,191705474
3126,1778834065,250491261,gps,0,0,36.7289065,127.4434694,96.777,0.8817209999999999;0.0;0.0;0.0;0.8817209999999999;0.0;0.0;0.0;2.547216,2,1778834065,316336017
3127,1778834065,375491196,gps,0,0,36.7289038,127.4434725,96.765,0.8817209999999999;0.0;0.0;0.0;0.8817209999999999;0.0;0.0;0.0;2.5504089999999997,2,1778834065,439843851
3128,1778834065,500491132,gps,0,0,36.728901199999996,127.44347549999999,96.741,0.8835999999999999;0.0;0.0;0.0;0.8835999999999999;0.0;0.0;0.0;2.5536040000000004,2,1778834065,560403731
3129,1778834065,625491067,gps,0,0,36.728898699999995,127.4434781,96.752,0.8854809999999999;0.0;0.0;0.0;0.8854809999999999;0.0;0.0;0.0;2.556801,2,1778834065,689906239
3130,1778834065,750491002,gps,0,0,36.7288966,127.44348079999999,96.754,0.8854809999999999;0.0;0.0;0.0;0.8854809999999999;0.0;0.0;0.0;2.5600000000000005,2,1778834065,815096175
3131,1778834065,875490938,gps,0,0,36.7288947,127.44348339999999,96.748,0.8873639999999999;0.0;0.0;0.0;0.8873639999999999;0.0;0.0;0.0;2.563201,2,1778834065,940173816
3132,1778834066,490873,gps,0,0,36.7288929,127.44348579999999,96.736,0.8873639999999999;0.0;0.0;0.0;0.8873639999999999;0.0;0.0;0.0;2.5664040000000004,2,1778834066,69973510
3133,1778834066,125490808,gps,0,0,36.728891,127.4434879,96.73400000000001,0.889249;0.0;0.0;0.0;0.889249;0.0;0.0;0.0;2.569609,2,1778834066,190750895
3134,1778834066,250490744,gps,0,0,36.7288895,127.44349009999999,96.736,0.8911359999999999;0.0;0.0;0.0;0.8911359999999999;0.0;0.0;0.0;2.5728160000000004,2,1778834066,316214905
3135,1778834066,375490679,gps,0,0,36.7288879,127.4434922,96.711,0.8911359999999999;0.0;0.0;0.0;0.8911359999999999;0.0;0.0;0.0;2.576025,2,1778834066,438341730
3136,1778834066,500490615,gps,0,0,36.7288862,127.4434943,96.70400000000001,0.893025;0.0;0.0;0.0;0.893025;0.0;0.0;0.0;2.5792360000000003,2,1778834066,564336951
3137,1778834066,625490550,gps,0,0,36.7288845,127.4434965,96.721,0.8949159999999999;0.0;0.0;0.0;0.8949159999999999;0.0;0.0;0.0;2.582449,2,1778834066,690348658
3138,1778834066,750490485,gps,0,0,36.7288828,127.44349869999999,96.685,0.8949159999999999;0.0;0.0;0.0;0.8949159999999999;0.0;0.0;0.0;2.5856640000000004,2,1778834066,814101561
3139,1778834066,875490421,gps,0,0,36.728881,127.443501,96.688,0.8968089999999999;0.0;0.0;0.0;0.8968089999999999;0.0;0.0;0.0;2.5888809999999998,2,1778834066,939384252
3140,1778834067,490356,gps,0,0,36.7288791,127.4435034,96.687,0.898704;0.0;0.0;0.0;0.898704;0.0;0.0;0.0;2.5921000000000003,2,1778834067,69436857
3141,1778834067,125490292,gps,0,0,36.7288771,127.443506,96.67,0.898704;0.0;0.0;0.0;0.898704;0.0;0.0;0.0;2.5953209999999998,2,1778834067,189592571
3142,1778834067,250490227,gps,0,0,36.728874999999995,127.4435086,96.656,0.9006009999999999;0.0;0.0;0.0;0.9006009999999999;0.0;0.0;0.0;2.5985440000000004,2,1778834067,315027789
3143,1778834067,375490162,gps,0,0,36.7288729,127.4435115,96.637,0.9025;0.0;0.0;0.0;0.9025;0.0;0.0;0.0;2.6049960000000003,2,1778834067,440060319
3144,1778834067,500490098,gps,0,0,36.7288705,127.44351449999999,96.638,0.9044009999999999;0.0;0.0;0.0;0.9044009999999999;0.0;0.0;0.0;2.608225,2,1778834067,564002975
3145,1778834067,625490033,gps,0,0,36.7288681,127.44351759999999,96.636,0.9044009999999999;0.0;0.0;0.0;0.9044009999999999;0.0;0.0;0.0;2.6114560000000004,2,1778834067,689436808
3146,1778834067,750489969,gps,0,0,36.7288656,127.4435209,96.602,0.9063039999999999;0.0;0.0;0.0;0.9063039999999999;0.0;0.0;0.0;2.6114560000000004,2,1778834067,812303427
3147,1778834067,875489904,gps,0,0,36.7288632,127.443524,96.592,0.9082089999999999;0.0;0.0;0.0;0.9082089999999999;0.0;0.0;0.0;2.614689,2,1778834067,939281937
3148,1778834068,489839,gps,0,0,36.7288607,127.4435274,96.566,0.9101159999999999;0.0;0.0;0.0;0.9101159999999999;0.0;0.0;0.0;2.6179240000000004,2,1778834068,68952582
3149,1778834068,125489775,gps,0,0,36.7288581,127.44353079999999,96.543,0.9101159999999999;0.0;0.0;0.0;0.9101159999999999;0.0;0.0;0.0;2.6244000000000005,2,1778834068,189894828
3150,1778834068,250489710,gps,0,0,36.7288555,127.443534,96.536,0.912025;0.0;0.0;0.0;0.912025;0.0;0.0;0.0;2.627641,2,1778834068,311803421
3151,1778834068,375489646,gps,0,0,36.728853099999995,127.4435372,96.499,0.913936;0.0;0.0;0.0;0.913936;0.0;0.0;0.0;2.6308840000000004,2,1778834068,439158891
3152,1778834068,500489581,gps,0,0,36.7288508,127.4435403,96.48,0.9158489999999999;0.0;0.0;0.0;0.9158489999999999;0.0;0.0;0.0;2.634129,2,1778834068,564578755
3153,1778834068,625489516,gps,0,0,36.7288486,127.44354329999999,96.46900000000001,0.9177639999999999;0.0;0.0;0.0;0.9177639999999999;0.0;0.0;0.0;2.637376,2,1778834068,690215655
3154,1778834068,750489452,gps,0,0,36.728846399999995,127.4435462,96.461,0.9177639999999999;0.0;0.0;0.0;0.9177639999999999;0.0;0.0;0.0;2.637376,2,1778834068,813858805
3155,1778834068,875489387,gps,0,0,36.7288442,127.4435493,96.444,0.919681;0.0;0.0;0.0;0.919681;0.0;0.0;0.0;2.6438759999999997,2,1778834068,939987251
3156,1778834069,489323,gps,0,0,36.7288419,127.4435522,96.444,0.9216;0.0;0.0;0.0;0.9216;0.0;0.0;0.0;2.647129,2,1778834069,69094772
3157,1778834069,125489258,gps,0,0,36.7288395,127.4435549,96.411,0.9235209999999999;0.0;0.0;0.0;0.9235209999999999;0.0;0.0;0.0;2.650384,2,1778834069,187018767
3158,1778834069,250489193,gps,0,0,36.7288371,127.443558,96.422,0.9254439999999999;0.0;0.0;0.0;0.9254439999999999;0.0;0.0;0.0;2.653641,2,1778834069,314996797
3159,1778834069,375489129,gps,0,0,36.7288347,127.44356119999999,96.388,0.9273689999999999;0.0;0.0;0.0;0.9273689999999999;0.0;0.0;0.0;2.6569,2,1778834069,440205500
3160,1778834069,500489064,gps,0,0,36.7288321,127.4435644,96.397,0.9292959999999999;0.0;0.0;0.0;0.9292959999999999;0.0;0.0;0.0;2.660161,2,1778834069,564792444
3161,1778834069,625489000,gps,0,0,36.7288292,127.4435675,96.391,0.931225;0.0;0.0;0.0;0.931225;0.0;0.0;0.0;2.6634239999999996,2,1778834069,689919746
3162,1778834069,750488935,gps,0,0,36.728826399999996,127.4435712,96.385,0.933156;0.0;0.0;0.0;0.933156;0.0;0.0;0.0;2.666689,2,1778834069,813191920
3163,1778834069,875488870,gps,0,0,36.7288236,127.4435748,96.337,0.935089;0.0;0.0;0.0;0.935089;0.0;0.0;0.0;2.6699559999999996,2,1778834069,938933924
3164,1778834070,488806,gps,0,0,36.7288206,127.4435785,96.33500000000001,0.935089;0.0;0.0;0.0;0.935089;0.0;0.0;0.0;2.673225,2,1778834070,64806949
3165,1778834070,125488741,gps,0,0,36.7288175,127.4435822,96.32900000000001,0.937024;0.0;0.0;0.0;0.937024;0.0;0.0;0.0;2.6764959999999998,2,1778834070,189103082
3166,1778834070,250488677,gps,0,0,36.728814299999996,127.443586,96.333,0.9389609999999999;0.0;0.0;0.0;0.9389609999999999;0.0;0.0;0.0;2.679769,2,1778834070,314623368
3167,1778834070,375488612,gps,0,0,36.7288113,127.44358969999999,96.311,0.9409;0.0;0.0;0.0;0.9409;0.0;0.0;0.0;2.6830439999999998,2,1778834070,439640202
3168,1778834070,500488547,gps,0,0,36.7288084,127.4435937,96.281,0.9428409999999999;0.0;0.0;0.0;0.9428409999999999;0.0;0.0;0.0;2.686321,2,1778834070,564076323
3169,1778834070,625488483,gps,0,0,36.728805099999995,127.4435975,96.276,0.944784;0.0;0.0;0.0;0.944784;0.0;0.0;0.0;2.6895999999999995,2,1778834070,689523795
3170,1778834070,750488418,gps,0,0,36.728802,127.44360119999999,96.229,0.944784;0.0;0.0;0.0;0.944784;0.0;0.0;0.0;2.692881,2,1778834070,812741609
3171,1778834070,875488354,gps,0,0,36.7287988,127.4436051,96.245,0.9467289999999999;0.0;0.0;0.0;0.9467289999999999;0.0;0.0;0.0;2.6961639999999996,2,1778834070,937057692
3172,1778834071,488289,gps,0,0,36.7287959,127.443609,96.212,0.9467289999999999;0.0;0.0;0.0;0.9467289999999999;0.0;0.0;0.0;2.699449,2,1778834071,69209819
3173,1778834071,125488224,gps,0,0,36.7287928,127.44361269999999,96.186,0.948676;0.0;0.0;0.0;0.948676;0.0;0.0;0.0;2.699449,2,1778834071,191404275
3174,1778834071,250488160,gps,0,0,36.728789899999995,127.44361629999999,96.161,0.9506249999999999;0.0;0.0;0.0;0.9506249999999999;0.0;0.0;0.0;2.702736,2,1778834071,316338027
3175,1778834071,375488095,gps,0,0,36.7287872,127.44361989999999,96.148,0.9506249999999999;0.0;0.0;0.0;0.9506249999999999;0.0;0.0;0.0;2.706025,2,1778834071,439149807
3176,1778834071,500488031,gps,0,0,36.7287846,127.4436231,96.144,0.952576;0.0;0.0;0.0;0.952576;0.0;0.0;0.0;2.712609,2,1778834071,563043359
3177,1778834071,625487966,gps,0,0,36.7287821,127.4436262,96.123,0.954529;0.0;0.0;0.0;0.954529;0.0;0.0;0.0;2.7159039999999997,2,1778834071,689505418
3178,1778834071,750487901,gps,0,0,36.7287797,127.44362899999999,96.113,0.954529;0.0;0.0;0.0;0.954529;0.0;0.0;0.0;2.719201,2,1778834071,813038834
3179,1778834071,875487837,gps,0,0,36.7287774,127.44363159999999,96.072,0.956484;0.0;0.0;0.0;0.956484;0.0;0.0;0.0;2.7224999999999997,2,1778834071,938759133
3180,1778834072,487772,gps,0,0,36.7287751,127.4436346,96.075,0.958441;0.0;0.0;0.0;0.958441;0.0;0.0;0.0;2.725801,2,1778834072,68042109
3181,1778834072,125487708,gps,0,0,36.7287728,127.443637,96.059,0.9603999999999999;0.0;0.0;0.0;0.9603999999999999;0.0;0.0;0.0;2.7291039999999995,2,1778834072,190523409
3182,1778834072,250487643,gps,0,0,36.7287708,127.4436398,96.034,0.962361;0.0;0.0;0.0;0.962361;0.0;0.0;0.0;2.732409,2,1778834072,314859011
3183,1778834072,375487579,gps,0,0,36.728768699999996,127.44364239999999,96.019,0.962361;0.0;0.0;0.0;0.962361;0.0;0.0;0.0;2.7357159999999996,2,1778834072,439842469
3184,1778834072,500487514,gps,0,0,36.7287664,127.44364499999999,96.042,0.964324;0.0;0.0;0.0;0.964324;0.0;0.0;0.0;2.7357159999999996,2,1778834072,564477624
3185,1778834072,625487449,gps,0,0,36.7287642,127.4436477,95.996,0.964324;0.0;0.0;0.0;0.964324;0.0;0.0;0.0;2.7390250000000003,2,1778834072,691319401
3186,1778834072,750487385,gps,0,0,36.728761899999995,127.44365029999999,96.0,0.966289;0.0;0.0;0.0;0.966289;0.0;0.0;0.0;2.742336,2,1778834072,812350041
3187,1778834072,875487320,gps,0,0,36.728759499999995,127.4436532,95.96600000000001,0.968256;0.0;0.0;0.0;0.968256;0.0;0.0;0.0;2.7456490000000002,2,1778834072,939590827
3188,1778834073,487256,gps,0,0,36.728757,127.44365619999999,95.97500000000001,0.968256;0.0;0.0;0.0;0.968256;0.0;0.0;0.0;2.7489639999999995,2,1778834073,68949739
3189,1778834073,125487191,gps,0,0,36.7287544,127.4436593,95.947,0.970225;0.0;0.0;0.0;0.970225;0.0;0.0;0.0;2.752281,2,1778834073,189214240
3190,1778834073,250487126,gps,0,0,36.7287517,127.44366249999999,95.919,0.972196;0.0;0.0;0.0;0.972196;0.0;0.0;0.0;2.752281,2,1778834073,314822651
3191,1778834073,375487062,gps,0,0,36.7287487,127.4436657,95.878,0.972196;0.0;0.0;0.0;0.972196;0.0;0.0;0.0;2.7556,2,1778834073,439647610
3192,1778834073,500486997,gps,0,0,36.728746099999995,127.4436693,95.849,0.974169;0.0;0.0;0.0;0.974169;0.0;0.0;0.0;2.758921,2,1778834073,563789576
3193,1778834073,625486933,gps,0,0,36.7287433,127.4436726,95.866,0.974169;0.0;0.0;0.0;0.974169;0.0;0.0;0.0;2.758921,2,1778834073,685738526
3194,1778834073,750486868,gps,0,0,36.7287404,127.4436757,95.848,0.976144;0.0;0.0;0.0;0.976144;0.0;0.0;0.0;2.762244,2,1778834073,812538203
3195,1778834073,875486803,gps,0,0,36.728738,127.4436788,95.854,0.976144;0.0;0.0;0.0;0.976144;0.0;0.0;0.0;2.765569,2,1778834073,938497100
3196,1778834074,486739,gps,0,0,36.7287355,127.44368139999999,95.842,0.978121;0.0;0.0;0.0;0.978121;0.0;0.0;0.0;2.765569,2,1778834074,69026715
3197,1778834074,125486674,gps,0,0,36.7287335,127.4436839,95.81,0.978121;0.0;0.0;0.0;0.978121;0.0;0.0;0.0;2.768896,2,1778834074,189792321
3198,1778834074,250486610,gps,0,0,36.728731499999995,127.44368589999999,95.824,0.978121;0.0;0.0;0.0;0.978121;0.0;0.0;0.0;2.772225,2,1778834074,313989806
3199,1778834074,375486545,gps,0,0,36.728729699999995,127.4436879,95.789,0.9801;0.0;0.0;0.0;0.9801;0.0;0.0;0.0;2.772225,2,1778834074,438354019
3200,1778834074,500486481,gps,0,0,36.7287283,127.4436897,95.768,0.9801;0.0;0.0;0.0;0.9801;0.0;0.0;0.0;2.775556,2,1778834074,559173343
3201,1778834074,625486416,gps,0,0,36.7287269,127.4436911,95.777,0.982081;0.0;0.0;0.0;0.982081;0.0;0.0;0.0;2.778889,2,1778834074,688251674
3202,1778834074,750486351,gps,0,0,36.7287258,127.44369259999999,95.766,0.982081;0.0;0.0;0.0;0.982081;0.0;0.0;0.0;2.778889,2,1778834074,812898496
3203,1778834074,875486287,gps,0,0,36.7287245,127.44369359999999,95.762,0.9840639999999999;0.0;0.0;0.0;0.9840639999999999;0.0;0.0;0.0;2.782224,2,1778834074,938260558
3204,1778834075,486222,gps,0,0,36.7287235,127.4436946,95.775,0.9840639999999999;0.0;0.0;0.0;0.9840639999999999;0.0;0.0;0.0;2.785561,2,1778834075,67276966
3205,1778834075,125486157,gps,0,0,36.728722499999996,127.44369549999999,95.753,0.986049;0.0;0.0;0.0;0.986049;0.0;0.0;0.0;2.7889,2,1778834075,188876708
3206,1778834075,250486093,gps,0,0,36.7287214,127.44369619999999,95.717,0.986049;0.0;0.0;0.0;0.986049;0.0;0.0;0.0;2.792241,2,1778834075,314151293
3207,1778834075,375486028,gps,0,0,36.7287203,127.4436971,95.748,0.986049;0.0;0.0;0.0;0.986049;0.0;0.0;0.0;2.792241,2,1778834075,437204014
3208,1778834075,500485964,gps,0,0,36.728719399999996,127.44369809999999,95.712,0.988036;0.0;0.0;0.0;0.988036;0.0;0.0;0.0;2.795584,2,1778834075,565473258
3209,1778834075,625485899,gps,0,0,36.7287181,127.44369879999999,95.721,0.988036;0.0;0.0;0.0;0.988036;0.0;0.0;0.0;2.7989290000000002,2,1778834075,691050412
3210,1778834075,750485835,gps,0,0,36.7287167,127.4436997,95.71000000000001,0.990025;0.0;0.0;0.0;0.990025;0.0;0.0;0.0;2.802276,2,1778834075,814470271
3211,1778834075,875485770,gps,0,0,36.7287154,127.4437009,95.686,0.990025;0.0;0.0;0.0;0.990025;0.0;0.0;0.0;2.805625,2,1778834075,939369448
3212,1778834076,485705,gps,0,0,36.7287136,127.4437019,95.669,0.990025;0.0;0.0;0.0;0.990025;0.0;0.0;0.0;2.805625,2,1778834076,68895268
3213,1778834076,125485641,gps,0,0,36.7287119,127.44370319999999,95.68,0.992016;0.0;0.0;0.0;0.992016;0.0;0.0;0.0;2.808976,2,1778834076,189300416
3214,1778834076,250485576,gps,0,0,36.72871,127.4437045,95.611,0.992016;0.0;0.0;0.0;0.992016;0.0;0.0;0.0;2.812329,2,1778834076,314332338
3215,1778834076,375485512,gps,0,0,36.728708,127.44370599999999,95.60300000000001,0.994009;0.0;0.0;0.0;0.994009;0.0;0.0;0.0;2.812329,2,1778834076,439358244
3216,1778834076,500485447,gps,0,0,36.7287058,127.4437074,95.619,0.994009;0.0;0.0;0.0;0.994009;0.0;0.0;0.0;2.8156839999999996,2,1778834076,563385658
3217,1778834076,625485383,gps,0,0,36.728703599999996,127.44370889999999,95.56700000000001,0.994009;0.0;0.0;0.0;0.994009;0.0;0.0;0.0;2.8190410000000004,2,1778834076,688477324
3218,1778834076,750485318,gps,0,0,36.728701099999995,127.4437104,95.556,0.994009;0.0;0.0;0.0;0.994009;0.0;0.0;0.0;2.8190410000000004,2,1778834076,812123699
3219,1778834076,875485253,gps,0,0,36.7286986,127.4437121,95.54,0.996004;0.0;0.0;0.0;0.996004;0.0;0.0;0.0;2.8223999999999996,2,1778834076,938312740
3220,1778834077,485189,gps,0,0,36.7286959,127.4437138,95.525,0.996004;0.0;0.0;0.0;0.996004;0.0;0.0;0.0;2.8223999999999996,2,1778834077,67631348
3221,1778834077,125485124,gps,0,0,36.7286935,127.4437153,95.517,0.996004;0.0;0.0;0.0;0.996004;0.0;0.0;0.0;2.8223999999999996,2,1778834077,190251573
3222,1778834077,250485060,gps,0,0,36.7286909,127.44371679999999,95.513,0.996004;0.0;0.0;0.0;0.996004;0.0;0.0;0.0;2.825761,2,1778834077,312143863
3223,1778834077,375484995,gps,0,0,36.7286886,127.4437184,95.509,0.996004;0.0;0.0;0.0;0.996004;0.0;0.0;0.0;2.825761,2,1778834077,438933472
3224,1778834077,500484930,gps,0,0,36.7286864,127.4437195,95.486,0.998001;0.0;0.0;0.0;0.998001;0.0;0.0;0.0;2.8291239999999998,2,1778834077,563382431
3225,1778834077,625484866,gps,0,0,36.7286845,127.4437207,95.505,0.998001;0.0;0.0;0.0;0.998001;0.0;0.0;0.0;2.8291239999999998,2,1778834077,689588275
3226,1778834077,750484801,gps,0,0,36.728682899999995,127.44372179999999,95.519,0.998001;0.0;0.0;0.0;0.998001;0.0;0.0;0.0;2.8324890000000003,2,1778834077,814025588
3227,1778834077,875484737,gps,0,0,36.7286814,127.4437229,95.48,0.998001;0.0;0.0;0.0;0.998001;0.0;0.0;0.0;2.8324890000000003,2,1778834077,940398613
3228,1778834078,484672,gps,0,0,36.72868,127.4437241,95.508,0.998001;0.0;0.0;0.0;0.998001;0.0;0.0;0.0;2.8324890000000003,2,1778834078,69126284
3229,1778834078,125484607,gps,0,0,36.728678599999995,127.44372489999999,95.489,0.998001;0.0;0.0;0.0;0.998001;0.0;0.0;0.0;2.8358559999999997,2,1778834078,186228299
3230,1778834078,250484543,gps,0,0,36.728677399999995,127.44372589999999,95.471,0.998001;0.0;0.0;0.0;0.998001;0.0;0.0;0.0;2.8358559999999997,2,1778834078,315255288
3231,1778834078,375484478,gps,0,0,36.7286761,127.44372689999999,95.474,0.998001;0.0;0.0;0.0;0.998001;0.0;0.0;0.0;2.8358559999999997,2,1778834078,440794104
3232,1778834078,500484413,gps,0,0,36.7286746,127.4437277,95.467,0.998001;0.0;0.0;0.0;0.998001;0.0;0.0;0.0;2.8392250000000003,2,1778834078,565353032
3233,1778834078,625484349,gps,0,0,36.7286733,127.4437286,95.456,0.998001;0.0;0.0;0.0;0.998001;0.0;0.0;0.0;2.8392250000000003,2,1778834078,691033908
3234,1778834078,750484284,gps,0,0,36.7286717,127.4437298,95.45100000000001,0.998001;0.0;0.0;0.0;0.998001;0.0;0.0;0.0;2.8392250000000003,2,1778834078,815193913
3235,1778834078,875484220,gps,0,0,36.728670099999995,127.443731,95.424,0.998001;0.0;0.0;0.0;0.998001;0.0;0.0;0.0;2.8392250000000003,2,1778834078,939580474
3236,1778834079,484155,gps,0,0,36.7286684,127.4437323,95.381,0.998001;0.0;0.0;0.0;0.998001;0.0;0.0;0.0;2.842596,2,1778834079,65944345
3237,1778834079,125484091,gps,0,0,36.7286666,127.4437335,95.385,0.998001;0.0;0.0;0.0;0.998001;0.0;0.0;0.0;2.842596,2,1778834079,190319875
3238,1778834079,250484026,gps,0,0,36.728664699999996,127.4437349,95.386,0.998001;0.0;0.0;0.0;0.998001;0.0;0.0;0.0;2.842596,2,1778834079,315117619
3239,1778834079,375483961,gps,0,0,36.728663,127.44373619999999,95.348,0.998001;0.0;0.0;0.0;0.998001;0.0;0.0;0.0;2.845969,2,1778834079,440361363
3240,1778834079,500483897,gps,0,0,36.7286613,127.4437377,95.35000000000001,0.998001;0.0;0.0;0.0;0.998001;0.0;0.0;0.0;2.845969,2,1778834079,564220906
3241,1778834079,625483832,gps,0,0,36.728659799999996,127.44373929999999,95.333,0.998001;0.0;0.0;0.0;0.998001;0.0;0.0;0.0;2.849344,2,1778834079,689052748
3242,1778834079,750483768,gps,0,0,36.7286584,127.4437409,95.315,0.998001;0.0;0.0;0.0;0.998001;0.0;0.0;0.0;2.849344,2,1778834079,812547431
3243,1778834079,875483703,gps,0,0,36.728656799999996,127.4437428,95.298,0.998001;0.0;0.0;0.0;0.998001;0.0;0.0;0.0;2.8527210000000003,2,1778834079,936964520
3244,1778834080,483638,gps,0,0,36.728655599999996,127.4437445,95.31,0.998001;0.0;0.0;0.0;0.998001;0.0;0.0;0.0;2.8527210000000003,2,1778834080,68923326
3245,1778834080,125483574,gps,0,0,36.7286542,127.4437463,95.278,0.998001;0.0;0.0;0.0;0.998001;0.0;0.0;0.0;2.8560999999999996,2,1778834080,189439504
3246,1778834080,250483509,gps,0,0,36.7286529,127.44374789999999,95.293,0.998001;0.0;0.0;0.0;0.998001;0.0;0.0;0.0;2.8560999999999996,2,1778834080,315017706
3247,1778834080,375483444,gps,0,0,36.7286515,127.4437497,95.287,0.998001;0.0;0.0;0.0;0.998001;0.0;0.0;0.0;2.859481,2,1778834080,438927115
3248,1778834080,500483380,gps,0,0,36.728650099999996,127.4437516,95.266,0.998001;0.0;0.0;0.0;0.998001;0.0;0.0;0.0;2.859481,2,1778834080,563044881
3249,1778834080,625483315,gps,0,0,36.7286485,127.44375369999999,95.253,0.998001;0.0;0.0;0.0;0.998001;0.0;0.0;0.0;2.859481,2,1778834080,689884783
3250,1778834080,750483251,gps,0,0,36.7286469,127.44375579999999,95.25,0.998001;0.0;0.0;0.0;0.998001;0.0;0.0;0.0;2.859481,2,1778834080,815159647
3251,1778834080,875483186,gps,0,0,36.7286451,127.4437581,95.214,0.998001;0.0;0.0;0.0;0.998001;0.0;0.0;0.0;2.859481,2,1778834080,940598660
3252,1778834081,483121,gps,0,0,36.728643399999996,127.44376039999999,95.224,0.998001;0.0;0.0;0.0;0.998001;0.0;0.0;0.0;2.8628639999999996,2,1778834081,70377240
3253,1778834081,125483057,gps,0,0,36.728641599999996,127.44376279999999,95.194,0.996004;0.0;0.0;0.0;0.996004;0.0;0.0;0.0;2.8628639999999996,2,1778834081,190530645
3254,1778834081,250482992,gps,0,0,36.728639799999996,127.4437651,95.18,0.996004;0.0;0.0;0.0;0.996004;0.0;0.0;0.0;2.8628639999999996,2,1778834081,315106368
3255,1778834081,375482928,gps,0,0,36.728638,127.44376729999999,95.186,0.996004;0.0;0.0;0.0;0.996004;0.0;0.0;0.0;2.8628639999999996,2,1778834081,440674343
3256,1778834081,500482863,gps,0,0,36.7286363,127.4437693,95.174,0.996004;0.0;0.0;0.0;0.996004;0.0;0.0;0.0;2.8628639999999996,2,1778834081,567423864
3257,1778834081,625482798,gps,0,0,36.728635,127.44377109999999,95.161,0.996004;0.0;0.0;0.0;0.996004;0.0;0.0;0.0;2.8628639999999996,2,1778834081,691876720
3258,1778834081,750482734,gps,0,0,36.728633699999996,127.44377259999999,95.181,0.994009;0.0;0.0;0.0;0.994009;0.0;0.0;0.0;2.8628639999999996,2,1778834081,812507779
3259,1778834081,875482669,gps,0,0,36.7286326,127.44377399999999,95.172,0.994009;0.0;0.0;0.0;0.994009;0.0;0.0;0.0;2.8628639999999996,2,1778834081,940407494
3260,1778834082,482604,gps,0,0,36.7286315,127.4437753,95.18,0.994009;0.0;0.0;0.0;0.994009;0.0;0.0;0.0;2.8628639999999996,2,1778834082,69934363
3261,1778834082,125482540,gps,0,0,36.7286305,127.44377639999999,95.19800000000001,0.992016;0.0;0.0;0.0;0.992016;0.0;0.0;0.0;2.859481,2,1778834082,190097260
3262,1778834082,250482475,gps,0,0,36.7286297,127.44377759999999,95.165,0.992016;0.0;0.0;0.0;0.992016;0.0;0.0;0.0;2.859481,2,1778834082,315955747
3263,1778834082,375482411,gps,0,0,36.7286287,127.4437787,95.169,0.992016;0.0;0.0;0.0;0.992016;0.0;0.0;0.0;2.859481,2,1778834082,440950722
3264,1778834082,500482346,gps,0,0,36.7286278,127.44377979999999,95.188,0.990025;0.0;0.0;0.0;0.990025;0.0;0.0;0.0;2.8560999999999996,2,1778834082,565651920
3265,1778834082,625482281,gps,0,0,36.7286268,127.4437809,95.18,0.990025;0.0;0.0;0.0;0.990025;0.0;0.0;0.0;2.8527210000000003,2,1778834082,686849585
3266,1778834082,750482217,gps,0,0,36.728625799999996,127.4437823,95.17,0.988036;0.0;0.0;0.0;0.988036;0.0;0.0;0.0;2.8527210000000003,2,1778834082,814733369
3267,1778834082,875482152,gps,0,0,36.728624599999996,127.4437837,95.177,0.988036;0.0;0.0;0.0;0.988036;0.0;0.0;0.0;2.849344,2,1778834082,940753935
3268,1778834083,482087,gps,0,0,36.7286234,127.4437851,95.178,0.986049;0.0;0.0;0.0;0.986049;0.0;0.0;0.0;2.845969,2,1778834083,70190403
3269,1778834083,125482023,gps,0,0,36.728622,127.4437868,95.165,0.986049;0.0;0.0;0.0;0.986049;0.0;0.0;0.0;2.842596,2,1778834083,191154871
3270,1778834083,250481958,gps,0,0,36.7286205,127.44378859999999,95.162,0.9840639999999999;0.0;0.0;0.0;0.9840639999999999;0.0;0.0;0.0;2.8392250000000003,2,1778834083,316329766
3271,1778834083,375481893,gps,0,0,36.7286189,127.4437906,95.187,0.9840639999999999;0.0;0.0;0.0;0.9840639999999999;0.0;0.0;0.0;2.8358559999999997,2,1778834083,440236794
3272,1778834083,500481829,gps,0,0,36.7286171,127.44379269999999,95.161,0.982081;0.0;0.0;0.0;0.982081;0.0;0.0;0.0;2.8291239999999998,2,1778834083,560803016
3273,1778834083,625481764,gps,0,0,36.7286152,127.4437949,95.143,0.9801;0.0;0.0;0.0;0.9801;0.0;0.0;0.0;2.825761,2,1778834083,690441368
3274,1778834083,750481700,gps,0,0,36.7286132,127.44379719999999,95.155,0.9801;0.0;0.0;0.0;0.9801;0.0;0.0;0.0;2.8190410000000004,2,1778834083,814844611
3275,1778834083,875481635,gps,0,0,36.7286113,127.4437997,95.154,0.978121;0.0;0.0;0.0;0.978121;0.0;0.0;0.0;2.8156839999999996,2,1778834083,940570409
3276,1778834084,481570,gps,0,0,36.7286092,127.4438021,95.138,0.976144;0.0;0.0;0.0;0.976144;0.0;0.0;0.0;2.812329,2,1778834084,69128439
3277,1778834084,125481506,gps,0,0,36.7286071,127.44380459999999,95.123,0.976144;0.0;0.0;0.0;0.976144;0.0;0.0;0.0;2.808976,2,1778834084,190749427
3278,1778834084,250481441,gps,0,0,36.728605099999996,127.44380699999999,95.138,0.974169;0.0;0.0;0.0;0.974169;0.0;0.0;0.0;2.802276,2,1778834084,316082679
3279,1778834084,375481377,gps,0,0,36.728603299999996,127.4438091,95.101,0.974169;0.0;0.0;0.0;0.974169;0.0;0.0;0.0;2.7989290000000002,2,1778834084,438220144
3280,1778834084,500481312,gps,0,0,36.7286016,127.44381109999999,95.121,0.972196;0.0;0.0;0.0;0.972196;0.0;0.0;0.0;2.795584,2,1778834084,565612648
3281,1778834084,625481247,gps,0,0,36.728600199999995,127.4438127,95.123,0.972196;0.0;0.0;0.0;0.972196;0.0;0.0;0.0;2.792241,2,1778834084,691076805
3282,1778834084,750481183,gps,0,0,36.7285989,127.44381419999999,95.104,0.970225;0.0;0.0;0.0;0.970225;0.0;0.0;0.0;2.7889,2,1778834084,815776772
3283,1778834084,875481118,gps,0,0,36.728597799999996,127.4438156,95.10900000000001,0.968256;0.0;0.0;0.0;0.968256;0.0;0.0;0.0;2.785561,2,1778834084,940503454
3284,1778834085,481053,gps,0,0,36.7285967,127.4438167,95.095,0.968256;0.0;0.0;0.0;0.968256;0.0;0.0;0.0;2.782224,2,1778834085,69095769
3285,1778834085,125480989,gps,0,0,36.7285958,127.44381779999999,95.126,0.966289;0.0;0.0;0.0;0.966289;0.0;0.0;0.0;2.778889,2,1778834085,189896496
3286,1778834085,250480924,gps,0,0,36.7285951,127.4438186,95.124,0.966289;0.0;0.0;0.0;0.966289;0.0;0.0;0.0;2.772225,2,1778834085,315255099
3287,1778834085,375480860,gps,0,0,36.7285945,127.4438194,95.10600000000001,0.964324;0.0;0.0;0.0;0.964324;0.0;0.0;0.0;2.768896,2,1778834085,440813459
3288,1778834085,500480795,gps,0,0,36.7285939,127.44381999999999,95.108,0.964324;0.0;0.0;0.0;0.964324;0.0;0.0;0.0;2.765569,2,1778834085,567107769
3289,1778834085,625480730,gps,0,0,36.728593499999995,127.4438205,95.124,0.962361;0.0;0.0;0.0;0.962361;0.0;0.0;0.0;2.762244,2,1778834085,690831223
3290,1778834085,750480666,gps,0,0,36.7285931,127.443821,95.10900000000001,0.962361;0.0;0.0;0.0;0.962361;0.0;0.0;0.0;2.758921,2,1778834085,815763078
3291,1778834085,875480601,gps,0,0,36.7285927,127.44382139999999,95.102,0.9603999999999999;0.0;0.0;0.0;0.9603999999999999;0.0;0.0;0.0;2.7556,2,1778834085,941056901
3292,1778834086,480536,gps,0,0,36.7285925,127.4438218,95.119,0.958441;0.0;0.0;0.0;0.958441;0.0;0.0;0.0;2.752281,2,1778834086,70893153
3293,1778834086,125480472,gps,0,0,36.728592299999995,127.44382209999999,95.113,0.958441;0.0;0.0;0.0;0.958441;0.0;0.0;0.0;2.7489639999999995,2,1778834086,191812161
3294,1778834086,250480407,gps,0,0,36.7285921,127.4438223,95.102,0.956484;0.0;0.0;0.0;0.956484;0.0;0.0;0.0;2.742336,2,1778834086,314411926
3295,1778834086,375480343,gps,0,0,36.728592,127.44382259999999,95.098,0.954529;0.0;0.0;0.0;0.954529;0.0;0.0;0.0;2.7390250000000003,2,1778834086,440547586
3296,1778834086,500480278,gps,0,0,36.7285919,127.4438227,95.10000000000001,0.954529;0.0;0.0;0.0;0.954529;0.0;0.0;0.0;2.7357159999999996,2,1778834086,565689777
3297,1778834086,625480213,gps,0,0,36.728591699999996,127.4438229,95.10900000000001,0.952576;0.0;0.0;0.0;0.952576;0.0;0.0;0.0;2.7291039999999995,2,1778834086,690329846
3298,1778834086,750480149,gps,0,0,36.7285916,127.44382309999999,95.09700000000001,0.952576;0.0;0.0;0.0;0.952576;0.0;0.0;0.0;2.725801,2,1778834086,814724853
3299,1778834086,875480084,gps,0,0,36.7285915,127.44382329999999,95.09100000000001,0.9506249999999999;0.0;0.0;0.0;0.9506249999999999;0.0;0.0;0.0;2.7224999999999997,2,1778834086,940621486
3300,1778834087,480020,gps,0,0,36.7285914,127.4438234,95.08800000000001,0.948676;0.0;0.0;0.0;0.948676;0.0;0.0;0.0;2.719201,2,1778834087,69644445
3301,1778834087,125479955,gps,0,0,36.7285913,127.44382359999999,95.099,0.948676;0.0;0.0;0.0;0.948676;0.0;0.0;0.0;2.712609,2,1778834087,186803838
3302,1778834087,250479890,gps,0,0,36.7285912,127.44382379999999,95.078,0.9467289999999999;0.0;0.0;0.0;0.9467289999999999;0.0;0.0;0.0;2.709316,2,1778834087,315345956
3303,1778834087,375479826,gps,0,0,36.728591099999996,127.4438239,95.096,0.944784;0.0;0.0;0.0;0.944784;0.0;0.0;0.0;2.706025,2,1778834087,439866295
3304,1778834087,500479761,gps,0,0,36.728591,127.44382399999999,95.08800000000001,0.944784;0.0;0.0;0.0;0.944784;0.0;0.0;0.0;2.702736,2,1778834087,565285991
3305,1778834087,625479696,gps,0,0,36.7285909,127.4438242,95.095,0.9428409999999999;0.0;0.0;0.0;0.9428409999999999;0.0;0.0;0.0;2.6961639999999996,2,1778834087,690859233
3306,1778834087,750479632,gps,0,0,36.7285909,127.44382429999999,95.095,0.9428409999999999;0.0;0.0;0.0;0.9428409999999999;0.0;0.0;0.0;2.692881,2,1778834087,815526466
3307,1778834087,875479567,gps,0,0,36.7285909,127.4438242,95.087,0.9409;0.0;0.0;0.0;0.9409;0.0;0.0;0.0;2.6895999999999995,2,1778834087,940446479
3308,1778834088,479503,gps,0,0,36.728591099999996,127.4438241,95.098,0.9389609999999999;0.0;0.0;0.0;0.9389609999999999;0.0;0.0;0.0;2.6830439999999998,2,1778834088,66383095
3309,1778834088,125479438,gps,0,0,36.7285913,127.44382399999999,95.101,0.9389609999999999;0.0;0.0;0.0;0.9389609999999999;0.0;0.0;0.0;2.679769,2,1778834088,190821884
3310,1778834088,250479373,gps,0,0,36.7285915,127.4438237,95.10000000000001,0.937024;0.0;0.0;0.0;0.937024;0.0;0.0;0.0;2.6764959999999998,2,1778834088,315691824
3311,1778834088,375479309,gps,0,0,36.7285918,127.44382329999999,95.101,0.937024;0.0;0.0;0.0;0.937024;0.0;0.0;0.0;2.6699559999999996,2,1778834088,440358693
3312,1778834088,500479244,gps,0,0,36.728592299999995,127.443823,95.114,0.935089;0.0;0.0;0.0;0.935089;0.0;0.0;0.0;2.666689,2,1778834088,563790372
3313,1778834088,625479180,gps,0,0,36.7285928,127.44382239999999,95.093,0.933156;0.0;0.0;0.0;0.933156;0.0;0.0;0.0;2.6634239999999996,2,1778834088,689625019
3314,1778834088,750479115,gps,0,0,36.728593499999995,127.4438217,95.096,0.933156;0.0;0.0;0.0;0.933156;0.0;0.0;0.0;2.6569,2,1778834088,813476890
3315,1778834088,875479050,gps,0,0,36.728594199999996,127.4438208,95.108,0.931225;0.0;0.0;0.0;0.931225;0.0;0.0;0.0;2.653641,2,1778834088,937490405
3316,1778834089,478986,gps,0,0,36.728595,127.4438198,95.10600000000001,0.9292959999999999;0.0;0.0;0.0;0.9292959999999999;0.0;0.0;0.0;2.650384,2,1778834089,69490932
3317,1778834089,125478921,gps,0,0,36.728595899999995,127.4438186,95.114,0.9292959999999999;0.0;0.0;0.0;0.9292959999999999;0.0;0.0;0.0;2.6438759999999997,2,1778834089,193059836
3318,1778834089,250478856,gps,0,0,36.7285969,127.4438172,95.12,0.9273689999999999;0.0;0.0;0.0;0.9273689999999999;0.0;0.0;0.0;2.640625,2,1778834089,317779815
3319,1778834089,375478792,gps,0,0,36.7285979,127.4438156,95.124,0.9254439999999999;0.0;0.0;0.0;0.9254439999999999;0.0;0.0;0.0;2.637376,2,1778834089,441600341
3320,1778834089,500478727,gps,0,0,36.728598999999996,127.44381399999999,95.127,0.9254439999999999;0.0;0.0;0.0;0.9254439999999999;0.0;0.0;0.0;2.6308840000000004,2,1778834089,566176722
3321,1778834089,625478663,gps,0,0,36.7286001,127.4438122,95.125,0.9235209999999999;0.0;0.0;0.0;0.9235209999999999;0.0;0.0;0.0;2.627641,2,1778834089,690312980
3322,1778834089,750478598,gps,0,0,36.7286011,127.4438105,95.133,0.9216;0.0;0.0;0.0;0.9216;0.0;0.0;0.0;2.6244000000000005,2,1778834089,814725361
3323,1778834089,875478533,gps,0,0,36.728602099999996,127.4438088,95.129,0.9216;0.0;0.0;0.0;0.9216;0.0;0.0;0.0;2.621161,2,1778834089,940444013
3324,1778834090,478469,gps,0,0,36.7286029,127.44380729999999,95.142,0.919681;0.0;0.0;0.0;0.919681;0.0;0.0;0.0;2.6179240000000004,2,1778834090,70312615
3325,1778834090,125478404,gps,0,0,36.7286036,127.443806,95.133,0.919681;0.0;0.0;0.0;0.919681;0.0;0.0;0.0;2.614689,2,1778834090,190746463
3326,1778834090,250478340,gps,0,0,36.7286043,127.443805,95.139,0.9177639999999999;0.0;0.0;0.0;0.9177639999999999;0.0;0.0;0.0;2.6114560000000004,2,1778834090,316162895
3327,1778834090,375478275,gps,0,0,36.7286049,127.443804,95.136,0.9158489999999999;0.0;0.0;0.0;0.9158489999999999;0.0;0.0;0.0;2.608225,2,1778834090,438609453
3328,1778834090,500478210,gps,0,0,36.7286054,127.44380319999999,95.155,0.9158489999999999;0.0;0.0;0.0;0.9158489999999999;0.0;0.0;0.0;2.6049960000000003,2,1778834090,565831436
3329,1778834090,625478146,gps,0,0,36.7286058,127.4438024,95.135,0.913936;0.0;0.0;0.0;0.913936;0.0;0.0;0.0;2.5985440000000004,2,1778834090,691125955
3330,1778834090,750478081,gps,0,0,36.7286062,127.4438016,95.153,0.912025;0.0;0.0;0.0;0.912025;0.0;0.0;0.0;2.5953209999999998,2,1778834090,812669781
3331,1778834090,875478017,gps,0,0,36.7286066,127.4438009,95.149,0.912025;0.0;0.0;0.0;0.912025;0.0;0.0;0.0;2.5921000000000003,2,1778834090,940002220
3332,1778834091,477952,gps,0,0,36.728607,127.4438002,95.151,0.9101159999999999;0.0;0.0;0.0;0.9101159999999999;0.0;0.0;0.0;2.5888809999999998,2,1778834091,70046441
3333,1778834091,125477888,gps,0,0,36.7286073,127.44379939999999,95.147,0.9101159999999999;0.0;0.0;0.0;0.9101159999999999;0.0;0.0;0.0;2.5888809999999998,2,1778834091,190351810
3334,1778834091,250477823,gps,0,0,36.7286077,127.4437986,95.151,0.9082089999999999;0.0;0.0;0.0;0.9082089999999999;0.0;0.0;0.0;2.5856640000000004,2,1778834091,315870117
3335,1778834091,375477758,gps,0,0,36.728608,127.443798,95.137,0.9082089999999999;0.0;0.0;0.0;0.9082089999999999;0.0;0.0;0.0;2.582449,2,1778834091,441699298
3336,1778834091,500477694,gps,0,0,36.728608099999995,127.4437974,95.15,0.9063039999999999;0.0;0.0;0.0;0.9063039999999999;0.0;0.0;0.0;2.5792360000000003,2,1778834091,565565230
3337,1778834091,625477629,gps,0,0,36.7286082,127.44379699999999,95.153,0.9063039999999999;0.0;0.0;0.0;0.9063039999999999;0.0;0.0;0.0;2.576025,2,1778834091,686503771
3338,1778834091,750477565,gps,0,0,36.7286085,127.4437967,95.145,0.9044009999999999;0.0;0.0;0.0;0.9044009999999999;0.0;0.0;0.0;2.5728160000000004,2,1778834091,813795069
3339,1778834091,875477500,gps,0,0,36.7286086,127.44379629999999,95.143,0.9044009999999999;0.0;0.0;0.0;0.9044009999999999;0.0;0.0;0.0;2.5728160000000004,2,1778834091,939502820
3340,1778834092,477435,gps,0,0,36.728608699999995,127.44379579999999,95.134,0.9025;0.0;0.0;0.0;0.9025;0.0;0.0;0.0;2.569609,2,1778834092,70208377
3341,1778834092,125477371,gps,0,0,36.7286089,127.4437954,95.126,0.9025;0.0;0.0;0.0;0.9025;0.0;0.0;0.0;2.5664040000000004,2,1778834092,191164631
3342,1778834092,250477306,gps,0,0,36.7286091,127.44379479999999,95.14,0.9006009999999999;0.0;0.0;0.0;0.9006009999999999;0.0;0.0;0.0;2.563201,2,1778834092,314586117
3343,1778834092,375477242,gps,0,0,36.7286092,127.44379409999999,95.139,0.9006009999999999;0.0;0.0;0.0;0.9006009999999999;0.0;0.0;0.0;2.5600000000000005,2,1778834092,438398452
3344,1778834092,500477177,gps,0,0,36.728609399999996,127.4437933,95.142,0.898704;0.0;0.0;0.0;0.898704;0.0;0.0;0.0;2.556801,2,1778834092,560156192
3345,1778834092,625477113,gps,0,0,36.7286097,127.44379239999999,95.138,0.898704;0.0;0.0;0.0;0.898704;0.0;0.0;0.0;2.556801,2,1778834092,688517588
3346,1778834092,750477048,gps,0,0,36.728609899999995,127.4437914,95.136,0.8968089999999999;0.0;0.0;0.0;0.8968089999999999;0.0;0.0;0.0;2.5536040000000004,2,1778834092,813258836
3347,1778834092,875476983,gps,0,0,36.7286101,127.4437904,95.133,0.8968089999999999;0.0;0.0;0.0;0.8968089999999999;0.0;0.0;0.0;2.5536040000000004,2,1778834092,940453308
3348,1778834093,476919,gps,0,0,36.7286102,127.4437895,95.125,0.8968089999999999;0.0;0.0;0.0;0.8968089999999999;0.0;0.0;0.0;2.5504089999999997,2,1778834093,69603795
3349,1778834093,125476854,gps,0,0,36.7286103,127.44378859999999,95.116,0.8949159999999999;0.0;0.0;0.0;0.8949159999999999;0.0;0.0;0.0;2.547216,2,1778834093,190811175
3350,1778834093,250476790,gps,0,0,36.7286104,127.4437878,95.139,0.8949159999999999;0.0;0.0;0.0;0.8949159999999999;0.0;0.0;0.0;2.547216,2,1778834093,314332103
3351,1778834093,375476725,gps,0,0,36.728610499999995,127.44378719999999,95.119,0.8949159999999999;0.0;0.0;0.0;0.8949159999999999;0.0;0.0;0.0;2.544025,2,1778834093,436751525
3352,1778834093,500476661,gps,0,0,36.728610599999996,127.4437866,95.125,0.893025;0.0;0.0;0.0;0.893025;0.0;0.0;0.0;2.544025,2,1778834093,564520662
3353,1778834093,625476596,gps,0,0,36.7286107,127.4437861,95.127,0.893025;0.0;0.0;0.0;0.893025;0.0;0.0;0.0;2.540836,2,1778834093,690283743
3354,1778834093,750476531,gps,0,0,36.7286107,127.44378569999999,95.124,0.893025;0.0;0.0;0.0;0.893025;0.0;0.0;0.0;2.540836,2,1778834093,813434552
3355,1778834093,875476467,gps,0,0,36.7286107,127.4437858,95.129,0.893025;0.0;0.0;0.0;0.893025;0.0;0.0;0.0;2.537649,2,1778834093,938216558
3356,1778834094,476402,gps,0,0,36.7286107,127.44378599999999,95.10900000000001,0.8911359999999999;0.0;0.0;0.0;0.8911359999999999;0.0;0.0;0.0;2.537649,2,1778834094,68230791
3357,1778834094,125476338,gps,0,0,36.7286107,127.4437859,95.105,0.8911359999999999;0.0;0.0;0.0;0.8911359999999999;0.0;0.0;0.0;2.5344640000000003,2,1778834094,189810194
3358,1778834094,250476273,gps,0,0,36.7286107,127.4437858,95.118,0.8911359999999999;0.0;0.0;0.0;0.8911359999999999;0.0;0.0;0.0;2.5344640000000003,2,1778834094,314185429
3359,1778834094,375476209,gps,0,0,36.7286108,127.4437859,95.121,0.8911359999999999;0.0;0.0;0.0;0.8911359999999999;0.0;0.0;0.0;2.531281,2,1778834094,439120790
3360,1778834094,500476144,gps,0,0,36.7286107,127.44378599999999,95.115,0.8911359999999999;0.0;0.0;0.0;0.8911359999999999;0.0;0.0;0.0;2.531281,2,1778834094,563199049
3361,1778834094,625476079,gps,0,0,36.7286108,127.44378599999999,95.116,0.8911359999999999;0.0;0.0;0.0;0.8911359999999999;0.0;0.0;0.0;2.531281,2,1778834094,690054565
3362,1778834094,750476015,gps,0,0,36.7286108,127.4437861,95.11,0.889249;0.0;0.0;0.0;0.889249;0.0;0.0;0.0;2.5281000000000002,2,1778834094,812472775
3363,1778834094,875475950,gps,0,0,36.7286108,127.44378619999999,95.122,0.889249;0.0;0.0;0.0;0.889249;0.0;0.0;0.0;2.5281000000000002,2,1778834094,937707334
3364,1778834095,475886,gps,0,0,36.7286109,127.44378619999999,95.11200000000001,0.889249;0.0;0.0;0.0;0.889249;0.0;0.0;0.0;2.5281000000000002,2,1778834095,67932086
3365,1778834095,125475821,gps,0,0,36.7286108,127.4437863,95.129,0.889249;0.0;0.0;0.0;0.889249;0.0;0.0;0.0;2.524921,2,1778834095,189853734
3366,1778834095,250475757,gps,0,0,36.7286109,127.44378649999999,95.11,0.889249;0.0;0.0;0.0;0.889249;0.0;0.0;0.0;2.524921,2,1778834095,312413191
3367,1778834095,375475692,gps,0,0,36.7286109,127.44378669999999,95.108,0.889249;0.0;0.0;0.0;0.889249;0.0;0.0;0.0;2.524921,2,1778834095,439281582
3368,1778834095,500475627,gps,0,0,36.7286108,127.44378719999999,95.125,0.889249;0.0;0.0;0.0;0.889249;0.0;0.0;0.0;2.524921,2,1778834095,564398749
3369,1778834095,625475563,gps,0,0,36.7286108,127.44378769999999,95.095,0.889249;0.0;0.0;0.0;0.889249;0.0;0.0;0.0;2.5217440000000004,2,1778834095,691121604
3370,1778834095,750475498,gps,0,0,36.7286108,127.44378839999999,95.102,0.889249;0.0;0.0;0.0;0.889249;0.0;0.0;0.0;2.5217440000000004,2,1778834095,815207028
3371,1778834095,875475434,gps,0,0,36.7286108,127.4437894,95.09,0.889249;0.0;0.0;0.0;0.889249;0.0;0.0;0.0;2.5217440000000004,2,1778834095,940262986
3372,1778834096,475369,gps,0,0,36.7286108,127.4437904,95.096,0.889249;0.0;0.0;0.0;0.889249;0.0;0.0;0.0;2.518569,2,1778834096,69745597
3373,1778834096,125475305,gps,0,0,36.7286109,127.4437916,95.092,0.8873639999999999;0.0;0.0;0.0;0.8873639999999999;0.0;0.0;0.0;2.518569,2,1778834096,186422849
3374,1778834096,250475240,gps,0,0,36.728611,127.44379289999999,95.08800000000001,0.8873639999999999;0.0;0.0;0.0;0.8873639999999999;0.0;0.0;0.0;2.518569,2,1778834096,315389095
3375,1778834096,375475176,gps,0,0,36.7286113,127.4437943,95.096,0.8873639999999999;0.0;0.0;0.0;0.8873639999999999;0.0;0.0;0.0;2.5153960000000004,2,1778834096,439784669
3376,1778834096,500475111,gps,0,0,36.7286115,127.44379559999999,95.096,0.8873639999999999;0.0;0.0;0.0;0.8873639999999999;0.0;0.0;0.0;2.5153960000000004,2,1778834096,565059080
3377,1778834096,625475046,gps,0,0,36.7286117,127.4437968,95.087,0.8873639999999999;0.0;0.0;0.0;0.8873639999999999;0.0;0.0;0.0;2.5153960000000004,2,1778834096,690982801
3378,1778834096,750474982,gps,0,0,36.728612,127.44379789999999,95.089,0.8873639999999999;0.0;0.0;0.0;0.8873639999999999;0.0;0.0;0.0;2.512225,2,1778834096,815089182
3379,1778834096,875474917,gps,0,0,36.7286121,127.4437988,95.098,0.8873639999999999;0.0;0.0;0.0;0.8873639999999999;0.0;0.0;0.0;2.512225,2,1778834096,939688709
3380,1778834097,474853,gps,0,0,36.728612399999996,127.44379939999999,95.081,0.8873639999999999;0.0;0.0;0.0;0.8873639999999999;0.0;0.0;0.0;2.509056,2,1778834097,65933578
3381,1778834097,125474788,gps,0,0,36.728612399999996,127.44379989999999,95.089,0.8873639999999999;0.0;0.0;0.0;0.8873639999999999;0.0;0.0;0.0;2.509056,2,1778834097,190164005
3382,1778834097,250474724,gps,0,0,36.7286126,127.4438004,95.081,0.8854809999999999;0.0;0.0;0.0;0.8854809999999999;0.0;0.0;0.0;2.509056,2,1778834097,315182170
3383,1778834097,375474659,gps,0,0,36.7286127,127.44380079999999,95.065,0.8854809999999999;0.0;0.0;0.0;0.8854809999999999;0.0;0.0;0.0;2.509056,2,1778834097,440434930
3384,1778834097,500474594,gps,0,0,36.7286128,127.443801,95.087,0.8854809999999999;0.0;0.0;0.0;0.8854809999999999;0.0;0.0;0.0;2.505889,2,1778834097,565097426
3385,1778834097,625474530,gps,0,0,36.7286128,127.4438012,95.09400000000001,0.8854809999999999;0.0;0.0;0.0;0.8854809999999999;0.0;0.0;0.0;2.505889,2,1778834097,690279968
3386,1778834097,750474465,gps,0,0,36.7286129,127.4438014,95.07000000000001,0.8854809999999999;0.0;0.0;0.0;0.8854809999999999;0.0;0.0;0.0;2.502724,2,1778834097,813958423
3387,1778834097,875474401,gps,0,0,36.728612999999996,127.4438016,95.074,0.8835999999999999;0.0;0.0;0.0;0.8835999999999999;0.0;0.0;0.0;2.502724,2,1778834097,936774424
3388,1778834098,474336,gps,0,0,36.7286131,127.4438021,95.08200000000001,0.8835999999999999;0.0;0.0;0.0;0.8835999999999999;0.0;0.0;0.0;2.499561,2,1778834098,68256310
3389,1778834098,125474272,gps,0,0,36.7286133,127.44380269999999,95.07300000000001,0.8835999999999999;0.0;0.0;0.0;0.8835999999999999;0.0;0.0;0.0;2.499561,2,1778834098,190178885
3390,1778834098,250474207,gps,0,0,36.728613599999996,127.44380319999999,95.061,0.8835999999999999;0.0;0.0;0.0;0.8835999999999999;0.0;0.0;0.0;2.499561,2,1778834098,314995841
3391,1778834098,375474143,gps,0,0,36.7286138,127.443804,95.083,0.8835999999999999;0.0;0.0;0.0;0.8835999999999999;0.0;0.0;0.0;2.4964000000000004,2,1778834098,439093027
3392,1778834098,500474078,gps,0,0,36.728614199999996,127.44380489999999,95.08500000000001,0.8835999999999999;0.0;0.0;0.0;0.8835999999999999;0.0;0.0;0.0;2.4964000000000004,2,1778834098,564080630
3393,1778834098,625474014,gps,0,0,36.7286146,127.44380579999999,95.06,0.8817209999999999;0.0;0.0;0.0;0.8817209999999999;0.0;0.0;0.0;2.493241,2,1778834098,689261094
3394,1778834098,750473949,gps,0,0,36.728615,127.4438067,95.06700000000001,0.8817209999999999;0.0;0.0;0.0;0.8817209999999999;0.0;0.0;0.0;2.493241,2,1778834098,813851373
3395,1778834098,875473884,gps,0,0,36.7286155,127.44380749999999,95.084,0.8817209999999999;0.0;0.0;0.0;0.8817209999999999;0.0;0.0;0.0;2.493241,2,1778834098,939167653
3396,1778834099,473820,gps,0,0,36.7286159,127.4438084,95.081,0.8817209999999999;0.0;0.0;0.0;0.8817209999999999;0.0;0.0;0.0;2.493241,2,1778834099,68286469
3397,1778834099,125473755,gps,0,0,36.7286162,127.4438089,95.108,0.8817209999999999;0.0;0.0;0.0;0.8817209999999999;0.0;0.0;0.0;2.493241,2,1778834099,189238925
3398,1778834099,250473691,gps,0,0,36.7286165,127.44380939999999,95.10300000000001,0.8817209999999999;0.0;0.0;0.0;0.8817209999999999;0.0;0.0;0.0;2.493241,2,1778834099,314811007
3399,1778834099,375473626,gps,0,0,36.7286168,127.44380989999999,95.107,0.8817209999999999;0.0;0.0;0.0;0.8817209999999999;0.0;0.0;0.0;2.493241,2,1778834099,438153001
3400,1778834099,500473561,gps,0,0,36.7286169,127.4438101,95.10900000000001,0.8817209999999999;0.0;0.0;0.0;0.8817209999999999;0.0;0.0;0.0;2.493241,2,1778834099,564446710
3401,1778834099,625473497,gps,0,0,36.7286171,127.44381039999999,95.113,0.8817209999999999;0.0;0.0;0.0;0.8817209999999999;0.0;0.0;0.0;2.493241,2,1778834099,690178315
3402,1778834099,750473432,gps,0,0,36.728617199999995,127.44381059999999,95.124,0.8817209999999999;0.0;0.0;0.0;0.8817209999999999;0.0;0.0;0.0;2.493241,2,1778834099,811814830
3403,1778834099,875473368,gps,0,0,36.728617299999996,127.4438107,95.133,0.8817209999999999;0.0;0.0;0.0;0.8817209999999999;0.0;0.0;0.0;2.493241,2,1778834099,938994692
3404,1778834100,473303,gps,0,0,36.728617299999996,127.4438107,95.123,0.8817209999999999;0.0;0.0;0.0;0.8817209999999999;0.0;0.0;0.0;2.493241,2,1778834100,68037206
3405,1778834100,125473239,gps,0,0,36.7286174,127.44381059999999,95.116,0.8817209999999999;0.0;0.0;0.0;0.8817209999999999;0.0;0.0;0.0;2.4900840000000004,2,1778834100,189979454
3406,1778834100,250473174,gps,0,0,36.728617299999996,127.4438107,95.114,0.8817209999999999;0.0;0.0;0.0;0.8817209999999999;0.0;0.0;0.0;2.4900840000000004,2,1778834100,315120988
3407,1778834100,375473110,gps,0,0,36.728617299999996,127.44381059999999,95.128,0.8817209999999999;0.0;0.0;0.0;0.8817209999999999;0.0;0.0;0.0;2.4900840000000004,2,1778834100,441720534
3408,1778834100,500473045,gps,0,0,36.728617299999996,127.4438105,95.144,0.8817209999999999;0.0;0.0;0.0;0.8817209999999999;0.0;0.0;0.0;2.486929,2,1778834100,565037889
3409,1778834100,625472980,gps,0,0,36.728617199999995,127.44381039999999,95.146,0.8817209999999999;0.0;0.0;0.0;0.8817209999999999;0.0;0.0;0.0;2.486929,2,1778834100,686637521
3410,1778834100,750472916,gps,0,0,36.728617,127.4438101,95.129,0.8817209999999999;0.0;0.0;0.0;0.8817209999999999;0.0;0.0;0.0;2.486929,2,1778834100,814683886
3411,1778834100,875472851,gps,0,0,36.728616699999996,127.44380969999999,95.145,0.8817209999999999;0.0;0.0;0.0;0.8817209999999999;0.0;0.0;0.0;2.486929,2,1778834100,940116389
3412,1778834101,472787,gps,0,0,36.7286164,127.4438091,95.148,0.8798439999999998;0.0;0.0;0.0;0.8798439999999998;0.0;0.0;0.0;2.483776,2,1778834101,69190721
3413,1778834101,125472722,gps,0,0,36.728615999999995,127.44380849999999,95.126,0.8798439999999998;0.0;0.0;0.0;0.8798439999999998;0.0;0.0;0.0;2.483776,2,1778834101,190769351
3414,1778834101,250472658,gps,0,0,36.7286155,127.4438076,95.126,0.8817209999999999;0.0;0.0;0.0;0.8817209999999999;0.0;0.0;0.0;2.483776,2,1778834101,315615045
3415,1778834101,375472593,gps,0,0,36.7286149,127.44380679999999,95.162,0.8817209999999999;0.0;0.0;0.0;0.8817209999999999;0.0;0.0;0.0;2.483776,2,1778834101,439159519
3416,1778834101,500472528,gps,0,0,36.7286144,127.4438062,95.13,0.8817209999999999;0.0;0.0;0.0;0.8817209999999999;0.0;0.0;0.0;2.483776,2,1778834101,559917836
3417,1778834101,625472464,gps,0,0,36.7286138,127.4438055,95.113,0.8817209999999999;0.0;0.0;0.0;0.8817209999999999;0.0;0.0;0.0;2.483776,2,1778834101,691001757
3418,1778834101,750472399,gps,0,0,36.7286133,127.4438048,95.121,0.8817209999999999;0.0;0.0;0.0;0.8817209999999999;0.0;0.0;0.0;2.486929,2,1778834101,814348361
3419,1778834101,875472335,gps,0,0,36.7286129,127.44380439999999,95.124,0.8817209999999999;0.0;0.0;0.0;0.8817209999999999;0.0;0.0;0.0;2.486929,2,1778834101,940014955
3420,1778834102,472270,gps,0,0,36.7286126,127.443804,95.12,0.8817209999999999;0.0;0.0;0.0;0.8817209999999999;0.0;0.0;0.0;2.486929,2,1778834102,69725430
3421,1778834102,125472206,gps,0,0,36.7286123,127.44380369999999,95.10900000000001,0.8817209999999999;0.0;0.0;0.0;0.8817209999999999;0.0;0.0;0.0;2.4900840000000004,2,1778834102,189447852
3422,1778834102,250472141,gps,0,0,36.728612,127.4438034,95.12,0.8817209999999999;0.0;0.0;0.0;0.8817209999999999;0.0;0.0;0.0;2.4900840000000004,2,1778834102,313740017
3423,1778834102,375472077,gps,0,0,36.7286119,127.44380319999999,95.11200000000001,0.8835999999999999;0.0;0.0;0.0;0.8835999999999999;0.0;0.0;0.0;2.493241,2,1778834102,436083217
3424,1778834102,500472012,gps,0,0,36.7286117,127.44380299999999,95.115,0.8835999999999999;0.0;0.0;0.0;0.8835999999999999;0.0;0.0;0.0;2.493241,2,1778834102,564785872
3425,1778834102,625471948,gps,0,0,36.7286116,127.4438029,95.107,0.8835999999999999;0.0;0.0;0.0;0.8835999999999999;0.0;0.0;0.0;2.493241,2,1778834102,688059474
3426,1778834102,750471883,gps,0,0,36.7286115,127.44380269999999,95.102,0.8835999999999999;0.0;0.0;0.0;0.8835999999999999;0.0;0.0;0.0;2.4964000000000004,2,1778834102,812425130
3427,1778834102,875471818,gps,0,0,36.7286113,127.44380249999999,95.108,0.8835999999999999;0.0;0.0;0.0;0.8835999999999999;0.0;0.0;0.0;2.4964000000000004,2,1778834102,937570917
3428,1778834103,471754,gps,0,0,36.728611099999995,127.44380249999999,95.095,0.8835999999999999;0.0;0.0;0.0;0.8835999999999999;0.0;0.0;0.0;2.499561,2,1778834103,67574796
3429,1778834103,125471689,gps,0,0,36.728611099999995,127.4438024,95.089,0.8835999999999999;0.0;0.0;0.0;0.8835999999999999;0.0;0.0;0.0;2.499561,2,1778834103,189013851
3430,1778834103,250471625,gps,0,0,36.728611099999995,127.4438024,95.087,0.8835999999999999;0.0;0.0;0.0;0.8835999999999999;0.0;0.0;0.0;2.499561,2,1778834103,314622885
3431,1778834103,375471560,gps,0,0,36.728611099999995,127.44380249999999,95.084,0.8835999999999999;0.0;0.0;0.0;0.8835999999999999;0.0;0.0;0.0;2.499561,2,1778834103,439018861
3432,1778834103,500471496,gps,0,0,36.728611199999996,127.4438026,95.089,0.8835999999999999;0.0;0.0;0.0;0.8835999999999999;0.0;0.0;0.0;2.502724,2,1778834103,562808553
3433,1778834103,625471431,gps,0,0,36.7286115,127.4438028,95.095,0.8835999999999999;0.0;0.0;0.0;0.8835999999999999;0.0;0.0;0.0;2.502724,2,1778834103,688583072
3434,1778834103,750471367,gps,0,0,36.728611799999996,127.44380319999999,95.09,0.8835999999999999;0.0;0.0;0.0;0.8835999999999999;0.0;0.0;0.0;2.502724,2,1778834103,812635780
3435,1778834103,875471302,gps,0,0,36.7286121,127.4438036,95.099,0.8835999999999999;0.0;0.0;0.0;0.8835999999999999;0.0;0.0;0.0;2.502724,2,1778834103,937493417
3436,1778834104,471238,gps,0,0,36.7286126,127.4438041,95.102,0.8835999999999999;0.0;0.0;0.0;0.8835999999999999;0.0;0.0;0.0;2.502724,2,1778834104,67421149
3437,1778834104,125471173,gps,0,0,36.7286132,127.4438047,95.102,0.8835999999999999;0.0;0.0;0.0;0.8835999999999999;0.0;0.0;0.0;2.502724,2,1778834104,189617860
3438,1778834104,250471109,gps,0,0,36.728614,127.4438053,95.10600000000001,0.8835999999999999;0.0;0.0;0.0;0.8835999999999999;0.0;0.0;0.0;2.502724,2,1778834104,312214960
3439,1778834104,375471044,gps,0,0,36.728614799999995,127.443806,95.105,0.8835999999999999;0.0;0.0;0.0;0.8835999999999999;0.0;0.0;0.0;2.502724,2,1778834104,439191723
3440,1778834104,500470980,gps,0,0,36.7286158,127.4438067,95.122,0.8835999999999999;0.0;0.0;0.0;0.8835999999999999;0.0;0.0;0.0;2.502724,2,1778834104,564414712
3441,1778834104,625470915,gps,0,0,36.7286169,127.4438074,95.129,0.8835999999999999;0.0;0.0;0.0;0.8835999999999999;0.0;0.0;0.0;2.502724,2,1778834104,688772684
3442,1778834104,750470850,gps,0,0,36.728618,127.4438081,95.137,0.8835999999999999;0.0;0.0;0.0;0.8835999999999999;0.0;0.0;0.0;2.502724,2,1778834104,813443929
3443,1778834104,875470786,gps,0,0,36.728619099999996,127.4438086,95.132,0.8835999999999999;0.0;0.0;0.0;0.8835999999999999;0.0;0.0;0.0;2.502724,2,1778834104,938668417
3444,1778834105,470721,gps,0,0,36.7286201,127.4438091,95.145,0.8835999999999999;0.0;0.0;0.0;0.8835999999999999;0.0;0.0;0.0;2.502724,2,1778834105,68830991
3445,1778834105,125470657,gps,0,0,36.7286212,127.4438095,95.138,0.8835999999999999;0.0;0.0;0.0;0.8835999999999999;0.0;0.0;0.0;2.502724,2,1778834105,184970760
3446,1778834105,250470592,gps,0,0,36.7286223,127.4438098,95.173,0.8817209999999999;0.0;0.0;0.0;0.8817209999999999;0.0;0.0;0.0;2.499561,2,1778834105,312771866
3447,1778834105,375470528,gps,0,0,36.728623299999995,127.4438103,95.161,0.8817209999999999;0.0;0.0;0.0;0.8817209999999999;0.0;0.0;0.0;2.499561,2,1778834105,437904888
3448,1778834105,500470463,gps,0,0,36.728624499999995,127.44381059999999,95.152,0.8817209999999999;0.0;0.0;0.0;0.8817209999999999;0.0;0.0;0.0;2.499561,2,1778834105,563621415
3449,1778834105,625470399,gps,0,0,36.7286256,127.4438108,95.168,0.8817209999999999;0.0;0.0;0.0;0.8817209999999999;0.0;0.0;0.0;2.499561,2,1778834105,688545307
3450,1778834105,750470334,gps,0,0,36.728626999999996,127.443811,95.175,0.8817209999999999;0.0;0.0;0.0;0.8817209999999999;0.0;0.0;0.0;2.4964000000000004,2,1778834105,812658020
3451,1778834105,875470270,gps,0,0,36.7286284,127.4438112,95.179,0.8817209999999999;0.0;0.0;0.0;0.8817209999999999;0.0;0.0;0.0;2.493241,2,1778834105,937470199
3452,1778834106,470205,gps,0,0,36.7286299,127.44381109999999,95.18,0.8798439999999998;0.0;0.0;0.0;0.8798439999999998;0.0;0.0;0.0;2.493241,2,1778834106,62836622
3453,1778834106,125470141,gps,0,0,36.7286315,127.443811,95.194,0.8798439999999998;0.0;0.0;0.0;0.8798439999999998;0.0;0.0;0.0;2.493241,2,1778834106,187637171
3454,1778834106,250470076,gps,0,0,36.7286333,127.4438107,95.183,0.8798439999999998;0.0;0.0;0.0;0.8798439999999998;0.0;0.0;0.0;2.4900840000000004,2,1778834106,313804540
3455,1778834106,375470012,gps,0,0,36.7286351,127.4438103,95.197,0.8798439999999998;0.0;0.0;0.0;0.8798439999999998;0.0;0.0;0.0;2.4900840000000004,2,1778834106,437752733
3456,1778834106,500469947,gps,0,0,36.728637,127.4438096,95.206,0.8798439999999998;0.0;0.0;0.0;0.8798439999999998;0.0;0.0;0.0;2.4900840000000004,2,1778834106,561666351
3457,1778834106,625469882,gps,0,0,36.728639,127.44380869999999,95.223,0.8798439999999998;0.0;0.0;0.0;0.8798439999999998;0.0;0.0;0.0;2.486929,2,1778834106,685791439
3458,1778834106,750469818,gps,0,0,36.7286408,127.44380749999999,95.23700000000001,0.8798439999999998;0.0;0.0;0.0;0.8798439999999998;0.0;0.0;0.0;2.486929,2,1778834106,810296367
3459,1778834106,875469753,gps,0,0,36.728642799999996,127.44380609999999,95.272,0.8798439999999998;0.0;0.0;0.0;0.8798439999999998;0.0;0.0;0.0;2.486929,2,1778834106,934193766
3460,1778834107,469689,gps,0,0,36.7286447,127.4438045,95.279,0.8779690000000001;0.0;0.0;0.0;0.8779690000000001;0.0;0.0;0.0;2.483776,2,1778834107,65440763
3461,1778834107,125469624,gps,0,0,36.728646499999996,127.4438026,95.281,0.8779690000000001;0.0;0.0;0.0;0.8779690000000001;0.0;0.0;0.0;2.483776,2,1778834107,189152317
3462,1778834107,250469560,gps,0,0,36.7286481,127.44380059999999,95.298,0.8779690000000001;0.0;0.0;0.0;0.8779690000000001;0.0;0.0;0.0;2.483776,2,1778834107,312544866
3463,1778834107,375469495,gps,0,0,36.7286497,127.4437985,95.312,0.8779690000000001;0.0;0.0;0.0;0.8779690000000001;0.0;0.0;0.0;2.480625,2,1778834107,437721642
3464,1778834107,500469430,gps,0,0,36.728651299999996,127.4437962,95.34700000000001,0.8779690000000001;0.0;0.0;0.0;0.8779690000000001;0.0;0.0;0.0;2.480625,2,1778834107,562198924
3465,1778834107,625469366,gps,0,0,36.7286528,127.4437938,95.32900000000001,0.8779690000000001;0.0;0.0;0.0;0.8779690000000001;0.0;0.0;0.0;2.4774760000000002,2,1778834107,687664495
3466,1778834107,750469302,gps,0,0,36.728654399999996,127.4437911,95.345,0.8779690000000001;0.0;0.0;0.0;0.8779690000000001;0.0;0.0;0.0;2.4774760000000002,2,1778834107,812238033
3467,1778834107,875469237,gps,0,0,36.728656099999995,127.44378859999999,95.348,0.8798439999999998;0.0;0.0;0.0;0.8798439999999998;0.0;0.0;0.0;2.480625,2,1778834107,937524002
3468,1778834108,469172,gps,0,0,36.7286576,127.4437859,95.357,0.8798439999999998;0.0;0.0;0.0;0.8798439999999998;0.0;0.0;0.0;2.480625,2,1778834108,67538417
3469,1778834108,125469108,gps,0,0,36.7286593,127.4437832,95.369,0.8798439999999998;0.0;0.0;0.0;0.8798439999999998;0.0;0.0;0.0;2.483776,2,1778834108,187615701
3470,1778834108,250469043,gps,0,0,36.7286612,127.44378069999999,95.36200000000001,0.8817209999999999;0.0;0.0;0.0;0.8817209999999999;0.0;0.0;0.0;2.483776,2,1778834108,313168422
3471,1778834108,375468979,gps,0,0,36.728662899999996,127.4437777,95.381,0.8817209999999999;0.0;0.0;0.0;0.8817209999999999;0.0;0.0;0.0;2.486929,2,1778834108,436669969
3472,1778834108,500468914,gps,0,0,36.728664699999996,127.4437749,95.384,0.8817209999999999;0.0;0.0;0.0;0.8817209999999999;0.0;0.0;0.0;2.4900840000000004,2,1778834108,561281457
3473,1778834108,625468850,gps,0,0,36.728666499999996,127.4437722,95.395,0.8835999999999999;0.0;0.0;0.0;0.8835999999999999;0.0;0.0;0.0;2.493241,2,1778834108,686992816
3474,1778834108,750468785,gps,0,0,36.7286684,127.44376919999999,95.414,0.8835999999999999;0.0;0.0;0.0;0.8835999999999999;0.0;0.0;0.0;2.493241,2,1778834108,808963207
3475,1778834108,875468721,gps,0,0,36.7286704,127.4437662,95.389,0.8854809999999999;0.0;0.0;0.0;0.8854809999999999;0.0;0.0;0.0;2.4964000000000004,2,1778834108,936469219
3476,1778834109,468656,gps,0,0,36.7286724,127.44376299999999,95.434,0.8854809999999999;0.0;0.0;0.0;0.8854809999999999;0.0;0.0;0.0;2.499561,2,1778834109,65560680
3477,1778834109,125468592,gps,0,0,36.7286746,127.44375989999999,95.429,0.8873639999999999;0.0;0.0;0.0;0.8873639999999999;0.0;0.0;0.0;2.502724,2,1778834109,187357995
3478,1778834109,250468527,gps,0,0,36.728676799999995,127.44375649999999,95.428,0.8873639999999999;0.0;0.0;0.0;0.8873639999999999;0.0;0.0;0.0;2.505889,2,1778834109,312456554
3479,1778834109,375468463,gps,0,0,36.728679199999995,127.4437531,95.429,0.889249;0.0;0.0;0.0;0.889249;0.0;0.0;0.0;2.509056,2,1778834109,437422562
3480,1778834109,500468398,gps,0,0,36.7286818,127.4437495,95.44200000000001,0.889249;0.0;0.0;0.0;0.889249;0.0;0.0;0.0;2.509056,2,1778834109,561562431
3481,1778834109,625468334,gps,0,0,36.7286843,127.4437459,95.458,0.889249;0.0;0.0;0.0;0.889249;0.0;0.0;0.0;2.512225,2,1778834109,684317996
3482,1778834109,750468269,gps,0,0,36.7286869,127.44374239999999,95.474,0.8911359999999999;0.0;0.0;0.0;0.8911359999999999;0.0;0.0;0.0;2.5153960000000004,2,1778834109,810462647
3483,1778834109,875468204,gps,0,0,36.7286897,127.4437389,95.485,0.8911359999999999;0.0;0.0;0.0;0.8911359999999999;0.0;0.0;0.0;2.5153960000000004,2,1778834109,937388015
3484,1778834110,468140,gps,0,0,36.7286925,127.4437351,95.482,0.893025;0.0;0.0;0.0;0.893025;0.0;0.0;0.0;2.518569,2,1778834110,68496150
3485,1778834110,125468075,gps,0,0,36.7286953,127.44373139999999,95.486,0.893025;0.0;0.0;0.0;0.893025;0.0;0.0;0.0;2.5217440000000004,2,1778834110,189333666
3486,1778834110,250468011,gps,0,0,36.7286982,127.4437275,95.523,0.893025;0.0;0.0;0.0;0.893025;0.0;0.0;0.0;2.5217440000000004,2,1778834110,313673829
3487,1778834110,375467946,gps,0,0,36.728701199999996,127.44372369999999,95.56,0.8949159999999999;0.0;0.0;0.0;0.8949159999999999;0.0;0.0;0.0;2.524921,2,1778834110,437245842
3488,1778834110,500467882,gps,0,0,36.7287044,127.44371989999999,95.548,0.8949159999999999;0.0;0.0;0.0;0.8949159999999999;0.0;0.0;0.0;2.5281000000000002,2,1778834110,558376922
3489,1778834110,625467817,gps,0,0,36.728707899999996,127.4437164,95.54,0.8968089999999999;0.0;0.0;0.0;0.8968089999999999;0.0;0.0;0.0;2.531281,2,1778834110,688266251
3490,1778834110,750467753,gps,0,0,36.7287116,127.4437129,95.551,0.8968089999999999;0.0;0.0;0.0;0.8968089999999999;0.0;0.0;0.0;2.531281,2,1778834110,812381450
3491,1778834110,875467688,gps,0,0,36.728715199999996,127.4437095,95.587,0.898704;0.0;0.0;0.0;0.898704;0.0;0.0;0.0;2.5344640000000003,2,1778834110,937524411
3492,1778834111,467624,gps,0,0,36.728719,127.44370599999999,95.593,0.898704;0.0;0.0;0.0;0.898704;0.0;0.0;0.0;2.537649,2,1778834111,67168293
3493,1778834111,125467559,gps,0,0,36.7287226,127.4437023,95.61,0.9006009999999999;0.0;0.0;0.0;0.9006009999999999;0.0;0.0;0.0;2.540836,2,1778834111,188393876
3494,1778834111,250467495,gps,0,0,36.728726099999996,127.4436983,95.618,0.9025;0.0;0.0;0.0;0.9025;0.0;0.0;0.0;2.544025,2,1778834111,312535400
3495,1778834111,375467430,gps,0,0,36.7287289,127.4436942,95.642,0.9025;0.0;0.0;0.0;0.9025;0.0;0.0;0.0;2.547216,2,1778834111,435835874
3496,1778834111,500467366,gps,0,0,36.7287313,127.4436897,95.633,0.9044009999999999;0.0;0.0;0.0;0.9044009999999999;0.0;0.0;0.0;2.547216,2,1778834111,563896734
3497,1778834111,625467301,gps,0,0,36.7287332,127.44368499999999,95.679,0.9063039999999999;0.0;0.0;0.0;0.9063039999999999;0.0;0.0;0.0;2.5504089999999997,2,1778834111,688962885
3498,1778834111,750467237,gps,0,0,36.728735,127.44368019999999,95.656,0.9082089999999999;0.0;0.0;0.0;0.9082089999999999;0.0;0.0;0.0;2.5536040000000004,2,1778834111,812340900
3499,1778834111,875467172,gps,0,0,36.7287365,127.443675,95.72,0.9101159999999999;0.0;0.0;0.0;0.9101159999999999;0.0;0.0;0.0;2.556801,2,1778834111,937232813
3500,1778834112,467108,gps,0,0,36.7287381,127.44367009999999,95.687,0.912025;0.0;0.0;0.0;0.912025;0.0;0.0;0.0;2.5600000000000005,2,1778834112,67314686
3501,1778834112,125467043,gps,0,0,36.728739499999996,127.443665,95.721,0.912025;0.0;0.0;0.0;0.912025;0.0;0.0;0.0;2.563201,2,1778834112,187480576
3502,1778834112,250466979,gps,0,0,36.7287409,127.4436599,95.72800000000001,0.913936;0.0;0.0;0.0;0.913936;0.0;0.0;0.0;2.5664040000000004,2,1778834112,312614040
3503,1778834112,375466914,gps,0,0,36.7287424,127.44365499999999,95.717,0.9158489999999999;0.0;0.0;0.0;0.9158489999999999;0.0;0.0;0.0;2.569609,2,1778834112,437132511
3504,1778834112,500466850,gps,0,0,36.7287439,127.4436508,95.73400000000001,0.9177639999999999;0.0;0.0;0.0;0.9177639999999999;0.0;0.0;0.0;2.5728160000000004,2,1778834112,562182971
3505,1778834112,625466785,gps,0,0,36.728745599999996,127.443647,95.732,0.919681;0.0;0.0;0.0;0.919681;0.0;0.0;0.0;2.576025,2,1778834112,687450734
3506,1778834112,750466720,gps,0,0,36.728747299999995,127.44364399999999,95.767,0.9216;0.0;0.0;0.0;0.9216;0.0;0.0;0.0;2.5792360000000003,2,1778834112,810425120
3507,1778834112,875466656,gps,0,0,36.728749,127.4436411,95.761,0.9235209999999999;0.0;0.0;0.0;0.9235209999999999;0.0;0.0;0.0;2.5856640000000004,2,1778834112,936739301
3508,1778834113,466591,gps,0,0,36.7287506,127.44363849999999,95.78,0.9254439999999999;0.0;0.0;0.0;0.9254439999999999;0.0;0.0;0.0;2.5888809999999998,2,1778834113,66844638
3509,1778834113,125466527,gps,0,0,36.728752,127.44363589999999,95.752,0.9273689999999999;0.0;0.0;0.0;0.9273689999999999;0.0;0.0;0.0;2.5921000000000003,2,1778834113,187382802
3510,1778834113,250466462,gps,0,0,36.728753499999996,127.4436336,95.78,0.9292959999999999;0.0;0.0;0.0;0.9292959999999999;0.0;0.0;0.0;2.5953209999999998,2,1778834113,310068799
3511,1778834113,375466398,gps,0,0,36.7287549,127.44363129999999,95.798,0.931225;0.0;0.0;0.0;0.931225;0.0;0.0;0.0;2.5985440000000004,2,1778834113,436965633
3512,1778834113,500466333,gps,0,0,36.7287564,127.44362919999999,95.81700000000001,0.933156;0.0;0.0;0.0;0.933156;0.0;0.0;0.0;2.601769,2,1778834113,561724294
3513,1778834113,625466269,gps,0,0,36.7287578,127.4436267,95.79,0.935089;0.0;0.0;0.0;0.935089;0.0;0.0;0.0;2.6049960000000003,2,1778834113,686886902
3514,1778834113,750466204,gps,0,0,36.7287593,127.44362439999999,95.818,0.937024;0.0;0.0;0.0;0.937024;0.0;0.0;0.0;2.608225,2,1778834113,811188631
3515,1778834113,875466140,gps,0,0,36.728761,127.4436222,95.818,0.9389609999999999;0.0;0.0;0.0;0.9389609999999999;0.0;0.0;0.0;2.6114560000000004,2,1778834113,936973729
3516,1778834114,466075,gps,0,0,36.728762599999996,127.4436197,95.831,0.9409;0.0;0.0;0.0;0.9409;0.0;0.0;0.0;2.614689,2,1778834114,66080544
3517,1778834114,125466011,gps,0,0,36.728764399999996,127.4436171,95.84,0.9428409999999999;0.0;0.0;0.0;0.9428409999999999;0.0;0.0;0.0;2.6179240000000004,2,1778834114,184714601
3518,1778834114,250465946,gps,0,0,36.7287664,127.4436149,95.85900000000001,0.944784;0.0;0.0;0.0;0.944784;0.0;0.0;0.0;2.6179240000000004,2,1778834114,314285242
3519,1778834114,375465882,gps,0,0,36.728768599999995,127.44361269999999,95.85000000000001,0.9467289999999999;0.0;0.0;0.0;0.9467289999999999;0.0;0.0;0.0;2.621161,2,1778834114,439226779
3520,1778834114,500465817,gps,0,0,36.728771,127.44361029999999,95.91,0.948676;0.0;0.0;0.0;0.948676;0.0;0.0;0.0;2.6244000000000005,2,1778834114,563260436
3521,1778834114,625465752,gps,0,0,36.7287736,127.4436082,95.892,0.9506249999999999;0.0;0.0;0.0;0.9506249999999999;0.0;0.0;0.0;2.627641,2,1778834114,689366044
3522,1778834114,750465688,gps,0,0,36.7287764,127.4436059,95.927,0.952576;0.0;0.0;0.0;0.952576;0.0;0.0;0.0;2.627641,2,1778834114,812986623
3523,1778834114,875465623,gps,0,0,36.7287792,127.44360359999999,95.941,0.954529;0.0;0.0;0.0;0.954529;0.0;0.0;0.0;2.6308840000000004,2,1778834114,937770123
3524,1778834115,465559,gps,0,0,36.7287821,127.4436013,95.95,0.954529;0.0;0.0;0.0;0.954529;0.0;0.0;0.0;2.6308840000000004,2,1778834115,64556613
3525,1778834115,125465494,gps,0,0,36.7287852,127.44359899999999,95.927,0.956484;0.0;0.0;0.0;0.956484;0.0;0.0;0.0;2.634129,2,1778834115,188270813
3526,1778834115,250465430,gps,0,0,36.7287883,127.4435965,95.994,0.958441;0.0;0.0;0.0;0.958441;0.0;0.0;0.0;2.634129,2,1778834115,314184923
3527,1778834115,375465365,gps,0,0,36.7287916,127.4435941,95.95400000000001,0.9603999999999999;0.0;0.0;0.0;0.9603999999999999;0.0;0.0;0.0;2.637376,2,1778834115,439999521
3528,1778834115,500465301,gps,0,0,36.728795,127.443592,95.97200000000001,0.9603999999999999;0.0;0.0;0.0;0.9603999999999999;0.0;0.0;0.0;2.637376,2,1778834115,563497850
3529,1778834115,625465236,gps,0,0,36.7287986,127.4435896,96.024,0.962361;0.0;0.0;0.0;0.962361;0.0;0.0;0.0;2.640625,2,1778834115,688123701
3530,1778834115,750465172,gps,0,0,36.7288024,127.44358729999999,95.989,0.962361;0.0;0.0;0.0;0.962361;0.0;0.0;0.0;2.640625,2,1778834115,812155753
3531,1778834115,875465107,gps,0,0,36.728805799999996,127.4435846,96.025,0.964324;0.0;0.0;0.0;0.964324;0.0;0.0;0.0;2.6438759999999997,2,1778834115,934887697
3532,1778834116,465043,gps,0,0,36.7288093,127.4435819,96.025,0.966289;0.0;0.0;0.0;0.966289;0.0;0.0;0.0;2.647129,2,1778834116,66801122
3533,1778834116,125464978,gps,0,0,36.7288127,127.44357919999999,96.035,0.966289;0.0;0.0;0.0;0.966289;0.0;0.0;0.0;2.647129,2,1778834116,189056644
3534,1778834116,250464914,gps,0,0,36.7288153,127.4435757,96.057,0.968256;0.0;0.0;0.0;0.968256;0.0;0.0;0.0;2.650384,2,1778834116,313166199
3535,1778834116,375464849,gps,0,0,36.728817899999996,127.4435724,96.056,0.970225;0.0;0.0;0.0;0.970225;0.0;0.0;0.0;2.650384,2,1778834116,436856072
3536,1778834116,500464785,gps,0,0,36.7288202,127.4435693,96.047,0.972196;0.0;0.0;0.0;0.972196;0.0;0.0;0.0;2.650384,2,1778834116,562249088
3537,1778834116,625464720,gps,0,0,36.7288225,127.4435661,96.04,0.972196;0.0;0.0;0.0;0.972196;0.0;0.0;0.0;2.650384,2,1778834116,687016460
3538,1778834116,750464656,gps,0,0,36.7288244,127.44356309999999,96.08500000000001,0.972196;0.0;0.0;0.0;0.972196;0.0;0.0;0.0;2.647129,2,1778834116,812093834
3539,1778834116,875464591,gps,0,0,36.728826399999996,127.44356029999999,96.063,0.974169;0.0;0.0;0.0;0.974169;0.0;0.0;0.0;2.647129,2,1778834116,938771913
3540,1778834117,464527,gps,0,0,36.7288284,127.4435577,96.069,0.974169;0.0;0.0;0.0;0.974169;0.0;0.0;0.0;2.647129,2,1778834117,68054745
3541,1778834117,125464462,gps,0,0,36.7288305,127.44355519999999,96.057,0.976144;0.0;0.0;0.0;0.976144;0.0;0.0;0.0;2.647129,2,1778834117,188732946
3542,1778834117,250464398,gps,0,0,36.7288327,127.4435527,96.092,0.976144;0.0;0.0;0.0;0.976144;0.0;0.0;0.0;2.647129,2,1778834117,314884867
3543,1778834117,375464333,gps,0,0,36.728835,127.4435503,96.07900000000001,0.978121;0.0;0.0;0.0;0.978121;0.0;0.0;0.0;2.647129,2,1778834117,440042513
3544,1778834117,500464269,gps,0,0,36.728837299999995,127.44354779999999,96.108,0.978121;0.0;0.0;0.0;0.978121;0.0;0.0;0.0;2.6438759999999997,2,1778834117,565636745
3545,1778834117,625464204,gps,0,0,36.7288396,127.44354519999999,96.10600000000001,0.9801;0.0;0.0;0.0;0.9801;0.0;0.0;0.0;2.6438759999999997,2,1778834117,690016984
3546,1778834117,750464140,gps,0,0,36.728842,127.44354229999999,96.10600000000001,0.9801;0.0;0.0;0.0;0.9801;0.0;0.0;0.0;2.6438759999999997,2,1778834117,810887208
3547,1778834117,875464075,gps,0,0,36.728844699999996,127.44353969999999,96.09700000000001,0.9801;0.0;0.0;0.0;0.9801;0.0;0.0;0.0;2.640625,2,1778834117,938437122
3548,1778834118,464011,gps,0,0,36.7288472,127.4435367,96.107,0.982081;0.0;0.0;0.0;0.982081;0.0;0.0;0.0;2.640625,2,1778834118,66980702
3549,1778834118,125463946,gps,0,0,36.7288498,127.4435336,96.105,0.982081;0.0;0.0;0.0;0.982081;0.0;0.0;0.0;2.637376,2,1778834118,188079777
3550,1778834118,250463881,gps,0,0,36.728852599999996,127.4435304,96.151,0.982081;0.0;0.0;0.0;0.982081;0.0;0.0;0.0;2.637376,2,1778834118,313656605
3551,1778834118,375463817,gps,0,0,36.7288555,127.4435273,96.143,0.9840639999999999;0.0;0.0;0.0;0.9840639999999999;0.0;0.0;0.0;2.634129,2,1778834118,438891201
3552,1778834118,500463752,gps,0,0,36.7288583,127.4435244,96.175,0.9840639999999999;0.0;0.0;0.0;0.9840639999999999;0.0;0.0;0.0;2.634129,2,1778834118,563944782
3553,1778834118,625463688,gps,0,0,36.7288613,127.4435213,96.154,0.9840639999999999;0.0;0.0;0.0;0.9840639999999999;0.0;0.0;0.0;2.6308840000000004,2,1778834118,684919488
3554,1778834118,750463623,gps,0,0,36.7288639,127.443518,96.223,0.986049;0.0;0.0;0.0;0.986049;0.0;0.0;0.0;2.6308840000000004,2,1778834118,812170623
3555,1778834118,875463559,gps,0,0,36.7288668,127.4435152,96.226,0.986049;0.0;0.0;0.0;0.986049;0.0;0.0;0.0;2.6308840000000004,2,1778834118,937621640
3556,1778834119,463494,gps,0,0,36.7288695,127.44351209999999,96.246,0.988036;0.0;0.0;0.0;0.988036;0.0;0.0;0.0;2.6308840000000004,2,1778834119,67941532
3557,1778834119,125463430,gps,0,0,36.7288722,127.4435096,96.256,0.988036;0.0;0.0;0.0;0.988036;0.0;0.0;0.0;2.6308840000000004,2,1778834119,189536257
3558,1778834119,250463365,gps,0,0,36.7288747,127.443507,96.266,0.988036;0.0;0.0;0.0;0.988036;0.0;0.0;0.0;2.627641,2,1778834119,313795416
3559,1778834119,375463301,gps,0,0,36.7288771,127.44350469999999,96.265,0.988036;0.0;0.0;0.0;0.988036;0.0;0.0;0.0;2.627641,2,1778834119,438209754
3560,1778834119,500463236,gps,0,0,36.7288791,127.4435025,96.293,0.988036;0.0;0.0;0.0;0.988036;0.0;0.0;0.0;2.6244000000000005,2,1778834119,558927951
3561,1778834119,625463172,gps,0,0,36.728881099999995,127.4435001,96.257,0.990025;0.0;0.0;0.0;0.990025;0.0;0.0;0.0;2.6244000000000005,2,1778834119,688529366
3562,1778834119,750463107,gps,0,0,36.728882899999995,127.4434979,96.303,0.990025;0.0;0.0;0.0;0.990025;0.0;0.0;0.0;2.621161,2,1778834119,812473077
3563,1778834119,875463043,gps,0,0,36.728885,127.4434957,96.301,0.990025;0.0;0.0;0.0;0.990025;0.0;0.0;0.0;2.621161,2,1778834119,938360356
3564,1778834120,462978,gps,0,0,36.7288867,127.4434934,96.32000000000001,0.990025;0.0;0.0;0.0;0.990025;0.0;0.0;0.0;2.6179240000000004,2,1778834120,68576120
3565,1778834120,125462913,gps,0,0,36.7288886,127.44349109999999,96.34700000000001,0.992016;0.0;0.0;0.0;0.992016;0.0;0.0;0.0;2.6179240000000004,2,1778834120,189708905
3566,1778834120,250462849,gps,0,0,36.7288906,127.44348889999999,96.34700000000001,0.992016;0.0;0.0;0.0;0.992016;0.0;0.0;0.0;2.614689,2,1778834120,314663207
3567,1778834120,375462784,gps,0,0,36.728892699999996,127.4434864,96.36200000000001,0.992016;0.0;0.0;0.0;0.992016;0.0;0.0;0.0;2.614689,2,1778834120,436991897
3568,1778834120,500462720,gps,0,0,36.7288948,127.44348389999999,96.355,0.992016;0.0;0.0;0.0;0.992016;0.0;0.0;0.0;2.6114560000000004,2,1778834120,564846083
3569,1778834120,625462655,gps,0,0,36.7288971,127.4434814,96.39,0.992016;0.0;0.0;0.0;0.992016;0.0;0.0;0.0;2.6114560000000004,2,1778834120,689895421
3570,1778834120,750462591,gps,0,0,36.728899399999996,127.44347859999999,96.401,0.992016;0.0;0.0;0.0;0.992016;0.0;0.0;0.0;2.608225,2,1778834120,813848656
3571,1778834120,875462526,gps,0,0,36.7289019,127.44347579999999,96.41,0.992016;0.0;0.0;0.0;0.992016;0.0;0.0;0.0;2.608225,2,1778834120,938713991
3572,1778834121,462462,gps,0,0,36.7289044,127.4434727,96.45100000000001,0.992016;0.0;0.0;0.0;0.992016;0.0;0.0;0.0;2.608225,2,1778834121,68102137
3573,1778834121,125462397,gps,0,0,36.728907,127.4434697,96.46600000000001,0.992016;0.0;0.0;0.0;0.992016;0.0;0.0;0.0;2.6049960000000003,2,1778834121,189616613
3574,1778834121,250462332,gps,0,0,36.7289098,127.4434665,96.47800000000001,0.992016;0.0;0.0;0.0;0.992016;0.0;0.0;0.0;2.6049960000000003,2,1778834121,314374311
3575,1778834121,375462268,gps,0,0,36.7289126,127.44346309999999,96.502,0.992016;0.0;0.0;0.0;0.992016;0.0;0.0;0.0;2.601769,2,1778834121,440229856
3576,1778834121,500462203,gps,0,0,36.7289156,127.4434596,96.512,0.992016;0.0;0.0;0.0;0.992016;0.0;0.0;0.0;2.601769,2,1778834121,564247425
3577,1778834121,625462139,gps,0,0,36.7289185,127.4434563,96.526,0.994009;0.0;0.0;0.0;0.994009;0.0;0.0;0.0;2.601769,2,1778834121,689452247
3578,1778834121,750462074,gps,0,0,36.728921299999996,127.44345279999999,96.53,0.994009;0.0;0.0;0.0;0.994009;0.0;0.0;0.0;2.601769,2,1778834121,813331137
3579,1778834121,875462010,gps,0,0,36.7289241,127.44344939999999,96.551,0.994009;0.0;0.0;0.0;0.994009;0.0;0.0;0.0;2.5985440000000004,2,1778834121,937817034
3580,1778834122,461945,gps,0,0,36.728926699999995,127.44344609999999,96.54,0.994009;0.0;0.0;0.0;0.994009;0.0;0.0;0.0;2.5985440000000004,2,1778834122,68721662
3581,1778834122,125461881,gps,0,0,36.728929,127.4434431,96.54,0.994009;0.0;0.0;0.0;0.994009;0.0;0.0;0.0;2.5985440000000004,2,1778834122,190731517
3582,1778834122,250461816,gps,0,0,36.7289312,127.4434402,96.574,0.994009;0.0;0.0;0.0;0.994009;0.0;0.0;0.0;2.5985440000000004,2,1778834122,312601646
3583,1778834122,375461752,gps,0,0,36.7289333,127.4434374,96.595,0.994009;0.0;0.0;0.0;0.994009;0.0;0.0;0.0;2.5985440000000004,2,1778834122,438862431
3584,1778834122,500461687,gps,0,0,36.7289355,127.44343479999999,96.593,0.994009;0.0;0.0;0.0;0.994009;0.0;0.0;0.0;2.5985440000000004,2,1778834122,563285915
3585,1778834122,625461623,gps,0,0,36.7289376,127.4434321,96.607,0.994009;0.0;0.0;0.0;0.994009;0.0;0.0;0.0;2.5985440000000004,2,1778834122,689442571
3586,1778834122,750461558,gps,0,0,36.728939499999996,127.4434295,96.617,0.994009;0.0;0.0;0.0;0.994009;0.0;0.0;0.0;2.5953209999999998,2,1778834122,813541475
3587,1778834122,875461494,gps,0,0,36.7289415,127.4434266,96.61200000000001,0.994009;0.0;0.0;0.0;0.994009;0.0;0.0;0.0;2.5953209999999998,2,1778834122,939792620
3588,1778834123,461429,gps,0,0,36.7289436,127.4434239,96.60900000000001,0.994009;0.0;0.0;0.0;0.994009;0.0;0.0;0.0;2.5953209999999998,2,1778834123,68573320
3589,1778834123,125461365,gps,0,0,36.7289457,127.4434208,96.619,0.994009;0.0;0.0;0.0;0.994009;0.0;0.0;0.0;2.5953209999999998,2,1778834123,185539353
3590,1778834123,250461300,gps,0,0,36.7289478,127.4434179,96.668,0.994009;0.0;0.0;0.0;0.994009;0.0;0.0;0.0;2.5921000000000003,2,1778834123,313764834
3591,1778834123,375461236,gps,0,0,36.728949799999995,127.4434149,96.652,0.994009;0.0;0.0;0.0;0.994009;0.0;0.0;0.0;2.5921000000000003,2,1778834123,439724790
3592,1778834123,500461171,gps,0,0,36.728952,127.4434117,96.665,0.994009;0.0;0.0;0.0;0.994009;0.0;0.0;0.0;2.5921000000000003,2,1778834123,564674445
3593,1778834123,625461107,gps,0,0,36.7289542,127.4434088,96.676,0.994009;0.0;0.0;0.0;0.994009;0.0;0.0;0.0;2.5921000000000003,2,1778834123,689252200
3594,1778834123,750461042,gps,0,0,36.7289566,127.44340559999999,96.686,0.994009;0.0;0.0;0.0;0.994009;0.0;0.0;0.0;2.5921000000000003,2,1778834123,814190230
3595,1778834123,875460977,gps,0,0,36.728958899999995,127.4434021,96.717,0.994009;0.0;0.0;0.0;0.994009;0.0;0.0;0.0;2.5921000000000003,2,1778834123,938832465
3596,1778834124,460913,gps,0,0,36.7289613,127.4433988,96.709,0.994009;0.0;0.0;0.0;0.994009;0.0;0.0;0.0;2.5888809999999998,2,1778834124,64357541
3597,1778834124,125460849,gps,0,0,36.728963799999995,127.44339529999999,96.718,0.994009;0.0;0.0;0.0;0.994009;0.0;0.0;0.0;2.5888809999999998,2,1778834124,188244692
3598,1778834124,250460784,gps,0,0,36.7289665,127.44339149999999,96.756,0.994009;0.0;0.0;0.0;0.994009;0.0;0.0;0.0;2.5888809999999998,2,1778834124,313448770
3599,1778834124,375460719,gps,0,0,36.7289692,127.44338769999999,96.759,0.994009;0.0;0.0;0.0;0.994009;0.0;0.0;0.0;2.5888809999999998,2,1778834124,437586582
3600,1778834124,500460655,gps,0,0,36.728972,127.44338379999999,96.776,0.994009;0.0;0.0;0.0;0.994009;0.0;0.0;0.0;2.5856640000000004,2,1778834124,560750325
3601,1778834124,625460590,gps,0,0,36.728975,127.44337979999999,96.767,0.994009;0.0;0.0;0.0;0.994009;0.0;0.0;0.0;2.5856640000000004,2,1778834124,686411467
3602,1778834124,750460526,gps,0,0,36.7289777,127.4433758,96.778,0.994009;0.0;0.0;0.0;0.994009;0.0;0.0;0.0;2.5856640000000004,2,1778834124,810645624
3603,1778834124,875460461,gps,0,0,36.7289805,127.44337189999999,96.799,0.994009;0.0;0.0;0.0;0.994009;0.0;0.0;0.0;2.582449,2,1778834124,934534415
3604,1778834125,460397,gps,0,0,36.7289832,127.4433681,96.822,0.994009;0.0;0.0;0.0;0.994009;0.0;0.0;0.0;2.582449,2,1778834125,65888433
3605,1778834125,125460332,gps,0,0,36.7289859,127.44336489999999,96.82300000000001,0.994009;0.0;0.0;0.0;0.994009;0.0;0.0;0.0;2.5792360000000003,2,1778834125,187683211
3606,1778834125,250460268,gps,0,0,36.7289885,127.44336179999999,96.824,0.992016;0.0;0.0;0.0;0.992016;0.0;0.0;0.0;2.5792360000000003,2,1778834125,312397739
3607,1778834125,375460203,gps,0,0,36.7289909,127.4433588,96.84100000000001,0.992016;0.0;0.0;0.0;0.992016;0.0;0.0;0.0;2.576025,2,1778834125,436541333
3608,1778834125,500460139,gps,0,0,36.7289934,127.44335579999999,96.828,0.992016;0.0;0.0;0.0;0.992016;0.0;0.0;0.0;2.576025,2,1778834125,560644150
3609,1778834125,625460074,gps,0,0,36.7289958,127.4433531,96.854,0.992016;0.0;0.0;0.0;0.992016;0.0;0.0;0.0;2.576025,2,1778834125,686383201
3610,1778834125,750460010,gps,0,0,36.7289982,127.44335029999999,96.842,0.992016;0.0;0.0;0.0;0.992016;0.0;0.0;0.0;2.5728160000000004,2,1778834125,811115540
3611,1778834125,875459945,gps,0,0,36.7290007,127.4433474,96.85600000000001,0.992016;0.0;0.0;0.0;0.992016;0.0;0.0;0.0;2.5728160000000004,2,1778834125,937272173
3612,1778834126,459881,gps,0,0,36.7290031,127.4433444,96.852,0.990025;0.0;0.0;0.0;0.990025;0.0;0.0;0.0;2.5728160000000004,2,1778834126,65465270
3613,1778834126,125459816,gps,0,0,36.7290057,127.44334149999999,96.897,0.990025;0.0;0.0;0.0;0.990025;0.0;0.0;0.0;2.569609,2,1778834126,186537830
3614,1778834126,250459752,gps,0,0,36.7290083,127.44333839999999,96.883,0.990025;0.0;0.0;0.0;0.990025;0.0;0.0;0.0;2.5664040000000004,2,1778834126,311650137
3615,1778834126,375459687,gps,0,0,36.7290111,127.44333519999999,96.901,0.990025;0.0;0.0;0.0;0.990025;0.0;0.0;0.0;2.5664040000000004,2,1778834126,437134046
3616,1778834126,500459623,gps,0,0,36.7290138,127.44333209999999,96.911,0.988036;0.0;0.0;0.0;0.988036;0.0;0.0;0.0;2.563201,2,1778834126,562942601
3617,1778834126,625459558,gps,0,0,36.7290165,127.44332879999999,96.91,0.988036;0.0;0.0;0.0;0.988036;0.0;0.0;0.0;2.563201,2,1778834126,688193064
3618,1778834126,750459494,gps,0,0,36.729019199999996,127.4433258,96.907,0.988036;0.0;0.0;0.0;0.988036;0.0;0.0;0.0;2.5600000000000005,2,1778834126,809663156
3619,1778834126,875459429,gps,0,0,36.7290219,127.4433225,96.926,0.988036;0.0;0.0;0.0;0.988036;0.0;0.0;0.0;2.5600000000000005,2,1778834126,937751081
3620,1778834127,459365,gps,0,0,36.7290245,127.4433194,96.921,0.986049;0.0;0.0;0.0;0.986049;0.0;0.0;0.0;2.556801,2,1778834127,66222419
3621,1778834127,125459300,gps,0,0,36.729026999999995,127.44331629999999,96.904,0.986049;0.0;0.0;0.0;0.986049;0.0;0.0;0.0;2.556801,2,1778834127,188069752
3622,1778834127,250459236,gps,0,0,36.7290296,127.4433131,96.904,0.986049;0.0;0.0;0.0;0.986049;0.0;0.0;0.0;2.5536040000000004,2,1778834127,313399032
3623,1778834127,375459171,gps,0,0,36.7290321,127.44331009999999,96.933,0.9840639999999999;0.0;0.0;0.0;0.9840639999999999;0.0;0.0;0.0;2.5536040000000004,2,1778834127,438487439
3624,1778834127,500459107,gps,0,0,36.7290345,127.4433071,96.918,0.9840639999999999;0.0;0.0;0.0;0.9840639999999999;0.0;0.0;0.0;2.5504089999999997,2,1778834127,562398591
3625,1778834127,625459043,gps,0,0,36.7290367,127.443304,96.92,0.982081;0.0;0.0;0.0;0.982081;0.0;0.0;0.0;2.5504089999999997,2,1778834127,683116656
3626,1778834127,750458978,gps,0,0,36.729039,127.4433011,96.922,0.982081;0.0;0.0;0.0;0.982081;0.0;0.0;0.0;2.547216,2,1778834127,810567256
3627,1778834127,875458914,gps,0,0,36.7290414,127.443298,96.931,0.982081;0.0;0.0;0.0;0.982081;0.0;0.0;0.0;2.544025,2,1778834127,935948450
3628,1778834128,458849,gps,0,0,36.7290438,127.4432949,96.93900000000001,0.9801;0.0;0.0;0.0;0.9801;0.0;0.0;0.0;2.544025,2,1778834128,67307650
3629,1778834128,125458785,gps,0,0,36.7290461,127.4432918,96.93900000000001,0.9801;0.0;0.0;0.0;0.9801;0.0;0.0;0.0;2.540836,2,1778834128,188823391
3630,1778834128,250458720,gps,0,0,36.729048399999996,127.4432882,96.93900000000001,0.978121;0.0;0.0;0.0;0.978121;0.0;0.0;0.0;2.537649,2,1778834128,312894139
3631,1778834128,375458656,gps,0,0,36.729050799999996,127.44328449999999,96.937,0.976144;0.0;0.0;0.0;0.976144;0.0;0.0;0.0;2.5344640000000003,2,1778834128,437212803
3632,1778834128,500458591,gps,0,0,36.7290531,127.443281,96.976,0.976144;0.0;0.0;0.0;0.976144;0.0;0.0;0.0;2.5281000000000002,2,1778834128,557372556
3633,1778834128,625458527,gps,0,0,36.729055599999995,127.44327729999999,96.97800000000001,0.974169;0.0;0.0;0.0;0.974169;0.0;0.0;0.0;2.5217440000000004,2,1778834128,688160161
3634,1778834128,750458462,gps,0,0,36.7290582,127.44327369999999,96.994,0.970225;0.0;0.0;0.0;0.970225;0.0;0.0;0.0;2.5153960000000004,2,1778834128,812289545
3635,1778834128,875458397,gps,0,0,36.7290609,127.44327009999999,97.008,0.970225;0.0;0.0;0.0;0.970225;0.0;0.0;0.0;2.509056,2,1778834128,938204951
3636,1778834129,458333,gps,0,0,36.7290637,127.4432664,97.007,0.968256;0.0;0.0;0.0;0.968256;0.0;0.0;0.0;2.502724,2,1778834129,68007161
3637,1778834129,125458268,gps,0,0,36.729066599999996,127.4432629,97.027,0.966289;0.0;0.0;0.0;0.966289;0.0;0.0;0.0;2.4964000000000004,2,1778834129,187893046
3638,1778834129,250458204,gps,0,0,36.7290692,127.4432592,97.031,0.964324;0.0;0.0;0.0;0.964324;0.0;0.0;0.0;2.4900840000000004,2,1778834129,312218414
3639,1778834129,375458139,gps,0,0,36.7290719,127.4432554,97.06700000000001,0.962361;0.0;0.0;0.0;0.962361;0.0;0.0;0.0;2.483776,2,1778834129,435477061
3640,1778834129,500458075,gps,0,0,36.729074499999996,127.4432518,97.071,0.9603999999999999;0.0;0.0;0.0;0.9603999999999999;0.0;0.0;0.0;2.480625,2,1778834129,563404282
3641,1778834129,625458010,gps,0,0,36.7290772,127.44324809999999,97.086,0.958441;0.0;0.0;0.0;0.958441;0.0;0.0;0.0;2.474329,2,1778834129,688927534
3642,1778834129,750457946,gps,0,0,36.7290801,127.44324449999999,97.08200000000001,0.956484;0.0;0.0;0.0;0.956484;0.0;0.0;0.0;2.468041,2,1778834129,812860461
3643,1778834129,875457881,gps,0,0,36.7290828,127.443241,97.101,0.954529;0.0;0.0;0.0;0.954529;0.0;0.0;0.0;2.4617609999999996,2,1778834129,938038321
3644,1778834130,457817,gps,0,0,36.729085399999995,127.4432375,97.11500000000001,0.952576;0.0;0.0;0.0;0.952576;0.0;0.0;0.0;2.455489,2,1778834130,67897993
3645,1778834130,125457752,gps,0,0,36.7290881,127.4432341,97.119,0.9506249999999999;0.0;0.0;0.0;0.9506249999999999;0.0;0.0;0.0;2.452356,2,1778834130,189003520
3646,1778834130,250457688,gps,0,0,36.7290906,127.4432308,97.152,0.948676;0.0;0.0;0.0;0.948676;0.0;0.0;0.0;2.4460960000000003,2,1778834130,314280503
3647,1778834130,375457623,gps,0,0,36.7290932,127.44322749999999,97.149,0.9467289999999999;0.0;0.0;0.0;0.9467289999999999;0.0;0.0;0.0;2.4398440000000003,2,1778834130,440033542
3648,1778834130,500457559,gps,0,0,36.729095799999996,127.4432243,97.148,0.944784;0.0;0.0;0.0;0.944784;0.0;0.0;0.0;2.4336,2,1778834130,563144481
3649,1778834130,625457494,gps,0,0,36.7290985,127.443221,97.183,0.9428409999999999;0.0;0.0;0.0;0.9428409999999999;0.0;0.0;0.0;2.4273640000000003,2,1778834130,687021262
3650,1778834130,750457430,gps,0,0,36.7291011,127.44321769999999,97.177,0.9409;0.0;0.0;0.0;0.9409;0.0;0.0;0.0;2.4242489999999997,2,1778834130,810651687
3651,1778834130,875457365,gps,0,0,36.7291038,127.44321439999999,97.197,0.9389609999999999;0.0;0.0;0.0;0.9389609999999999;0.0;0.0;0.0;2.4180249999999996,2,1778834130,936429192
3652,1778834131,457301,gps,0,0,36.7291065,127.44321099999999,97.217,0.9389609999999999;0.0;0.0;0.0;0.9389609999999999;0.0;0.0;0.0;2.411809,2,1778834131,68098100
3653,1778834131,125457236,gps,0,0,36.729109199999996,127.44320769999999,97.23100000000001,0.937024;0.0;0.0;0.0;0.937024;0.0;0.0;0.0;2.405601,2,1778834131,188111919
3654,1778834131,250457172,gps,0,0,36.7291118,127.44320459999999,97.21900000000001,0.935089;0.0;0.0;0.0;0.935089;0.0;0.0;0.0;2.3994009999999997,2,1778834131,310740069
3655,1778834131,375457107,gps,0,0,36.7291145,127.4432015,97.244,0.933156;0.0;0.0;0.0;0.933156;0.0;0.0;0.0;2.396304,2,1778834131,437604369
3656,1778834131,500457043,gps,0,0,36.729116999999995,127.4431984,97.245,0.931225;0.0;0.0;0.0;0.931225;0.0;0.0;0.0;2.390116,2,1778834131,561885425
3657,1778834131,625456978,gps,0,0,36.7291196,127.4431954,97.251,0.9292959999999999;0.0;0.0;0.0;0.9292959999999999;0.0;0.0;0.0;2.3839360000000003,2,1778834131,687820169
3658,1778834131,750456914,gps,0,0,36.7291221,127.44319259999999,97.266,0.9273689999999999;0.0;0.0;0.0;0.9273689999999999;0.0;0.0;0.0;2.380849,2,1778834131,811329818
3659,1778834131,875456849,gps,0,0,36.7291246,127.4431896,97.251,0.9273689999999999;0.0;0.0;0.0;0.9273689999999999;0.0;0.0;0.0;2.374681,2,1778834131,937499114
3660,1778834132,456785,gps,0,0,36.7291272,127.44318659999999,97.269,0.9254439999999999;0.0;0.0;0.0;0.9254439999999999;0.0;0.0;0.0;2.3716,2,1778834132,67043831
3661,1778834132,125456720,gps,0,0,36.7291297,127.44318369999999,97.27,0.9235209999999999;0.0;0.0;0.0;0.9235209999999999;0.0;0.0;0.0;2.365444,2,1778834132,184778166
3662,1778834132,250456656,gps,0,0,36.7291324,127.44318059999999,97.257,0.9216;0.0;0.0;0.0;0.9216;0.0;0.0;0.0;2.3623689999999997,2,1778834132,312231013
3663,1778834132,375456591,gps,0,0,36.7291351,127.44317749999999,97.288,0.9216;0.0;0.0;0.0;0.9216;0.0;0.0;0.0;2.359296,2,1778834132,437062240
3664,1778834132,500456527,gps,0,0,36.7291378,127.4431745,97.292,0.919681;0.0;0.0;0.0;0.919681;0.0;0.0;0.0;2.356225,2,1778834132,562638890
3665,1778834132,625456462,gps,0,0,36.7291406,127.44317129999999,97.31,0.919681;0.0;0.0;0.0;0.919681;0.0;0.0;0.0;2.3531560000000002,2,1778834132,687675773
3666,1778834132,750456398,gps,0,0,36.7291435,127.4431681,97.31400000000001,0.9177639999999999;0.0;0.0;0.0;0.9177639999999999;0.0;0.0;0.0;2.3500889999999997,2,1778834132,811002619
3667,1778834132,875456333,gps,0,0,36.729146199999995,127.443165,97.322,0.9177639999999999;0.0;0.0;0.0;0.9177639999999999;0.0;0.0;0.0;2.347024,2,1778834132,936959965
3668,1778834133,456269,gps,0,0,36.729149,127.4431621,97.337,0.9158489999999999;0.0;0.0;0.0;0.9158489999999999;0.0;0.0;0.0;2.3439609999999997,2,1778834133,61204766
3669,1778834133,125456204,gps,0,0,36.7291516,127.4431592,97.342,0.9158489999999999;0.0;0.0;0.0;0.9158489999999999;0.0;0.0;0.0;2.3409,2,1778834133,186925064
3670,1778834133,250456140,gps,0,0,36.729154,127.44315669999999,97.34700000000001,0.913936;0.0;0.0;0.0;0.913936;0.0;0.0;0.0;2.3378409999999996,2,1778834133,311811322
3671,1778834133,375456075,gps,0,0,36.729155999999996,127.44315449999999,97.34100000000001,0.913936;0.0;0.0;0.0;0.913936;0.0;0.0;0.0;2.334784,2,1778834133,436993233
3672,1778834133,500456011,gps,0,0,36.729157799999996,127.44315239999999,97.339,0.912025;0.0;0.0;0.0;0.912025;0.0;0.0;0.0;2.334784,2,1778834133,561092238
3673,1778834133,625455946,gps,0,0,36.7291594,127.44315049999999,97.349,0.912025;0.0;0.0;0.0;0.912025;0.0;0.0;0.0;2.3317289999999997,2,1778834133,686137900
3674,1778834133,750455882,gps,0,0,36.7291609,127.44314899999999,97.35000000000001,0.9101159999999999;0.0;0.0;0.0;0.9101159999999999;0.0;0.0;0.0;2.328676,2,1778834133,810225661
3675,1778834133,875455817,gps,0,0,36.729162099999996,127.4431475,97.355,0.9101159999999999;0.0;0.0;0.0;0.9101159999999999;0.0;0.0;0.0;2.328676,2,1778834133,933909527
3676,1778834134,455753,gps,0,0,36.729163199999995,127.4431463,97.342,0.9101159999999999;0.0;0.0;0.0;0.9101159999999999;0.0;0.0;0.0;2.328676,2,1778834134,66957792
3677,1778834134,125455688,gps,0,0,36.7291641,127.44314519999999,97.34100000000001,0.9082089999999999;0.0;0.0;0.0;0.9082089999999999;0.0;0.0;0.0;2.3256249999999996,2,1778834134,187966950
3678,1778834134,250455624,gps,0,0,36.7291649,127.4431443,97.35600000000001,0.9082089999999999;0.0;0.0;0.0;0.9082089999999999;0.0;0.0;0.0;2.3256249999999996,2,1778834134,312465346
3679,1778834134,375455559,gps,0,0,36.729165699999996,127.4431436,97.346,0.9082089999999999;0.0;0.0;0.0;0.9082089999999999;0.0;0.0;0.0;2.322576,2,1778834134,436178952
3680,1778834134,500455495,gps,0,0,36.7291662,127.44314299999999,97.345,0.9063039999999999;0.0;0.0;0.0;0.9063039999999999;0.0;0.0;0.0;2.322576,2,1778834134,560891296
3681,1778834134,625455430,gps,0,0,36.7291665,127.4431425,97.34400000000001,0.9063039999999999;0.0;0.0;0.0;0.9063039999999999;0.0;0.0;0.0;2.322576,2,1778834134,688527595
3682,1778834134,750455365,gps,0,0,36.7291667,127.44314229999999,97.339,0.9063039999999999;0.0;0.0;0.0;0.9063039999999999;0.0;0.0;0.0;2.3195289999999997,2,1778834134,813157530
3683,1778834134,875455301,gps,0,0,36.729166899999996,127.443142,97.32600000000001,0.9044009999999999;0.0;0.0;0.0;0.9044009999999999;0.0;0.0;0.0;2.3195289999999997,2,1778834134,939509302
3684,1778834135,455236,gps,0,0,36.7291671,127.4431417,97.36,0.9044009999999999;0.0;0.0;0.0;0.9044009999999999;0.0;0.0;0.0;2.316484,2,1778834135,66773238
3685,1778834135,125455172,gps,0,0,36.7291672,127.44314159999999,97.34100000000001,0.9044009999999999;0.0;0.0;0.0;0.9044009999999999;0.0;0.0;0.0;2.316484,2,1778834135,187500040
3686,1778834135,250455107,gps,0,0,36.7291673,127.44314139999999,97.34700000000001,0.9025;0.0;0.0;0.0;0.9025;0.0;0.0;0.0;2.316484,2,1778834135,312077985
3687,1778834135,375455043,gps,0,0,36.7291674,127.4431413,97.352,0.9025;0.0;0.0;0.0;0.9025;0.0;0.0;0.0;2.3134409999999996,2,1778834135,437084792
3688,1778834135,500454978,gps,0,0,36.7291674,127.4431412,97.343,0.9006009999999999;0.0;0.0;0.0;0.9006009999999999;0.0;0.0;0.0;2.3134409999999996,2,1778834135,562625487
3689,1778834135,625454914,gps,0,0,36.729167499999996,127.4431412,97.352,0.9006009999999999;0.0;0.0;0.0;0.9006009999999999;0.0;0.0;0.0;2.3104,2,1778834135,687777143
3690,1778834135,750454849,gps,0,0,36.7291674,127.4431412,97.334,0.9006009999999999;0.0;0.0;0.0;0.9006009999999999;0.0;0.0;0.0;2.3104,2,1778834135,809016876
3691,1778834135,875454785,gps,0,0,36.7291674,127.4431412,97.34,0.898704;0.0;0.0;0.0;0.898704;0.0;0.0;0.0;2.3073609999999998,2,1778834135,935839201
3692,1778834136,454720,gps,0,0,36.7291672,127.4431413,97.343,0.898704;0.0;0.0;0.0;0.898704;0.0;0.0;0.0;2.3073609999999998,2,1778834136,64678398
3693,1778834136,125454656,gps,0,0,36.7291672,127.44314139999999,97.358,0.8968089999999999;0.0;0.0;0.0;0.8968089999999999;0.0;0.0;0.0;2.3073609999999998,2,1778834136,186045510
3694,1778834136,250454591,gps,0,0,36.7291671,127.44314139999999,97.352,0.8968089999999999;0.0;0.0;0.0;0.8968089999999999;0.0;0.0;0.0;2.3043240000000003,2,1778834136,312059067
3695,1778834136,375454526,gps,0,0,36.729167,127.4431415,97.34,0.8968089999999999;0.0;0.0;0.0;0.8968089999999999;0.0;0.0;0.0;2.3043240000000003,2,1778834136,436776416
3696,1778834136,500454462,gps,0,0,36.7291668,127.44314159999999,97.339,0.8949159999999999;0.0;0.0;0.0;0.8949159999999999;0.0;0.0;0.0;2.3012889999999997,2,1778834136,560516126
3697,1778834136,625454397,gps,0,0,36.7291667,127.44314179999999,97.339,0.8949159999999999;0.0;0.0;0.0;0.8949159999999999;0.0;0.0;0.0;2.3012889999999997,2,1778834136,682001512
3698,1778834136,750454333,gps,0,0,36.7291666,127.4431419,97.322,0.8949159999999999;0.0;0.0;0.0;0.8949159999999999;0.0;0.0;0.0;2.3012889999999997,2,1778834136,809873704
3699,1778834136,875454269,gps,0,0,36.7291665,127.44314209999999,97.311,0.893025;0.0;0.0;0.0;0.893025;0.0;0.0;0.0;2.298256,2,1778834136,935800447
3700,1778834137,454204,gps,0,0,36.729166299999996,127.44314209999999,97.324,0.893025;0.0;0.0;0.0;0.893025;0.0;0.0;0.0;2.298256,2,1778834137,66708441
3701,1778834137,125454139,gps,0,0,36.7291662,127.44314229999999,97.328,0.8911359999999999;0.0;0.0;0.0;0.8911359999999999;0.0;0.0;0.0;2.298256,2,1778834137,186861600
3702,1778834137,250454075,gps,0,0,36.7291661,127.4431424,97.319,0.8911359999999999;0.0;0.0;0.0;0.8911359999999999;0.0;0.0;0.0;2.295225,2,1778834137,312554495
3703,1778834137,375454011,gps,0,0,36.729166,127.44314259999999,97.3,0.8911359999999999;0.0;0.0;0.0;0.8911359999999999;0.0;0.0;0.0;2.295225,2,1778834137,436625425
3704,1778834137,500453946,gps,0,0,36.7291658,127.44314259999999,97.309,0.889249;0.0;0.0;0.0;0.889249;0.0;0.0;0.0;2.295225,2,1778834137,557375639
3705,1778834137,625453881,gps,0,0,36.729165699999996,127.44314279999999,97.307,0.889249;0.0;0.0;0.0;0.889249;0.0;0.0;0.0;2.292196,2,1778834137,687245734
3706,1778834137,750453817,gps,0,0,36.7291656,127.4431429,97.286,0.889249;0.0;0.0;0.0;0.889249;0.0;0.0;0.0;2.292196,2,1778834137,811211904
3707,1778834137,875453752,gps,0,0,36.7291654,127.4431431,97.292,0.8873639999999999;0.0;0.0;0.0;0.8873639999999999;0.0;0.0;0.0;2.292196,2,1778834137,937433955
3708,1778834138,453688,gps,0,0,36.7291653,127.4431431,97.282,0.8873639999999999;0.0;0.0;0.0;0.8873639999999999;0.0;0.0;0.0;2.292196,2,1778834138,66108056
3709,1778834138,125453624,gps,0,0,36.7291652,127.44314329999999,97.28,0.8873639999999999;0.0;0.0;0.0;0.8873639999999999;0.0;0.0;0.0;2.289169,2,1778834138,186936606
3710,1778834138,250453559,gps,0,0,36.729165,127.4431434,97.28,0.8854809999999999;0.0;0.0;0.0;0.8854809999999999;0.0;0.0;0.0;2.289169,2,1778834138,312859699
3711,1778834138,375453495,gps,0,0,36.7291649,127.44314349999999,97.259,0.8854809999999999;0.0;0.0;0.0;0.8854809999999999;0.0;0.0;0.0;2.289169,2,1778834138,434313585
3712,1778834138,500453430,gps,0,0,36.7291648,127.4431437,97.265,0.8854809999999999;0.0;0.0;0.0;0.8854809999999999;0.0;0.0;0.0;2.289169,2,1778834138,562611217
3713,1778834138,625453366,gps,0,0,36.7291647,127.44314379999999,97.255,0.8854809999999999;0.0;0.0;0.0;0.8854809999999999;0.0;0.0;0.0;2.289169,2,1778834138,687890947
3714,1778834138,750453301,gps,0,0,36.729164499999996,127.4431439,97.262,0.8835999999999999;0.0;0.0;0.0;0.8835999999999999;0.0;0.0;0.0;2.286144,2,1778834138,811626802
3715,1778834138,875453236,gps,0,0,36.729164499999996,127.44314399999999,97.25,0.8835999999999999;0.0;0.0;0.0;0.8835999999999999;0.0;0.0;0.0;2.286144,2,1778834138,936774897
3716,1778834139,453172,gps,0,0,36.7291646,127.44314379999999,97.263,0.8835999999999999;0.0;0.0;0.0;0.8835999999999999;0.0;0.0;0.0;2.286144,2,1778834139,65882707
3717,1778834139,125453108,gps,0,0,36.7291646,127.44314379999999,97.233,0.8817209999999999;0.0;0.0;0.0;0.8817209999999999;0.0;0.0;0.0;2.286144,2,1778834139,186755383
3718,1778834139,250453043,gps,0,0,36.729164499999996,127.4431439,97.252,0.8817209999999999;0.0;0.0;0.0;0.8817209999999999;0.0;0.0;0.0;2.286144,2,1778834139,311797751
3719,1778834139,375452979,gps,0,0,36.729164499999996,127.4431439,97.254,0.8817209999999999;0.0;0.0;0.0;0.8817209999999999;0.0;0.0;0.0;2.286144,2,1778834139,437096675
3720,1778834139,500452914,gps,0,0,36.729164499999996,127.44314379999999,97.241,0.8817209999999999;0.0;0.0;0.0;0.8817209999999999;0.0;0.0;0.0;2.2831209999999995,2,1778834139,560661660
3721,1778834139,625452850,gps,0,0,36.729164499999996,127.44314379999999,97.238,0.8798439999999998;0.0;0.0;0.0;0.8798439999999998;0.0;0.0;0.0;2.2831209999999995,2,1778834139,685711218
3722,1778834139,750452785,gps,0,0,36.729164499999996,127.4431439,97.212,0.8798439999999998;0.0;0.0;0.0;0.8798439999999998;0.0;0.0;0.0;2.2831209999999995,2,1778834139,809739890
3723,1778834139,875452721,gps,0,0,36.729164499999996,127.4431439,97.20400000000001,0.8798439999999998;0.0;0.0;0.0;0.8798439999999998;0.0;0.0;0.0;2.2831209999999995,2,1778834139,935306550
3724,1778834140,452656,gps,0,0,36.729164499999996,127.4431439,97.21900000000001,0.8779690000000001;0.0;0.0;0.0;0.8779690000000001;0.0;0.0;0.0;2.2801,2,1778834140,66577465
3725,1778834140,125452592,gps,0,0,36.729164499999996,127.44314379999999,97.212,0.8779690000000001;0.0;0.0;0.0;0.8779690000000001;0.0;0.0;0.0;2.2801,2,1778834140,187570304
3726,1778834140,250452527,gps,0,0,36.729164399999995,127.44314379999999,97.203,0.8779690000000001;0.0;0.0;0.0;0.8779690000000001;0.0;0.0;0.0;2.277081,2,1778834140,310124496
3727,1778834140,375452463,gps,0,0,36.729164399999995,127.44314379999999,97.214,0.8760960000000001;0.0;0.0;0.0;0.8760960000000001;0.0;0.0;0.0;2.274064,2,1778834140,436818116
3728,1778834140,500452398,gps,0,0,36.729164399999995,127.44314379999999,97.20100000000001,0.8760960000000001;0.0;0.0;0.0;0.8760960000000001;0.0;0.0;0.0;2.274064,2,1778834140,560614501
3729,1778834140,625452334,gps,0,0,36.729164399999995,127.44314379999999,97.214,0.8760960000000001;0.0;0.0;0.0;0.8760960000000001;0.0;0.0;0.0;2.2710489999999997,2,1778834140,686723575
3730,1778834140,750452269,gps,0,0,36.729164399999995,127.44314379999999,97.224,0.8742250000000001;0.0;0.0;0.0;0.8742250000000001;0.0;0.0;0.0;2.2710489999999997,2,1778834140,810416991
3731,1778834140,875452205,gps,0,0,36.729164399999995,127.44314379999999,97.217,0.8742250000000001;0.0;0.0;0.0;0.8742250000000001;0.0;0.0;0.0;2.268036,2,1778834140,937218626
3732,1778834141,452140,gps,0,0,36.729164399999995,127.44314379999999,97.227,0.8742250000000001;0.0;0.0;0.0;0.8742250000000001;0.0;0.0;0.0;2.268036,2,1778834141,65155265
3733,1778834141,125452076,gps,0,0,36.7291643,127.4431439,97.23400000000001,0.8742250000000001;0.0;0.0;0.0;0.8742250000000001;0.0;0.0;0.0;2.2650249999999996,2,1778834141,182371998
3734,1778834141,250452011,gps,0,0,36.7291643,127.4431439,97.215,0.8723560000000001;0.0;0.0;0.0;0.8723560000000001;0.0;0.0;0.0;2.262016,2,1778834141,310777847
3735,1778834141,375451947,gps,0,0,36.729164399999995,127.44314379999999,97.211,0.8723560000000001;0.0;0.0;0.0;0.8723560000000001;0.0;0.0;0.0;2.262016,2,1778834141,435556534
3736,1778834141,500451882,gps,0,0,36.7291643,127.4431439,97.196,0.8723560000000001;0.0;0.0;0.0;0.8723560000000001;0.0;0.0;0.0;2.259009,2,1778834141,561700515
3737,1778834141,625451818,gps,0,0,36.7291643,127.44314379999999,97.21300000000001,0.8704890000000001;0.0;0.0;0.0;0.8704890000000001;0.0;0.0;0.0;2.259009,2,1778834141,686655746
3738,1778834141,750451753,gps,0,0,36.7291642,127.44314379999999,97.21300000000001,0.8704890000000001;0.0;0.0;0.0;0.8704890000000001;0.0;0.0;0.0;2.256004,2,1778834141,810351049
3739,1778834141,875451689,gps,0,0,36.7291641,127.44314379999999,97.212,0.8704890000000001;0.0;0.0;0.0;0.8704890000000001;0.0;0.0;0.0;2.253001,2,1778834141,934675458
3740,1778834142,451624,gps,0,0,36.7291642,127.44314379999999,97.199,0.8686240000000001;0.0;0.0;0.0;0.8686240000000001;0.0;0.0;0.0;2.253001,2,1778834142,60369054
3741,1778834142,125451560,gps,0,0,36.7291642,127.4431437,97.193,0.8686240000000001;0.0;0.0;0.0;0.8686240000000001;0.0;0.0;0.0;2.25,2,1778834142,185096944
3742,1778834142,250451495,gps,0,0,36.7291642,127.4431437,97.193,0.8686240000000001;0.0;0.0;0.0;0.8686240000000001;0.0;0.0;0.0;2.2470010000000005,2,1778834142,310688322
3743,1778834142,375451431,gps,0,0,36.7291641,127.4431437,97.19200000000001,0.8667610000000001;0.0;0.0;0.0;0.8667610000000001;0.0;0.0;0.0;2.2470010000000005,2,1778834142,436397104
3744,1778834142,500451366,gps,0,0,36.7291642,127.4431436,97.194,0.8667610000000001;0.0;0.0;0.0;0.8667610000000001;0.0;0.0;0.0;2.244004,2,1778834142,559506179
3745,1778834142,625451302,gps,0,0,36.7291641,127.4431437,97.19,0.8667610000000001;0.0;0.0;0.0;0.8667610000000001;0.0;0.0;0.0;2.244004,2,1778834142,685159795
3746,1778834142,750451237,gps,0,0,36.7291641,127.4431437,97.174,0.8667610000000001;0.0;0.0;0.0;0.8667610000000001;0.0;0.0;0.0;2.2410090000000005,2,1778834142,808552601
3747,1778834142,875451173,gps,0,0,36.7291642,127.4431437,97.185,0.8667610000000001;0.0;0.0;0.0;0.8667610000000001;0.0;0.0;0.0;2.2410090000000005,2,1778834142,932482249
3748,1778834143,451108,gps,0,0,36.7291642,127.4431436,97.193,0.8667610000000001;0.0;0.0;0.0;0.8667610000000001;0.0;0.0;0.0;2.238016,2,1778834143,65292472
3749,1778834143,125451044,gps,0,0,36.7291642,127.4431436,97.193,0.8649000000000001;0.0;0.0;0.0;0.8649000000000001;0.0;0.0;0.0;2.238016,2,1778834143,186491723
3750,1778834143,250450979,gps,0,0,36.7291641,127.4431436,97.197,0.8649000000000001;0.0;0.0;0.0;0.8649000000000001;0.0;0.0;0.0;2.238016,2,1778834143,311129550
3751,1778834143,375450915,gps,0,0,36.7291641,127.4431436,97.188,0.8649000000000001;0.0;0.0;0.0;0.8649000000000001;0.0;0.0;0.0;2.2350250000000003,2,1778834143,435465618
3752,1778834143,500450850,gps,0,0,36.7291642,127.44314349999999,97.184,0.8649000000000001;0.0;0.0;0.0;0.8649000000000001;0.0;0.0;0.0;2.2350250000000003,2,1778834143,561192056
3753,1778834143,625450786,gps,0,0,36.7291641,127.44314349999999,97.178,0.8649000000000001;0.0;0.0;0.0;0.8649000000000001;0.0;0.0;0.0;2.232036,2,1778834143,686473127
3754,1778834143,750450721,gps,0,0,36.7291642,127.44314349999999,97.182,0.8630410000000001;0.0;0.0;0.0;0.8630410000000001;0.0;0.0;0.0;2.2290490000000003,2,1778834143,809907460
3755,1778834143,875450657,gps,0,0,36.7291642,127.4431436,97.155,0.8630410000000001;0.0;0.0;0.0;0.8630410000000001;0.0;0.0;0.0;2.226064,2,1778834143,936278299
3756,1778834144,450592,gps,0,0,36.7291642,127.44314349999999,97.177,0.8630410000000001;0.0;0.0;0.0;0.8630410000000001;0.0;0.0;0.0;2.2230810000000005,2,1778834144,65346581
3757,1778834144,125450528,gps,0,0,36.7291641,127.44314349999999,97.17,0.8611840000000001;0.0;0.0;0.0;0.8611840000000001;0.0;0.0;0.0;2.2201,2,1778834144,187176014
3758,1778834144,250450463,gps,0,0,36.7291641,127.4431434,97.164,0.8611840000000001;0.0;0.0;0.0;0.8611840000000001;0.0;0.0;0.0;2.217121,2,1778834144,310498770
3759,1778834144,375450399,gps,0,0,36.7291641,127.44314349999999,97.159,0.8611840000000001;0.0;0.0;0.0;0.8611840000000001;0.0;0.0;0.0;2.217121,2,1778834144,434918703
3760,1778834144,500450334,gps,0,0,36.7291642,127.44314349999999,97.156,0.8611840000000001;0.0;0.0;0.0;0.8611840000000001;0.0;0.0;0.0;2.214144,2,1778834144,561141508
3761,1778834144,625450270,gps,0,0,36.729164,127.4431434,97.173,0.8611840000000001;0.0;0.0;0.0;0.8611840000000001;0.0;0.0;0.0;2.214144,2,1778834144,685526799
3762,1778834144,750450205,gps,0,0,36.7291641,127.4431434,97.163,0.8611840000000001;0.0;0.0;0.0;0.8611840000000001;0.0;0.0;0.0;2.2111690000000004,2,1778834144,808538539
3763,1778834144,875450141,gps,0,0,36.7291642,127.4431434,97.155,0.8593290000000001;0.0;0.0;0.0;0.8593290000000001;0.0;0.0;0.0;2.208196,2,1778834144,935273495
3764,1778834145,450076,gps,0,0,36.7291641,127.4431434,97.165,0.8593290000000001;0.0;0.0;0.0;0.8593290000000001;0.0;0.0;0.0;2.208196,2,1778834145,65314762
3765,1778834145,125450012,gps,0,0,36.7291641,127.4431434,97.154,0.8593290000000001;0.0;0.0;0.0;0.8593290000000001;0.0;0.0;0.0;2.2052250000000004,2,1778834145,184463512
3766,1778834145,250449947,gps,0,0,36.7291641,127.44314329999999,97.164,0.8593290000000001;0.0;0.0;0.0;0.8593290000000001;0.0;0.0;0.0;2.2022559999999998,2,1778834145,309961577
3767,1778834145,375449883,gps,0,0,36.7291641,127.4431434,97.157,0.8593290000000001;0.0;0.0;0.0;0.8593290000000001;0.0;0.0;0.0;2.2022559999999998,2,1778834145,435027989
3768,1778834145,500449818,gps,0,0,36.7291641,127.44314329999999,97.167,0.8574760000000001;0.0;0.0;0.0;0.8574760000000001;0.0;0.0;0.0;2.1992890000000003,2,1778834145,558308979
3769,1778834145,625449754,gps,0,0,36.7291641,127.4431432,97.166,0.8574760000000001;0.0;0.0;0.0;0.8574760000000001;0.0;0.0;0.0;2.196324,2,1778834145,680389971
3770,1778834145,750449689,gps,0,0,36.7291641,127.44314329999999,97.161,0.8574760000000001;0.0;0.0;0.0;0.8574760000000001;0.0;0.0;0.0;2.196324,2,1778834145,808959760
3771,1778834145,875449625,gps,0,0,36.7291641,127.4431432,97.142,0.8574760000000001;0.0;0.0;0.0;0.8574760000000001;0.0;0.0;0.0;2.1933610000000003,2,1778834145,933864501
3772,1778834146,449560,gps,0,0,36.7291641,127.4431432,97.161,0.8556250000000001;0.0;0.0;0.0;0.8556250000000001;0.0;0.0;0.0;2.1904,2,1778834146,64349603
3773,1778834146,125449496,gps,0,0,36.7291641,127.4431432,97.168,0.8556250000000001;0.0;0.0;0.0;0.8556250000000001;0.0;0.0;0.0;2.1904,2,1778834146,187957525
3774,1778834146,250449431,gps,0,0,36.7291641,127.4431432,97.152,0.8556250000000001;0.0;0.0;0.0;0.8556250000000001;0.0;0.0;0.0;2.187441,2,1778834146,311375799
3775,1778834146,375449367,gps,0,0,36.7291641,127.4431432,97.147,0.8556250000000001;0.0;0.0;0.0;0.8556250000000001;0.0;0.0;0.0;2.184484,2,1778834146,435434765
3776,1778834146,500449302,gps,0,0,36.7291641,127.4431432,97.158,0.8537760000000001;0.0;0.0;0.0;0.8537760000000001;0.0;0.0;0.0;2.184484,2,1778834146,556007550
3777,1778834146,625449238,gps,0,0,36.7291641,127.4431431,97.158,0.8537760000000001;0.0;0.0;0.0;0.8537760000000001;0.0;0.0;0.0;2.1815290000000003,2,1778834146,685327789
3778,1778834146,750449173,gps,0,0,36.7291641,127.4431431,97.166,0.8537760000000001;0.0;0.0;0.0;0.8537760000000001;0.0;0.0;0.0;2.178576,2,1778834146,810972911
3779,1778834146,875449109,gps,0,0,36.7291641,127.4431431,97.149,0.8537760000000001;0.0;0.0;0.0;0.8537760000000001;0.0;0.0;0.0;2.178576,2,1778834146,936258410
3780,1778834147,449044,gps,0,0,36.7291642,127.4431431,97.159,0.851929;0.0;0.0;0.0;0.851929;0.0;0.0;0.0;2.175625,2,1778834147,65395242
3781,1778834147,125448980,gps,0,0,36.7291641,127.44314299999999,97.15,0.851929;0.0;0.0;0.0;0.851929;0.0;0.0;0.0;2.175625,2,1778834147,186745603
3782,1778834147,250448915,gps,0,0,36.7291641,127.44314299999999,97.154,0.851929;0.0;0.0;0.0;0.851929;0.0;0.0;0.0;2.172676,2,1778834147,311226981
3783,1778834147,375448851,gps,0,0,36.7291641,127.44314299999999,97.125,0.851929;0.0;0.0;0.0;0.851929;0.0;0.0;0.0;2.1697290000000002,2,1778834147,434399577
3784,1778834147,500448786,gps,0,0,36.7291641,127.44314299999999,97.133,0.8500840000000001;0.0;0.0;0.0;0.8500840000000001;0.0;0.0;0.0;2.1697290000000002,2,1778834147,562353897
3785,1778834147,625448722,gps,0,0,36.729164,127.4431429,97.137,0.8500840000000001;0.0;0.0;0.0;0.8500840000000001;0.0;0.0;0.0;2.166784,2,1778834147,687255937
3786,1778834147,750448657,gps,0,0,36.7291641,127.4431429,97.11,0.8500840000000001;0.0;0.0;0.0;0.8500840000000001;0.0;0.0;0.0;2.166784,2,1778834147,811646096
3787,1778834147,875448593,gps,0,0,36.7291641,127.4431429,97.114,0.8500840000000001;0.0;0.0;0.0;0.8500840000000001;0.0;0.0;0.0;2.163841,2,1778834147,935813723
3788,1778834148,448528,gps,0,0,36.7291641,127.44314279999999,97.121,0.8500840000000001;0.0;0.0;0.0;0.8500840000000001;0.0;0.0;0.0;2.1609,2,1778834148,64829951
3789,1778834148,125448464,gps,0,0,36.729164,127.44314279999999,97.127,0.848241;0.0;0.0;0.0;0.848241;0.0;0.0;0.0;2.1609,2,1778834148,187288848
3790,1778834148,250448399,gps,0,0,36.729164,127.44314279999999,97.113,0.848241;0.0;0.0;0.0;0.848241;0.0;0.0;0.0;2.1609,2,1778834148,312061248
3791,1778834148,375448335,gps,0,0,36.729164,127.44314279999999,97.092,0.848241;0.0;0.0;0.0;0.848241;0.0;0.0;0.0;2.1579610000000002,2,1778834148,437216218
3792,1778834148,500448270,gps,0,0,36.729164,127.4431427,97.111,0.848241;0.0;0.0;0.0;0.848241;0.0;0.0;0.0;2.155024,2,1778834148,562160608
3793,1778834148,625448206,gps,0,0,36.729164,127.4431427,97.09100000000001,0.848241;0.0;0.0;0.0;0.848241;0.0;0.0;0.0;2.155024,2,1778834148,686040445
3794,1778834148,750448141,gps,0,0,36.729164,127.44314259999999,97.08800000000001,0.848241;0.0;0.0;0.0;0.848241;0.0;0.0;0.0;2.152089,2,1778834148,810076491
3795,1778834148,875448077,gps,0,0,36.729164,127.44314259999999,97.096,0.8464;0.0;0.0;0.0;0.8464;0.0;0.0;0.0;2.152089,2,1778834148,935768892
3796,1778834149,448013,gps,0,0,36.729163899999996,127.44314259999999,97.084,0.8464;0.0;0.0;0.0;0.8464;0.0;0.0;0.0;2.149156,2,1778834149,65253476
3797,1778834149,125447948,gps,0,0,36.729164,127.4431425,97.077,0.8464;0.0;0.0;0.0;0.8464;0.0;0.0;0.0;2.149156,2,1778834149,187181206
3798,1778834149,250447884,gps,0,0,36.729164,127.4431425,97.063,0.8464;0.0;0.0;0.0;0.8464;0.0;0.0;0.0;2.1462250000000003,2,1778834149,309282842
3799,1778834149,375447819,gps,0,0,36.729164,127.4431425,97.065,0.8464;0.0;0.0;0.0;0.8464;0.0;0.0;0.0;2.143296,2,1778834149,436158724
3800,1778834149,500447755,gps,0,0,36.729163899999996,127.4431425,97.068,0.8445610000000001;0.0;0.0;0.0;0.8445610000000001;0.0;0.0;0.0;2.143296,2,1778834149,560321491
3801,1778834149,625447690,gps,0,0,36.729163899999996,127.4431424,97.053,0.8445610000000001;0.0;0.0;0.0;0.8445610000000001;0.0;0.0;0.0;2.140369,2,1778834149,684719910
3802,1778834149,750447626,gps,0,0,36.729164,127.4431424,97.046,0.8445610000000001;0.0;0.0;0.0;0.8445610000000001;0.0;0.0;0.0;2.140369,2,1778834149,808228008
3803,1778834149,875447561,gps,0,0,36.729163899999996,127.4431424,97.052,0.8445610000000001;0.0;0.0;0.0;0.8445610000000001;0.0;0.0;0.0;2.140369,2,1778834149,934732783
3804,1778834150,447497,gps,0,0,36.729163899999996,127.4431422,97.048,0.8445610000000001;0.0;0.0;0.0;0.8445610000000001;0.0;0.0;0.0;2.137444,2,1778834150,63811820
3805,1778834150,125447432,gps,0,0,36.729163799999995,127.44314229999999,97.061,0.8445610000000001;0.0;0.0;0.0;0.8445610000000001;0.0;0.0;0.0;2.1345210000000003,2,1778834150,181648218
3806,1778834150,250447368,gps,0,0,36.729163899999996,127.4431422,97.036,0.8445610000000001;0.0;0.0;0.0;0.8445610000000001;0.0;0.0;0.0;2.1315999999999997,2,1778834150,309952770
3807,1778834150,375447303,gps,0,0,36.729163799999995,127.4431422,97.053,0.842724;0.0;0.0;0.0;0.842724;0.0;0.0;0.0;2.1286810000000003,2,1778834150,434290759
3808,1778834150,500447239,gps,0,0,36.729163899999996,127.44314209999999,97.054,0.842724;0.0;0.0;0.0;0.842724;0.0;0.0;0.0;2.1286810000000003,2,1778834150,561580109
3809,1778834150,625447174,gps,0,0,36.729163799999995,127.44314209999999,97.04,0.842724;0.0;0.0;0.0;0.842724;0.0;0.0;0.0;2.1257639999999998,2,1778834150,684934766
3810,1778834150,750447110,gps,0,0,36.729163799999995,127.44314209999999,97.044,0.842724;0.0;0.0;0.0;0.842724;0.0;0.0;0.0;2.1228490000000004,2,1778834150,808171847
3811,1778834150,875447045,gps,0,0,36.729163899999996,127.443142,97.048,0.842724;0.0;0.0;0.0;0.842724;0.0;0.0;0.0;2.119936,2,1778834150,933901157
3812,1778834151,446981,gps,0,0,36.729163799999995,127.443142,97.036,0.8408890000000001;0.0;0.0;0.0;0.8408890000000001;0.0;0.0;0.0;2.119936,2,1778834151,59918672
3813,1778834151,125446916,gps,0,0,36.729163799999995,127.4431419,97.052,0.8408890000000001;0.0;0.0;0.0;0.8408890000000001;0.0;0.0;0.0;2.1170250000000004,2,1778834151,184981774
3814,1778834151,250446852,gps,0,0,36.729163799999995,127.44314179999999,97.04,0.8408890000000001;0.0;0.0;0.0;0.8408890000000001;0.0;0.0;0.0;2.1141159999999997,2,1778834151,310079287
3815,1778834151,375446787,gps,0,0,36.729163799999995,127.44314179999999,97.037,0.8408890000000001;0.0;0.0;0.0;0.8408890000000001;0.0;0.0;0.0;2.1141159999999997,2,1778834151,435038719
