header.seq,header.stamp.secs,header.stamp.nsecs,header.frame_id,twist.twist.linear.x,twist.twist.linear.y,twist.twist.linear.z,twist.twist.angular.x,twist.twist.angular.y,twist.twist.angular.z,twist.covariance,bag_t.secs,bag_t.nsecs
2873,1778834033,624507599,gps,0.019,-0.011,0.006,0.0,0.0,0.0,0.027556000000000004;0.0;0.0;0.0;0.0;0.0;0.0;0.027556000000000004;0.0;0.0;0.0;0.0;0.0;0.0;0.027556000000000004;0.0;0.0;0.0;0.0;0.0;0.0;-1.0;0.0;0.0;0.0;0.0;0.0;0.0;0.0;0.0;0.0;0.0;0.0;0.0;0.0;0.0,1778834033,690585215
2874,1778834033,749507535,gps,0.01,-0.022,0.004,0.0,0.0,0.0,0.032761;0.0;0.0;0.0;0.0;0.0;0.0;0.032761;0.0;0.0;0.0;0.0;0.0;0.0;0.032761;0.0;0.0;0.0;0.0;0.0;0.0;-1.0;0.0;0.0;0.0;0.0;0.0;0.0;0.0;0.0;0.0;0.0;0.0;0.0;0.0;0.0,1778834033,815670570
2875,1778834033,874507470,gps,-0.025,-0.011,0.005,0.0,0.0,0.0,0.0361;0.0;0.0;0.0;0.0;0.0;0.0;0.0361;0.0;0.0;0.0;0.0;0.0;0.0;0.0361;0.0;0.0;0.0;0.0;0.0;0.0;-1.0;0.0;0.0;0.0;0.0;0.0;0.0;0.0;0.0;0.0;0.0;0.0;0.0;0.0;0.0,1778834033,939481608
2876,1778834033,999507406,gps,0.05,-0.028,0.01,0.0,0.0,0.0,0.027556000000000004;0.0;0.0;0.0;0.0;0.0;0.0;0.027556000000000004;0.0;0.0;0.0;0.0;0.0;0.0;0.027556000000000004;0.0;0.0;0.0;0.0;0.0;0.0;-1.0;0.0;0.0;0.0;0.0;0.0;0.0;0.0;0.0;0.0;0.0;0.0;0.0;0.0;0.0,1778834034,65942344
2877,1778834034,124507341,gps,-0.047,0.022,0.004,0.0,0.0,0.0,0.027225000000000003;0.0;0.0;0.0;0.0;0.0;0.0;0.027225000000000003;0.0;0.0;0.0;0.0;0.0;0.0;0.027225000000000003;0.0;0.0;0.0;0.0;0.0;0.0;-1.0;0.0;0.0;0.0;0.0;0.0;0.0;0.0;0.0;0.0;0.0;0.0;0.0;0.0;0.0,1778834034,190427980
2878,1778834034,249507276,gps,-0.024,-0.005,0.0,0.0,0.0,0.0,0.032761;0.0;0.0;0.0;0.0;0.0;0.0;0.032761;0.0;0.0;0.0;0.0;0.0;0.0;0.032761;0.0;0.0;0.0;0.0;0.0;0.0;-1.0;0.0;0.0;0.0;0.0;0.0;0.0;0.0;0.0;0.0;0.0;0.0;0.0;0.0;0.0,1778834034,316091672
2879,1778834034,374507212,gps,-0.017,0.026000000000000002,0.006,0.0,0.0,0.0,0.029929000000000004;0.0;0.0;0.0;0.0;0.0;0.0;0.029929000000000004;0.0;0.0;0.0;0.0;0.0;0.0;0.029929000000000004;0.0;0.0;0.0;0.0;0.0;0.0;-1.0;0.0;0.0;0.0;0.0;0.0;0.0;0.0;0.0;0.0;0.0;0.0;0.0;0.0;0.0,1778834034,440615016
2880,1778834034,499507147,gps,-0.004,-0.092,0.006,0.0,0.0,0.0,0.039204;0.0;0.0;0.0;0.0;0.0;0.0;0.039204;0.0;0.0;0.0;0.0;0.0;0.0;0.039204;0.0;0.0;0.0;0.0;0.0;0.0;-1.0;0.0;0.0;0.0;0.0;0.0;0.0;0.0;0.0;0.0;0.0;0.0;0.0;0.0;0.0,1778834034,565895355
2881,1778834034,624507083,gps,-0.018000000000000002,-0.016,0.01,0.0,0.0,0.0,0.037249000000000004;0.0;0.0;0.0;0.0;0.0;0.0;0.037249000000000004;0.0;0.0;0.0;0.0;0.0;0.0;0.037249000000000004;0.0;0.0;0.0;0.0;0.0;0.0;-1.0;0.0;0.0;0.0;0.0;0.0;0.0;0.0;0.0;0.0;0.0;0.0;0.0;0.0;0.0,1778834034,690438612
2882,1778834034,749507018,gps,-0.003,0.028,0.011,0.0,0.0,0.0,0.034596;0.0;0.0;0.0;0.0;0.0;0.0;0.034596;0.0;0.0;0.0;0.0;0.0;0.0;0.034596;0.0;0.0;0.0;0.0;0.0;0.0;-1.0;0.0;0.0;0.0;0.0;0.0;0.0;0.0;0.0;0.0;0.0;0.0;0.0;0.0;0.0,1778834034,815559902
2883,1778834034,874506954,gps,0.011,-0.001,0.016,0.0,0.0,0.0,0.026244;0.0;0.0;0.0;0.0;0.0;0.0;0.026244;0.0;0.0;0.0;0.0;0.0;0.0;0.026244;0.0;0.0;0.0;0.0;0.0;0.0;-1.0;0.0;0.0;0.0;0.0;0.0;0.0;0.0;0.0;0.0;0.0;0.0;0.0;0.0;0.0,1778834034,938105812
2884,1778834034,999506890,gps,-0.044,-0.012,-0.006,0.0,0.0,0.0,0.034596;0.0;0.0;0.0;0.0;0.0;0.0;0.034596;0.0;0.0;0.0;0.0;0.0;0.0;0.034596;0.0;0.0;0.0;0.0;0.0;0.0;-1.0;0.0;0.0;0.0;0.0;0.0;0.0;0.0;0.0;0.0;0.0;0.0;0.0;0.0;0.0,1778834035,71092227
2885,1778834035,124506824,gps,0.035,0.042,0.002,0.0,0.0,0.0,0.04161600000000001;0.0;0.0;0.0;0.0;0.0;0.0;0.04161600000000001;0.0;0.0;0.0;0.0;0.0;0.0;0.04161600000000001;0.0;0.0;0.0;0.0;0.0;0.0;-1.0;0.0;0.0;0.0;0.0;0.0;0.0;0.0;0.0;0.0;0.0;0.0;0.0;0.0;0.0,1778834035,191806038
2886,1778834035,249506760,gps,0.008,-0.005,-0.004,0.0,0.0,0.0,0.028224000000000003;0.0;0.0;0.0;0.0;0.0;0.0;0.028224000000000003;0.0;0.0;0.0;0.0;0.0;0.0;0.028224000000000003;0.0;0.0;0.0;0.0;0.0;0.0;-1.0;0.0;0.0;0.0;0.0;0.0;0.0;0.0;0.0;0.0;0.0;0.0;0.0;0.0;0.0,1778834035,317149486
2887,1778834035,374506695,gps,-0.056,0.001,0.007,0.0,0.0,0.0,0.030625000000000006;0.0;0.0;0.0;0.0;0.0;0.0;0.030625000000000006;0.0;0.0;0.0;0.0;0.0;0.0;0.030625000000000006;0.0;0.0;0.0;0.0;0.0;0.0;-1.0;0.0;0.0;0.0;0.0;0.0;0.0;0.0;0.0;0.0;0.0;0.0;0.0;0.0;0.0,1778834035,440606297
2888,1778834035,499506631,gps,0.059000000000000004,-0.023,-0.001,0.0,0.0,0.0,0.027889000000000004;0.0;0.0;0.0;0.0;0.0;0.0;0.027889000000000004;0.0;0.0;0.0;0.0;0.0;0.0;0.027889000000000004;0.0;0.0;0.0;0.0;0.0;0.0;-1.0;0.0;0.0;0.0;0.0;0.0;0.0;0.0;0.0;0.0;0.0;0.0;0.0;0.0;0.0,1778834035,566648880
2889,1778834035,624506566,gps,0.004,-0.018000000000000002,0.013000000000000001,0.0,0.0,0.0,0.032761;0.0;0.0;0.0;0.0;0.0;0.0;0.032761;0.0;0.0;0.0;0.0;0.0;0.0;0.032761;0.0;0.0;0.0;0.0;0.0;0.0;-1.0;0.0;0.0;0.0;0.0;0.0;0.0;0.0;0.0;0.0;0.0;0.0;0.0;0.0;0.0,1778834035,692047854
2890,1778834035,749506502,gps,-0.014,0.017,0.008,0.0,0.0,0.0,0.028224000000000003;0.0;0.0;0.0;0.0;0.0;0.0;0.028224000000000003;0.0;0.0;0.0;0.0;0.0;0.0;0.028224000000000003;0.0;0.0;0.0;0.0;0.0;0.0;-1.0;0.0;0.0;0.0;0.0;0.0;0.0;0.0;0.0;0.0;0.0;0.0;0.0;0.0;0.0,1778834035,815451746
2891,1778834035,874506437,gps,0.005,-0.03,-0.011,0.0,0.0,0.0,0.034969;0.0;0.0;0.0;0.0;0.0;0.0;0.034969;0.0;0.0;0.0;0.0;0.0;0.0;0.034969;0.0;0.0;0.0;0.0;0.0;0.0;-1.0;0.0;0.0;0.0;0.0;0.0;0.0;0.0;0.0;0.0;0.0;0.0;0.0;0.0;0.0,1778834035,939035529
2892,1778834035,999506374,gps,0.026000000000000002,0.016,-0.011,0.0,0.0,0.0,0.04243600000000001;0.0;0.0;0.0;0.0;0.0;0.0;0.04243600000000001;0.0;0.0;0.0;0.0;0.0;0.0;0.04243600000000001;0.0;0.0;0.0;0.0;0.0;0.0;-1.0;0.0;0.0;0.0;0.0;0.0;0.0;0.0;0.0;0.0;0.0;0.0;0.0;0.0;0.0,1778834036,69755949
2893,1778834036,124506308,gps,-0.032,-0.042,-0.013000000000000001,0.0,0.0,0.0,0.045369;0.0;0.0;0.0;0.0;0.0;0.0;0.045369;0.0;0.0;0.0;0.0;0.0;0.0;0.045369;0.0;0.0;0.0;0.0;0.0;0.0;-1.0;0.0;0.0;0.0;0.0;0.0;0.0;0.0;0.0;0.0;0.0;0.0;0.0;0.0;0.0,1778834036,190563121
2894,1778834036,249506243,gps,-0.012,-0.027,-0.004,0.0,0.0,0.0,0.045369;0.0;0.0;0.0;0.0;0.0;0.0;0.045369;0.0;0.0;0.0;0.0;0.0;0.0;0.045369;0.0;0.0;0.0;0.0;0.0;0.0;-1.0;0.0;0.0;0.0;0.0;0.0;0.0;0.0;0.0;0.0;0.0;0.0;0.0;0.0;0.0,1778834036,315713229
2895,1778834036,374506179,gps,-0.023,-0.014,-0.018000000000000002,0.0,0.0,0.0,0.036864;0.0;0.0;0.0;0.0;0.0;0.0;0.036864;0.0;0.0;0.0;0.0;0.0;0.0;0.036864;0.0;0.0;0.0;0.0;0.0;0.0;-1.0;0.0;0.0;0.0;0.0;0.0;0.0;0.0;0.0;0.0;0.0;0.0;0.0;0.0;0.0,1778834036,439752699
2896,1778834036,499506114,gps,0.029,0.059000000000000004,-0.022,0.0,0.0,0.0,0.046224999999999995;0.0;0.0;0.0;0.0;0.0;0.0;0.046224999999999995;0.0;0.0;0.0;0.0;0.0;0.0;0.046224999999999995;0.0;0.0;0.0;0.0;0.0;0.0;-1.0;0.0;0.0;0.0;0.0;0.0;0.0;0.0;0.0;0.0;0.0;0.0;0.0;0.0;0.0,1778834036,565145833
2897,1778834036,624506050,gps,0.007,-0.007,-0.007,0.0,0.0,0.0,0.027225000000000003;0.0;0.0;0.0;0.0;0.0;0.0;0.027225000000000003;0.0;0.0;0.0;0.0;0.0;0.0;0.027225000000000003;0.0;0.0;0.0;0.0;0.0;0.0;-1.0;0.0;0.0;0.0;0.0;0.0;0.0;0.0;0.0;0.0;0.0;0.0;0.0;0.0;0.0,1778834036,690924965
2898,1778834036,749505985,gps,-0.014,-0.031,-0.007,0.0,0.0,0.0,0.045795999999999996;0.0;0.0;0.0;0.0;0.0;0.0;0.045795999999999996;0.0;0.0;0.0;0.0;0.0;0.0;0.045795999999999996;0.0;0.0;0.0;0.0;0.0;0.0;-1.0;0.0;0.0;0.0;0.0;0.0;0.0;0.0;0.0;0.0;0.0;0.0;0.0;0.0;0.0,1778834036,812954217
2899,1778834036,874505921,gps,-0.014,0.036000000000000004,-0.012,0.0,0.0,0.0,0.035344;0.0;0.0;0.0;0.0;0.0;0.0;0.035344;0.0;0.0;0.0;0.0;0.0;0.0;0.035344;0.0;0.0;0.0;0.0;0.0;0.0;-1.0;0.0;0.0;0.0;0.0;0.0;0.0;0.0;0.0;0.0;0.0;0.0;0.0;0.0;0.0,1778834036,939658103
2900,1778834036,999505857,gps,-0.002,-0.02,-0.017,0.0,0.0,0.0,0.034225;0.0;0.0;0.0;0.0;0.0;0.0;0.034225;0.0;0.0;0.0;0.0;0.0;0.0;0.034225;0.0;0.0;0.0;0.0;0.0;0.0;-1.0;0.0;0.0;0.0;0.0;0.0;0.0;0.0;0.0;0.0;0.0;0.0;0.0;0.0;0.0,1778834037,68432105
2901,1778834037,124505791,gps,0.003,-0.015,-0.018000000000000002,0.0,0.0,0.0,0.029584000000000006;0.0;0.0;0.0;0.0;0.0;0.0;0.029584000000000006;0.0;0.0;0.0;0.0;0.0;0.0;0.029584000000000006;0.0;0.0;0.0;0.0;0.0;0.0;-1.0;0.0;0.0;0.0;0.0;0.0;0.0;0.0;0.0;0.0;0.0;0.0;0.0;0.0;0.0,1778834037,189987252
2902,1778834037,249505727,gps,-0.037,0.023,-0.007,0.0,0.0,0.0,0.028561000000000003;0.0;0.0;0.0;0.0;0.0;0.0;0.028561000000000003;0.0;0.0;0.0;0.0;0.0;0.0;0.028561000000000003;0.0;0.0;0.0;0.0;0.0;0.0;-1.0;0.0;0.0;0.0;0.0;0.0;0.0;0.0;0.0;0.0;0.0;0.0;0.0;0.0;0.0,1778834037,316141581
2903,1778834037,374505662,gps,0.004,-0.019,-0.001,0.0,0.0,0.0,0.037636;0.0;0.0;0.0;0.0;0.0;0.0;0.037636;0.0;0.0;0.0;0.0;0.0;0.0;0.037636;0.0;0.0;0.0;0.0;0.0;0.0;-1.0;0.0;0.0;0.0;0.0;0.0;0.0;0.0;0.0;0.0;0.0;0.0;0.0;0.0;0.0,1778834037,439650104
2904,1778834037,499505598,gps,0.01,-0.048,-0.016,0.0,0.0,0.0,0.035721;0.0;0.0;0.0;0.0;0.0;0.0;0.035721;0.0;0.0;0.0;0.0;0.0;0.0;0.035721;0.0;0.0;0.0;0.0;0.0;0.0;-1.0;0.0;0.0;0.0;0.0;0.0;0.0;0.0;0.0;0.0;0.0;0.0;0.0;0.0;0.0,1778834037,564801915
2905,1778834037,624505533,gps,-0.008,0.022,-0.02,0.0,0.0,0.0,0.0324;0.0;0.0;0.0;0.0;0.0;0.0;0.0324;0.0;0.0;0.0;0.0;0.0;0.0;0.0324;0.0;0.0;0.0;0.0;0.0;0.0;-1.0;0.0;0.0;0.0;0.0;0.0;0.0;0.0;0.0;0.0;0.0;0.0;0.0;0.0;0.0,1778834037,686142605
2906,1778834037,749505469,gps,-0.009000000000000001,0.007,-0.013000000000000001,0.0,0.0,0.0,0.027556000000000004;0.0;0.0;0.0;0.0;0.0;0.0;0.027556000000000004;0.0;0.0;0.0;0.0;0.0;0.0;0.027556000000000004;0.0;0.0;0.0;0.0;0.0;0.0;-1.0;0.0;0.0;0.0;0.0;0.0;0.0;0.0;0.0;0.0;0.0;0.0;0.0;0.0;0.0,1778834037,814003427
2907,1778834037,874505404,gps,-0.022,0.031,-0.011,0.0,0.0,0.0,0.031328999999999996;0.0;0.0;0.0;0.0;0.0;0.0;0.031328999999999996;0.0;0.0;0.0;0.0;0.0;0.0;0.031328999999999996;0.0;0.0;0.0;0.0;0.0;0.0;-1.0;0.0;0.0;0.0;0.0;0.0;0.0;0.0;0.0;0.0;0.0;0.0;0.0;0.0;0.0,1778834037,940527278
2908,1778834037,999505341,gps,0.001,0.002,-0.019,0.0,0.0,0.0,0.031328999999999996;0.0;0.0;0.0;0.0;0.0;0.0;0.031328999999999996;0.0;0.0;0.0;0.0;0.0;0.0;0.031328999999999996;0.0;0.0;0.0;0.0;0.0;0.0;-1.0;0.0;0.0;0.0;0.0;0.0;0.0;0.0;0.0;0.0;0.0;0.0;0.0;0.0;0.0,1778834038,70863775
2909,1778834038,124505275,gps,0.024,0.0,-0.01,0.0,0.0,0.0,0.033489;0.0;0.0;0.0;0.0;0.0;0.0;0.033489;0.0;0.0;0.0;0.0;0.0;0.0;0.033489;0.0;0.0;0.0;0.0;0.0;0.0;-1.0;0.0;0.0;0.0;0.0;0.0;0.0;0.0;0.0;0.0;0.0;0.0;0.0;0.0;0.0,1778834038,190807986
2910,1778834038,249505210,gps,0.03,-0.002,-0.012,0.0,0.0,0.0,0.0324;0.0;0.0;0.0;0.0;0.0;0.0;0.0324;0.0;0.0;0.0;0.0;0.0;0.0;0.0324;0.0;0.0;0.0;0.0;0.0;0.0;-1.0;0.0;0.0;0.0;0.0;0.0;0.0;0.0;0.0;0.0;0.0;0.0;0.0;0.0;0.0,1778834038,315604303
2911,1778834038,374505146,gps,0.019,0.033,-0.014,0.0,0.0,0.0,0.045369;0.0;0.0;0.0;0.0;0.0;0.0;0.045369;0.0;0.0;0.0;0.0;0.0;0.0;0.045369;0.0;0.0;0.0;0.0;0.0;0.0;-1.0;0.0;0.0;0.0;0.0;0.0;0.0;0.0;0.0;0.0;0.0;0.0;0.0;0.0;0.0,1778834038,439513247
2912,1778834038,499505081,gps,-0.019,-0.005,-0.009000000000000001,0.0,0.0,0.0,0.035344;0.0;0.0;0.0;0.0;0.0;0.0;0.035344;0.0;0.0;0.0;0.0;0.0;0.0;0.035344;0.0;0.0;0.0;0.0;0.0;0.0;-1.0;0.0;0.0;0.0;0.0;0.0;0.0;0.0;0.0;0.0;0.0;0.0;0.0;0.0;0.0,1778834038,560678106
2913,1778834038,624505017,gps,-0.013000000000000001,0.009000000000000001,0.0,0.0,0.0,0.0,0.028561000000000003;0.0;0.0;0.0;0.0;0.0;0.0;0.028561000000000003;0.0;0.0;0.0;0.0;0.0;0.0;0.028561000000000003;0.0;0.0;0.0;0.0;0.0;0.0;-1.0;0.0;0.0;0.0;0.0;0.0;0.0;0.0;0.0;0.0;0.0;0.0;0.0;0.0;0.0,1778834038,690139125
2914,1778834038,749504952,gps,0.011,-0.028,-0.002,0.0,0.0,0.0,0.034596;0.0;0.0;0.0;0.0;0.0;0.0;0.034596;0.0;0.0;0.0;0.0;0.0;0.0;0.034596;0.0;0.0;0.0;0.0;0.0;0.0;-1.0;0.0;0.0;0.0;0.0;0.0;0.0;0.0;0.0;0.0;0.0;0.0;0.0;0.0;0.0,1778834038,815143880
2915,1778834038,874504888,gps,0.013000000000000001,0.003,-0.014,0.0,0.0,0.0,0.032761;0.0;0.0;0.0;0.0;0.0;0.0;0.032761;0.0;0.0;0.0;0.0;0.0;0.0;0.032761;0.0;0.0;0.0;0.0;0.0;0.0;-1.0;0.0;0.0;0.0;0.0;0.0;0.0;0.0;0.0;0.0;0.0;0.0;0.0;0.0;0.0,1778834038,939953180
2916,1778834038,999504824,gps,-0.033,0.005,-0.006,0.0,0.0,0.0,0.0324;0.0;0.0;0.0;0.0;0.0;0.0;0.0324;0.0;0.0;0.0;0.0;0.0;0.0;0.0324;0.0;0.0;0.0;0.0;0.0;0.0;-1.0;0.0;0.0;0.0;0.0;0.0;0.0;0.0;0.0;0.0;0.0;0.0;0.0;0.0;0.0,1778834039,69882215
2917,1778834039,124504759,gps,0.051000000000000004,-0.011,-0.012,0.0,0.0,0.0,0.031328999999999996;0.0;0.0;0.0;0.0;0.0;0.0;0.031328999999999996;0.0;0.0;0.0;0.0;0.0;0.0;0.031328999999999996;0.0;0.0;0.0;0.0;0.0;0.0;-1.0;0.0;0.0;0.0;0.0;0.0;0.0;0.0;0.0;0.0;0.0;0.0;0.0;0.0;0.0,1778834039,189734320
2918,1778834039,249504694,gps,-0.018000000000000002,0.028,-0.013000000000000001,0.0,0.0,0.0,0.031684;0.0;0.0;0.0;0.0;0.0;0.0;0.031684;0.0;0.0;0.0;0.0;0.0;0.0;0.031684;0.0;0.0;0.0;0.0;0.0;0.0;-1.0;0.0;0.0;0.0;0.0;0.0;0.0;0.0;0.0;0.0;0.0;0.0;0.0;0.0;0.0,1778834039,315638390
2919,1778834039,374504629,gps,0.018000000000000002,0.007,-0.013000000000000001,0.0,0.0,0.0,0.038416000000000006;0.0;0.0;0.0;0.0;0.0;0.0;0.038416000000000006;0.0;0.0;0.0;0.0;0.0;0.0;0.038416000000000006;0.0;0.0;0.0;0.0;0.0;0.0;-1.0;0.0;0.0;0.0;0.0;0.0;0.0;0.0;0.0;0.0;0.0;0.0;0.0;0.0;0.0,1778834039,438088422
2920,1778834039,499504565,gps,-0.019,-0.001,-0.003,0.0,0.0,0.0,0.035721;0.0;0.0;0.0;0.0;0.0;0.0;0.035721;0.0;0.0;0.0;0.0;0.0;0.0;0.035721;0.0;0.0;0.0;0.0;0.0;0.0;-1.0;0.0;0.0;0.0;0.0;0.0;0.0;0.0;0.0;0.0;0.0;0.0;0.0;0.0;0.0,1778834039,564617626
2921,1778834039,624504500,gps,-0.019,0.007,-0.01,0.0,0.0,0.0,0.029241000000000003;0.0;0.0;0.0;0.0;0.0;0.0;0.029241000000000003;0.0;0.0;0.0;0.0;0.0;0.0;0.029241000000000003;0.0;0.0;0.0;0.0;0.0;0.0;-1.0;0.0;0.0;0.0;0.0;0.0;0.0;0.0;0.0;0.0;0.0;0.0;0.0;0.0;0.0,1778834039,689997841
2922,1778834039,749504436,gps,0.012,-0.042,-0.017,0.0,0.0,0.0,0.034225;0.0;0.0;0.0;0.0;0.0;0.0;0.034225;0.0;0.0;0.0;0.0;0.0;0.0;0.034225;0.0;0.0;0.0;0.0;0.0;0.0;-1.0;0.0;0.0;0.0;0.0;0.0;0.0;0.0;0.0;0.0;0.0;0.0;0.0;0.0;0.0,1778834039,814009518
2923,1778834039,874504371,gps,-0.001,0.011,-0.009000000000000001,0.0,0.0,0.0,0.0361;0.0;0.0;0.0;0.0;0.0;0.0;0.0361;0.0;0.0;0.0;0.0;0.0;0.0;0.0361;0.0;0.0;0.0;0.0;0.0;0.0;-1.0;0.0;0.0;0.0;0.0;0.0;0.0;0.0;0.0;0.0;0.0;0.0;0.0;0.0;0.0,1778834039,938471097
2924,1778834039,999504308,gps,-0.017,0.005,-0.01,0.0,0.0,0.0,0.028224000000000003;0.0;0.0;0.0;0.0;0.0;0.0;0.028224000000000003;0.0;0.0;0.0;0.0;0.0;0.0;0.028224000000000003;0.0;0.0;0.0;0.0;0.0;0.0;-1.0;0.0;0.0;0.0;0.0;0.0;0.0;0.0;0.0;0.0;0.0;0.0;0.0;0.0;0.0,1778834040,68494935
2925,1778834040,124504242,gps,0.009000000000000001,0.028,-0.006,0.0,0.0,0.0,0.044944;0.0;0.0;0.0;0.0;0.0;0.0;0.044944;0.0;0.0;0.0;0.0;0.0;0.0;0.044944;0.0;0.0;0.0;0.0;0.0;0.0;-1.0;0.0;0.0;0.0;0.0;0.0;0.0;0.0;0.0;0.0;0.0;0.0;0.0;0.0;0.0,1778834040,189793107
2926,1778834040,249504178,gps,0.016,-0.05,-0.002,0.0,0.0,0.0,0.035721;0.0;0.0;0.0;0.0;0.0;0.0;0.035721;0.0;0.0;0.0;0.0;0.0;0.0;0.035721;0.0;0.0;0.0;0.0;0.0;0.0;-1.0;0.0;0.0;0.0;0.0;0.0;0.0;0.0;0.0;0.0;0.0;0.0;0.0;0.0;0.0,1778834040,315742455
2927,1778834040,374504113,gps,-0.017,-0.018000000000000002,-0.019,0.0,0.0,0.0,0.036481;0.0;0.0;0.0;0.0;0.0;0.0;0.036481;0.0;0.0;0.0;0.0;0.0;0.0;0.036481;0.0;0.0;0.0;0.0;0.0;0.0;-1.0;0.0;0.0;0.0;0.0;0.0;0.0;0.0;0.0;0.0;0.0;0.0;0.0;0.0;0.0,1778834040,440282871
2928,1778834040,499504048,gps,0.014,0.022,-0.006,0.0,0.0,0.0,0.046655999999999996;0.0;0.0;0.0;0.0;0.0;0.0;0.046655999999999996;0.0;0.0;0.0;0.0;0.0;0.0;0.046655999999999996;0.0;0.0;0.0;0.0;0.0;0.0;-1.0;0.0;0.0;0.0;0.0;0.0;0.0;0.0;0.0;0.0;0.0;0.0;0.0;0.0;0.0,1778834040,565751848
2929,1778834040,624503984,gps,0.007,0.026000000000000002,-0.008,0.0,0.0,0.0,0.04409999999999999;0.0;0.0;0.0;0.0;0.0;0.0;0.04409999999999999;0.0;0.0;0.0;0.0;0.0;0.0;0.04409999999999999;0.0;0.0;0.0;0.0;0.0;0.0;-1.0;0.0;0.0;0.0;0.0;0.0;0.0;0.0;0.0;0.0;0.0;0.0;0.0;0.0;0.0,1778834040,689906848
2930,1778834040,749503919,gps,-0.007,-0.009000000000000001,-0.009000000000000001,0.0,0.0,0.0,0.036864;0.0;0.0;0.0;0.0;0.0;0.0;0.036864;0.0;0.0;0.0;0.0;0.0;0.0;0.036864;0.0;0.0;0.0;0.0;0.0;0.0;-1.0;0.0;0.0;0.0;0.0;0.0;0.0;0.0;0.0;0.0;0.0;0.0;0.0;0.0;0.0,1778834040,815543622
2931,1778834040,874503855,gps,0.036000000000000004,-0.011,-0.009000000000000001,0.0,0.0,0.0,0.029584000000000006;0.0;0.0;0.0;0.0;0.0;0.0;0.029584000000000006;0.0;0.0;0.0;0.0;0.0;0.0;0.029584000000000006;0.0;0.0;0.0;0.0;0.0;0.0;-1.0;0.0;0.0;0.0;0.0;0.0;0.0;0.0;0.0;0.0;0.0;0.0;0.0;0.0;0.0,1778834040,940077608
2932,1778834040,999503791,gps,-0.046,0.011,0.0,0.0,0.0,0.0,0.029241000000000003;0.0;0.0;0.0;0.0;0.0;0.0;0.029241000000000003;0.0;0.0;0.0;0.0;0.0;0.0;0.029241000000000003;0.0;0.0;0.0;0.0;0.0;0.0;-1.0;0.0;0.0;0.0;0.0;0.0;0.0;0.0;0.0;0.0;0.0;0.0;0.0;0.0;0.0,1778834041,70479002
2933,1778834041,124503726,gps,0.006,0.033,-0.01,0.0,0.0,0.0,0.038025;0.0;0.0;0.0;0.0;0.0;0.0;0.038025;0.0;0.0;0.0;0.0;0.0;0.0;0.038025;0.0;0.0;0.0;0.0;0.0;0.0;-1.0;0.0;0.0;0.0;0.0;0.0;0.0;0.0;0.0;0.0;0.0;0.0;0.0;0.0;0.0,1778834041,190321377
2934,1778834041,249503661,gps,-0.002,-0.018000000000000002,-0.003,0.0,0.0,0.0,0.038416000000000006;0.0;0.0;0.0;0.0;0.0;0.0;0.038416000000000006;0.0;0.0;0.0;0.0;0.0;0.0;0.038416000000000006;0.0;0.0;0.0;0.0;0.0;0.0;-1.0;0.0;0.0;0.0;0.0;0.0;0.0;0.0;0.0;0.0;0.0;0.0;0.0;0.0;0.0,1778834041,313015847
2935,1778834041,374503597,gps,0.018000000000000002,0.009000000000000001,-0.005,0.0,0.0,0.0,0.035344;0.0;0.0;0.0;0.0;0.0;0.0;0.035344;0.0;0.0;0.0;0.0;0.0;0.0;0.035344;0.0;0.0;0.0;0.0;0.0;0.0;-1.0;0.0;0.0;0.0;0.0;0.0;0.0;0.0;0.0;0.0;0.0;0.0;0.0;0.0;0.0,1778834041,439825289
2936,1778834041,499503532,gps,0.005,-0.005,-0.007,0.0,0.0,0.0,0.030276000000000004;0.0;0.0;0.0;0.0;0.0;0.0;0.030276000000000004;0.0;0.0;0.0;0.0;0.0;0.0;0.030276000000000004;0.0;0.0;0.0;0.0;0.0;0.0;-1.0;0.0;0.0;0.0;0.0;0.0;0.0;0.0;0.0;0.0;0.0;0.0;0.0;0.0;0.0,1778834041,564802405
2937,1778834041,624503467,gps,0.012,-0.018000000000000002,-0.003,0.0,0.0,0.0,0.030975999999999997;0.0;0.0;0.0;0.0;0.0;0.0;0.030975999999999997;0.0;0.0;0.0;0.0;0.0;0.0;0.030975999999999997;0.0;0.0;0.0;0.0;0.0;0.0;-1.0;0.0;0.0;0.0;0.0;0.0;0.0;0.0;0.0;0.0;0.0;0.0;0.0;0.0;0.0,1778834041,689646602
2938,1778834041,749503403,gps,0.003,0.001,-0.019,0.0,0.0,0.0,0.026569000000000002;0.0;0.0;0.0;0.0;0.0;0.0;0.026569000000000002;0.0;0.0;0.0;0.0;0.0;0.0;0.026569000000000002;0.0;0.0;0.0;0.0;0.0;0.0;-1.0;0.0;0.0;0.0;0.0;0.0;0.0;0.0;0.0;0.0;0.0;0.0;0.0;0.0;0.0,1778834041,814099283
2939,1778834041,874503338,gps,0.004,0.016,-0.004,0.0,0.0,0.0,0.038025;0.0;0.0;0.0;0.0;0.0;0.0;0.038025;0.0;0.0;0.0;0.0;0.0;0.0;0.038025;0.0;0.0;0.0;0.0;0.0;0.0;-1.0;0.0;0.0;0.0;0.0;0.0;0.0;0.0;0.0;0.0;0.0;0.0;0.0;0.0;0.0,1778834041,939082366
2940,1778834041,999503275,gps,-0.004,0.006,-0.014,0.0,0.0,0.0,0.027225000000000003;0.0;0.0;0.0;0.0;0.0;0.0;0.027225000000000003;0.0;0.0;0.0;0.0;0.0;0.0;0.027225000000000003;0.0;0.0;0.0;0.0;0.0;0.0;-1.0;0.0;0.0;0.0;0.0;0.0;0.0;0.0;0.0;0.0;0.0;0.0;0.0;0.0;0.0,1778834042,69031708
2941,1778834042,124503209,gps,0.043000000000000003,0.013000000000000001,-0.008,0.0,0.0,0.0,0.033124;0.0;0.0;0.0;0.0;0.0;0.0;0.033124;0.0;0.0;0.0;0.0;0.0;0.0;0.033124;0.0;0.0;0.0;0.0;0.0;0.0;-1.0;0.0;0.0;0.0;0.0;0.0;0.0;0.0;0.0;0.0;0.0;0.0;0.0;0.0;0.0,1778834042,186028371
2942,1778834042,249503145,gps,-0.007,0.021,-0.007,0.0,0.0,0.0,0.033124;0.0;0.0;0.0;0.0;0.0;0.0;0.033124;0.0;0.0;0.0;0.0;0.0;0.0;0.033124;0.0;0.0;0.0;0.0;0.0;0.0;-1.0;0.0;0.0;0.0;0.0;0.0;0.0;0.0;0.0;0.0;0.0;0.0;0.0;0.0;0.0,1778834042,315017191
2943,1778834042,374503080,gps,-0.004,0.005,-0.01,0.0,0.0,0.0,0.028900000000000006;0.0;0.0;0.0;0.0;0.0;0.0;0.028900000000000006;0.0;0.0;0.0;0.0;0.0;0.0;0.028900000000000006;0.0;0.0;0.0;0.0;0.0;0.0;-1.0;0.0;0.0;0.0;0.0;0.0;0.0;0.0;0.0;0.0;0.0;0.0;0.0;0.0;0.0,1778834042,438819778
2944,1778834042,499503015,gps,0.015,0.005,-0.002,0.0,0.0,0.0,0.033856;0.0;0.0;0.0;0.0;0.0;0.0;0.033856;0.0;0.0;0.0;0.0;0.0;0.0;0.033856;0.0;0.0;0.0;0.0;0.0;0.0;-1.0;0.0;0.0;0.0;0.0;0.0;0.0;0.0;0.0;0.0;0.0;0.0;0.0;0.0;0.0,1778834042,564494696
2945,1778834042,624502951,gps,-0.017,0.008,-0.003,0.0,0.0,0.0,0.027889000000000004;0.0;0.0;0.0;0.0;0.0;0.0;0.027889000000000004;0.0;0.0;0.0;0.0;0.0;0.0;0.027889000000000004;0.0;0.0;0.0;0.0;0.0;0.0;-1.0;0.0;0.0;0.0;0.0;0.0;0.0;0.0;0.0;0.0;0.0;0.0;0.0;0.0;0.0,1778834042,689822751
2946,1778834042,749502886,gps,-0.008,0.021,-0.013000000000000001,0.0,0.0,0.0,0.030625000000000006;0.0;0.0;0.0;0.0;0.0;0.0;0.030625000000000006;0.0;0.0;0.0;0.0;0.0;0.0;0.030625000000000006;0.0;0.0;0.0;0.0;0.0;0.0;-1.0;0.0;0.0;0.0;0.0;0.0;0.0;0.0;0.0;0.0;0.0;0.0;0.0;0.0;0.0,1778834042,814890034
2947,1778834042,874502822,gps,0.001,0.005,0.004,0.0,0.0,0.0,0.0361;0.0;0.0;0.0;0.0;0.0;0.0;0.0361;0.0;0.0;0.0;0.0;0.0;0.0;0.0361;0.0;0.0;0.0;0.0;0.0;0.0;-1.0;0.0;0.0;0.0;0.0;0.0;0.0;0.0;0.0;0.0;0.0;0.0;0.0;0.0;0.0,1778834042,940046713
2948,1778834042,999502758,gps,0.012,0.027,-0.002,0.0,0.0,0.0,0.039204;0.0;0.0;0.0;0.0;0.0;0.0;0.039204;0.0;0.0;0.0;0.0;0.0;0.0;0.039204;0.0;0.0;0.0;0.0;0.0;0.0;-1.0;0.0;0.0;0.0;0.0;0.0;0.0;0.0;0.0;0.0;0.0;0.0;0.0;0.0;0.0,1778834043,66076720
2949,1778834043,124502693,gps,-0.024,0.009000000000000001,0.008,0.0,0.0,0.0,0.026896000000000003;0.0;0.0;0.0;0.0;0.0;0.0;0.026896000000000003;0.0;0.0;0.0;0.0;0.0;0.0;0.026896000000000003;0.0;0.0;0.0;0.0;0.0;0.0;-1.0;0.0;0.0;0.0;0.0;0.0;0.0;0.0;0.0;0.0;0.0;0.0;0.0;0.0;0.0,1778834043,190258451
2950,1778834043,249502628,gps,-0.026000000000000002,-0.001,0.004,0.0,0.0,0.0,0.030625000000000006;0.0;0.0;0.0;0.0;0.0;0.0;0.030625000000000006;0.0;0.0;0.0;0.0;0.0;0.0;0.030625000000000006;0.0;0.0;0.0;0.0;0.0;0.0;-1.0;0.0;0.0;0.0;0.0;0.0;0.0;0.0;0.0;0.0;0.0;0.0;0.0;0.0;0.0,1778834043,317257406
2951,1778834043,374502563,gps,0.029,-0.017,-0.007,0.0,0.0,0.0,0.027225000000000003;0.0;0.0;0.0;0.0;0.0;0.0;0.027225000000000003;0.0;0.0;0.0;0.0;0.0;0.0;0.027225000000000003;0.0;0.0;0.0;0.0;0.0;0.0;-1.0;0.0;0.0;0.0;0.0;0.0;0.0;0.0;0.0;0.0;0.0;0.0;0.0;0.0;0.0,1778834043,440443605
2952,1778834043,499502499,gps,-0.01,-0.002,0.007,0.0,0.0,0.0,0.028224000000000003;0.0;0.0;0.0;0.0;0.0;0.0;0.028224000000000003;0.0;0.0;0.0;0.0;0.0;0.0;0.028224000000000003;0.0;0.0;0.0;0.0;0.0;0.0;-1.0;0.0;0.0;0.0;0.0;0.0;0.0;0.0;0.0;0.0;0.0;0.0;0.0;0.0;0.0,1778834043,564976118
2953,1778834043,624502434,gps,0.02,-0.01,0.0,0.0,0.0,0.0,0.027889000000000004;0.0;0.0;0.0;0.0;0.0;0.0;0.027889000000000004;0.0;0.0;0.0;0.0;0.0;0.0;0.027889000000000004;0.0;0.0;0.0;0.0;0.0;0.0;-1.0;0.0;0.0;0.0;0.0;0.0;0.0;0.0;0.0;0.0;0.0;0.0;0.0;0.0;0.0,1778834043,689844101
2954,1778834043,749502370,gps,-0.021,-0.012,-0.007,0.0,0.0,0.0,0.035721;0.0;0.0;0.0;0.0;0.0;0.0;0.035721;0.0;0.0;0.0;0.0;0.0;0.0;0.035721;0.0;0.0;0.0;0.0;0.0;0.0;-1.0;0.0;0.0;0.0;0.0;0.0;0.0;0.0;0.0;0.0;0.0;0.0;0.0;0.0;0.0,1778834043,814902313
2955,1778834043,874502305,gps,0.078,-0.07200000000000001,-0.005,0.0,0.0,0.0,0.028561000000000003;0.0;0.0;0.0;0.0;0.0;0.0;0.028561000000000003;0.0;0.0;0.0;0.0;0.0;0.0;0.028561000000000003;0.0;0.0;0.0;0.0;0.0;0.0;-1.0;0.0;0.0;0.0;0.0;0.0;0.0;0.0;0.0;0.0;0.0;0.0;0.0;0.0;0.0,1778834043,937931114
2956,1778834043,999502242,gps,0.116,-0.10300000000000001,-0.015,0.0,0.0,0.0,0.027889000000000004;0.0;0.0;0.0;0.0;0.0;0.0;0.027889000000000004;0.0;0.0;0.0;0.0;0.0;0.0;0.027889000000000004;0.0;0.0;0.0;0.0;0.0;0.0;-1.0;0.0;0.0;0.0;0.0;0.0;0.0;0.0;0.0;0.0;0.0;0.0;0.0;0.0;0.0,1778834044,70486103
2957,1778834044,124502176,gps,0.197,-0.199,-0.011,0.0,0.0,0.0,0.028561000000000003;0.0;0.0;0.0;0.0;0.0;0.0;0.028561000000000003;0.0;0.0;0.0;0.0;0.0;0.0;0.028561000000000003;0.0;0.0;0.0;0.0;0.0;0.0;-1.0;0.0;0.0;0.0;0.0;0.0;0.0;0.0;0.0;0.0;0.0;0.0;0.0;0.0;0.0,1778834044,191143799
2958,1778834044,249502112,gps,0.258,-0.34400000000000003,-0.009000000000000001,0.0,0.0,0.0,0.029584000000000006;0.0;0.0;0.0;0.0;0.0;0.0;0.029584000000000006;0.0;0.0;0.0;0.0;0.0;0.0;0.029584000000000006;0.0;0.0;0.0;0.0;0.0;0.0;-1.0;0.0;0.0;0.0;0.0;0.0;0.0;0.0;0.0;0.0;0.0;0.0;0.0;0.0;0.0,1778834044,316826946
2959,1778834044,374502047,gps,0.367,-0.36,-0.009000000000000001,0.0,0.0,0.0,0.028224000000000003;0.0;0.0;0.0;0.0;0.0;0.0;0.028224000000000003;0.0;0.0;0.0;0.0;0.0;0.0;0.028224000000000003;0.0;0.0;0.0;0.0;0.0;0.0;-1.0;0.0;0.0;0.0;0.0;0.0;0.0;0.0;0.0;0.0;0.0;0.0;0.0;0.0;0.0,1778834044,439155963
2960,1778834044,499501982,gps,0.36,-0.396,-0.022,0.0,0.0,0.0,0.028561000000000003;0.0;0.0;0.0;0.0;0.0;0.0;0.028561000000000003;0.0;0.0;0.0;0.0;0.0;0.0;0.028561000000000003;0.0;0.0;0.0;0.0;0.0;0.0;-1.0;0.0;0.0;0.0;0.0;0.0;0.0;0.0;0.0;0.0;0.0;0.0;0.0;0.0;0.0,1778834044,564454716
2961,1778834044,624501918,gps,0.326,-0.377,-0.016,0.0,0.0,0.0,0.028900000000000006;0.0;0.0;0.0;0.0;0.0;0.0;0.028900000000000006;0.0;0.0;0.0;0.0;0.0;0.0;0.028900000000000006;0.0;0.0;0.0;0.0;0.0;0.0;-1.0;0.0;0.0;0.0;0.0;0.0;0.0;0.0;0.0;0.0;0.0;0.0;0.0;0.0;0.0,1778834044,690416375
2962,1778834044,749501853,gps,0.34600000000000003,-0.395,-0.002,0.0,0.0,0.0,0.028561000000000003;0.0;0.0;0.0;0.0;0.0;0.0;0.028561000000000003;0.0;0.0;0.0;0.0;0.0;0.0;0.028561000000000003;0.0;0.0;0.0;0.0;0.0;0.0;-1.0;0.0;0.0;0.0;0.0;0.0;0.0;0.0;0.0;0.0;0.0;0.0;0.0;0.0;0.0,1778834044,815014644
2963,1778834044,874501789,gps,0.32,-0.311,-0.015,0.0,0.0,0.0,0.028224000000000003;0.0;0.0;0.0;0.0;0.0;0.0;0.028224000000000003;0.0;0.0;0.0;0.0;0.0;0.0;0.028224000000000003;0.0;0.0;0.0;0.0;0.0;0.0;-1.0;0.0;0.0;0.0;0.0;0.0;0.0;0.0;0.0;0.0;0.0;0.0;0.0;0.0;0.0,1778834044,939811282
2964,1778834044,999501725,gps,0.254,-0.313,-0.022,0.0,0.0,0.0,0.029241000000000003;0.0;0.0;0.0;0.0;0.0;0.0;0.029241000000000003;0.0;0.0;0.0;0.0;0.0;0.0;0.029241000000000003;0.0;0.0;0.0;0.0;0.0;0.0;-1.0;0.0;0.0;0.0;0.0;0.0;0.0;0.0;0.0;0.0;0.0;0.0;0.0;0.0;0.0,1778834045,68969318
2965,1778834045,124501660,gps,0.309,-0.313,-0.023,0.0,0.0,0.0,0.028561000000000003;0.0;0.0;0.0;0.0;0.0;0.0;0.028561000000000003;0.0;0.0;0.0;0.0;0.0;0.0;0.028561000000000003;0.0;0.0;0.0;0.0;0.0;0.0;-1.0;0.0;0.0;0.0;0.0;0.0;0.0;0.0;0.0;0.0;0.0;0.0;0.0;0.0;0.0,1778834045,189525827
2966,1778834045,249501595,gps,0.257,-0.299,-0.007,0.0,0.0,0.0,0.029241000000000003;0.0;0.0;0.0;0.0;0.0;0.0;0.029241000000000003;0.0;0.0;0.0;0.0;0.0;0.0;0.029241000000000003;0.0;0.0;0.0;0.0;0.0;0.0;-1.0;0.0;0.0;0.0;0.0;0.0;0.0;0.0;0.0;0.0;0.0;0.0;0.0;0.0;0.0,1778834045,315950999
2967,1778834045,374501530,gps,0.203,-0.229,-0.013000000000000001,0.0,0.0,0.0,0.028900000000000006;0.0;0.0;0.0;0.0;0.0;0.0;0.028900000000000006;0.0;0.0;0.0;0.0;0.0;0.0;0.028900000000000006;0.0;0.0;0.0;0.0;0.0;0.0;-1.0;0.0;0.0;0.0;0.0;0.0;0.0;0.0;0.0;0.0;0.0;0.0;0.0;0.0;0.0,1778834045,438580937
2968,1778834045,499501466,gps,0.244,-0.271,-0.024,0.0,0.0,0.0,0.028900000000000006;0.0;0.0;0.0;0.0;0.0;0.0;0.028900000000000006;0.0;0.0;0.0;0.0;0.0;0.0;0.028900000000000006;0.0;0.0;0.0;0.0;0.0;0.0;-1.0;0.0;0.0;0.0;0.0;0.0;0.0;0.0;0.0;0.0;0.0;0.0;0.0;0.0;0.0,1778834045,563860164
2969,1778834045,624501401,gps,0.271,-0.332,-0.022,0.0,0.0,0.0,0.029241000000000003;0.0;0.0;0.0;0.0;0.0;0.0;0.029241000000000003;0.0;0.0;0.0;0.0;0.0;0.0;0.029241000000000003;0.0;0.0;0.0;0.0;0.0;0.0;-1.0;0.0;0.0;0.0;0.0;0.0;0.0;0.0;0.0;0.0;0.0;0.0;0.0;0.0;0.0,1778834045,689156555
2970,1778834045,749501337,gps,0.321,-0.318,-0.013000000000000001,0.0,0.0,0.0,0.028900000000000006;0.0;0.0;0.0;0.0;0.0;0.0;0.028900000000000006;0.0;0.0;0.0;0.0;0.0;0.0;0.028900000000000006;0.0;0.0;0.0;0.0;0.0;0.0;-1.0;0.0;0.0;0.0;0.0;0.0;0.0;0.0;0.0;0.0;0.0;0.0;0.0;0.0;0.0,1778834045,812103970
2971,1778834045,874501272,gps,0.41200000000000003,-0.434,-0.018000000000000002,0.0,0.0,0.0,0.028900000000000006;0.0;0.0;0.0;0.0;0.0;0.0;0.028900000000000006;0.0;0.0;0.0;0.0;0.0;0.0;0.028900000000000006;0.0;0.0;0.0;0.0;0.0;0.0;-1.0;0.0;0.0;0.0;0.0;0.0;0.0;0.0;0.0;0.0;0.0;0.0;0.0;0.0;0.0,1778834045,938898922
2972,1778834045,999501209,gps,0.47000000000000003,-0.495,-0.022,0.0,0.0,0.0,0.028900000000000006;0.0;0.0;0.0;0.0;0.0;0.0;0.028900000000000006;0.0;0.0;0.0;0.0;0.0;0.0;0.028900000000000006;0.0;0.0;0.0;0.0;0.0;0.0;-1.0;0.0;0.0;0.0;0.0;0.0;0.0;0.0;0.0;0.0;0.0;0.0;0.0;0.0;0.0,1778834046,68940842
2973,1778834046,124501143,gps,0.528,-0.617,-0.027,0.0,0.0,0.0,0.029241000000000003;0.0;0.0;0.0;0.0;0.0;0.0;0.029241000000000003;0.0;0.0;0.0;0.0;0.0;0.0;0.029241000000000003;0.0;0.0;0.0;0.0;0.0;0.0;-1.0;0.0;0.0;0.0;0.0;0.0;0.0;0.0;0.0;0.0;0.0;0.0;0.0;0.0;0.0,1778834046,188979970
2974,1778834046,249501078,gps,0.603,-0.615,-0.008,0.0,0.0,0.0,0.028900000000000006;0.0;0.0;0.0;0.0;0.0;0.0;0.028900000000000006;0.0;0.0;0.0;0.0;0.0;0.0;0.028900000000000006;0.0;0.0;0.0;0.0;0.0;0.0;-1.0;0.0;0.0;0.0;0.0;0.0;0.0;0.0;0.0;0.0;0.0;0.0;0.0;0.0;0.0,1778834046,315659046
2975,1778834046,374501014,gps,0.669,-0.671,-0.024,0.0,0.0,0.0,0.028900000000000006;0.0;0.0;0.0;0.0;0.0;0.0;0.028900000000000006;0.0;0.0;0.0;0.0;0.0;0.0;0.028900000000000006;0.0;0.0;0.0;0.0;0.0;0.0;-1.0;0.0;0.0;0.0;0.0;0.0;0.0;0.0;0.0;0.0;0.0;0.0;0.0;0.0;0.0,1778834046,439063740
2976,1778834046,499500949,gps,0.602,-0.684,-0.033,0.0,0.0,0.0,0.029241000000000003;0.0;0.0;0.0;0.0;0.0;0.0;0.029241000000000003;0.0;0.0;0.0;0.0;0.0;0.0;0.029241000000000003;0.0;0.0;0.0;0.0;0.0;0.0;-1.0;0.0;0.0;0.0;0.0;0.0;0.0;0.0;0.0;0.0;0.0;0.0;0.0;0.0;0.0,1778834046,564043325
2977,1778834046,624500885,gps,0.677,-0.7020000000000001,-0.027,0.0,0.0,0.0,0.028900000000000006;0.0;0.0;0.0;0.0;0.0;0.0;0.028900000000000006;0.0;0.0;0.0;0.0;0.0;0.0;0.028900000000000006;0.0;0.0;0.0;0.0;0.0;0.0;-1.0;0.0;0.0;0.0;0.0;0.0;0.0;0.0;0.0;0.0;0.0;0.0;0.0;0.0;0.0,1778834046,685675828
2978,1778834046,749500820,gps,0.6950000000000001,-0.76,-0.027,0.0,0.0,0.0,0.028561000000000003;0.0;0.0;0.0;0.0;0.0;0.0;0.028561000000000003;0.0;0.0;0.0;0.0;0.0;0.0;0.028561000000000003;0.0;0.0;0.0;0.0;0.0;0.0;-1.0;0.0;0.0;0.0;0.0;0.0;0.0;0.0;0.0;0.0;0.0;0.0;0.0;0.0;0.0,1778834046,813668411
2979,1778834046,874500755,gps,0.772,-0.8140000000000001,-0.034,0.0,0.0,0.0,0.028561000000000003;0.0;0.0;0.0;0.0;0.0;0.0;0.028561000000000003;0.0;0.0;0.0;0.0;0.0;0.0;0.028561000000000003;0.0;0.0;0.0;0.0;0.0;0.0;-1.0;0.0;0.0;0.0;0.0;0.0;0.0;0.0;0.0;0.0;0.0;0.0;0.0;0.0;0.0,1778834046,938593342
2980,1778834046,999500692,gps,0.836,-0.865,-0.048,0.0,0.0,0.0,0.028224000000000003;0.0;0.0;0.0;0.0;0.0;0.0;0.028224000000000003;0.0;0.0;0.0;0.0;0.0;0.0;0.028224000000000003;0.0;0.0;0.0;0.0;0.0;0.0;-1.0;0.0;0.0;0.0;0.0;0.0;0.0;0.0;0.0;0.0;0.0;0.0;0.0;0.0;0.0,1778834047,69650085
2981,1778834047,124500626,gps,0.901,-0.973,-0.045,0.0,0.0,0.0,0.028561000000000003;0.0;0.0;0.0;0.0;0.0;0.0;0.028561000000000003;0.0;0.0;0.0;0.0;0.0;0.0;0.028561000000000003;0.0;0.0;0.0;0.0;0.0;0.0;-1.0;0.0;0.0;0.0;0.0;0.0;0.0;0.0;0.0;0.0;0.0;0.0;0.0;0.0;0.0,1778834047,190110862
2982,1778834047,249500562,gps,0.934,-1.0230000000000001,-0.05,0.0,0.0,0.0,0.028561000000000003;0.0;0.0;0.0;0.0;0.0;0.0;0.028561000000000003;0.0;0.0;0.0;0.0;0.0;0.0;0.028561000000000003;0.0;0.0;0.0;0.0;0.0;0.0;-1.0;0.0;0.0;0.0;0.0;0.0;0.0;0.0;0.0;0.0;0.0;0.0;0.0;0.0;0.0,1778834047,316867601
2983,1778834047,374500497,gps,0.993,-1.107,-0.043000000000000003,0.0,0.0,0.0,0.028561000000000003;0.0;0.0;0.0;0.0;0.0;0.0;0.028561000000000003;0.0;0.0;0.0;0.0;0.0;0.0;0.028561000000000003;0.0;0.0;0.0;0.0;0.0;0.0;-1.0;0.0;0.0;0.0;0.0;0.0;0.0;0.0;0.0;0.0;0.0;0.0;0.0;0.0;0.0,1778834047,439996053
2984,1778834047,499500433,gps,1.092,-1.1400000000000001,-0.047,0.0,0.0,0.0,0.028224000000000003;0.0;0.0;0.0;0.0;0.0;0.0;0.028224000000000003;0.0;0.0;0.0;0.0;0.0;0.0;0.028224000000000003;0.0;0.0;0.0;0.0;0.0;0.0;-1.0;0.0;0.0;0.0;0.0;0.0;0.0;0.0;0.0;0.0;0.0;0.0;0.0;0.0;0.0,1778834047,560821998
2985,1778834047,624500368,gps,1.086,-1.154,-0.058,0.0,0.0,0.0,0.028561000000000003;0.0;0.0;0.0;0.0;0.0;0.0;0.028561000000000003;0.0;0.0;0.0;0.0;0.0;0.0;0.028561000000000003;0.0;0.0;0.0;0.0;0.0;0.0;-1.0;0.0;0.0;0.0;0.0;0.0;0.0;0.0;0.0;0.0;0.0;0.0;0.0;0.0;0.0,1778834047,690096000
2986,1778834047,749500303,gps,1.151,-1.215,-0.062,0.0,0.0,0.0,0.028224000000000003;0.0;0.0;0.0;0.0;0.0;0.0;0.028224000000000003;0.0;0.0;0.0;0.0;0.0;0.0;0.028224000000000003;0.0;0.0;0.0;0.0;0.0;0.0;-1.0;0.0;0.0;0.0;0.0;0.0;0.0;0.0;0.0;0.0;0.0;0.0;0.0;0.0;0.0,1778834047,815236890
2987,1778834047,874500239,gps,1.108,-1.262,-0.052000000000000005,0.0,0.0,0.0,0.028561000000000003;0.0;0.0;0.0;0.0;0.0;0.0;0.028561000000000003;0.0;0.0;0.0;0.0;0.0;0.0;0.028561000000000003;0.0;0.0;0.0;0.0;0.0;0.0;-1.0;0.0;0.0;0.0;0.0;0.0;0.0;0.0;0.0;0.0;0.0;0.0;0.0;0.0;0.0,1778834047,939776983
2988,1778834047,999500175,gps,1.109,-1.217,-0.045,0.0,0.0,0.0,0.028561000000000003;0.0;0.0;0.0;0.0;0.0;0.0;0.028561000000000003;0.0;0.0;0.0;0.0;0.0;0.0;0.028561000000000003;0.0;0.0;0.0;0.0;0.0;0.0;-1.0;0.0;0.0;0.0;0.0;0.0;0.0;0.0;0.0;0.0;0.0;0.0;0.0;0.0;0.0,1778834048,70035783
2989,1778834048,124500110,gps,1.192,-1.162,-0.063,0.0,0.0,0.0,0.027889000000000004;0.0;0.0;0.0;0.0;0.0;0.0;0.027889000000000004;0.0;0.0;0.0;0.0;0.0;0.0;0.027889000000000004;0.0;0.0;0.0;0.0;0.0;0.0;-1.0;0.0;0.0;0.0;0.0;0.0;0.0;0.0;0.0;0.0;0.0;0.0;0.0;0.0;0.0,1778834048,190194069
2990,1778834048,249500045,gps,1.066,-1.235,-0.038,0.0,0.0,0.0,0.028561000000000003;0.0;0.0;0.0;0.0;0.0;0.0;0.028561000000000003;0.0;0.0;0.0;0.0;0.0;0.0;0.028561000000000003;0.0;0.0;0.0;0.0;0.0;0.0;-1.0;0.0;0.0;0.0;0.0;0.0;0.0;0.0;0.0;0.0;0.0;0.0;0.0;0.0;0.0,1778834048,315174037
2991,1778834048,374499981,gps,1.1360000000000001,-1.229,-0.051000000000000004,0.0,0.0,0.0,0.028224000000000003;0.0;0.0;0.0;0.0;0.0;0.0;0.028224000000000003;0.0;0.0;0.0;0.0;0.0;0.0;0.028224000000000003;0.0;0.0;0.0;0.0;0.0;0.0;-1.0;0.0;0.0;0.0;0.0;0.0;0.0;0.0;0.0;0.0;0.0;0.0;0.0;0.0;0.0,1778834048,437999641
2992,1778834048,499499916,gps,1.175,-1.258,-0.041,0.0,0.0,0.0,0.028561000000000003;0.0;0.0;0.0;0.0;0.0;0.0;0.028561000000000003;0.0;0.0;0.0;0.0;0.0;0.0;0.028561000000000003;0.0;0.0;0.0;0.0;0.0;0.0;-1.0;0.0;0.0;0.0;0.0;0.0;0.0;0.0;0.0;0.0;0.0;0.0;0.0;0.0;0.0,1778834048,566983181
2993,1778834048,624499851,gps,1.237,-1.2610000000000001,-0.058,0.0,0.0,0.0,0.028224000000000003;0.0;0.0;0.0;0.0;0.0;0.0;0.028224000000000003;0.0;0.0;0.0;0.0;0.0;0.0;0.028224000000000003;0.0;0.0;0.0;0.0;0.0;0.0;-1.0;0.0;0.0;0.0;0.0;0.0;0.0;0.0;0.0;0.0;0.0;0.0;0.0;0.0;0.0,1778834048,690436031
2994,1778834048,749499787,gps,1.252,-1.3860000000000001,-0.051000000000000004,0.0,0.0,0.0,0.028561000000000003;0.0;0.0;0.0;0.0;0.0;0.0;0.028561000000000003;0.0;0.0;0.0;0.0;0.0;0.0;0.028561000000000003;0.0;0.0;0.0;0.0;0.0;0.0;-1.0;0.0;0.0;0.0;0.0;0.0;0.0;0.0;0.0;0.0;0.0;0.0;0.0;0.0;0.0,1778834048,814886574
2995,1778834048,874499722,gps,1.247,-1.343,-0.054,0.0,0.0,0.0,0.028561000000000003;0.0;0.0;0.0;0.0;0.0;0.0;0.028561000000000003;0.0;0.0;0.0;0.0;0.0;0.0;0.028561000000000003;0.0;0.0;0.0;0.0;0.0;0.0;-1.0;0.0;0.0;0.0;0.0;0.0;0.0;0.0;0.0;0.0;0.0;0.0;0.0;0.0;0.0,1778834048,938665261
2996,1778834048,999499659,gps,1.127,-1.2790000000000001,-0.049,0.0,0.0,0.0,0.028900000000000006;0.0;0.0;0.0;0.0;0.0;0.0;0.028900000000000006;0.0;0.0;0.0;0.0;0.0;0.0;0.028900000000000006;0.0;0.0;0.0;0.0;0.0;0.0;-1.0;0.0;0.0;0.0;0.0;0.0;0.0;0.0;0.0;0.0;0.0;0.0;0.0;0.0;0.0,1778834049,68812948
2997,1778834049,124499593,gps,1.1500000000000001,-1.227,-0.054,0.0,0.0,0.0,0.028900000000000006;0.0;0.0;0.0;0.0;0.0;0.0;0.028900000000000006;0.0;0.0;0.0;0.0;0.0;0.0;0.028900000000000006;0.0;0.0;0.0;0.0;0.0;0.0;-1.0;0.0;0.0;0.0;0.0;0.0;0.0;0.0;0.0;0.0;0.0;0.0;0.0;0.0;0.0,1778834049,189638485
2998,1778834049,249499528,gps,1.085,-1.163,-0.041,0.0,0.0,0.0,0.029241000000000003;0.0;0.0;0.0;0.0;0.0;0.0;0.029241000000000003;0.0;0.0;0.0;0.0;0.0;0.0;0.029241000000000003;0.0;0.0;0.0;0.0;0.0;0.0;-1.0;0.0;0.0;0.0;0.0;0.0;0.0;0.0;0.0;0.0;0.0;0.0;0.0;0.0;0.0,1778834049,315843680
2999,1778834049,375499463,gps,1.042,-1.077,-0.044,0.0,0.0,0.0,0.059536;0.0;0.0;0.0;0.0;0.0;0.0;0.059536;0.0;0.0;0.0;0.0;0.0;0.0;0.059536;0.0;0.0;0.0;0.0;0.0;0.0;-1.0;0.0;0.0;0.0;0.0;0.0;0.0;0.0;0.0;0.0;0.0;0.0;0.0;0.0;0.0,1778834049,441766015
3000,1778834049,500499399,gps,1.035,-1.042,-0.046,0.0,0.0,0.0,0.07507600000000002;0.0;0.0;0.0;0.0;0.0;0.0;0.07507600000000002;0.0;0.0;0.0;0.0;0.0;0.0;0.07507600000000002;0.0;0.0;0.0;0.0;0.0;0.0;-1.0;0.0;0.0;0.0;0.0;0.0;0.0;0.0;0.0;0.0;0.0;0.0;0.0;0.0;0.0,1778834049,565080189
3001,1778834049,625499334,gps,0.994,-1.0210000000000001,-0.055,0.0,0.0,0.0,0.031328999999999996;0.0;0.0;0.0;0.0;0.0;0.0;0.031328999999999996;0.0;0.0;0.0;0.0;0.0;0.0;0.031328999999999996;0.0;0.0;0.0;0.0;0.0;0.0;-1.0;0.0;0.0;0.0;0.0;0.0;0.0;0.0;0.0;0.0;0.0;0.0;0.0;0.0;0.0,1778834049,690847108
3002,1778834049,750499270,gps,1.027,-1.054,-0.055,0.0,0.0,0.0,0.028900000000000006;0.0;0.0;0.0;0.0;0.0;0.0;0.028900000000000006;0.0;0.0;0.0;0.0;0.0;0.0;0.028900000000000006;0.0;0.0;0.0;0.0;0.0;0.0;-1.0;0.0;0.0;0.0;0.0;0.0;0.0;0.0;0.0;0.0;0.0;0.0;0.0;0.0;0.0,1778834049,815325859
3003,1778834049,875499205,gps,1.087,-1.086,-0.059000000000000004,0.0,0.0,0.0,0.028561000000000003;0.0;0.0;0.0;0.0;0.0;0.0;0.028561000000000003;0.0;0.0;0.0;0.0;0.0;0.0;0.028561000000000003;0.0;0.0;0.0;0.0;0.0;0.0;-1.0;0.0;0.0;0.0;0.0;0.0;0.0;0.0;0.0;0.0;0.0;0.0;0.0;0.0;0.0,1778834049,940504768
3004,1778834050,499140,gps,1.087,-1.1,-0.068,0.0,0.0,0.0,0.028900000000000006;0.0;0.0;0.0;0.0;0.0;0.0;0.028900000000000006;0.0;0.0;0.0;0.0;0.0;0.0;0.028900000000000006;0.0;0.0;0.0;0.0;0.0;0.0;-1.0;0.0;0.0;0.0;0.0;0.0;0.0;0.0;0.0;0.0;0.0;0.0;0.0;0.0;0.0,1778834050,70767680
3005,1778834050,125499076,gps,1.187,-1.17,-0.07100000000000001,0.0,0.0,0.0,0.028561000000000003;0.0;0.0;0.0;0.0;0.0;0.0;0.028561000000000003;0.0;0.0;0.0;0.0;0.0;0.0;0.028561000000000003;0.0;0.0;0.0;0.0;0.0;0.0;-1.0;0.0;0.0;0.0;0.0;0.0;0.0;0.0;0.0;0.0;0.0;0.0;0.0;0.0;0.0,1778834050,192166392
3006,1778834050,250499011,gps,1.26,-1.262,-0.052000000000000005,0.0,0.0,0.0,0.028561000000000003;0.0;0.0;0.0;0.0;0.0;0.0;0.028561000000000003;0.0;0.0;0.0;0.0;0.0;0.0;0.028561000000000003;0.0;0.0;0.0;0.0;0.0;0.0;-1.0;0.0;0.0;0.0;0.0;0.0;0.0;0.0;0.0;0.0;0.0;0.0;0.0;0.0;0.0,1778834050,314202508
3007,1778834050,375498947,gps,1.329,-1.381,-0.046,0.0,0.0,0.0,0.028561000000000003;0.0;0.0;0.0;0.0;0.0;0.0;0.028561000000000003;0.0;0.0;0.0;0.0;0.0;0.0;0.028561000000000003;0.0;0.0;0.0;0.0;0.0;0.0;-1.0;0.0;0.0;0.0;0.0;0.0;0.0;0.0;0.0;0.0;0.0;0.0;0.0;0.0;0.0,1778834050,440474180
3008,1778834050,500498882,gps,1.3940000000000001,-1.474,-0.063,0.0,0.0,0.0,0.028561000000000003;0.0;0.0;0.0;0.0;0.0;0.0;0.028561000000000003;0.0;0.0;0.0;0.0;0.0;0.0;0.028561000000000003;0.0;0.0;0.0;0.0;0.0;0.0;-1.0;0.0;0.0;0.0;0.0;0.0;0.0;0.0;0.0;0.0;0.0;0.0;0.0;0.0;0.0,1778834050,565929016
3009,1778834050,625498817,gps,1.403,-1.447,-0.052000000000000005,0.0,0.0,0.0,0.029241000000000003;0.0;0.0;0.0;0.0;0.0;0.0;0.029241000000000003;0.0;0.0;0.0;0.0;0.0;0.0;0.029241000000000003;0.0;0.0;0.0;0.0;0.0;0.0;-1.0;0.0;0.0;0.0;0.0;0.0;0.0;0.0;0.0;0.0;0.0;0.0;0.0;0.0;0.0,1778834050,691915072
3010,1778834050,750498753,gps,1.492,-1.5110000000000001,-0.05,0.0,0.0,0.0,0.028561000000000003;0.0;0.0;0.0;0.0;0.0;0.0;0.028561000000000003;0.0;0.0;0.0;0.0;0.0;0.0;0.028561000000000003;0.0;0.0;0.0;0.0;0.0;0.0;-1.0;0.0;0.0;0.0;0.0;0.0;0.0;0.0;0.0;0.0;0.0;0.0;0.0;0.0;0.0,1778834050,815199496
3011,1778834050,875498688,gps,1.56,-1.538,-0.073,0.0,0.0,0.0,0.028561000000000003;0.0;0.0;0.0;0.0;0.0;0.0;0.028561000000000003;0.0;0.0;0.0;0.0;0.0;0.0;0.028561000000000003;0.0;0.0;0.0;0.0;0.0;0.0;-1.0;0.0;0.0;0.0;0.0;0.0;0.0;0.0;0.0;0.0;0.0;0.0;0.0;0.0;0.0,1778834050,940763546
3012,1778834051,498624,gps,1.57,-1.549,-0.07100000000000001,0.0,0.0,0.0,0.028561000000000003;0.0;0.0;0.0;0.0;0.0;0.0;0.028561000000000003;0.0;0.0;0.0;0.0;0.0;0.0;0.028561000000000003;0.0;0.0;0.0;0.0;0.0;0.0;-1.0;0.0;0.0;0.0;0.0;0.0;0.0;0.0;0.0;0.0;0.0;0.0;0.0;0.0;0.0,1778834051,70353832
3013,1778834051,125498559,gps,1.659,-1.624,-0.062,0.0,0.0,0.0,0.028561000000000003;0.0;0.0;0.0;0.0;0.0;0.0;0.028561000000000003;0.0;0.0;0.0;0.0;0.0;0.0;0.028561000000000003;0.0;0.0;0.0;0.0;0.0;0.0;-1.0;0.0;0.0;0.0;0.0;0.0;0.0;0.0;0.0;0.0;0.0;0.0;0.0;0.0;0.0,1778834051,188102092
3014,1778834051,250498495,gps,1.587,-1.663,-0.069,0.0,0.0,0.0,0.028561000000000003;0.0;0.0;0.0;0.0;0.0;0.0;0.028561000000000003;0.0;0.0;0.0;0.0;0.0;0.0;0.028561000000000003;0.0;0.0;0.0;0.0;0.0;0.0;-1.0;0.0;0.0;0.0;0.0;0.0;0.0;0.0;0.0;0.0;0.0;0.0;0.0;0.0;0.0,1778834051,315665496
3015,1778834051,375498430,gps,1.6320000000000001,-1.6560000000000001,-0.084,0.0,0.0,0.0,0.028224000000000003;0.0;0.0;0.0;0.0;0.0;0.0;0.028224000000000003;0.0;0.0;0.0;0.0;0.0;0.0;0.028224000000000003;0.0;0.0;0.0;0.0;0.0;0.0;-1.0;0.0;0.0;0.0;0.0;0.0;0.0;0.0;0.0;0.0;0.0;0.0;0.0;0.0;0.0,1778834051,440467865
3016,1778834051,500498365,gps,1.588,-1.601,-0.082,0.0,0.0,0.0,0.028224000000000003;0.0;0.0;0.0;0.0;0.0;0.0;0.028224000000000003;0.0;0.0;0.0;0.0;0.0;0.0;0.028224000000000003;0.0;0.0;0.0;0.0;0.0;0.0;-1.0;0.0;0.0;0.0;0.0;0.0;0.0;0.0;0.0;0.0;0.0;0.0;0.0;0.0;0.0,1778834051,566855015
3017,1778834051,625498301,gps,1.613,-1.573,-0.076,0.0,0.0,0.0,0.028224000000000003;0.0;0.0;0.0;0.0;0.0;0.0;0.028224000000000003;0.0;0.0;0.0;0.0;0.0;0.0;0.028224000000000003;0.0;0.0;0.0;0.0;0.0;0.0;-1.0;0.0;0.0;0.0;0.0;0.0;0.0;0.0;0.0;0.0;0.0;0.0;0.0;0.0;0.0,1778834051,692682030
3018,1778834051,750498236,gps,1.5310000000000001,-1.614,-0.08,0.0,0.0,0.0,0.028224000000000003;0.0;0.0;0.0;0.0;0.0;0.0;0.028224000000000003;0.0;0.0;0.0;0.0;0.0;0.0;0.028224000000000003;0.0;0.0;0.0;0.0;0.0;0.0;-1.0;0.0;0.0;0.0;0.0;0.0;0.0;0.0;0.0;0.0;0.0;0.0;0.0;0.0;0.0,1778834051,815207370
3019,1778834051,875498172,gps,1.522,-1.6480000000000001,-0.077,0.0,0.0,0.0,0.028561000000000003;0.0;0.0;0.0;0.0;0.0;0.0;0.028561000000000003;0.0;0.0;0.0;0.0;0.0;0.0;0.028561000000000003;0.0;0.0;0.0;0.0;0.0;0.0;-1.0;0.0;0.0;0.0;0.0;0.0;0.0;0.0;0.0;0.0;0.0;0.0;0.0;0.0;0.0,1778834051,940309059
3020,1778834052,498107,gps,1.568,-1.6300000000000001,-0.079,0.0,0.0,0.0,0.028900000000000006;0.0;0.0;0.0;0.0;0.0;0.0;0.028900000000000006;0.0;0.0;0.0;0.0;0.0;0.0;0.028900000000000006;0.0;0.0;0.0;0.0;0.0;0.0;-1.0;0.0;0.0;0.0;0.0;0.0;0.0;0.0;0.0;0.0;0.0;0.0;0.0;0.0;0.0,1778834052,66105346
3021,1778834052,125498042,gps,1.6,-1.538,-0.074,0.0,0.0,0.0,0.028224000000000003;0.0;0.0;0.0;0.0;0.0;0.0;0.028224000000000003;0.0;0.0;0.0;0.0;0.0;0.0;0.028224000000000003;0.0;0.0;0.0;0.0;0.0;0.0;-1.0;0.0;0.0;0.0;0.0;0.0;0.0;0.0;0.0;0.0;0.0;0.0;0.0;0.0;0.0,1778834052,191884958
3022,1778834052,250497978,gps,1.504,-1.586,-0.075,0.0,0.0,0.0,0.028561000000000003;0.0;0.0;0.0;0.0;0.0;0.0;0.028561000000000003;0.0;0.0;0.0;0.0;0.0;0.0;0.028561000000000003;0.0;0.0;0.0;0.0;0.0;0.0;-1.0;0.0;0.0;0.0;0.0;0.0;0.0;0.0;0.0;0.0;0.0;0.0;0.0;0.0;0.0,1778834052,316734846
3023,1778834052,375497913,gps,1.618,-1.606,-0.064,0.0,0.0,0.0,0.028561000000000003;0.0;0.0;0.0;0.0;0.0;0.0;0.028561000000000003;0.0;0.0;0.0;0.0;0.0;0.0;0.028561000000000003;0.0;0.0;0.0;0.0;0.0;0.0;-1.0;0.0;0.0;0.0;0.0;0.0;0.0;0.0;0.0;0.0;0.0;0.0;0.0;0.0;0.0,1778834052,442028385
3024,1778834052,500497849,gps,1.698,-1.562,-0.07,0.0,0.0,0.0,0.028224000000000003;0.0;0.0;0.0;0.0;0.0;0.0;0.028224000000000003;0.0;0.0;0.0;0.0;0.0;0.0;0.028224000000000003;0.0;0.0;0.0;0.0;0.0;0.0;-1.0;0.0;0.0;0.0;0.0;0.0;0.0;0.0;0.0;0.0;0.0;0.0;0.0;0.0;0.0,1778834052,566142401
3025,1778834052,625497784,gps,1.7570000000000001,-1.622,-0.069,0.0,0.0,0.0,0.027889000000000004;0.0;0.0;0.0;0.0;0.0;0.0;0.027889000000000004;0.0;0.0;0.0;0.0;0.0;0.0;0.027889000000000004;0.0;0.0;0.0;0.0;0.0;0.0;-1.0;0.0;0.0;0.0;0.0;0.0;0.0;0.0;0.0;0.0;0.0;0.0;0.0;0.0;0.0,1778834052,690914727
3026,1778834052,750497719,gps,1.733,-1.596,-0.075,0.0,0.0,0.0,0.027889000000000004;0.0;0.0;0.0;0.0;0.0;0.0;0.027889000000000004;0.0;0.0;0.0;0.0;0.0;0.0;0.027889000000000004;0.0;0.0;0.0;0.0;0.0;0.0;-1.0;0.0;0.0;0.0;0.0;0.0;0.0;0.0;0.0;0.0;0.0;0.0;0.0;0.0;0.0,1778834052,815192706
3027,1778834052,875497655,gps,1.799,-1.663,-0.085,0.0,0.0,0.0,0.027889000000000004;0.0;0.0;0.0;0.0;0.0;0.0;0.027889000000000004;0.0;0.0;0.0;0.0;0.0;0.0;0.027889000000000004;0.0;0.0;0.0;0.0;0.0;0.0;-1.0;0.0;0.0;0.0;0.0;0.0;0.0;0.0;0.0;0.0;0.0;0.0;0.0;0.0;0.0,1778834052,938734564
3028,1778834053,497590,gps,1.815,-1.612,-0.074,0.0,0.0,0.0,0.027889000000000004;0.0;0.0;0.0;0.0;0.0;0.0;0.027889000000000004;0.0;0.0;0.0;0.0;0.0;0.0;0.027889000000000004;0.0;0.0;0.0;0.0;0.0;0.0;-1.0;0.0;0.0;0.0;0.0;0.0;0.0;0.0;0.0;0.0;0.0;0.0;0.0;0.0;0.0,1778834053,70214892
3029,1778834053,125497526,gps,1.7610000000000001,-1.6500000000000001,-0.07,0.0,0.0,0.0,0.027889000000000004;0.0;0.0;0.0;0.0;0.0;0.0;0.027889000000000004;0.0;0.0;0.0;0.0;0.0;0.0;0.027889000000000004;0.0;0.0;0.0;0.0;0.0;0.0;-1.0;0.0;0.0;0.0;0.0;0.0;0.0;0.0;0.0;0.0;0.0;0.0;0.0;0.0;0.0,1778834053,192555791
3030,1778834053,250497461,gps,1.7690000000000001,-1.619,-0.085,0.0,0.0,0.0,0.027889000000000004;0.0;0.0;0.0;0.0;0.0;0.0;0.027889000000000004;0.0;0.0;0.0;0.0;0.0;0.0;0.027889000000000004;0.0;0.0;0.0;0.0;0.0;0.0;-1.0;0.0;0.0;0.0;0.0;0.0;0.0;0.0;0.0;0.0;0.0;0.0;0.0;0.0;0.0,1778834053,317369040
3031,1778834053,375497397,gps,1.7510000000000001,-1.681,-0.065,0.0,0.0,0.0,0.027889000000000004;0.0;0.0;0.0;0.0;0.0;0.0;0.027889000000000004;0.0;0.0;0.0;0.0;0.0;0.0;0.027889000000000004;0.0;0.0;0.0;0.0;0.0;0.0;-1.0;0.0;0.0;0.0;0.0;0.0;0.0;0.0;0.0;0.0;0.0;0.0;0.0;0.0;0.0,1778834053,440718884
3032,1778834053,500497332,gps,1.795,-1.623,-0.074,0.0,0.0,0.0,0.027889000000000004;0.0;0.0;0.0;0.0;0.0;0.0;0.027889000000000004;0.0;0.0;0.0;0.0;0.0;0.0;0.027889000000000004;0.0;0.0;0.0;0.0;0.0;0.0;-1.0;0.0;0.0;0.0;0.0;0.0;0.0;0.0;0.0;0.0;0.0;0.0;0.0;0.0;0.0,1778834053,565173695
3033,1778834053,625497267,gps,1.747,-1.587,-0.07100000000000001,0.0,0.0,0.0,0.028561000000000003;0.0;0.0;0.0;0.0;0.0;0.0;0.028561000000000003;0.0;0.0;0.0;0.0;0.0;0.0;0.028561000000000003;0.0;0.0;0.0;0.0;0.0;0.0;-1.0;0.0;0.0;0.0;0.0;0.0;0.0;0.0;0.0;0.0;0.0;0.0;0.0;0.0;0.0,1778834053,690763919
3034,1778834053,750497203,gps,1.7810000000000001,-1.637,-0.076,0.0,0.0,0.0,0.028561000000000003;0.0;0.0;0.0;0.0;0.0;0.0;0.028561000000000003;0.0;0.0;0.0;0.0;0.0;0.0;0.028561000000000003;0.0;0.0;0.0;0.0;0.0;0.0;-1.0;0.0;0.0;0.0;0.0;0.0;0.0;0.0;0.0;0.0;0.0;0.0;0.0;0.0;0.0,1778834053,814093312
3035,1778834053,875497138,gps,1.768,-1.699,-0.082,0.0,0.0,0.0,0.028561000000000003;0.0;0.0;0.0;0.0;0.0;0.0;0.028561000000000003;0.0;0.0;0.0;0.0;0.0;0.0;0.028561000000000003;0.0;0.0;0.0;0.0;0.0;0.0;-1.0;0.0;0.0;0.0;0.0;0.0;0.0;0.0;0.0;0.0;0.0;0.0;0.0;0.0;0.0,1778834053,939735578
3036,1778834054,497074,gps,1.741,-1.694,-0.074,0.0,0.0,0.0,0.028900000000000006;0.0;0.0;0.0;0.0;0.0;0.0;0.028900000000000006;0.0;0.0;0.0;0.0;0.0;0.0;0.028900000000000006;0.0;0.0;0.0;0.0;0.0;0.0;-1.0;0.0;0.0;0.0;0.0;0.0;0.0;0.0;0.0;0.0;0.0;0.0;0.0;0.0;0.0,1778834054,69727597
3037,1778834054,125497009,gps,1.744,-1.702,-0.073,0.0,0.0,0.0,0.028900000000000006;0.0;0.0;0.0;0.0;0.0;0.0;0.028900000000000006;0.0;0.0;0.0;0.0;0.0;0.0;0.028900000000000006;0.0;0.0;0.0;0.0;0.0;0.0;-1.0;0.0;0.0;0.0;0.0;0.0;0.0;0.0;0.0;0.0;0.0;0.0;0.0;0.0;0.0,1778834054,191867890
3038,1778834054,250496944,gps,1.747,-1.591,-0.066,0.0,0.0,0.0,0.028561000000000003;0.0;0.0;0.0;0.0;0.0;0.0;0.028561000000000003;0.0;0.0;0.0;0.0;0.0;0.0;0.028561000000000003;0.0;0.0;0.0;0.0;0.0;0.0;-1.0;0.0;0.0;0.0;0.0;0.0;0.0;0.0;0.0;0.0;0.0;0.0;0.0;0.0;0.0,1778834054,317720848
3039,1778834054,375496880,gps,1.68,-1.5350000000000001,-0.066,0.0,0.0,0.0,0.028561000000000003;0.0;0.0;0.0;0.0;0.0;0.0;0.028561000000000003;0.0;0.0;0.0;0.0;0.0;0.0;0.028561000000000003;0.0;0.0;0.0;0.0;0.0;0.0;-1.0;0.0;0.0;0.0;0.0;0.0;0.0;0.0;0.0;0.0;0.0;0.0;0.0;0.0;0.0,1778834054,441002960
3040,1778834054,500496815,gps,1.574,-1.358,-0.052000000000000005,0.0,0.0,0.0,0.028561000000000003;0.0;0.0;0.0;0.0;0.0;0.0;0.028561000000000003;0.0;0.0;0.0;0.0;0.0;0.0;0.028561000000000003;0.0;0.0;0.0;0.0;0.0;0.0;-1.0;0.0;0.0;0.0;0.0;0.0;0.0;0.0;0.0;0.0;0.0;0.0;0.0;0.0;0.0,1778834054,567703838
3041,1778834054,625496751,gps,1.468,-1.195,-0.048,0.0,0.0,0.0,0.028224000000000003;0.0;0.0;0.0;0.0;0.0;0.0;0.028224000000000003;0.0;0.0;0.0;0.0;0.0;0.0;0.028224000000000003;0.0;0.0;0.0;0.0;0.0;0.0;-1.0;0.0;0.0;0.0;0.0;0.0;0.0;0.0;0.0;0.0;0.0;0.0;0.0;0.0;0.0,1778834054,693428029
3042,1778834054,750496686,gps,1.381,-0.912,-0.049,0.0,0.0,0.0,0.027556000000000004;0.0;0.0;0.0;0.0;0.0;0.0;0.027556000000000004;0.0;0.0;0.0;0.0;0.0;0.0;0.027556000000000004;0.0;0.0;0.0;0.0;0.0;0.0;-1.0;0.0;0.0;0.0;0.0;0.0;0.0;0.0;0.0;0.0;0.0;0.0;0.0;0.0;0.0,1778834054,814685728
3043,1778834054,875496622,gps,1.289,-0.79,-0.042,0.0,0.0,0.0,0.027556000000000004;0.0;0.0;0.0;0.0;0.0;0.0;0.027556000000000004;0.0;0.0;0.0;0.0;0.0;0.0;0.027556000000000004;0.0;0.0;0.0;0.0;0.0;0.0;-1.0;0.0;0.0;0.0;0.0;0.0;0.0;0.0;0.0;0.0;0.0;0.0;0.0;0.0;0.0,1778834054,942010778
3044,1778834055,496557,gps,1.169,-0.608,-0.049,0.0,0.0,0.0,0.027225000000000003;0.0;0.0;0.0;0.0;0.0;0.0;0.027225000000000003;0.0;0.0;0.0;0.0;0.0;0.0;0.027225000000000003;0.0;0.0;0.0;0.0;0.0;0.0;-1.0;0.0;0.0;0.0;0.0;0.0;0.0;0.0;0.0;0.0;0.0;0.0;0.0;0.0;0.0,1778834055,70962891
3045,1778834055,125496493,gps,1.031,-0.5650000000000001,-0.052000000000000005,0.0,0.0,0.0,0.028224000000000003;0.0;0.0;0.0;0.0;0.0;0.0;0.028224000000000003;0.0;0.0;0.0;0.0;0.0;0.0;0.028224000000000003;0.0;0.0;0.0;0.0;0.0;0.0;-1.0;0.0;0.0;0.0;0.0;0.0;0.0;0.0;0.0;0.0;0.0;0.0;0.0;0.0;0.0,1778834055,193070325
3046,1778834055,250496428,gps,1.086,-0.442,-0.061,0.0,0.0,0.0,0.029929000000000004;0.0;0.0;0.0;0.0;0.0;0.0;0.029929000000000004;0.0;0.0;0.0;0.0;0.0;0.0;0.029929000000000004;0.0;0.0;0.0;0.0;0.0;0.0;-1.0;0.0;0.0;0.0;0.0;0.0;0.0;0.0;0.0;0.0;0.0;0.0;0.0;0.0;0.0,1778834055,318113264
3047,1778834055,375496363,gps,1.0130000000000001,-0.47800000000000004,-0.034,0.0,0.0,0.0,0.030276000000000004;0.0;0.0;0.0;0.0;0.0;0.0;0.030276000000000004;0.0;0.0;0.0;0.0;0.0;0.0;0.030276000000000004;0.0;0.0;0.0;0.0;0.0;0.0;-1.0;0.0;0.0;0.0;0.0;0.0;0.0;0.0;0.0;0.0;0.0;0.0;0.0;0.0;0.0,1778834055,443263563
3048,1778834055,500496299,gps,1.03,-0.48,-0.052000000000000005,0.0,0.0,0.0,0.029929000000000004;0.0;0.0;0.0;0.0;0.0;0.0;0.029929000000000004;0.0;0.0;0.0;0.0;0.0;0.0;0.029929000000000004;0.0;0.0;0.0;0.0;0.0;0.0;-1.0;0.0;0.0;0.0;0.0;0.0;0.0;0.0;0.0;0.0;0.0;0.0;0.0;0.0;0.0,1778834055,567863154
3049,1778834055,625496234,gps,1.122,-0.41000000000000003,-0.052000000000000005,0.0,0.0,0.0,0.028900000000000006;0.0;0.0;0.0;0.0;0.0;0.0;0.028900000000000006;0.0;0.0;0.0;0.0;0.0;0.0;0.028900000000000006;0.0;0.0;0.0;0.0;0.0;0.0;-1.0;0.0;0.0;0.0;0.0;0.0;0.0;0.0;0.0;0.0;0.0;0.0;0.0;0.0;0.0,1778834055,690345552
3050,1778834055,750496170,gps,1.17,-0.454,-0.04,0.0,0.0,0.0,0.028561000000000003;0.0;0.0;0.0;0.0;0.0;0.0;0.028561000000000003;0.0;0.0;0.0;0.0;0.0;0.0;0.028561000000000003;0.0;0.0;0.0;0.0;0.0;0.0;-1.0;0.0;0.0;0.0;0.0;0.0;0.0;0.0;0.0;0.0;0.0;0.0;0.0;0.0;0.0,1778834055,818263736
3051,1778834055,875496105,gps,1.268,-0.509,-0.037,0.0,0.0,0.0,0.028561000000000003;0.0;0.0;0.0;0.0;0.0;0.0;0.028561000000000003;0.0;0.0;0.0;0.0;0.0;0.0;0.028561000000000003;0.0;0.0;0.0;0.0;0.0;0.0;-1.0;0.0;0.0;0.0;0.0;0.0;0.0;0.0;0.0;0.0;0.0;0.0;0.0;0.0;0.0,1778834055,942541672
3052,1778834056,496040,gps,1.37,-0.544,-0.028,0.0,0.0,0.0,0.027225000000000003;0.0;0.0;0.0;0.0;0.0;0.0;0.027225000000000003;0.0;0.0;0.0;0.0;0.0;0.0;0.027225000000000003;0.0;0.0;0.0;0.0;0.0;0.0;-1.0;0.0;0.0;0.0;0.0;0.0;0.0;0.0;0.0;0.0;0.0;0.0;0.0;0.0;0.0,1778834056,73017678
3053,1778834056,125495976,gps,1.5030000000000001,-0.557,-0.046,0.0,0.0,0.0,0.027225000000000003;0.0;0.0;0.0;0.0;0.0;0.0;0.027225000000000003;0.0;0.0;0.0;0.0;0.0;0.0;0.027225000000000003;0.0;0.0;0.0;0.0;0.0;0.0;-1.0;0.0;0.0;0.0;0.0;0.0;0.0;0.0;0.0;0.0;0.0;0.0;0.0;0.0;0.0,1778834056,193439061
3054,1778834056,250495911,gps,1.616,-0.651,-0.041,0.0,0.0,0.0,0.027556000000000004;0.0;0.0;0.0;0.0;0.0;0.0;0.027556000000000004;0.0;0.0;0.0;0.0;0.0;0.0;0.027556000000000004;0.0;0.0;0.0;0.0;0.0;0.0;-1.0;0.0;0.0;0.0;0.0;0.0;0.0;0.0;0.0;0.0;0.0;0.0;0.0;0.0;0.0,1778834056,318065735
3055,1778834056,375495847,gps,1.829,-0.6970000000000001,-0.05,0.0,0.0,0.0,0.028224000000000003;0.0;0.0;0.0;0.0;0.0;0.0;0.028224000000000003;0.0;0.0;0.0;0.0;0.0;0.0;0.028224000000000003;0.0;0.0;0.0;0.0;0.0;0.0;-1.0;0.0;0.0;0.0;0.0;0.0;0.0;0.0;0.0;0.0;0.0;0.0;0.0;0.0;0.0,1778834056,440905011
3056,1778834056,500495782,gps,1.895,-0.733,-0.048,0.0,0.0,0.0,0.028561000000000003;0.0;0.0;0.0;0.0;0.0;0.0;0.028561000000000003;0.0;0.0;0.0;0.0;0.0;0.0;0.028561000000000003;0.0;0.0;0.0;0.0;0.0;0.0;-1.0;0.0;0.0;0.0;0.0;0.0;0.0;0.0;0.0;0.0;0.0;0.0;0.0;0.0;0.0,1778834056,561914581
3057,1778834056,625495718,gps,1.978,-0.765,-0.044,0.0,0.0,0.0,0.027556000000000004;0.0;0.0;0.0;0.0;0.0;0.0;0.027556000000000004;0.0;0.0;0.0;0.0;0.0;0.0;0.027556000000000004;0.0;0.0;0.0;0.0;0.0;0.0;-1.0;0.0;0.0;0.0;0.0;0.0;0.0;0.0;0.0;0.0;0.0;0.0;0.0;0.0;0.0,1778834056,691686402
3058,1778834056,750495653,gps,2.051,-0.8240000000000001,-0.046,0.0,0.0,0.0,0.027556000000000004;0.0;0.0;0.0;0.0;0.0;0.0;0.027556000000000004;0.0;0.0;0.0;0.0;0.0;0.0;0.027556000000000004;0.0;0.0;0.0;0.0;0.0;0.0;-1.0;0.0;0.0;0.0;0.0;0.0;0.0;0.0;0.0;0.0;0.0;0.0;0.0;0.0;0.0,1778834056,816558950
3059,1778834056,875495589,gps,2.0220000000000002,-0.806,-0.055,0.0,0.0,0.0,0.027225000000000003;0.0;0.0;0.0;0.0;0.0;0.0;0.027225000000000003;0.0;0.0;0.0;0.0;0.0;0.0;0.027225000000000003;0.0;0.0;0.0;0.0;0.0;0.0;-1.0;0.0;0.0;0.0;0.0;0.0;0.0;0.0;0.0;0.0;0.0;0.0;0.0;0.0;0.0,1778834056,941443287
3060,1778834057,495524,gps,2.1,-0.859,-0.049,0.0,0.0,0.0,0.028224000000000003;0.0;0.0;0.0;0.0;0.0;0.0;0.028224000000000003;0.0;0.0;0.0;0.0;0.0;0.0;0.028224000000000003;0.0;0.0;0.0;0.0;0.0;0.0;-1.0;0.0;0.0;0.0;0.0;0.0;0.0;0.0;0.0;0.0;0.0;0.0;0.0;0.0;0.0,1778834057,71904983
3061,1778834057,125495459,gps,2.207,-0.855,-0.055,0.0,0.0,0.0,0.026896000000000003;0.0;0.0;0.0;0.0;0.0;0.0;0.026896000000000003;0.0;0.0;0.0;0.0;0.0;0.0;0.026896000000000003;0.0;0.0;0.0;0.0;0.0;0.0;-1.0;0.0;0.0;0.0;0.0;0.0;0.0;0.0;0.0;0.0;0.0;0.0;0.0;0.0;0.0,1778834057,192485553
3062,1778834057,250495395,gps,2.202,-0.863,-0.047,0.0,0.0,0.0,0.027225000000000003;0.0;0.0;0.0;0.0;0.0;0.0;0.027225000000000003;0.0;0.0;0.0;0.0;0.0;0.0;0.027225000000000003;0.0;0.0;0.0;0.0;0.0;0.0;-1.0;0.0;0.0;0.0;0.0;0.0;0.0;0.0;0.0;0.0;0.0;0.0;0.0;0.0;0.0,1778834057,317880965
3063,1778834057,375495330,gps,2.185,-0.894,-0.053,0.0,0.0,0.0,0.026896000000000003;0.0;0.0;0.0;0.0;0.0;0.0;0.026896000000000003;0.0;0.0;0.0;0.0;0.0;0.0;0.026896000000000003;0.0;0.0;0.0;0.0;0.0;0.0;-1.0;0.0;0.0;0.0;0.0;0.0;0.0;0.0;0.0;0.0;0.0;0.0;0.0;0.0;0.0,1778834057,439838167
3064,1778834057,500495266,gps,2.177,-0.984,-0.059000000000000004,0.0,0.0,0.0,0.029241000000000003;0.0;0.0;0.0;0.0;0.0;0.0;0.029241000000000003;0.0;0.0;0.0;0.0;0.0;0.0;0.029241000000000003;0.0;0.0;0.0;0.0;0.0;0.0;-1.0;0.0;0.0;0.0;0.0;0.0;0.0;0.0;0.0;0.0;0.0;0.0;0.0;0.0;0.0,1778834057,567583477
3065,1778834057,625495201,gps,2.173,-0.978,-0.059000000000000004,0.0,0.0,0.0,0.029929000000000004;0.0;0.0;0.0;0.0;0.0;0.0;0.029929000000000004;0.0;0.0;0.0;0.0;0.0;0.0;0.029929000000000004;0.0;0.0;0.0;0.0;0.0;0.0;-1.0;0.0;0.0;0.0;0.0;0.0;0.0;0.0;0.0;0.0;0.0;0.0;0.0;0.0;0.0,1778834057,693326489
3066,1778834057,750495136,gps,2.213,-1.057,-0.065,0.0,0.0,0.0,0.028900000000000006;0.0;0.0;0.0;0.0;0.0;0.0;0.028900000000000006;0.0;0.0;0.0;0.0;0.0;0.0;0.028900000000000006;0.0;0.0;0.0;0.0;0.0;0.0;-1.0;0.0;0.0;0.0;0.0;0.0;0.0;0.0;0.0;0.0;0.0;0.0;0.0;0.0;0.0,1778834057,816682748
3067,1778834057,875495072,gps,2.267,-1.1,-0.05,0.0,0.0,0.0,0.028224000000000003;0.0;0.0;0.0;0.0;0.0;0.0;0.028224000000000003;0.0;0.0;0.0;0.0;0.0;0.0;0.028224000000000003;0.0;0.0;0.0;0.0;0.0;0.0;-1.0;0.0;0.0;0.0;0.0;0.0;0.0;0.0;0.0;0.0;0.0;0.0;0.0;0.0;0.0,1778834057,941095230
3068,1778834058,495007,gps,2.242,-1.119,-0.048,0.0,0.0,0.0,0.028224000000000003;0.0;0.0;0.0;0.0;0.0;0.0;0.028224000000000003;0.0;0.0;0.0;0.0;0.0;0.0;0.028224000000000003;0.0;0.0;0.0;0.0;0.0;0.0;-1.0;0.0;0.0;0.0;0.0;0.0;0.0;0.0;0.0;0.0;0.0;0.0;0.0;0.0;0.0,1778834058,71541053
3069,1778834058,125494943,gps,2.33,-1.154,-0.063,0.0,0.0,0.0,0.029929000000000004;0.0;0.0;0.0;0.0;0.0;0.0;0.029929000000000004;0.0;0.0;0.0;0.0;0.0;0.0;0.029929000000000004;0.0;0.0;0.0;0.0;0.0;0.0;-1.0;0.0;0.0;0.0;0.0;0.0;0.0;0.0;0.0;0.0;0.0;0.0;0.0;0.0;0.0,1778834058,191792277
3070,1778834058,250494878,gps,2.416,-1.16,-0.066,0.0,0.0,0.0,0.029241000000000003;0.0;0.0;0.0;0.0;0.0;0.0;0.029241000000000003;0.0;0.0;0.0;0.0;0.0;0.0;0.029241000000000003;0.0;0.0;0.0;0.0;0.0;0.0;-1.0;0.0;0.0;0.0;0.0;0.0;0.0;0.0;0.0;0.0;0.0;0.0;0.0;0.0;0.0,1778834058,317775959
3071,1778834058,375494814,gps,2.396,-1.238,-0.076,0.0,0.0,0.0,0.027225000000000003;0.0;0.0;0.0;0.0;0.0;0.0;0.027225000000000003;0.0;0.0;0.0;0.0;0.0;0.0;0.027225000000000003;0.0;0.0;0.0;0.0;0.0;0.0;-1.0;0.0;0.0;0.0;0.0;0.0;0.0;0.0;0.0;0.0;0.0;0.0;0.0;0.0;0.0,1778834058,442447282
3072,1778834058,500494749,gps,2.436,-1.237,-0.069,0.0,0.0,0.0,0.027225000000000003;0.0;0.0;0.0;0.0;0.0;0.0;0.027225000000000003;0.0;0.0;0.0;0.0;0.0;0.0;0.027225000000000003;0.0;0.0;0.0;0.0;0.0;0.0;-1.0;0.0;0.0;0.0;0.0;0.0;0.0;0.0;0.0;0.0;0.0;0.0;0.0;0.0;0.0,1778834058,567421741
3073,1778834058,625494684,gps,2.471,-1.264,-0.081,0.0,0.0,0.0,0.027225000000000003;0.0;0.0;0.0;0.0;0.0;0.0;0.027225000000000003;0.0;0.0;0.0;0.0;0.0;0.0;0.027225000000000003;0.0;0.0;0.0;0.0;0.0;0.0;-1.0;0.0;0.0;0.0;0.0;0.0;0.0;0.0;0.0;0.0;0.0;0.0;0.0;0.0;0.0,1778834058,691509757
3074,1778834058,750494620,gps,2.449,-1.308,-0.076,0.0,0.0,0.0,0.027225000000000003;0.0;0.0;0.0;0.0;0.0;0.0;0.027225000000000003;0.0;0.0;0.0;0.0;0.0;0.0;0.027225000000000003;0.0;0.0;0.0;0.0;0.0;0.0;-1.0;0.0;0.0;0.0;0.0;0.0;0.0;0.0;0.0;0.0;0.0;0.0;0.0;0.0;0.0,1778834058,815548574
3075,1778834058,875494555,gps,2.285,-1.369,-0.082,0.0,0.0,0.0,0.027556000000000004;0.0;0.0;0.0;0.0;0.0;0.0;0.027556000000000004;0.0;0.0;0.0;0.0;0.0;0.0;0.027556000000000004;0.0;0.0;0.0;0.0;0.0;0.0;-1.0;0.0;0.0;0.0;0.0;0.0;0.0;0.0;0.0;0.0;0.0;0.0;0.0;0.0;0.0,1778834058,941049197
3076,1778834059,494491,gps,2.104,-1.3840000000000001,-0.079,0.0,0.0,0.0,0.027225000000000003;0.0;0.0;0.0;0.0;0.0;0.0;0.027225000000000003;0.0;0.0;0.0;0.0;0.0;0.0;0.027225000000000003;0.0;0.0;0.0;0.0;0.0;0.0;-1.0;0.0;0.0;0.0;0.0;0.0;0.0;0.0;0.0;0.0;0.0;0.0;0.0;0.0;0.0,1778834059,72274094
3077,1778834059,125494426,gps,1.798,-1.441,-0.09,0.0,0.0,0.0,0.027889000000000004;0.0;0.0;0.0;0.0;0.0;0.0;0.027889000000000004;0.0;0.0;0.0;0.0;0.0;0.0;0.027889000000000004;0.0;0.0;0.0;0.0;0.0;0.0;-1.0;0.0;0.0;0.0;0.0;0.0;0.0;0.0;0.0;0.0;0.0;0.0;0.0;0.0;0.0,1778834059,193111161
3078,1778834059,250494361,gps,1.587,-1.397,-0.07100000000000001,0.0,0.0,0.0,0.028224000000000003;0.0;0.0;0.0;0.0;0.0;0.0;0.028224000000000003;0.0;0.0;0.0;0.0;0.0;0.0;0.028224000000000003;0.0;0.0;0.0;0.0;0.0;0.0;-1.0;0.0;0.0;0.0;0.0;0.0;0.0;0.0;0.0;0.0;0.0;0.0;0.0;0.0;0.0,1778834059,315036442
3079,1778834059,375494297,gps,1.34,-1.331,-0.081,0.0,0.0,0.0,0.028561000000000003;0.0;0.0;0.0;0.0;0.0;0.0;0.028561000000000003;0.0;0.0;0.0;0.0;0.0;0.0;0.028561000000000003;0.0;0.0;0.0;0.0;0.0;0.0;-1.0;0.0;0.0;0.0;0.0;0.0;0.0;0.0;0.0;0.0;0.0;0.0;0.0;0.0;0.0,1778834059,441817040
3080,1778834059,500494232,gps,1.226,-1.294,-0.062,0.0,0.0,0.0,0.028561000000000003;0.0;0.0;0.0;0.0;0.0;0.0;0.028561000000000003;0.0;0.0;0.0;0.0;0.0;0.0;0.028561000000000003;0.0;0.0;0.0;0.0;0.0;0.0;-1.0;0.0;0.0;0.0;0.0;0.0;0.0;0.0;0.0;0.0;0.0;0.0;0.0;0.0;0.0,1778834059,565807069
3081,1778834059,625494168,gps,1.087,-1.361,-0.08600000000000001,0.0,0.0,0.0,0.028900000000000006;0.0;0.0;0.0;0.0;0.0;0.0;0.028900000000000006;0.0;0.0;0.0;0.0;0.0;0.0;0.028900000000000006;0.0;0.0;0.0;0.0;0.0;0.0;-1.0;0.0;0.0;0.0;0.0;0.0;0.0;0.0;0.0;0.0;0.0;0.0;0.0;0.0;0.0,1778834059,691196927
3082,1778834059,750494103,gps,1.113,-1.27,-0.059000000000000004,0.0,0.0,0.0,0.028224000000000003;0.0;0.0;0.0;0.0;0.0;0.0;0.028224000000000003;0.0;0.0;0.0;0.0;0.0;0.0;0.028224000000000003;0.0;0.0;0.0;0.0;0.0;0.0;-1.0;0.0;0.0;0.0;0.0;0.0;0.0;0.0;0.0;0.0;0.0;0.0;0.0;0.0;0.0,1778834059,815408133
3083,1778834059,875494038,gps,1.031,-1.297,-0.066,0.0,0.0,0.0,0.028224000000000003;0.0;0.0;0.0;0.0;0.0;0.0;0.028224000000000003;0.0;0.0;0.0;0.0;0.0;0.0;0.028224000000000003;0.0;0.0;0.0;0.0;0.0;0.0;-1.0;0.0;0.0;0.0;0.0;0.0;0.0;0.0;0.0;0.0;0.0;0.0;0.0;0.0;0.0,1778834059,941624504
3084,1778834060,493974,gps,1.054,-1.333,-0.065,0.0,0.0,0.0,0.028561000000000003;0.0;0.0;0.0;0.0;0.0;0.0;0.028561000000000003;0.0;0.0;0.0;0.0;0.0;0.0;0.028561000000000003;0.0;0.0;0.0;0.0;0.0;0.0;-1.0;0.0;0.0;0.0;0.0;0.0;0.0;0.0;0.0;0.0;0.0;0.0;0.0;0.0;0.0,1778834060,69939550
3085,1778834060,125493909,gps,1.17,-1.366,-0.067,0.0,0.0,0.0,0.028900000000000006;0.0;0.0;0.0;0.0;0.0;0.0;0.028900000000000006;0.0;0.0;0.0;0.0;0.0;0.0;0.028900000000000006;0.0;0.0;0.0;0.0;0.0;0.0;-1.0;0.0;0.0;0.0;0.0;0.0;0.0;0.0;0.0;0.0;0.0;0.0;0.0;0.0;0.0,1778834060,188332584
3086,1778834060,250493845,gps,1.206,-1.409,-0.07100000000000001,0.0,0.0,0.0,0.029241000000000003;0.0;0.0;0.0;0.0;0.0;0.0;0.029241000000000003;0.0;0.0;0.0;0.0;0.0;0.0;0.029241000000000003;0.0;0.0;0.0;0.0;0.0;0.0;-1.0;0.0;0.0;0.0;0.0;0.0;0.0;0.0;0.0;0.0;0.0;0.0;0.0;0.0;0.0,1778834060,315687205
3087,1778834060,375493780,gps,1.337,-1.485,-0.059000000000000004,0.0,0.0,0.0,0.028900000000000006;0.0;0.0;0.0;0.0;0.0;0.0;0.028900000000000006;0.0;0.0;0.0;0.0;0.0;0.0;0.028900000000000006;0.0;0.0;0.0;0.0;0.0;0.0;-1.0;0.0;0.0;0.0;0.0;0.0;0.0;0.0;0.0;0.0;0.0;0.0;0.0;0.0;0.0,1778834060,439884368
3088,1778834060,500493716,gps,1.534,-1.415,-0.055,0.0,0.0,0.0,0.029241000000000003;0.0;0.0;0.0;0.0;0.0;0.0;0.029241000000000003;0.0;0.0;0.0;0.0;0.0;0.0;0.029241000000000003;0.0;0.0;0.0;0.0;0.0;0.0;-1.0;0.0;0.0;0.0;0.0;0.0;0.0;0.0;0.0;0.0;0.0;0.0;0.0;0.0;0.0,1778834060,565657158
3089,1778834060,625493651,gps,1.708,-1.33,-0.078,0.0,0.0,0.0,0.029584000000000006;0.0;0.0;0.0;0.0;0.0;0.0;0.029584000000000006;0.0;0.0;0.0;0.0;0.0;0.0;0.029584000000000006;0.0;0.0;0.0;0.0;0.0;0.0;-1.0;0.0;0.0;0.0;0.0;0.0;0.0;0.0;0.0;0.0;0.0;0.0;0.0;0.0;0.0,1778834060,691464456
3090,1778834060,750493586,gps,1.8800000000000001,-1.329,-0.055,0.0,0.0,0.0,0.029584000000000006;0.0;0.0;0.0;0.0;0.0;0.0;0.029584000000000006;0.0;0.0;0.0;0.0;0.0;0.0;0.029584000000000006;0.0;0.0;0.0;0.0;0.0;0.0;-1.0;0.0;0.0;0.0;0.0;0.0;0.0;0.0;0.0;0.0;0.0;0.0;0.0;0.0;0.0,1778834060,815404403
3091,1778834060,875493522,gps,2.055,-1.351,-0.079,0.0,0.0,0.0,0.029584000000000006;0.0;0.0;0.0;0.0;0.0;0.0;0.029584000000000006;0.0;0.0;0.0;0.0;0.0;0.0;0.029584000000000006;0.0;0.0;0.0;0.0;0.0;0.0;-1.0;0.0;0.0;0.0;0.0;0.0;0.0;0.0;0.0;0.0;0.0;0.0;0.0;0.0;0.0,1778834060,940986179
3092,1778834061,493457,gps,2.193,-1.383,-0.078,0.0,0.0,0.0,0.029584000000000006;0.0;0.0;0.0;0.0;0.0;0.0;0.029584000000000006;0.0;0.0;0.0;0.0;0.0;0.0;0.029584000000000006;0.0;0.0;0.0;0.0;0.0;0.0;-1.0;0.0;0.0;0.0;0.0;0.0;0.0;0.0;0.0;0.0;0.0;0.0;0.0;0.0;0.0,1778834061,65704318
3093,1778834061,125493393,gps,2.338,-1.41,-0.093,0.0,0.0,0.0,0.029584000000000006;0.0;0.0;0.0;0.0;0.0;0.0;0.029584000000000006;0.0;0.0;0.0;0.0;0.0;0.0;0.029584000000000006;0.0;0.0;0.0;0.0;0.0;0.0;-1.0;0.0;0.0;0.0;0.0;0.0;0.0;0.0;0.0;0.0;0.0;0.0;0.0;0.0;0.0,1778834061,191219970
3094,1778834061,250493328,gps,2.38,-1.47,-0.081,0.0,0.0,0.0,0.029584000000000006;0.0;0.0;0.0;0.0;0.0;0.0;0.029584000000000006;0.0;0.0;0.0;0.0;0.0;0.0;0.029584000000000006;0.0;0.0;0.0;0.0;0.0;0.0;-1.0;0.0;0.0;0.0;0.0;0.0;0.0;0.0;0.0;0.0;0.0;0.0;0.0;0.0;0.0,1778834061,316533590
3095,1778834061,375493263,gps,2.391,-1.581,-0.08600000000000001,0.0,0.0,0.0,0.030975999999999997;0.0;0.0;0.0;0.0;0.0;0.0;0.030975999999999997;0.0;0.0;0.0;0.0;0.0;0.0;0.030975999999999997;0.0;0.0;0.0;0.0;0.0;0.0;-1.0;0.0;0.0;0.0;0.0;0.0;0.0;0.0;0.0;0.0;0.0;0.0;0.0;0.0;0.0,1778834061,441257849
3096,1778834061,500493199,gps,2.439,-1.524,-0.075,0.0,0.0,0.0,0.030975999999999997;0.0;0.0;0.0;0.0;0.0;0.0;0.030975999999999997;0.0;0.0;0.0;0.0;0.0;0.0;0.030975999999999997;0.0;0.0;0.0;0.0;0.0;0.0;-1.0;0.0;0.0;0.0;0.0;0.0;0.0;0.0;0.0;0.0;0.0;0.0;0.0;0.0;0.0,1778834061,565522606
3097,1778834061,625493134,gps,2.207,-1.454,-0.088,0.0,0.0,0.0,0.030625000000000006;0.0;0.0;0.0;0.0;0.0;0.0;0.030625000000000006;0.0;0.0;0.0;0.0;0.0;0.0;0.030625000000000006;0.0;0.0;0.0;0.0;0.0;0.0;-1.0;0.0;0.0;0.0;0.0;0.0;0.0;0.0;0.0;0.0;0.0;0.0;0.0;0.0;0.0,1778834061,690136427
3098,1778834061,750493069,gps,2.019,-1.4060000000000001,-0.083,0.0,0.0,0.0,0.030625000000000006;0.0;0.0;0.0;0.0;0.0;0.0;0.030625000000000006;0.0;0.0;0.0;0.0;0.0;0.0;0.030625000000000006;0.0;0.0;0.0;0.0;0.0;0.0;-1.0;0.0;0.0;0.0;0.0;0.0;0.0;0.0;0.0;0.0;0.0;0.0;0.0;0.0;0.0,1778834061,813310730
3099,1778834061,875493005,gps,1.796,-1.387,-0.06,0.0,0.0,0.0,0.028900000000000006;0.0;0.0;0.0;0.0;0.0;0.0;0.028900000000000006;0.0;0.0;0.0;0.0;0.0;0.0;0.028900000000000006;0.0;0.0;0.0;0.0;0.0;0.0;-1.0;0.0;0.0;0.0;0.0;0.0;0.0;0.0;0.0;0.0;0.0;0.0;0.0;0.0;0.0,1778834061,937686195
3100,1778834062,492940,gps,1.677,-1.349,-0.08,0.0,0.0,0.0,0.028561000000000003;0.0;0.0;0.0;0.0;0.0;0.0;0.028561000000000003;0.0;0.0;0.0;0.0;0.0;0.0;0.028561000000000003;0.0;0.0;0.0;0.0;0.0;0.0;-1.0;0.0;0.0;0.0;0.0;0.0;0.0;0.0;0.0;0.0;0.0;0.0;0.0;0.0;0.0,1778834062,70252509
3101,1778834062,125492876,gps,1.554,-1.2790000000000001,-0.083,0.0,0.0,0.0,0.028900000000000006;0.0;0.0;0.0;0.0;0.0;0.0;0.028900000000000006;0.0;0.0;0.0;0.0;0.0;0.0;0.028900000000000006;0.0;0.0;0.0;0.0;0.0;0.0;-1.0;0.0;0.0;0.0;0.0;0.0;0.0;0.0;0.0;0.0;0.0;0.0;0.0;0.0;0.0,1778834062,191419085
3102,1778834062,250492811,gps,1.472,-1.241,-0.074,0.0,0.0,0.0,0.028900000000000006;0.0;0.0;0.0;0.0;0.0;0.0;0.028900000000000006;0.0;0.0;0.0;0.0;0.0;0.0;0.028900000000000006;0.0;0.0;0.0;0.0;0.0;0.0;-1.0;0.0;0.0;0.0;0.0;0.0;0.0;0.0;0.0;0.0;0.0;0.0;0.0;0.0;0.0,1778834062,315590740
3103,1778834062,375492746,gps,1.397,-1.177,-0.083,0.0,0.0,0.0,0.028561000000000003;0.0;0.0;0.0;0.0;0.0;0.0;0.028561000000000003;0.0;0.0;0.0;0.0;0.0;0.0;0.028561000000000003;0.0;0.0;0.0;0.0;0.0;0.0;-1.0;0.0;0.0;0.0;0.0;0.0;0.0;0.0;0.0;0.0;0.0;0.0;0.0;0.0;0.0,1778834062,439378459
3104,1778834062,500492682,gps,1.379,-1.183,-0.074,0.0,0.0,0.0,0.029241000000000003;0.0;0.0;0.0;0.0;0.0;0.0;0.029241000000000003;0.0;0.0;0.0;0.0;0.0;0.0;0.029241000000000003;0.0;0.0;0.0;0.0;0.0;0.0;-1.0;0.0;0.0;0.0;0.0;0.0;0.0;0.0;0.0;0.0;0.0;0.0;0.0;0.0;0.0,1778834062,564161634
3105,1778834062,625492617,gps,1.32,-1.167,-0.082,0.0,0.0,0.0,0.029241000000000003;0.0;0.0;0.0;0.0;0.0;0.0;0.029241000000000003;0.0;0.0;0.0;0.0;0.0;0.0;0.029241000000000003;0.0;0.0;0.0;0.0;0.0;0.0;-1.0;0.0;0.0;0.0;0.0;0.0;0.0;0.0;0.0;0.0;0.0;0.0;0.0;0.0;0.0,1778834062,690125686
3106,1778834062,750492553,gps,1.422,-1.181,-0.084,0.0,0.0,0.0,0.029241000000000003;0.0;0.0;0.0;0.0;0.0;0.0;0.029241000000000003;0.0;0.0;0.0;0.0;0.0;0.0;0.029241000000000003;0.0;0.0;0.0;0.0;0.0;0.0;-1.0;0.0;0.0;0.0;0.0;0.0;0.0;0.0;0.0;0.0;0.0;0.0;0.0;0.0;0.0,1778834062,814530069
3107,1778834062,875492488,gps,1.3860000000000001,-1.23,-0.07,0.0,0.0,0.0,0.029241000000000003;0.0;0.0;0.0;0.0;0.0;0.0;0.029241000000000003;0.0;0.0;0.0;0.0;0.0;0.0;0.029241000000000003;0.0;0.0;0.0;0.0;0.0;0.0;-1.0;0.0;0.0;0.0;0.0;0.0;0.0;0.0;0.0;0.0;0.0;0.0;0.0;0.0;0.0,1778834062,940420327
3108,1778834063,492423,gps,1.454,-1.298,-0.078,0.0,0.0,0.0,0.029241000000000003;0.0;0.0;0.0;0.0;0.0;0.0;0.029241000000000003;0.0;0.0;0.0;0.0;0.0;0.0;0.029241000000000003;0.0;0.0;0.0;0.0;0.0;0.0;-1.0;0.0;0.0;0.0;0.0;0.0;0.0;0.0;0.0;0.0;0.0;0.0;0.0;0.0;0.0,1778834063,69629374
3109,1778834063,125492359,gps,1.605,-1.387,-0.075,0.0,0.0,0.0,0.029241000000000003;0.0;0.0;0.0;0.0;0.0;0.0;0.029241000000000003;0.0;0.0;0.0;0.0;0.0;0.0;0.029241000000000003;0.0;0.0;0.0;0.0;0.0;0.0;-1.0;0.0;0.0;0.0;0.0;0.0;0.0;0.0;0.0;0.0;0.0;0.0;0.0;0.0;0.0,1778834063,189830464
3110,1778834063,250492294,gps,1.705,-1.469,-0.096,0.0,0.0,0.0,0.029929000000000004;0.0;0.0;0.0;0.0;0.0;0.0;0.029929000000000004;0.0;0.0;0.0;0.0;0.0;0.0;0.029929000000000004;0.0;0.0;0.0;0.0;0.0;0.0;-1.0;0.0;0.0;0.0;0.0;0.0;0.0;0.0;0.0;0.0;0.0;0.0;0.0;0.0;0.0,1778834063,316014163
3111,1778834063,375492230,gps,1.7710000000000001,-1.606,-0.10200000000000001,0.0,0.0,0.0,0.029584000000000006;0.0;0.0;0.0;0.0;0.0;0.0;0.029584000000000006;0.0;0.0;0.0;0.0;0.0;0.0;0.029584000000000006;0.0;0.0;0.0;0.0;0.0;0.0;-1.0;0.0;0.0;0.0;0.0;0.0;0.0;0.0;0.0;0.0;0.0;0.0;0.0;0.0;0.0,1778834063,441562133
3112,1778834063,500492165,gps,1.8880000000000001,-1.647,-0.111,0.0,0.0,0.0,0.029584000000000006;0.0;0.0;0.0;0.0;0.0;0.0;0.029584000000000006;0.0;0.0;0.0;0.0;0.0;0.0;0.029584000000000006;0.0;0.0;0.0;0.0;0.0;0.0;-1.0;0.0;0.0;0.0;0.0;0.0;0.0;0.0;0.0;0.0;0.0;0.0;0.0;0.0;0.0,1778834063,566612692
3113,1778834063,625492101,gps,1.979,-1.7910000000000001,-0.11,0.0,0.0,0.0,0.029584000000000006;0.0;0.0;0.0;0.0;0.0;0.0;0.029584000000000006;0.0;0.0;0.0;0.0;0.0;0.0;0.029584000000000006;0.0;0.0;0.0;0.0;0.0;0.0;-1.0;0.0;0.0;0.0;0.0;0.0;0.0;0.0;0.0;0.0;0.0;0.0;0.0;0.0;0.0,1778834063,691847309
3114,1778834063,750492036,gps,2.079,-1.883,-0.10400000000000001,0.0,0.0,0.0,0.029241000000000003;0.0;0.0;0.0;0.0;0.0;0.0;0.029241000000000003;0.0;0.0;0.0;0.0;0.0;0.0;0.029241000000000003;0.0;0.0;0.0;0.0;0.0;0.0;-1.0;0.0;0.0;0.0;0.0;0.0;0.0;0.0;0.0;0.0;0.0;0.0;0.0;0.0;0.0,1778834063,813451568
3115,1778834063,875491971,gps,2.236,-2.08,-0.101,0.0,0.0,0.0,0.029584000000000006;0.0;0.0;0.0;0.0;0.0;0.0;0.029584000000000006;0.0;0.0;0.0;0.0;0.0;0.0;0.029584000000000006;0.0;0.0;0.0;0.0;0.0;0.0;-1.0;0.0;0.0;0.0;0.0;0.0;0.0;0.0;0.0;0.0;0.0;0.0;0.0;0.0;0.0,1778834063,940632970
3116,1778834064,491907,gps,2.365,-2.184,-0.11900000000000001,0.0,0.0,0.0,0.029929000000000004;0.0;0.0;0.0;0.0;0.0;0.0;0.029929000000000004;0.0;0.0;0.0;0.0;0.0;0.0;0.029929000000000004;0.0;0.0;0.0;0.0;0.0;0.0;-1.0;0.0;0.0;0.0;0.0;0.0;0.0;0.0;0.0;0.0;0.0;0.0;0.0;0.0;0.0,1778834064,70940038
3117,1778834064,125491842,gps,2.47,-2.23,-0.116,0.0,0.0,0.0,0.029584000000000006;0.0;0.0;0.0;0.0;0.0;0.0;0.029584000000000006;0.0;0.0;0.0;0.0;0.0;0.0;0.029584000000000006;0.0;0.0;0.0;0.0;0.0;0.0;-1.0;0.0;0.0;0.0;0.0;0.0;0.0;0.0;0.0;0.0;0.0;0.0;0.0;0.0;0.0,1778834064,191894668
3118,1778834064,250491778,gps,2.528,-2.414,-0.132,0.0,0.0,0.0,0.029241000000000003;0.0;0.0;0.0;0.0;0.0;0.0;0.029241000000000003;0.0;0.0;0.0;0.0;0.0;0.0;0.029241000000000003;0.0;0.0;0.0;0.0;0.0;0.0;-1.0;0.0;0.0;0.0;0.0;0.0;0.0;0.0;0.0;0.0;0.0;0.0;0.0;0.0;0.0,1778834064,317169048
3119,1778834064,375491713,gps,2.5420000000000003,-2.5300000000000002,-0.125,0.0,0.0,0.0,0.029241000000000003;0.0;0.0;0.0;0.0;0.0;0.0;0.029241000000000003;0.0;0.0;0.0;0.0;0.0;0.0;0.029241000000000003;0.0;0.0;0.0;0.0;0.0;0.0;-1.0;0.0;0.0;0.0;0.0;0.0;0.0;0.0;0.0;0.0;0.0;0.0;0.0;0.0;0.0,1778834064,442084810
3120,1778834064,500491648,gps,2.61,-2.5300000000000002,-0.126,0.0,0.0,0.0,0.029929000000000004;0.0;0.0;0.0;0.0;0.0;0.0;0.029929000000000004;0.0;0.0;0.0;0.0;0.0;0.0;0.029929000000000004;0.0;0.0;0.0;0.0;0.0;0.0;-1.0;0.0;0.0;0.0;0.0;0.0;0.0;0.0;0.0;0.0;0.0;0.0;0.0;0.0;0.0,1778834064,566720499
3121,1778834064,625491584,gps,2.553,-2.587,-0.135,0.0,0.0,0.0,0.029584000000000006;0.0;0.0;0.0;0.0;0.0;0.0;0.029584000000000006;0.0;0.0;0.0;0.0;0.0;0.0;0.029584000000000006;0.0;0.0;0.0;0.0;0.0;0.0;-1.0;0.0;0.0;0.0;0.0;0.0;0.0;0.0;0.0;0.0;0.0;0.0;0.0;0.0;0.0,1778834064,687437891
3122,1778834064,750491519,gps,2.5260000000000002,-2.525,-0.132,0.0,0.0,0.0,0.029584000000000006;0.0;0.0;0.0;0.0;0.0;0.0;0.029584000000000006;0.0;0.0;0.0;0.0;0.0;0.0;0.029584000000000006;0.0;0.0;0.0;0.0;0.0;0.0;-1.0;0.0;0.0;0.0;0.0;0.0;0.0;0.0;0.0;0.0;0.0;0.0;0.0;0.0;0.0,1778834064,815250711
3123,1778834064,875491455,gps,2.424,-2.564,-0.12,0.0,0.0,0.0,0.029584000000000006;0.0;0.0;0.0;0.0;0.0;0.0;0.029584000000000006;0.0;0.0;0.0;0.0;0.0;0.0;0.029584000000000006;0.0;0.0;0.0;0.0;0.0;0.0;-1.0;0.0;0.0;0.0;0.0;0.0;0.0;0.0;0.0;0.0;0.0;0.0;0.0;0.0;0.0,1778834064,941061593
3124,1778834065,491390,gps,2.316,-2.469,-0.122,0.0,0.0,0.0,0.030276000000000004;0.0;0.0;0.0;0.0;0.0;0.0;0.030276000000000004;0.0;0.0;0.0;0.0;0.0;0.0;0.030276000000000004;0.0;0.0;0.0;0.0;0.0;0.0;-1.0;0.0;0.0;0.0;0.0;0.0;0.0;0.0;0.0;0.0;0.0;0.0;0.0;0.0;0.0,1778834065,71569983
3125,1778834065,125491325,gps,2.336,-2.45,-0.113,0.0,0.0,0.0,0.029929000000000004;0.0;0.0;0.0;0.0;0.0;0.0;0.029929000000000004;0.0;0.0;0.0;0.0;0.0;0.0;0.029929000000000004;0.0;0.0;0.0;0.0;0.0;0.0;-1.0;0.0;0.0;0.0;0.0;0.0;0.0;0.0;0.0;0.0;0.0;0.0;0.0;0.0;0.0,1778834065,191709482
3126,1778834065,250491261,gps,2.334,-2.48,-0.10200000000000001,0.0,0.0,0.0,0.029929000000000004;0.0;0.0;0.0;0.0;0.0;0.0;0.029929000000000004;0.0;0.0;0.0;0.0;0.0;0.0;0.029929000000000004;0.0;0.0;0.0;0.0;0.0;0.0;-1.0;0.0;0.0;0.0;0.0;0.0;0.0;0.0;0.0;0.0;0.0;0.0;0.0;0.0;0.0,1778834065,316347754
3127,1778834065,375491196,gps,2.234,-2.4050000000000002,-0.112,0.0,0.0,0.0,0.029584000000000006;0.0;0.0;0.0;0.0;0.0;0.0;0.029584000000000006;0.0;0.0;0.0;0.0;0.0;0.0;0.029584000000000006;0.0;0.0;0.0;0.0;0.0;0.0;-1.0;0.0;0.0;0.0;0.0;0.0;0.0;0.0;0.0;0.0;0.0;0.0;0.0;0.0;0.0,1778834065,439850343
3128,1778834065,500491132,gps,2.165,-2.329,-0.11,0.0,0.0,0.0,0.029584000000000006;0.0;0.0;0.0;0.0;0.0;0.0;0.029584000000000006;0.0;0.0;0.0;0.0;0.0;0.0;0.029584000000000006;0.0;0.0;0.0;0.0;0.0;0.0;-1.0;0.0;0.0;0.0;0.0;0.0;0.0;0.0;0.0;0.0;0.0;0.0;0.0;0.0;0.0,1778834065,560407172
3129,1778834065,625491067,gps,1.971,-2.214,-0.093,0.0,0.0,0.0,0.029584000000000006;0.0;0.0;0.0;0.0;0.0;0.0;0.029584000000000006;0.0;0.0;0.0;0.0;0.0;0.0;0.029584000000000006;0.0;0.0;0.0;0.0;0.0;0.0;-1.0;0.0;0.0;0.0;0.0;0.0;0.0;0.0;0.0;0.0;0.0;0.0;0.0;0.0;0.0,1778834065,689909487
3130,1778834065,750491002,gps,1.891,-1.985,-0.082,0.0,0.0,0.0,0.029584000000000006;0.0;0.0;0.0;0.0;0.0;0.0;0.029584000000000006;0.0;0.0;0.0;0.0;0.0;0.0;0.029584000000000006;0.0;0.0;0.0;0.0;0.0;0.0;-1.0;0.0;0.0;0.0;0.0;0.0;0.0;0.0;0.0;0.0;0.0;0.0;0.0;0.0;0.0,1778834065,815105221
3131,1778834065,875490938,gps,1.854,-1.7610000000000001,-0.085,0.0,0.0,0.0,0.029584000000000006;0.0;0.0;0.0;0.0;0.0;0.0;0.029584000000000006;0.0;0.0;0.0;0.0;0.0;0.0;0.029584000000000006;0.0;0.0;0.0;0.0;0.0;0.0;-1.0;0.0;0.0;0.0;0.0;0.0;0.0;0.0;0.0;0.0;0.0;0.0;0.0;0.0;0.0,1778834065,940185437
3132,1778834066,490873,gps,1.736,-1.6540000000000001,-0.085,0.0,0.0,0.0,0.029241000000000003;0.0;0.0;0.0;0.0;0.0;0.0;0.029241000000000003;0.0;0.0;0.0;0.0;0.0;0.0;0.029241000000000003;0.0;0.0;0.0;0.0;0.0;0.0;-1.0;0.0;0.0;0.0;0.0;0.0;0.0;0.0;0.0;0.0;0.0;0.0;0.0;0.0;0.0,1778834066,70051803
3133,1778834066,125490808,gps,1.598,-1.6440000000000001,-0.079,0.0,0.0,0.0,0.029584000000000006;0.0;0.0;0.0;0.0;0.0;0.0;0.029584000000000006;0.0;0.0;0.0;0.0;0.0;0.0;0.029584000000000006;0.0;0.0;0.0;0.0;0.0;0.0;-1.0;0.0;0.0;0.0;0.0;0.0;0.0;0.0;0.0;0.0;0.0;0.0;0.0;0.0;0.0,1778834066,190755537
3134,1778834066,250490744,gps,1.591,-1.456,-0.07200000000000001,0.0,0.0,0.0,0.029241000000000003;0.0;0.0;0.0;0.0;0.0;0.0;0.029241000000000003;0.0;0.0;0.0;0.0;0.0;0.0;0.029241000000000003;0.0;0.0;0.0;0.0;0.0;0.0;-1.0;0.0;0.0;0.0;0.0;0.0;0.0;0.0;0.0;0.0;0.0;0.0;0.0;0.0;0.0,1778834066,316215297
3135,1778834066,375490679,gps,1.516,-1.424,-0.074,0.0,0.0,0.0,0.029241000000000003;0.0;0.0;0.0;0.0;0.0;0.0;0.029241000000000003;0.0;0.0;0.0;0.0;0.0;0.0;0.029241000000000003;0.0;0.0;0.0;0.0;0.0;0.0;-1.0;0.0;0.0;0.0;0.0;0.0;0.0;0.0;0.0;0.0;0.0;0.0;0.0;0.0;0.0,1778834066,438343069
3136,1778834066,500490615,gps,1.5310000000000001,-1.499,-0.079,0.0,0.0,0.0,0.029584000000000006;0.0;0.0;0.0;0.0;0.0;0.0;0.029584000000000006;0.0;0.0;0.0;0.0;0.0;0.0;0.029584000000000006;0.0;0.0;0.0;0.0;0.0;0.0;-1.0;0.0;0.0;0.0;0.0;0.0;0.0;0.0;0.0;0.0;0.0;0.0;0.0;0.0;0.0,1778834066,564340733
3137,1778834066,625490550,gps,1.567,-1.493,-0.066,0.0,0.0,0.0,0.029584000000000006;0.0;0.0;0.0;0.0;0.0;0.0;0.029584000000000006;0.0;0.0;0.0;0.0;0.0;0.0;0.029584000000000006;0.0;0.0;0.0;0.0;0.0;0.0;-1.0;0.0;0.0;0.0;0.0;0.0;0.0;0.0;0.0;0.0;0.0;0.0;0.0;0.0;0.0,1778834066,690344587
3138,1778834066,750490485,gps,1.548,-1.483,-0.08600000000000001,0.0,0.0,0.0,0.029241000000000003;0.0;0.0;0.0;0.0;0.0;0.0;0.029241000000000003;0.0;0.0;0.0;0.0;0.0;0.0;0.029241000000000003;0.0;0.0;0.0;0.0;0.0;0.0;-1.0;0.0;0.0;0.0;0.0;0.0;0.0;0.0;0.0;0.0;0.0;0.0;0.0;0.0;0.0,1778834066,814120298
3139,1778834066,875490421,gps,1.6320000000000001,-1.543,-0.074,0.0,0.0,0.0,0.029929000000000004;0.0;0.0;0.0;0.0;0.0;0.0;0.029929000000000004;0.0;0.0;0.0;0.0;0.0;0.0;0.029929000000000004;0.0;0.0;0.0;0.0;0.0;0.0;-1.0;0.0;0.0;0.0;0.0;0.0;0.0;0.0;0.0;0.0;0.0;0.0;0.0;0.0;0.0,1778834066,939388508
3140,1778834067,490356,gps,1.732,-1.663,-0.078,0.0,0.0,0.0,0.029584000000000006;0.0;0.0;0.0;0.0;0.0;0.0;0.029584000000000006;0.0;0.0;0.0;0.0;0.0;0.0;0.029584000000000006;0.0;0.0;0.0;0.0;0.0;0.0;-1.0;0.0;0.0;0.0;0.0;0.0;0.0;0.0;0.0;0.0;0.0;0.0;0.0;0.0;0.0,1778834067,69472210
3141,1778834067,125490292,gps,1.805,-1.768,-0.083,0.0,0.0,0.0,0.029929000000000004;0.0;0.0;0.0;0.0;0.0;0.0;0.029929000000000004;0.0;0.0;0.0;0.0;0.0;0.0;0.029929000000000004;0.0;0.0;0.0;0.0;0.0;0.0;-1.0;0.0;0.0;0.0;0.0;0.0;0.0;0.0;0.0;0.0;0.0;0.0;0.0;0.0;0.0,1778834067,189601266
3142,1778834067,250490227,gps,1.86,-1.78,-0.083,0.0,0.0,0.0,0.029584000000000006;0.0;0.0;0.0;0.0;0.0;0.0;0.029584000000000006;0.0;0.0;0.0;0.0;0.0;0.0;0.029584000000000006;0.0;0.0;0.0;0.0;0.0;0.0;-1.0;0.0;0.0;0.0;0.0;0.0;0.0;0.0;0.0;0.0;0.0;0.0;0.0;0.0;0.0,1778834067,315029022
3143,1778834067,375490162,gps,1.993,-1.9080000000000001,-0.08600000000000001,0.0,0.0,0.0,0.029241000000000003;0.0;0.0;0.0;0.0;0.0;0.0;0.029241000000000003;0.0;0.0;0.0;0.0;0.0;0.0;0.029241000000000003;0.0;0.0;0.0;0.0;0.0;0.0;-1.0;0.0;0.0;0.0;0.0;0.0;0.0;0.0;0.0;0.0;0.0;0.0;0.0;0.0;0.0,1778834067,440061941
3144,1778834067,500490098,gps,2.1390000000000002,-2.0180000000000002,-0.08600000000000001,0.0,0.0,0.0,0.029241000000000003;0.0;0.0;0.0;0.0;0.0;0.0;0.029241000000000003;0.0;0.0;0.0;0.0;0.0;0.0;0.029241000000000003;0.0;0.0;0.0;0.0;0.0;0.0;-1.0;0.0;0.0;0.0;0.0;0.0;0.0;0.0;0.0;0.0;0.0;0.0;0.0;0.0;0.0,1778834067,564011115
3145,1778834067,625490033,gps,2.213,-2.114,-0.08600000000000001,0.0,0.0,0.0,0.029584000000000006;0.0;0.0;0.0;0.0;0.0;0.0;0.029584000000000006;0.0;0.0;0.0;0.0;0.0;0.0;0.029584000000000006;0.0;0.0;0.0;0.0;0.0;0.0;-1.0;0.0;0.0;0.0;0.0;0.0;0.0;0.0;0.0;0.0;0.0;0.0;0.0;0.0;0.0,1778834067,689436389
3146,1778834067,750489969,gps,2.2920000000000003,-2.161,-0.098,0.0,0.0,0.0,0.029929000000000004;0.0;0.0;0.0;0.0;0.0;0.0;0.029929000000000004;0.0;0.0;0.0;0.0;0.0;0.0;0.029929000000000004;0.0;0.0;0.0;0.0;0.0;0.0;-1.0;0.0;0.0;0.0;0.0;0.0;0.0;0.0;0.0;0.0;0.0;0.0;0.0;0.0;0.0,1778834067,812310447
3147,1778834067,875489904,gps,2.242,-2.161,-0.097,0.0,0.0,0.0,0.030276000000000004;0.0;0.0;0.0;0.0;0.0;0.0;0.030276000000000004;0.0;0.0;0.0;0.0;0.0;0.0;0.030276000000000004;0.0;0.0;0.0;0.0;0.0;0.0;-1.0;0.0;0.0;0.0;0.0;0.0;0.0;0.0;0.0;0.0;0.0;0.0;0.0;0.0;0.0,1778834067,939279789
3148,1778834068,489839,gps,2.387,-2.24,-0.101,0.0,0.0,0.0,0.030276000000000004;0.0;0.0;0.0;0.0;0.0;0.0;0.030276000000000004;0.0;0.0;0.0;0.0;0.0;0.0;0.030276000000000004;0.0;0.0;0.0;0.0;0.0;0.0;-1.0;0.0;0.0;0.0;0.0;0.0;0.0;0.0;0.0;0.0;0.0;0.0;0.0;0.0;0.0,1778834068,69002878
3149,1778834068,125489775,gps,2.394,-2.265,-0.101,0.0,0.0,0.0,0.030276000000000004;0.0;0.0;0.0;0.0;0.0;0.0;0.030276000000000004;0.0;0.0;0.0;0.0;0.0;0.0;0.030276000000000004;0.0;0.0;0.0;0.0;0.0;0.0;-1.0;0.0;0.0;0.0;0.0;0.0;0.0;0.0;0.0;0.0;0.0;0.0;0.0;0.0;0.0,1778834068,189899304
3150,1778834068,250489710,gps,2.351,-2.279,-0.101,0.0,0.0,0.0,0.029584000000000006;0.0;0.0;0.0;0.0;0.0;0.0;0.029584000000000006;0.0;0.0;0.0;0.0;0.0;0.0;0.029584000000000006;0.0;0.0;0.0;0.0;0.0;0.0;-1.0;0.0;0.0;0.0;0.0;0.0;0.0;0.0;0.0;0.0;0.0;0.0;0.0;0.0;0.0,1778834068,311810902
3151,1778834068,375489646,gps,2.317,-2.183,-0.11800000000000001,0.0,0.0,0.0,0.029929000000000004;0.0;0.0;0.0;0.0;0.0;0.0;0.029929000000000004;0.0;0.0;0.0;0.0;0.0;0.0;0.029929000000000004;0.0;0.0;0.0;0.0;0.0;0.0;-1.0;0.0;0.0;0.0;0.0;0.0;0.0;0.0;0.0;0.0;0.0;0.0;0.0;0.0;0.0,1778834068,439158457
3152,1778834068,500489581,gps,2.217,-2.101,-0.116,0.0,0.0,0.0,0.029929000000000004;0.0;0.0;0.0;0.0;0.0;0.0;0.029929000000000004;0.0;0.0;0.0;0.0;0.0;0.0;0.029929000000000004;0.0;0.0;0.0;0.0;0.0;0.0;-1.0;0.0;0.0;0.0;0.0;0.0;0.0;0.0;0.0;0.0;0.0;0.0;0.0;0.0;0.0,1778834068,564584303
3153,1778834068,625489516,gps,2.178,-2.029,-0.114,0.0,0.0,0.0,0.029929000000000004;0.0;0.0;0.0;0.0;0.0;0.0;0.029929000000000004;0.0;0.0;0.0;0.0;0.0;0.0;0.029929000000000004;0.0;0.0;0.0;0.0;0.0;0.0;-1.0;0.0;0.0;0.0;0.0;0.0;0.0;0.0;0.0;0.0;0.0;0.0;0.0;0.0;0.0,1778834068,690218988
3154,1778834068,750489452,gps,2.091,-1.967,-0.112,0.0,0.0,0.0,0.029929000000000004;0.0;0.0;0.0;0.0;0.0;0.0;0.029929000000000004;0.0;0.0;0.0;0.0;0.0;0.0;0.029929000000000004;0.0;0.0;0.0;0.0;0.0;0.0;-1.0;0.0;0.0;0.0;0.0;0.0;0.0;0.0;0.0;0.0;0.0;0.0;0.0;0.0;0.0,1778834068,813862633
3155,1778834068,875489387,gps,2.197,-1.978,-0.117,0.0,0.0,0.0,0.030625000000000006;0.0;0.0;0.0;0.0;0.0;0.0;0.030625000000000006;0.0;0.0;0.0;0.0;0.0;0.0;0.030625000000000006;0.0;0.0;0.0;0.0;0.0;0.0;-1.0;0.0;0.0;0.0;0.0;0.0;0.0;0.0;0.0;0.0;0.0;0.0;0.0;0.0;0.0,1778834068,939999651
3156,1778834069,489323,gps,2.117,-1.996,-0.108,0.0,0.0,0.0,0.030625000000000006;0.0;0.0;0.0;0.0;0.0;0.0;0.030625000000000006;0.0;0.0;0.0;0.0;0.0;0.0;0.030625000000000006;0.0;0.0;0.0;0.0;0.0;0.0;-1.0;0.0;0.0;0.0;0.0;0.0;0.0;0.0;0.0;0.0;0.0;0.0;0.0;0.0;0.0,1778834069,69107282
3157,1778834069,125489258,gps,2.015,-2.061,-0.116,0.0,0.0,0.0,0.030975999999999997;0.0;0.0;0.0;0.0;0.0;0.0;0.030975999999999997;0.0;0.0;0.0;0.0;0.0;0.0;0.030975999999999997;0.0;0.0;0.0;0.0;0.0;0.0;-1.0;0.0;0.0;0.0;0.0;0.0;0.0;0.0;0.0;0.0;0.0;0.0;0.0;0.0;0.0,1778834069,187021898
3158,1778834069,250489193,gps,2.142,-2.081,-0.106,0.0,0.0,0.0,0.030276000000000004;0.0;0.0;0.0;0.0;0.0;0.0;0.030276000000000004;0.0;0.0;0.0;0.0;0.0;0.0;0.030276000000000004;0.0;0.0;0.0;0.0;0.0;0.0;-1.0;0.0;0.0;0.0;0.0;0.0;0.0;0.0;0.0;0.0;0.0;0.0;0.0;0.0;0.0,1778834069,315000396
3159,1778834069,375489129,gps,2.2560000000000002,-2.1670000000000003,-0.11800000000000001,0.0,0.0,0.0,0.030276000000000004;0.0;0.0;0.0;0.0;0.0;0.0;0.030276000000000004;0.0;0.0;0.0;0.0;0.0;0.0;0.030276000000000004;0.0;0.0;0.0;0.0;0.0;0.0;-1.0;0.0;0.0;0.0;0.0;0.0;0.0;0.0;0.0;0.0;0.0;0.0;0.0;0.0;0.0,1778834069,440205636
3160,1778834069,500489064,gps,2.309,-2.214,-0.098,0.0,0.0,0.0,0.030276000000000004;0.0;0.0;0.0;0.0;0.0;0.0;0.030276000000000004;0.0;0.0;0.0;0.0;0.0;0.0;0.030276000000000004;0.0;0.0;0.0;0.0;0.0;0.0;-1.0;0.0;0.0;0.0;0.0;0.0;0.0;0.0;0.0;0.0;0.0;0.0;0.0;0.0;0.0,1778834069,564798995
3161,1778834069,625489000,gps,2.2960000000000003,-2.419,-0.098,0.0,0.0,0.0,0.030625000000000006;0.0;0.0;0.0;0.0;0.0;0.0;0.030625000000000006;0.0;0.0;0.0;0.0;0.0;0.0;0.030625000000000006;0.0;0.0;0.0;0.0;0.0;0.0;-1.0;0.0;0.0;0.0;0.0;0.0;0.0;0.0;0.0;0.0;0.0;0.0;0.0;0.0;0.0,1778834069,689922390
3162,1778834069,750488935,gps,2.508,-2.48,-0.099,0.0,0.0,0.0,0.030276000000000004;0.0;0.0;0.0;0.0;0.0;0.0;0.030276000000000004;0.0;0.0;0.0;0.0;0.0;0.0;0.030276000000000004;0.0;0.0;0.0;0.0;0.0;0.0;-1.0;0.0;0.0;0.0;0.0;0.0;0.0;0.0;0.0;0.0;0.0;0.0;0.0;0.0;0.0,1778834069,813199232
3163,1778834069,875488870,gps,2.556,-2.513,-0.116,0.0,0.0,0.0,0.029929000000000004;0.0;0.0;0.0;0.0;0.0;0.0;0.029929000000000004;0.0;0.0;0.0;0.0;0.0;0.0;0.029929000000000004;0.0;0.0;0.0;0.0;0.0;0.0;-1.0;0.0;0.0;0.0;0.0;0.0;0.0;0.0;0.0;0.0;0.0;0.0;0.0;0.0;0.0,1778834069,938949506
3164,1778834070,488806,gps,2.621,-2.641,-0.1,0.0,0.0,0.0,0.030276000000000004;0.0;0.0;0.0;0.0;0.0;0.0;0.030276000000000004;0.0;0.0;0.0;0.0;0.0;0.0;0.030276000000000004;0.0;0.0;0.0;0.0;0.0;0.0;-1.0;0.0;0.0;0.0;0.0;0.0;0.0;0.0;0.0;0.0;0.0;0.0;0.0;0.0;0.0,1778834070,64810236
3165,1778834070,125488741,gps,2.693,-2.714,-0.10200000000000001,0.0,0.0,0.0,0.029929000000000004;0.0;0.0;0.0;0.0;0.0;0.0;0.029929000000000004;0.0;0.0;0.0;0.0;0.0;0.0;0.029929000000000004;0.0;0.0;0.0;0.0;0.0;0.0;-1.0;0.0;0.0;0.0;0.0;0.0;0.0;0.0;0.0;0.0;0.0;0.0;0.0;0.0;0.0,1778834070,189111134
3166,1778834070,250488677,gps,2.689,-2.7680000000000002,-0.089,0.0,0.0,0.0,0.030625000000000006;0.0;0.0;0.0;0.0;0.0;0.0;0.030625000000000006;0.0;0.0;0.0;0.0;0.0;0.0;0.030625000000000006;0.0;0.0;0.0;0.0;0.0;0.0;-1.0;0.0;0.0;0.0;0.0;0.0;0.0;0.0;0.0;0.0;0.0;0.0;0.0;0.0;0.0,1778834070,314627847
3167,1778834070,375488612,gps,2.69,-2.692,-0.096,0.0,0.0,0.0,0.030276000000000004;0.0;0.0;0.0;0.0;0.0;0.0;0.030276000000000004;0.0;0.0;0.0;0.0;0.0;0.0;0.030276000000000004;0.0;0.0;0.0;0.0;0.0;0.0;-1.0;0.0;0.0;0.0;0.0;0.0;0.0;0.0;0.0;0.0;0.0;0.0;0.0;0.0;0.0,1778834070,439638891
3168,1778834070,500488547,gps,2.8040000000000003,-2.678,-0.10400000000000001,0.0,0.0,0.0,0.030625000000000006;0.0;0.0;0.0;0.0;0.0;0.0;0.030625000000000006;0.0;0.0;0.0;0.0;0.0;0.0;0.030625000000000006;0.0;0.0;0.0;0.0;0.0;0.0;-1.0;0.0;0.0;0.0;0.0;0.0;0.0;0.0;0.0;0.0;0.0;0.0;0.0;0.0;0.0,1778834070,564076138
3169,1778834070,625488483,gps,2.734,-2.7720000000000002,-0.096,0.0,0.0,0.0,0.030625000000000006;0.0;0.0;0.0;0.0;0.0;0.0;0.030625000000000006;0.0;0.0;0.0;0.0;0.0;0.0;0.030625000000000006;0.0;0.0;0.0;0.0;0.0;0.0;-1.0;0.0;0.0;0.0;0.0;0.0;0.0;0.0;0.0;0.0;0.0;0.0;0.0;0.0;0.0,1778834070,689557539
3170,1778834070,750488418,gps,2.727,-2.794,-0.11900000000000001,0.0,0.0,0.0,0.030276000000000004;0.0;0.0;0.0;0.0;0.0;0.0;0.030276000000000004;0.0;0.0;0.0;0.0;0.0;0.0;0.030276000000000004;0.0;0.0;0.0;0.0;0.0;0.0;-1.0;0.0;0.0;0.0;0.0;0.0;0.0;0.0;0.0;0.0;0.0;0.0;0.0;0.0;0.0,1778834070,812750436
3171,1778834070,875488354,gps,2.779,-2.82,-0.1,0.0,0.0,0.0,0.030276000000000004;0.0;0.0;0.0;0.0;0.0;0.0;0.030276000000000004;0.0;0.0;0.0;0.0;0.0;0.0;0.030276000000000004;0.0;0.0;0.0;0.0;0.0;0.0;-1.0;0.0;0.0;0.0;0.0;0.0;0.0;0.0;0.0;0.0;0.0;0.0;0.0;0.0;0.0,1778834070,937069967
3172,1778834071,488289,gps,2.746,-2.681,-0.10300000000000001,0.0,0.0,0.0,0.030276000000000004;0.0;0.0;0.0;0.0;0.0;0.0;0.030276000000000004;0.0;0.0;0.0;0.0;0.0;0.0;0.030276000000000004;0.0;0.0;0.0;0.0;0.0;0.0;-1.0;0.0;0.0;0.0;0.0;0.0;0.0;0.0;0.0;0.0;0.0;0.0;0.0;0.0;0.0,1778834071,69319849
3173,1778834071,125488224,gps,2.728,-2.745,-0.111,0.0,0.0,0.0,0.029929000000000004;0.0;0.0;0.0;0.0;0.0;0.0;0.029929000000000004;0.0;0.0;0.0;0.0;0.0;0.0;0.029929000000000004;0.0;0.0;0.0;0.0;0.0;0.0;-1.0;0.0;0.0;0.0;0.0;0.0;0.0;0.0;0.0;0.0;0.0;0.0;0.0;0.0;0.0,1778834071,191415515
3174,1778834071,250488160,gps,2.623,-2.62,-0.11800000000000001,0.0,0.0,0.0,0.030276000000000004;0.0;0.0;0.0;0.0;0.0;0.0;0.030276000000000004;0.0;0.0;0.0;0.0;0.0;0.0;0.030276000000000004;0.0;0.0;0.0;0.0;0.0;0.0;-1.0;0.0;0.0;0.0;0.0;0.0;0.0;0.0;0.0;0.0;0.0;0.0;0.0;0.0;0.0,1778834071,316384923
3175,1778834071,375488095,gps,2.559,-2.476,-0.12,0.0,0.0,0.0,0.030276000000000004;0.0;0.0;0.0;0.0;0.0;0.0;0.030276000000000004;0.0;0.0;0.0;0.0;0.0;0.0;0.030276000000000004;0.0;0.0;0.0;0.0;0.0;0.0;-1.0;0.0;0.0;0.0;0.0;0.0;0.0;0.0;0.0;0.0;0.0;0.0;0.0;0.0;0.0,1778834071,439153687
3176,1778834071,500488031,gps,2.36,-2.302,-0.107,0.0,0.0,0.0,0.029929000000000004;0.0;0.0;0.0;0.0;0.0;0.0;0.029929000000000004;0.0;0.0;0.0;0.0;0.0;0.0;0.029929000000000004;0.0;0.0;0.0;0.0;0.0;0.0;-1.0;0.0;0.0;0.0;0.0;0.0;0.0;0.0;0.0;0.0;0.0;0.0;0.0;0.0;0.0,1778834071,563046503
3177,1778834071,625487966,gps,2.2920000000000003,-2.278,-0.111,0.0,0.0,0.0,0.029929000000000004;0.0;0.0;0.0;0.0;0.0;0.0;0.029929000000000004;0.0;0.0;0.0;0.0;0.0;0.0;0.029929000000000004;0.0;0.0;0.0;0.0;0.0;0.0;-1.0;0.0;0.0;0.0;0.0;0.0;0.0;0.0;0.0;0.0;0.0;0.0;0.0;0.0;0.0,1778834071,689512798
3178,1778834071,750487901,gps,2.096,-2.121,-0.114,0.0,0.0,0.0,0.029584000000000006;0.0;0.0;0.0;0.0;0.0;0.0;0.029584000000000006;0.0;0.0;0.0;0.0;0.0;0.0;0.029584000000000006;0.0;0.0;0.0;0.0;0.0;0.0;-1.0;0.0;0.0;0.0;0.0;0.0;0.0;0.0;0.0;0.0;0.0;0.0;0.0;0.0;0.0,1778834071,813046908
3179,1778834071,875487837,gps,1.97,-2.107,-0.122,0.0,0.0,0.0,0.029241000000000003;0.0;0.0;0.0;0.0;0.0;0.0;0.029241000000000003;0.0;0.0;0.0;0.0;0.0;0.0;0.029241000000000003;0.0;0.0;0.0;0.0;0.0;0.0;-1.0;0.0;0.0;0.0;0.0;0.0;0.0;0.0;0.0;0.0;0.0;0.0;0.0;0.0;0.0,1778834071,938764480
3180,1778834072,487772,gps,2.058,-2.062,-0.11,0.0,0.0,0.0,0.028900000000000006;0.0;0.0;0.0;0.0;0.0;0.0;0.028900000000000006;0.0;0.0;0.0;0.0;0.0;0.0;0.028900000000000006;0.0;0.0;0.0;0.0;0.0;0.0;-1.0;0.0;0.0;0.0;0.0;0.0;0.0;0.0;0.0;0.0;0.0;0.0;0.0;0.0;0.0,1778834072,68040729
3181,1778834072,125487708,gps,1.862,-2.025,-0.106,0.0,0.0,0.0,0.029241000000000003;0.0;0.0;0.0;0.0;0.0;0.0;0.029241000000000003;0.0;0.0;0.0;0.0;0.0;0.0;0.029241000000000003;0.0;0.0;0.0;0.0;0.0;0.0;-1.0;0.0;0.0;0.0;0.0;0.0;0.0;0.0;0.0;0.0;0.0;0.0;0.0;0.0;0.0,1778834072,190529173
3182,1778834072,250487643,gps,1.923,-1.848,-0.105,0.0,0.0,0.0,0.029241000000000003;0.0;0.0;0.0;0.0;0.0;0.0;0.029241000000000003;0.0;0.0;0.0;0.0;0.0;0.0;0.029241000000000003;0.0;0.0;0.0;0.0;0.0;0.0;-1.0;0.0;0.0;0.0;0.0;0.0;0.0;0.0;0.0;0.0;0.0;0.0;0.0;0.0;0.0,1778834072,314854894
3183,1778834072,375487579,gps,1.897,-1.8900000000000001,-0.105,0.0,0.0,0.0,0.029241000000000003;0.0;0.0;0.0;0.0;0.0;0.0;0.029241000000000003;0.0;0.0;0.0;0.0;0.0;0.0;0.029241000000000003;0.0;0.0;0.0;0.0;0.0;0.0;-1.0;0.0;0.0;0.0;0.0;0.0;0.0;0.0;0.0;0.0;0.0;0.0;0.0;0.0;0.0,1778834072,439855283
3184,1778834072,500487514,gps,1.8820000000000001,-1.953,-0.082,0.0,0.0,0.0,0.028900000000000006;0.0;0.0;0.0;0.0;0.0;0.0;0.028900000000000006;0.0;0.0;0.0;0.0;0.0;0.0;0.028900000000000006;0.0;0.0;0.0;0.0;0.0;0.0;-1.0;0.0;0.0;0.0;0.0;0.0;0.0;0.0;0.0;0.0;0.0;0.0;0.0;0.0;0.0,1778834072,564474781
3185,1778834072,625487449,gps,1.935,-1.937,-0.105,0.0,0.0,0.0,0.028900000000000006;0.0;0.0;0.0;0.0;0.0;0.0;0.028900000000000006;0.0;0.0;0.0;0.0;0.0;0.0;0.028900000000000006;0.0;0.0;0.0;0.0;0.0;0.0;-1.0;0.0;0.0;0.0;0.0;0.0;0.0;0.0;0.0;0.0;0.0;0.0;0.0;0.0;0.0,1778834072,691324897
3186,1778834072,750487385,gps,1.891,-2.008,-0.093,0.0,0.0,0.0,0.029241000000000003;0.0;0.0;0.0;0.0;0.0;0.0;0.029241000000000003;0.0;0.0;0.0;0.0;0.0;0.0;0.029241000000000003;0.0;0.0;0.0;0.0;0.0;0.0;-1.0;0.0;0.0;0.0;0.0;0.0;0.0;0.0;0.0;0.0;0.0;0.0;0.0;0.0;0.0,1778834072,812351831
3187,1778834072,875487320,gps,2.036,-2.088,-0.107,0.0,0.0,0.0,0.029584000000000006;0.0;0.0;0.0;0.0;0.0;0.0;0.029584000000000006;0.0;0.0;0.0;0.0;0.0;0.0;0.029584000000000006;0.0;0.0;0.0;0.0;0.0;0.0;-1.0;0.0;0.0;0.0;0.0;0.0;0.0;0.0;0.0;0.0;0.0;0.0;0.0;0.0;0.0,1778834072,939652176
3188,1778834073,487256,gps,2.101,-2.218,-0.096,0.0,0.0,0.0,0.028900000000000006;0.0;0.0;0.0;0.0;0.0;0.0;0.028900000000000006;0.0;0.0;0.0;0.0;0.0;0.0;0.028900000000000006;0.0;0.0;0.0;0.0;0.0;0.0;-1.0;0.0;0.0;0.0;0.0;0.0;0.0;0.0;0.0;0.0;0.0;0.0;0.0;0.0;0.0,1778834073,68950163
3189,1778834073,125487191,gps,2.214,-2.29,-0.1,0.0,0.0,0.0,0.028900000000000006;0.0;0.0;0.0;0.0;0.0;0.0;0.028900000000000006;0.0;0.0;0.0;0.0;0.0;0.0;0.028900000000000006;0.0;0.0;0.0;0.0;0.0;0.0;-1.0;0.0;0.0;0.0;0.0;0.0;0.0;0.0;0.0;0.0;0.0;0.0;0.0;0.0;0.0,1778834073,189269294
3190,1778834073,250487126,gps,2.255,-2.343,-0.117,0.0,0.0,0.0,0.028900000000000006;0.0;0.0;0.0;0.0;0.0;0.0;0.028900000000000006;0.0;0.0;0.0;0.0;0.0;0.0;0.028900000000000006;0.0;0.0;0.0;0.0;0.0;0.0;-1.0;0.0;0.0;0.0;0.0;0.0;0.0;0.0;0.0;0.0;0.0;0.0;0.0;0.0;0.0,1778834073,314827535
3191,1778834073,375487062,gps,2.336,-2.536,-0.129,0.0,0.0,0.0,0.028900000000000006;0.0;0.0;0.0;0.0;0.0;0.0;0.028900000000000006;0.0;0.0;0.0;0.0;0.0;0.0;0.028900000000000006;0.0;0.0;0.0;0.0;0.0;0.0;-1.0;0.0;0.0;0.0;0.0;0.0;0.0;0.0;0.0;0.0;0.0;0.0;0.0;0.0;0.0,1778834073,439648641
3192,1778834073,500486997,gps,2.451,-2.432,-0.126,0.0,0.0,0.0,0.028900000000000006;0.0;0.0;0.0;0.0;0.0;0.0;0.028900000000000006;0.0;0.0;0.0;0.0;0.0;0.0;0.028900000000000006;0.0;0.0;0.0;0.0;0.0;0.0;-1.0;0.0;0.0;0.0;0.0;0.0;0.0;0.0;0.0;0.0;0.0;0.0;0.0;0.0;0.0,1778834073,563786139
3193,1778834073,625486933,gps,2.3930000000000002,-2.464,-0.10200000000000001,0.0,0.0,0.0,0.028561000000000003;0.0;0.0;0.0;0.0;0.0;0.0;0.028561000000000003;0.0;0.0;0.0;0.0;0.0;0.0;0.028561000000000003;0.0;0.0;0.0;0.0;0.0;0.0;-1.0;0.0;0.0;0.0;0.0;0.0;0.0;0.0;0.0;0.0;0.0;0.0;0.0;0.0;0.0,1778834073,685743395
3194,1778834073,750486868,gps,2.285,-2.499,-0.098,0.0,0.0,0.0,0.028561000000000003;0.0;0.0;0.0;0.0;0.0;0.0;0.028561000000000003;0.0;0.0;0.0;0.0;0.0;0.0;0.028561000000000003;0.0;0.0;0.0;0.0;0.0;0.0;-1.0;0.0;0.0;0.0;0.0;0.0;0.0;0.0;0.0;0.0;0.0;0.0;0.0;0.0;0.0,1778834073,812542907
3195,1778834073,875486803,gps,2.224,-2.23,-0.097,0.0,0.0,0.0,0.028561000000000003;0.0;0.0;0.0;0.0;0.0;0.0;0.028561000000000003;0.0;0.0;0.0;0.0;0.0;0.0;0.028561000000000003;0.0;0.0;0.0;0.0;0.0;0.0;-1.0;0.0;0.0;0.0;0.0;0.0;0.0;0.0;0.0;0.0;0.0;0.0;0.0;0.0;0.0,1778834073,938497093
3196,1778834074,486739,gps,1.985,-2.166,-0.094,0.0,0.0,0.0,0.028561000000000003;0.0;0.0;0.0;0.0;0.0;0.0;0.028561000000000003;0.0;0.0;0.0;0.0;0.0;0.0;0.028561000000000003;0.0;0.0;0.0;0.0;0.0;0.0;-1.0;0.0;0.0;0.0;0.0;0.0;0.0;0.0;0.0;0.0;0.0;0.0;0.0;0.0;0.0,1778834074,69026728
3197,1778834074,125486674,gps,1.83,-1.885,-0.101,0.0,0.0,0.0,0.028561000000000003;0.0;0.0;0.0;0.0;0.0;0.0;0.028561000000000003;0.0;0.0;0.0;0.0;0.0;0.0;0.028561000000000003;0.0;0.0;0.0;0.0;0.0;0.0;-1.0;0.0;0.0;0.0;0.0;0.0;0.0;0.0;0.0;0.0;0.0;0.0;0.0;0.0;0.0,1778834074,189789538
3198,1778834074,250486610,gps,1.577,-1.782,-0.083,0.0,0.0,0.0,0.028900000000000006;0.0;0.0;0.0;0.0;0.0;0.0;0.028900000000000006;0.0;0.0;0.0;0.0;0.0;0.0;0.028900000000000006;0.0;0.0;0.0;0.0;0.0;0.0;-1.0;0.0;0.0;0.0;0.0;0.0;0.0;0.0;0.0;0.0;0.0;0.0;0.0;0.0;0.0,1778834074,314004786
3199,1778834074,375486545,gps,1.43,-1.6580000000000001,-0.093,0.0,0.0,0.0,0.028561000000000003;0.0;0.0;0.0;0.0;0.0;0.0;0.028561000000000003;0.0;0.0;0.0;0.0;0.0;0.0;0.028561000000000003;0.0;0.0;0.0;0.0;0.0;0.0;-1.0;0.0;0.0;0.0;0.0;0.0;0.0;0.0;0.0;0.0;0.0;0.0;0.0;0.0;0.0,1778834074,438360557
3200,1778834074,500486481,gps,1.297,-1.3860000000000001,-0.1,0.0,0.0,0.0,0.028561000000000003;0.0;0.0;0.0;0.0;0.0;0.0;0.028561000000000003;0.0;0.0;0.0;0.0;0.0;0.0;0.028561000000000003;0.0;0.0;0.0;0.0;0.0;0.0;-1.0;0.0;0.0;0.0;0.0;0.0;0.0;0.0;0.0;0.0;0.0;0.0;0.0;0.0;0.0,1778834074,559169268
3201,1778834074,625486416,gps,1.122,-1.224,-0.092,0.0,0.0,0.0,0.028900000000000006;0.0;0.0;0.0;0.0;0.0;0.0;0.028900000000000006;0.0;0.0;0.0;0.0;0.0;0.0;0.028900000000000006;0.0;0.0;0.0;0.0;0.0;0.0;-1.0;0.0;0.0;0.0;0.0;0.0;0.0;0.0;0.0;0.0;0.0;0.0;0.0;0.0;0.0,1778834074,688256508
3202,1778834074,750486351,gps,1.055,-1.111,-0.085,0.0,0.0,0.0,0.028900000000000006;0.0;0.0;0.0;0.0;0.0;0.0;0.028900000000000006;0.0;0.0;0.0;0.0;0.0;0.0;0.028900000000000006;0.0;0.0;0.0;0.0;0.0;0.0;-1.0;0.0;0.0;0.0;0.0;0.0;0.0;0.0;0.0;0.0;0.0;0.0;0.0;0.0;0.0,1778834074,812901963
3203,1778834074,875486287,gps,0.8190000000000001,-1.058,-0.079,0.0,0.0,0.0,0.029584000000000006;0.0;0.0;0.0;0.0;0.0;0.0;0.029584000000000006;0.0;0.0;0.0;0.0;0.0;0.0;0.029584000000000006;0.0;0.0;0.0;0.0;0.0;0.0;-1.0;0.0;0.0;0.0;0.0;0.0;0.0;0.0;0.0;0.0;0.0;0.0;0.0;0.0;0.0,1778834074,938245840
3204,1778834075,486222,gps,0.775,-0.9380000000000001,-0.067,0.0,0.0,0.0,0.029929000000000004;0.0;0.0;0.0;0.0;0.0;0.0;0.029929000000000004;0.0;0.0;0.0;0.0;0.0;0.0;0.029929000000000004;0.0;0.0;0.0;0.0;0.0;0.0;-1.0;0.0;0.0;0.0;0.0;0.0;0.0;0.0;0.0;0.0;0.0;0.0;0.0;0.0;0.0,1778834075,67282561
3205,1778834075,125486157,gps,0.6900000000000001,-0.926,-0.078,0.0,0.0,0.0,0.030276000000000004;0.0;0.0;0.0;0.0;0.0;0.0;0.030276000000000004;0.0;0.0;0.0;0.0;0.0;0.0;0.030276000000000004;0.0;0.0;0.0;0.0;0.0;0.0;-1.0;0.0;0.0;0.0;0.0;0.0;0.0;0.0;0.0;0.0;0.0;0.0;0.0;0.0;0.0,1778834075,188880371
3206,1778834075,250486093,gps,0.541,-0.9440000000000001,-0.08600000000000001,0.0,0.0,0.0,0.030625000000000006;0.0;0.0;0.0;0.0;0.0;0.0;0.030625000000000006;0.0;0.0;0.0;0.0;0.0;0.0;0.030625000000000006;0.0;0.0;0.0;0.0;0.0;0.0;-1.0;0.0;0.0;0.0;0.0;0.0;0.0;0.0;0.0;0.0;0.0;0.0;0.0;0.0;0.0,1778834075,314156577
3207,1778834075,375486028,gps,0.64,-0.9470000000000001,-0.064,0.0,0.0,0.0,0.029929000000000004;0.0;0.0;0.0;0.0;0.0;0.0;0.029929000000000004;0.0;0.0;0.0;0.0;0.0;0.0;0.029929000000000004;0.0;0.0;0.0;0.0;0.0;0.0;-1.0;0.0;0.0;0.0;0.0;0.0;0.0;0.0;0.0;0.0;0.0;0.0;0.0;0.0;0.0,1778834075,437207289
3208,1778834075,500485964,gps,0.659,-0.867,-0.079,0.0,0.0,0.0,0.029584000000000006;0.0;0.0;0.0;0.0;0.0;0.0;0.029584000000000006;0.0;0.0;0.0;0.0;0.0;0.0;0.029584000000000006;0.0;0.0;0.0;0.0;0.0;0.0;-1.0;0.0;0.0;0.0;0.0;0.0;0.0;0.0;0.0;0.0;0.0;0.0;0.0;0.0;0.0,1778834075,565481812
3209,1778834075,625485899,gps,0.585,-1.052,-0.062,0.0,0.0,0.0,0.032041;0.0;0.0;0.0;0.0;0.0;0.0;0.032041;0.0;0.0;0.0;0.0;0.0;0.0;0.032041;0.0;0.0;0.0;0.0;0.0;0.0;-1.0;0.0;0.0;0.0;0.0;0.0;0.0;0.0;0.0;0.0;0.0;0.0;0.0;0.0;0.0,1778834075,691059371
3210,1778834075,750485835,gps,0.663,-1.167,-0.07100000000000001,0.0,0.0,0.0,0.031684;0.0;0.0;0.0;0.0;0.0;0.0;0.031684;0.0;0.0;0.0;0.0;0.0;0.0;0.031684;0.0;0.0;0.0;0.0;0.0;0.0;-1.0;0.0;0.0;0.0;0.0;0.0;0.0;0.0;0.0;0.0;0.0;0.0;0.0;0.0;0.0,1778834075,814476524
3211,1778834075,875485770,gps,0.79,-1.197,-0.08700000000000001,0.0,0.0,0.0,0.032761;0.0;0.0;0.0;0.0;0.0;0.0;0.032761;0.0;0.0;0.0;0.0;0.0;0.0;0.032761;0.0;0.0;0.0;0.0;0.0;0.0;-1.0;0.0;0.0;0.0;0.0;0.0;0.0;0.0;0.0;0.0;0.0;0.0;0.0;0.0;0.0,1778834075,939366752
3212,1778834076,485705,gps,0.79,-1.461,-0.08700000000000001,0.0,0.0,0.0,0.031684;0.0;0.0;0.0;0.0;0.0;0.0;0.031684;0.0;0.0;0.0;0.0;0.0;0.0;0.031684;0.0;0.0;0.0;0.0;0.0;0.0;-1.0;0.0;0.0;0.0;0.0;0.0;0.0;0.0;0.0;0.0;0.0;0.0;0.0;0.0;0.0,1778834076,68900090
3213,1778834076,125485641,gps,0.883,-1.5,-0.07,0.0,0.0,0.0,0.031684;0.0;0.0;0.0;0.0;0.0;0.0;0.031684;0.0;0.0;0.0;0.0;0.0;0.0;0.031684;0.0;0.0;0.0;0.0;0.0;0.0;-1.0;0.0;0.0;0.0;0.0;0.0;0.0;0.0;0.0;0.0;0.0;0.0;0.0;0.0;0.0,1778834076,189304863
3214,1778834076,250485576,gps,0.907,-1.606,-0.101,0.0,0.0,0.0,0.033489;0.0;0.0;0.0;0.0;0.0;0.0;0.033489;0.0;0.0;0.0;0.0;0.0;0.0;0.033489;0.0;0.0;0.0;0.0;0.0;0.0;-1.0;0.0;0.0;0.0;0.0;0.0;0.0;0.0;0.0;0.0;0.0;0.0;0.0;0.0;0.0,1778834076,314337689
3215,1778834076,375485512,gps,1.0210000000000001,-1.7750000000000001,-0.101,0.0,0.0,0.0,0.030975999999999997;0.0;0.0;0.0;0.0;0.0;0.0;0.030975999999999997;0.0;0.0;0.0;0.0;0.0;0.0;0.030975999999999997;0.0;0.0;0.0;0.0;0.0;0.0;-1.0;0.0;0.0;0.0;0.0;0.0;0.0;0.0;0.0;0.0;0.0;0.0;0.0;0.0;0.0,1778834076,439361827
3216,1778834076,500485447,gps,1.041,-1.858,-0.088,0.0,0.0,0.0,0.031328999999999996;0.0;0.0;0.0;0.0;0.0;0.0;0.031328999999999996;0.0;0.0;0.0;0.0;0.0;0.0;0.031328999999999996;0.0;0.0;0.0;0.0;0.0;0.0;-1.0;0.0;0.0;0.0;0.0;0.0;0.0;0.0;0.0;0.0;0.0;0.0;0.0;0.0;0.0,1778834076,563396101
3217,1778834076,625485383,gps,1.047,-1.961,-0.11,0.0,0.0,0.0,0.031684;0.0;0.0;0.0;0.0;0.0;0.0;0.031684;0.0;0.0;0.0;0.0;0.0;0.0;0.031684;0.0;0.0;0.0;0.0;0.0;0.0;-1.0;0.0;0.0;0.0;0.0;0.0;0.0;0.0;0.0;0.0;0.0;0.0;0.0;0.0;0.0,1778834076,688481849
3218,1778834076,750485318,gps,1.092,-2.108,-0.113,0.0,0.0,0.0,0.031684;0.0;0.0;0.0;0.0;0.0;0.0;0.031684;0.0;0.0;0.0;0.0;0.0;0.0;0.031684;0.0;0.0;0.0;0.0;0.0;0.0;-1.0;0.0;0.0;0.0;0.0;0.0;0.0;0.0;0.0;0.0;0.0;0.0;0.0;0.0;0.0,1778834076,812127521
3219,1778834076,875485253,gps,1.18,-2.216,-0.107,0.0,0.0,0.0,0.031328999999999996;0.0;0.0;0.0;0.0;0.0;0.0;0.031328999999999996;0.0;0.0;0.0;0.0;0.0;0.0;0.031328999999999996;0.0;0.0;0.0;0.0;0.0;0.0;-1.0;0.0;0.0;0.0;0.0;0.0;0.0;0.0;0.0;0.0;0.0;0.0;0.0;0.0;0.0,1778834076,938318469
3220,1778834077,485189,gps,1.197,-2.297,-0.113,0.0,0.0,0.0,0.031684;0.0;0.0;0.0;0.0;0.0;0.0;0.031684;0.0;0.0;0.0;0.0;0.0;0.0;0.031684;0.0;0.0;0.0;0.0;0.0;0.0;-1.0;0.0;0.0;0.0;0.0;0.0;0.0;0.0;0.0;0.0;0.0;0.0;0.0;0.0;0.0,1778834077,67636668
3221,1778834077,125485124,gps,1.089,-2.22,-0.10400000000000001,0.0,0.0,0.0,0.031328999999999996;0.0;0.0;0.0;0.0;0.0;0.0;0.031328999999999996;0.0;0.0;0.0;0.0;0.0;0.0;0.031328999999999996;0.0;0.0;0.0;0.0;0.0;0.0;-1.0;0.0;0.0;0.0;0.0;0.0;0.0;0.0;0.0;0.0;0.0;0.0;0.0;0.0;0.0,1778834077,190261279
3222,1778834077,250485060,gps,1.079,-2.243,-0.096,0.0,0.0,0.0,0.031328999999999996;0.0;0.0;0.0;0.0;0.0;0.0;0.031328999999999996;0.0;0.0;0.0;0.0;0.0;0.0;0.031328999999999996;0.0;0.0;0.0;0.0;0.0;0.0;-1.0;0.0;0.0;0.0;0.0;0.0;0.0;0.0;0.0;0.0;0.0;0.0;0.0;0.0;0.0,1778834077,312147384
3223,1778834077,375484995,gps,1.093,-2.121,-0.088,0.0,0.0,0.0,0.031328999999999996;0.0;0.0;0.0;0.0;0.0;0.0;0.031328999999999996;0.0;0.0;0.0;0.0;0.0;0.0;0.031328999999999996;0.0;0.0;0.0;0.0;0.0;0.0;-1.0;0.0;0.0;0.0;0.0;0.0;0.0;0.0;0.0;0.0;0.0;0.0;0.0;0.0;0.0,1778834077,438934754
3224,1778834077,500484930,gps,0.916,-2.005,-0.105,0.0,0.0,0.0,0.033489;0.0;0.0;0.0;0.0;0.0;0.0;0.033489;0.0;0.0;0.0;0.0;0.0;0.0;0.033489;0.0;0.0;0.0;0.0;0.0;0.0;-1.0;0.0;0.0;0.0;0.0;0.0;0.0;0.0;0.0;0.0;0.0;0.0;0.0;0.0;0.0,1778834077,563387731
3225,1778834077,625484866,gps,0.859,-1.7710000000000001,-0.084,0.0,0.0,0.0,0.030975999999999997;0.0;0.0;0.0;0.0;0.0;0.0;0.030975999999999997;0.0;0.0;0.0;0.0;0.0;0.0;0.030975999999999997;0.0;0.0;0.0;0.0;0.0;0.0;-1.0;0.0;0.0;0.0;0.0;0.0;0.0;0.0;0.0;0.0;0.0;0.0;0.0;0.0;0.0,1778834077,689591815
3226,1778834077,750484801,gps,0.792,-1.564,-0.066,0.0,0.0,0.0,0.030276000000000004;0.0;0.0;0.0;0.0;0.0;0.0;0.030276000000000004;0.0;0.0;0.0;0.0;0.0;0.0;0.030276000000000004;0.0;0.0;0.0;0.0;0.0;0.0;-1.0;0.0;0.0;0.0;0.0;0.0;0.0;0.0;0.0;0.0;0.0;0.0;0.0;0.0;0.0,1778834077,814028960
3227,1778834077,875484737,gps,0.735,-1.3980000000000001,-0.081,0.0,0.0,0.0,0.031684;0.0;0.0;0.0;0.0;0.0;0.0;0.031684;0.0;0.0;0.0;0.0;0.0;0.0;0.031684;0.0;0.0;0.0;0.0;0.0;0.0;-1.0;0.0;0.0;0.0;0.0;0.0;0.0;0.0;0.0;0.0;0.0;0.0;0.0;0.0;0.0,1778834077,940402211
3228,1778834078,484672,gps,0.8170000000000001,-1.284,-0.062,0.0,0.0,0.0,0.029584000000000006;0.0;0.0;0.0;0.0;0.0;0.0;0.029584000000000006;0.0;0.0;0.0;0.0;0.0;0.0;0.029584000000000006;0.0;0.0;0.0;0.0;0.0;0.0;-1.0;0.0;0.0;0.0;0.0;0.0;0.0;0.0;0.0;0.0;0.0;0.0;0.0;0.0;0.0,1778834078,69136416
3229,1778834078,125484607,gps,0.658,-1.216,-0.07,0.0,0.0,0.0,0.030975999999999997;0.0;0.0;0.0;0.0;0.0;0.0;0.030975999999999997;0.0;0.0;0.0;0.0;0.0;0.0;0.030975999999999997;0.0;0.0;0.0;0.0;0.0;0.0;-1.0;0.0;0.0;0.0;0.0;0.0;0.0;0.0;0.0;0.0;0.0;0.0;0.0;0.0;0.0,1778834078,186225887
3230,1778834078,250484543,gps,0.674,-1.168,-0.069,0.0,0.0,0.0,0.030276000000000004;0.0;0.0;0.0;0.0;0.0;0.0;0.030276000000000004;0.0;0.0;0.0;0.0;0.0;0.0;0.030276000000000004;0.0;0.0;0.0;0.0;0.0;0.0;-1.0;0.0;0.0;0.0;0.0;0.0;0.0;0.0;0.0;0.0;0.0;0.0;0.0;0.0;0.0,1778834078,315262176
3231,1778834078,375484478,gps,0.713,-1.149,-0.067,0.0,0.0,0.0,0.029929000000000004;0.0;0.0;0.0;0.0;0.0;0.0;0.029929000000000004;0.0;0.0;0.0;0.0;0.0;0.0;0.029929000000000004;0.0;0.0;0.0;0.0;0.0;0.0;-1.0;0.0;0.0;0.0;0.0;0.0;0.0;0.0;0.0;0.0;0.0;0.0;0.0;0.0;0.0,1778834078,440792464
3232,1778834078,500484413,gps,0.64,-1.223,-0.076,0.0,0.0,0.0,0.030625000000000006;0.0;0.0;0.0;0.0;0.0;0.0;0.030625000000000006;0.0;0.0;0.0;0.0;0.0;0.0;0.030625000000000006;0.0;0.0;0.0;0.0;0.0;0.0;-1.0;0.0;0.0;0.0;0.0;0.0;0.0;0.0;0.0;0.0;0.0;0.0;0.0;0.0;0.0,1778834078,565356628
3233,1778834078,625484349,gps,0.63,-1.186,-0.073,0.0,0.0,0.0,0.030276000000000004;0.0;0.0;0.0;0.0;0.0;0.0;0.030276000000000004;0.0;0.0;0.0;0.0;0.0;0.0;0.030276000000000004;0.0;0.0;0.0;0.0;0.0;0.0;-1.0;0.0;0.0;0.0;0.0;0.0;0.0;0.0;0.0;0.0;0.0;0.0;0.0;0.0;0.0,1778834078,691037972
3234,1778834078,750484284,gps,0.775,-1.352,-0.069,0.0,0.0,0.0,0.029584000000000006;0.0;0.0;0.0;0.0;0.0;0.0;0.029584000000000006;0.0;0.0;0.0;0.0;0.0;0.0;0.029584000000000006;0.0;0.0;0.0;0.0;0.0;0.0;-1.0;0.0;0.0;0.0;0.0;0.0;0.0;0.0;0.0;0.0;0.0;0.0;0.0;0.0;0.0,1778834078,815197643
3235,1778834078,875484220,gps,0.849,-1.436,-0.077,0.0,0.0,0.0,0.030625000000000006;0.0;0.0;0.0;0.0;0.0;0.0;0.030625000000000006;0.0;0.0;0.0;0.0;0.0;0.0;0.030625000000000006;0.0;0.0;0.0;0.0;0.0;0.0;-1.0;0.0;0.0;0.0;0.0;0.0;0.0;0.0;0.0;0.0;0.0;0.0;0.0;0.0;0.0,1778834078,939586333
3236,1778834079,484155,gps,0.847,-1.495,-0.092,0.0,0.0,0.0,0.029584000000000006;0.0;0.0;0.0;0.0;0.0;0.0;0.029584000000000006;0.0;0.0;0.0;0.0;0.0;0.0;0.029584000000000006;0.0;0.0;0.0;0.0;0.0;0.0;-1.0;0.0;0.0;0.0;0.0;0.0;0.0;0.0;0.0;0.0;0.0;0.0;0.0;0.0;0.0,1778834079,65964968
3237,1778834079,125484091,gps,0.873,-1.573,-0.082,0.0,0.0,0.0,0.030276000000000004;0.0;0.0;0.0;0.0;0.0;0.0;0.030276000000000004;0.0;0.0;0.0;0.0;0.0;0.0;0.030276000000000004;0.0;0.0;0.0;0.0;0.0;0.0;-1.0;0.0;0.0;0.0;0.0;0.0;0.0;0.0;0.0;0.0;0.0;0.0;0.0;0.0;0.0,1778834079,190322259
3238,1778834079,250484026,gps,0.962,-1.618,-0.077,0.0,0.0,0.0,0.031328999999999996;0.0;0.0;0.0;0.0;0.0;0.0;0.031328999999999996;0.0;0.0;0.0;0.0;0.0;0.0;0.031328999999999996;0.0;0.0;0.0;0.0;0.0;0.0;-1.0;0.0;0.0;0.0;0.0;0.0;0.0;0.0;0.0;0.0;0.0;0.0;0.0;0.0;0.0,1778834079,315119171
3239,1778834079,375483961,gps,0.9450000000000001,-1.59,-0.089,0.0,0.0,0.0,0.031328999999999996;0.0;0.0;0.0;0.0;0.0;0.0;0.031328999999999996;0.0;0.0;0.0;0.0;0.0;0.0;0.031328999999999996;0.0;0.0;0.0;0.0;0.0;0.0;-1.0;0.0;0.0;0.0;0.0;0.0;0.0;0.0;0.0;0.0;0.0;0.0;0.0;0.0;0.0,1778834079,440362873
3240,1778834079,500483897,gps,1.0030000000000001,-1.5270000000000001,-0.082,0.0,0.0,0.0,0.031684;0.0;0.0;0.0;0.0;0.0;0.0;0.031684;0.0;0.0;0.0;0.0;0.0;0.0;0.031684;0.0;0.0;0.0;0.0;0.0;0.0;-1.0;0.0;0.0;0.0;0.0;0.0;0.0;0.0;0.0;0.0;0.0;0.0;0.0;0.0;0.0,1778834079,564228494
3241,1778834079,625483832,gps,1.078,-1.4020000000000001,-0.088,0.0,0.0,0.0,0.032761;0.0;0.0;0.0;0.0;0.0;0.0;0.032761;0.0;0.0;0.0;0.0;0.0;0.0;0.032761;0.0;0.0;0.0;0.0;0.0;0.0;-1.0;0.0;0.0;0.0;0.0;0.0;0.0;0.0;0.0;0.0;0.0;0.0;0.0;0.0;0.0,1778834079,689061904
3242,1778834079,750483768,gps,1.149,-1.282,-0.093,0.0,0.0,0.0,0.032761;0.0;0.0;0.0;0.0;0.0;0.0;0.032761;0.0;0.0;0.0;0.0;0.0;0.0;0.032761;0.0;0.0;0.0;0.0;0.0;0.0;-1.0;0.0;0.0;0.0;0.0;0.0;0.0;0.0;0.0;0.0;0.0;0.0;0.0;0.0;0.0,1778834079,812549015
3243,1778834079,875483703,gps,1.2570000000000001,-1.374,-0.098,0.0,0.0,0.0,0.033124;0.0;0.0;0.0;0.0;0.0;0.0;0.033124;0.0;0.0;0.0;0.0;0.0;0.0;0.033124;0.0;0.0;0.0;0.0;0.0;0.0;-1.0;0.0;0.0;0.0;0.0;0.0;0.0;0.0;0.0;0.0;0.0;0.0;0.0;0.0;0.0,1778834079,936968095
3244,1778834080,483638,gps,1.2530000000000001,-1.187,-0.08700000000000001,0.0,0.0,0.0,0.034969;0.0;0.0;0.0;0.0;0.0;0.0;0.034969;0.0;0.0;0.0;0.0;0.0;0.0;0.034969;0.0;0.0;0.0;0.0;0.0;0.0;-1.0;0.0;0.0;0.0;0.0;0.0;0.0;0.0;0.0;0.0;0.0;0.0;0.0;0.0;0.0,1778834080,68927669
3245,1778834080,125483574,gps,1.225,-1.217,-0.096,0.0,0.0,0.0,0.033124;0.0;0.0;0.0;0.0;0.0;0.0;0.033124;0.0;0.0;0.0;0.0;0.0;0.0;0.033124;0.0;0.0;0.0;0.0;0.0;0.0;-1.0;0.0;0.0;0.0;0.0;0.0;0.0;0.0;0.0;0.0;0.0;0.0;0.0;0.0;0.0,1778834080,189435851
3246,1778834080,250483509,gps,1.194,-1.157,-0.075,0.0,0.0,0.0,0.031328999999999996;0.0;0.0;0.0;0.0;0.0;0.0;0.031328999999999996;0.0;0.0;0.0;0.0;0.0;0.0;0.031328999999999996;0.0;0.0;0.0;0.0;0.0;0.0;-1.0;0.0;0.0;0.0;0.0;0.0;0.0;0.0;0.0;0.0;0.0;0.0;0.0;0.0;0.0,1778834080,315029093
3247,1778834080,375483444,gps,1.236,-1.214,-0.077,0.0,0.0,0.0,0.031328999999999996;0.0;0.0;0.0;0.0;0.0;0.0;0.031328999999999996;0.0;0.0;0.0;0.0;0.0;0.0;0.031328999999999996;0.0;0.0;0.0;0.0;0.0;0.0;-1.0;0.0;0.0;0.0;0.0;0.0;0.0;0.0;0.0;0.0;0.0;0.0;0.0;0.0;0.0,1778834080,438937280
3248,1778834080,500483380,gps,1.321,-1.2650000000000001,-0.089,0.0,0.0,0.0,0.031684;0.0;0.0;0.0;0.0;0.0;0.0;0.031684;0.0;0.0;0.0;0.0;0.0;0.0;0.031684;0.0;0.0;0.0;0.0;0.0;0.0;-1.0;0.0;0.0;0.0;0.0;0.0;0.0;0.0;0.0;0.0;0.0;0.0;0.0;0.0;0.0,1778834080,563072629
3249,1778834080,625483315,gps,1.436,-1.366,-0.093,0.0,0.0,0.0,0.030975999999999997;0.0;0.0;0.0;0.0;0.0;0.0;0.030975999999999997;0.0;0.0;0.0;0.0;0.0;0.0;0.030975999999999997;0.0;0.0;0.0;0.0;0.0;0.0;-1.0;0.0;0.0;0.0;0.0;0.0;0.0;0.0;0.0;0.0;0.0;0.0;0.0;0.0;0.0,1778834080,689888156
3250,1778834080,750483251,gps,1.487,-1.4060000000000001,-0.091,0.0,0.0,0.0,0.030625000000000006;0.0;0.0;0.0;0.0;0.0;0.0;0.030625000000000006;0.0;0.0;0.0;0.0;0.0;0.0;0.030625000000000006;0.0;0.0;0.0;0.0;0.0;0.0;-1.0;0.0;0.0;0.0;0.0;0.0;0.0;0.0;0.0;0.0;0.0;0.0;0.0;0.0;0.0,1778834080,815164457
3251,1778834080,875483186,gps,1.58,-1.553,-0.108,0.0,0.0,0.0,0.030625000000000006;0.0;0.0;0.0;0.0;0.0;0.0;0.030625000000000006;0.0;0.0;0.0;0.0;0.0;0.0;0.030625000000000006;0.0;0.0;0.0;0.0;0.0;0.0;-1.0;0.0;0.0;0.0;0.0;0.0;0.0;0.0;0.0;0.0;0.0;0.0;0.0;0.0;0.0,1778834080,940594580
3252,1778834081,483121,gps,1.597,-1.568,-0.083,0.0,0.0,0.0,0.030975999999999997;0.0;0.0;0.0;0.0;0.0;0.0;0.030975999999999997;0.0;0.0;0.0;0.0;0.0;0.0;0.030975999999999997;0.0;0.0;0.0;0.0;0.0;0.0;-1.0;0.0;0.0;0.0;0.0;0.0;0.0;0.0;0.0;0.0;0.0;0.0;0.0;0.0;0.0,1778834081,70388774
3253,1778834081,125483057,gps,1.669,-1.604,-0.10200000000000001,0.0,0.0,0.0,0.030975999999999997;0.0;0.0;0.0;0.0;0.0;0.0;0.030975999999999997;0.0;0.0;0.0;0.0;0.0;0.0;0.030975999999999997;0.0;0.0;0.0;0.0;0.0;0.0;-1.0;0.0;0.0;0.0;0.0;0.0;0.0;0.0;0.0;0.0;0.0;0.0;0.0;0.0;0.0,1778834081,190537638
3254,1778834081,250482992,gps,1.645,-1.6,-0.10300000000000001,0.0,0.0,0.0,0.030276000000000004;0.0;0.0;0.0;0.0;0.0;0.0;0.030276000000000004;0.0;0.0;0.0;0.0;0.0;0.0;0.030276000000000004;0.0;0.0;0.0;0.0;0.0;0.0;-1.0;0.0;0.0;0.0;0.0;0.0;0.0;0.0;0.0;0.0;0.0;0.0;0.0;0.0;0.0,1778834081,315107712
3255,1778834081,375482928,gps,1.594,-1.568,-0.097,0.0,0.0,0.0,0.030625000000000006;0.0;0.0;0.0;0.0;0.0;0.0;0.030625000000000006;0.0;0.0;0.0;0.0;0.0;0.0;0.030625000000000006;0.0;0.0;0.0;0.0;0.0;0.0;-1.0;0.0;0.0;0.0;0.0;0.0;0.0;0.0;0.0;0.0;0.0;0.0;0.0;0.0;0.0,1778834081,440683344
3256,1778834081,500482863,gps,1.46,-1.485,-0.092,0.0,0.0,0.0,0.030975999999999997;0.0;0.0;0.0;0.0;0.0;0.0;0.030975999999999997;0.0;0.0;0.0;0.0;0.0;0.0;0.030975999999999997;0.0;0.0;0.0;0.0;0.0;0.0;-1.0;0.0;0.0;0.0;0.0;0.0;0.0;0.0;0.0;0.0;0.0;0.0;0.0;0.0;0.0,1778834081,567435170
3257,1778834081,625482798,gps,1.352,-1.2790000000000001,-0.092,0.0,0.0,0.0,0.030975999999999997;0.0;0.0;0.0;0.0;0.0;0.0;0.030975999999999997;0.0;0.0;0.0;0.0;0.0;0.0;0.030975999999999997;0.0;0.0;0.0;0.0;0.0;0.0;-1.0;0.0;0.0;0.0;0.0;0.0;0.0;0.0;0.0;0.0;0.0;0.0;0.0;0.0;0.0,1778834081,691874360
3258,1778834081,750482734,gps,1.155,-1.153,-0.081,0.0,0.0,0.0,0.030276000000000004;0.0;0.0;0.0;0.0;0.0;0.0;0.030276000000000004;0.0;0.0;0.0;0.0;0.0;0.0;0.030276000000000004;0.0;0.0;0.0;0.0;0.0;0.0;-1.0;0.0;0.0;0.0;0.0;0.0;0.0;0.0;0.0;0.0;0.0;0.0;0.0;0.0;0.0,1778834081,812506558
3259,1778834081,875482669,gps,1.061,-1.027,-0.08,0.0,0.0,0.0,0.030276000000000004;0.0;0.0;0.0;0.0;0.0;0.0;0.030276000000000004;0.0;0.0;0.0;0.0;0.0;0.0;0.030276000000000004;0.0;0.0;0.0;0.0;0.0;0.0;-1.0;0.0;0.0;0.0;0.0;0.0;0.0;0.0;0.0;0.0;0.0;0.0;0.0;0.0;0.0,1778834081,940411913
3260,1778834082,482604,gps,0.968,-0.967,-0.067,0.0,0.0,0.0,0.030276000000000004;0.0;0.0;0.0;0.0;0.0;0.0;0.030276000000000004;0.0;0.0;0.0;0.0;0.0;0.0;0.030276000000000004;0.0;0.0;0.0;0.0;0.0;0.0;-1.0;0.0;0.0;0.0;0.0;0.0;0.0;0.0;0.0;0.0;0.0;0.0;0.0;0.0;0.0,1778834082,69936637
3261,1778834082,125482540,gps,0.8290000000000001,-0.885,-0.054,0.0,0.0,0.0,0.030975999999999997;0.0;0.0;0.0;0.0;0.0;0.0;0.030975999999999997;0.0;0.0;0.0;0.0;0.0;0.0;0.030975999999999997;0.0;0.0;0.0;0.0;0.0;0.0;-1.0;0.0;0.0;0.0;0.0;0.0;0.0;0.0;0.0;0.0;0.0;0.0;0.0;0.0;0.0,1778834082,190099588
3262,1778834082,250482475,gps,0.847,-0.783,-0.066,0.0,0.0,0.0,0.028900000000000006;0.0;0.0;0.0;0.0;0.0;0.0;0.028900000000000006;0.0;0.0;0.0;0.0;0.0;0.0;0.028900000000000006;0.0;0.0;0.0;0.0;0.0;0.0;-1.0;0.0;0.0;0.0;0.0;0.0;0.0;0.0;0.0;0.0;0.0;0.0;0.0;0.0;0.0,1778834082,315954139
3263,1778834082,375482411,gps,0.785,-0.86,-0.058,0.0,0.0,0.0,0.028224000000000003;0.0;0.0;0.0;0.0;0.0;0.0;0.028224000000000003;0.0;0.0;0.0;0.0;0.0;0.0;0.028224000000000003;0.0;0.0;0.0;0.0;0.0;0.0;-1.0;0.0;0.0;0.0;0.0;0.0;0.0;0.0;0.0;0.0;0.0;0.0;0.0;0.0;0.0,1778834082,440951376
3264,1778834082,500482346,gps,0.8260000000000001,-0.8260000000000001,-0.05,0.0,0.0,0.0,0.027889000000000004;0.0;0.0;0.0;0.0;0.0;0.0;0.027889000000000004;0.0;0.0;0.0;0.0;0.0;0.0;0.027889000000000004;0.0;0.0;0.0;0.0;0.0;0.0;-1.0;0.0;0.0;0.0;0.0;0.0;0.0;0.0;0.0;0.0;0.0;0.0;0.0;0.0;0.0,1778834082,565668209
3265,1778834082,625482281,gps,0.8190000000000001,-0.8280000000000001,-0.062,0.0,0.0,0.0,0.027889000000000004;0.0;0.0;0.0;0.0;0.0;0.0;0.027889000000000004;0.0;0.0;0.0;0.0;0.0;0.0;0.027889000000000004;0.0;0.0;0.0;0.0;0.0;0.0;-1.0;0.0;0.0;0.0;0.0;0.0;0.0;0.0;0.0;0.0;0.0;0.0;0.0;0.0;0.0,1778834082,686854243
3266,1778834082,750482217,gps,0.928,-0.91,-0.057,0.0,0.0,0.0,0.028900000000000006;0.0;0.0;0.0;0.0;0.0;0.0;0.028900000000000006;0.0;0.0;0.0;0.0;0.0;0.0;0.028900000000000006;0.0;0.0;0.0;0.0;0.0;0.0;-1.0;0.0;0.0;0.0;0.0;0.0;0.0;0.0;0.0;0.0;0.0;0.0;0.0;0.0;0.0,1778834082,814732223
3267,1778834082,875482152,gps,0.9580000000000001,-0.995,-0.043000000000000003,0.0,0.0,0.0,0.028224000000000003;0.0;0.0;0.0;0.0;0.0;0.0;0.028224000000000003;0.0;0.0;0.0;0.0;0.0;0.0;0.028224000000000003;0.0;0.0;0.0;0.0;0.0;0.0;-1.0;0.0;0.0;0.0;0.0;0.0;0.0;0.0;0.0;0.0;0.0;0.0;0.0;0.0;0.0,1778834082,940754947
3268,1778834083,482087,gps,1.026,-1.064,-0.045,0.0,0.0,0.0,0.028224000000000003;0.0;0.0;0.0;0.0;0.0;0.0;0.028224000000000003;0.0;0.0;0.0;0.0;0.0;0.0;0.028224000000000003;0.0;0.0;0.0;0.0;0.0;0.0;-1.0;0.0;0.0;0.0;0.0;0.0;0.0;0.0;0.0;0.0;0.0;0.0;0.0;0.0;0.0,1778834083,70190405
3269,1778834083,125482023,gps,1.151,-1.188,-0.052000000000000005,0.0,0.0,0.0,0.028224000000000003;0.0;0.0;0.0;0.0;0.0;0.0;0.028224000000000003;0.0;0.0;0.0;0.0;0.0;0.0;0.028224000000000003;0.0;0.0;0.0;0.0;0.0;0.0;-1.0;0.0;0.0;0.0;0.0;0.0;0.0;0.0;0.0;0.0;0.0;0.0;0.0;0.0;0.0,1778834083,191160013
3270,1778834083,250481958,gps,1.227,-1.311,-0.055,0.0,0.0,0.0,0.026244;0.0;0.0;0.0;0.0;0.0;0.0;0.026244;0.0;0.0;0.0;0.0;0.0;0.0;0.026244;0.0;0.0;0.0;0.0;0.0;0.0;-1.0;0.0;0.0;0.0;0.0;0.0;0.0;0.0;0.0;0.0;0.0;0.0;0.0;0.0;0.0,1778834083,316325730
3271,1778834083,375481893,gps,1.377,-1.381,-0.039,0.0,0.0,0.0,0.0256;0.0;0.0;0.0;0.0;0.0;0.0;0.0256;0.0;0.0;0.0;0.0;0.0;0.0;0.0256;0.0;0.0;0.0;0.0;0.0;0.0;-1.0;0.0;0.0;0.0;0.0;0.0;0.0;0.0;0.0;0.0;0.0;0.0;0.0;0.0;0.0,1778834083,440232891
3272,1778834083,500481829,gps,1.483,-1.542,-0.06,0.0,0.0,0.0,0.0256;0.0;0.0;0.0;0.0;0.0;0.0;0.0256;0.0;0.0;0.0;0.0;0.0;0.0;0.0256;0.0;0.0;0.0;0.0;0.0;0.0;-1.0;0.0;0.0;0.0;0.0;0.0;0.0;0.0;0.0;0.0;0.0;0.0;0.0;0.0;0.0,1778834083,560810349
3273,1778834083,625481764,gps,1.555,-1.6560000000000001,-0.074,0.0,0.0,0.0,0.0256;0.0;0.0;0.0;0.0;0.0;0.0;0.0256;0.0;0.0;0.0;0.0;0.0;0.0;0.0256;0.0;0.0;0.0;0.0;0.0;0.0;-1.0;0.0;0.0;0.0;0.0;0.0;0.0;0.0;0.0;0.0;0.0;0.0;0.0;0.0;0.0,1778834083,690445614
3274,1778834083,750481700,gps,1.631,-1.754,-0.064,0.0,0.0,0.0,0.0256;0.0;0.0;0.0;0.0;0.0;0.0;0.0256;0.0;0.0;0.0;0.0;0.0;0.0;0.0256;0.0;0.0;0.0;0.0;0.0;0.0;-1.0;0.0;0.0;0.0;0.0;0.0;0.0;0.0;0.0;0.0;0.0;0.0;0.0;0.0;0.0,1778834083,814848792
3275,1778834083,875481635,gps,1.741,-1.719,-0.068,0.0,0.0,0.0,0.025921000000000003;0.0;0.0;0.0;0.0;0.0;0.0;0.025921000000000003;0.0;0.0;0.0;0.0;0.0;0.0;0.025921000000000003;0.0;0.0;0.0;0.0;0.0;0.0;-1.0;0.0;0.0;0.0;0.0;0.0;0.0;0.0;0.0;0.0;0.0;0.0;0.0;0.0;0.0,1778834083,940575058
3276,1778834084,481570,gps,1.75,-1.842,-0.064,0.0,0.0,0.0,0.0256;0.0;0.0;0.0;0.0;0.0;0.0;0.0256;0.0;0.0;0.0;0.0;0.0;0.0;0.0256;0.0;0.0;0.0;0.0;0.0;0.0;-1.0;0.0;0.0;0.0;0.0;0.0;0.0;0.0;0.0;0.0;0.0;0.0;0.0;0.0;0.0,1778834084,69120310
3277,1778834084,125481506,gps,1.7550000000000001,-1.854,-0.065,0.0,0.0,0.0,0.026244;0.0;0.0;0.0;0.0;0.0;0.0;0.026244;0.0;0.0;0.0;0.0;0.0;0.0;0.026244;0.0;0.0;0.0;0.0;0.0;0.0;-1.0;0.0;0.0;0.0;0.0;0.0;0.0;0.0;0.0;0.0;0.0;0.0;0.0;0.0;0.0,1778834084,190749428
3278,1778834084,250481441,gps,1.706,-1.799,-0.057,0.0,0.0,0.0,0.026569000000000002;0.0;0.0;0.0;0.0;0.0;0.0;0.026569000000000002;0.0;0.0;0.0;0.0;0.0;0.0;0.026569000000000002;0.0;0.0;0.0;0.0;0.0;0.0;-1.0;0.0;0.0;0.0;0.0;0.0;0.0;0.0;0.0;0.0;0.0;0.0;0.0;0.0;0.0,1778834084,316082681
3279,1778834084,375481377,gps,1.548,-1.69,-0.08,0.0,0.0,0.0,0.025921000000000003;0.0;0.0;0.0;0.0;0.0;0.0;0.025921000000000003;0.0;0.0;0.0;0.0;0.0;0.0;0.025921000000000003;0.0;0.0;0.0;0.0;0.0;0.0;-1.0;0.0;0.0;0.0;0.0;0.0;0.0;0.0;0.0;0.0;0.0;0.0;0.0;0.0;0.0,1778834084,438223825
3280,1778834084,500481312,gps,1.429,-1.524,-0.058,0.0,0.0,0.0,0.026569000000000002;0.0;0.0;0.0;0.0;0.0;0.0;0.026569000000000002;0.0;0.0;0.0;0.0;0.0;0.0;0.026569000000000002;0.0;0.0;0.0;0.0;0.0;0.0;-1.0;0.0;0.0;0.0;0.0;0.0;0.0;0.0;0.0;0.0;0.0;0.0;0.0;0.0;0.0,1778834084,565628053
3281,1778834084,625481247,gps,1.254,-1.354,-0.054,0.0,0.0,0.0,0.025921000000000003;0.0;0.0;0.0;0.0;0.0;0.0;0.025921000000000003;0.0;0.0;0.0;0.0;0.0;0.0;0.025921000000000003;0.0;0.0;0.0;0.0;0.0;0.0;-1.0;0.0;0.0;0.0;0.0;0.0;0.0;0.0;0.0;0.0;0.0;0.0;0.0;0.0;0.0,1778834084,691076217
3282,1778834084,750481183,gps,1.103,-1.187,-0.065,0.0,0.0,0.0,0.025921000000000003;0.0;0.0;0.0;0.0;0.0;0.0;0.025921000000000003;0.0;0.0;0.0;0.0;0.0;0.0;0.025921000000000003;0.0;0.0;0.0;0.0;0.0;0.0;-1.0;0.0;0.0;0.0;0.0;0.0;0.0;0.0;0.0;0.0;0.0;0.0;0.0;0.0;0.0,1778834084,815781958
3283,1778834084,875481118,gps,1.0010000000000001,-1.064,-0.06,0.0,0.0,0.0,0.025921000000000003;0.0;0.0;0.0;0.0;0.0;0.0;0.025921000000000003;0.0;0.0;0.0;0.0;0.0;0.0;0.025921000000000003;0.0;0.0;0.0;0.0;0.0;0.0;-1.0;0.0;0.0;0.0;0.0;0.0;0.0;0.0;0.0;0.0;0.0;0.0;0.0;0.0;0.0,1778834084,940513851
3284,1778834085,481053,gps,0.857,-0.982,-0.064,0.0,0.0,0.0,0.026569000000000002;0.0;0.0;0.0;0.0;0.0;0.0;0.026569000000000002;0.0;0.0;0.0;0.0;0.0;0.0;0.026569000000000002;0.0;0.0;0.0;0.0;0.0;0.0;-1.0;0.0;0.0;0.0;0.0;0.0;0.0;0.0;0.0;0.0;0.0;0.0;0.0;0.0;0.0,1778834085,69089520
3285,1778834085,125480989,gps,0.745,-0.861,-0.036000000000000004,0.0,0.0,0.0,0.026244;0.0;0.0;0.0;0.0;0.0;0.0;0.026244;0.0;0.0;0.0;0.0;0.0;0.0;0.026244;0.0;0.0;0.0;0.0;0.0;0.0;-1.0;0.0;0.0;0.0;0.0;0.0;0.0;0.0;0.0;0.0;0.0;0.0;0.0;0.0;0.0,1778834085,189899932
3286,1778834085,250480924,gps,0.635,-0.6890000000000001,-0.039,0.0,0.0,0.0,0.0256;0.0;0.0;0.0;0.0;0.0;0.0;0.0256;0.0;0.0;0.0;0.0;0.0;0.0;0.0256;0.0;0.0;0.0;0.0;0.0;0.0;-1.0;0.0;0.0;0.0;0.0;0.0;0.0;0.0;0.0;0.0;0.0;0.0;0.0;0.0;0.0,1778834085,315267886
3287,1778834085,375480860,gps,0.552,-0.602,-0.046,0.0,0.0,0.0,0.025921000000000003;0.0;0.0;0.0;0.0;0.0;0.0;0.025921000000000003;0.0;0.0;0.0;0.0;0.0;0.0;0.025921000000000003;0.0;0.0;0.0;0.0;0.0;0.0;-1.0;0.0;0.0;0.0;0.0;0.0;0.0;0.0;0.0;0.0;0.0;0.0;0.0;0.0;0.0,1778834085,440819712
3288,1778834085,500480795,gps,0.47100000000000003,-0.551,-0.044,0.0,0.0,0.0,0.026244;0.0;0.0;0.0;0.0;0.0;0.0;0.026244;0.0;0.0;0.0;0.0;0.0;0.0;0.026244;0.0;0.0;0.0;0.0;0.0;0.0;-1.0;0.0;0.0;0.0;0.0;0.0;0.0;0.0;0.0;0.0;0.0;0.0;0.0;0.0;0.0,1778834085,567111328
3289,1778834085,625480730,gps,0.399,-0.425,-0.035,0.0,0.0,0.0,0.025921000000000003;0.0;0.0;0.0;0.0;0.0;0.0;0.025921000000000003;0.0;0.0;0.0;0.0;0.0;0.0;0.025921000000000003;0.0;0.0;0.0;0.0;0.0;0.0;-1.0;0.0;0.0;0.0;0.0;0.0;0.0;0.0;0.0;0.0;0.0;0.0;0.0;0.0;0.0,1778834085,690835655
3290,1778834085,750480666,gps,0.369,-0.37,-0.041,0.0,0.0,0.0,0.025921000000000003;0.0;0.0;0.0;0.0;0.0;0.0;0.025921000000000003;0.0;0.0;0.0;0.0;0.0;0.0;0.025921000000000003;0.0;0.0;0.0;0.0;0.0;0.0;-1.0;0.0;0.0;0.0;0.0;0.0;0.0;0.0;0.0;0.0;0.0;0.0;0.0;0.0;0.0,1778834085,815768033
3291,1778834085,875480601,gps,0.28600000000000003,-0.337,-0.043000000000000003,0.0,0.0,0.0,0.025921000000000003;0.0;0.0;0.0;0.0;0.0;0.0;0.025921000000000003;0.0;0.0;0.0;0.0;0.0;0.0;0.025921000000000003;0.0;0.0;0.0;0.0;0.0;0.0;-1.0;0.0;0.0;0.0;0.0;0.0;0.0;0.0;0.0;0.0;0.0;0.0;0.0;0.0;0.0,1778834085,941060215
3292,1778834086,480536,gps,0.262,-0.257,-0.028,0.0,0.0,0.0,0.025921000000000003;0.0;0.0;0.0;0.0;0.0;0.0;0.025921000000000003;0.0;0.0;0.0;0.0;0.0;0.0;0.025921000000000003;0.0;0.0;0.0;0.0;0.0;0.0;-1.0;0.0;0.0;0.0;0.0;0.0;0.0;0.0;0.0;0.0;0.0;0.0;0.0;0.0;0.0,1778834086,70890601
3293,1778834086,125480472,gps,0.201,-0.233,-0.031,0.0,0.0,0.0,0.025921000000000003;0.0;0.0;0.0;0.0;0.0;0.0;0.025921000000000003;0.0;0.0;0.0;0.0;0.0;0.0;0.025921000000000003;0.0;0.0;0.0;0.0;0.0;0.0;-1.0;0.0;0.0;0.0;0.0;0.0;0.0;0.0;0.0;0.0;0.0;0.0;0.0;0.0;0.0,1778834086,191810427
3294,1778834086,250480407,gps,0.181,-0.189,-0.038,0.0,0.0,0.0,0.025281;0.0;0.0;0.0;0.0;0.0;0.0;0.025281;0.0;0.0;0.0;0.0;0.0;0.0;0.025281;0.0;0.0;0.0;0.0;0.0;0.0;-1.0;0.0;0.0;0.0;0.0;0.0;0.0;0.0;0.0;0.0;0.0;0.0;0.0;0.0;0.0,1778834086,314416524
3295,1778834086,375480343,gps,0.165,-0.14200000000000002,-0.044,0.0,0.0,0.0,0.024964;0.0;0.0;0.0;0.0;0.0;0.0;0.024964;0.0;0.0;0.0;0.0;0.0;0.0;0.024964;0.0;0.0;0.0;0.0;0.0;0.0;-1.0;0.0;0.0;0.0;0.0;0.0;0.0;0.0;0.0;0.0;0.0;0.0;0.0;0.0;0.0,1778834086,440561319
3296,1778834086,500480278,gps,0.112,-0.132,-0.041,0.0,0.0,0.0,0.025281;0.0;0.0;0.0;0.0;0.0;0.0;0.025281;0.0;0.0;0.0;0.0;0.0;0.0;0.025281;0.0;0.0;0.0;0.0;0.0;0.0;-1.0;0.0;0.0;0.0;0.0;0.0;0.0;0.0;0.0;0.0;0.0;0.0;0.0;0.0;0.0,1778834086,565694439
3297,1778834086,625480213,gps,0.131,-0.155,-0.03,0.0,0.0,0.0,0.025281;0.0;0.0;0.0;0.0;0.0;0.0;0.025281;0.0;0.0;0.0;0.0;0.0;0.0;0.025281;0.0;0.0;0.0;0.0;0.0;0.0;-1.0;0.0;0.0;0.0;0.0;0.0;0.0;0.0;0.0;0.0;0.0;0.0;0.0;0.0;0.0,1778834086,690340273
3298,1778834086,750480149,gps,0.095,-0.121,-0.033,0.0,0.0,0.0,0.0256;0.0;0.0;0.0;0.0;0.0;0.0;0.0256;0.0;0.0;0.0;0.0;0.0;0.0;0.0256;0.0;0.0;0.0;0.0;0.0;0.0;-1.0;0.0;0.0;0.0;0.0;0.0;0.0;0.0;0.0;0.0;0.0;0.0;0.0;0.0;0.0,1778834086,814726725
3299,1778834086,875480084,gps,0.14200000000000002,-0.08600000000000001,-0.029,0.0,0.0,0.0,0.024964;0.0;0.0;0.0;0.0;0.0;0.0;0.024964;0.0;0.0;0.0;0.0;0.0;0.0;0.024964;0.0;0.0;0.0;0.0;0.0;0.0;-1.0;0.0;0.0;0.0;0.0;0.0;0.0;0.0;0.0;0.0;0.0;0.0;0.0;0.0;0.0,1778834086,940627693
3300,1778834087,480020,gps,0.061,-0.105,-0.03,0.0,0.0,0.0,0.026244;0.0;0.0;0.0;0.0;0.0;0.0;0.026244;0.0;0.0;0.0;0.0;0.0;0.0;0.026244;0.0;0.0;0.0;0.0;0.0;0.0;-1.0;0.0;0.0;0.0;0.0;0.0;0.0;0.0;0.0;0.0;0.0;0.0;0.0;0.0;0.0,1778834087,69649055
3301,1778834087,125479955,gps,0.136,-0.125,-0.027,0.0,0.0,0.0,0.024964;0.0;0.0;0.0;0.0;0.0;0.0;0.024964;0.0;0.0;0.0;0.0;0.0;0.0;0.024964;0.0;0.0;0.0;0.0;0.0;0.0;-1.0;0.0;0.0;0.0;0.0;0.0;0.0;0.0;0.0;0.0;0.0;0.0;0.0;0.0;0.0,1778834087,186799342
3302,1778834087,250479890,gps,0.115,-0.105,-0.043000000000000003,0.0,0.0,0.0,0.0256;0.0;0.0;0.0;0.0;0.0;0.0;0.0256;0.0;0.0;0.0;0.0;0.0;0.0;0.0256;0.0;0.0;0.0;0.0;0.0;0.0;-1.0;0.0;0.0;0.0;0.0;0.0;0.0;0.0;0.0;0.0;0.0;0.0;0.0;0.0;0.0,1778834087,315350380
3303,1778834087,375479826,gps,0.08600000000000001,-0.111,-0.027,0.0,0.0,0.0,0.026569000000000002;0.0;0.0;0.0;0.0;0.0;0.0;0.026569000000000002;0.0;0.0;0.0;0.0;0.0;0.0;0.026569000000000002;0.0;0.0;0.0;0.0;0.0;0.0;-1.0;0.0;0.0;0.0;0.0;0.0;0.0;0.0;0.0;0.0;0.0;0.0;0.0;0.0;0.0,1778834087,439873221
3304,1778834087,500479761,gps,0.082,-0.097,-0.031,0.0,0.0,0.0,0.026244;0.0;0.0;0.0;0.0;0.0;0.0;0.026244;0.0;0.0;0.0;0.0;0.0;0.0;0.026244;0.0;0.0;0.0;0.0;0.0;0.0;-1.0;0.0;0.0;0.0;0.0;0.0;0.0;0.0;0.0;0.0;0.0;0.0;0.0;0.0;0.0,1778834087,565289770
3305,1778834087,625479696,gps,0.08,-0.113,-0.018000000000000002,0.0,0.0,0.0,0.026896000000000003;0.0;0.0;0.0;0.0;0.0;0.0;0.026896000000000003;0.0;0.0;0.0;0.0;0.0;0.0;0.026896000000000003;0.0;0.0;0.0;0.0;0.0;0.0;-1.0;0.0;0.0;0.0;0.0;0.0;0.0;0.0;0.0;0.0;0.0;0.0;0.0;0.0;0.0,1778834087,690854615
3306,1778834087,750479632,gps,0.048,-0.046,-0.005,0.0,0.0,0.0,0.0256;0.0;0.0;0.0;0.0;0.0;0.0;0.0256;0.0;0.0;0.0;0.0;0.0;0.0;0.0256;0.0;0.0;0.0;0.0;0.0;0.0;-1.0;0.0;0.0;0.0;0.0;0.0;0.0;0.0;0.0;0.0;0.0;0.0;0.0;0.0;0.0,1778834087,815529902
3307,1778834087,875479567,gps,-0.016,-0.012,-0.012,0.0,0.0,0.0,0.030975999999999997;0.0;0.0;0.0;0.0;0.0;0.0;0.030975999999999997;0.0;0.0;0.0;0.0;0.0;0.0;0.030975999999999997;0.0;0.0;0.0;0.0;0.0;0.0;-1.0;0.0;0.0;0.0;0.0;0.0;0.0;0.0;0.0;0.0;0.0;0.0;0.0;0.0;0.0,1778834087,940455379
3308,1778834088,479503,gps,-0.079,0.057,-0.014,0.0,0.0,0.0,0.025281;0.0;0.0;0.0;0.0;0.0;0.0;0.025281;0.0;0.0;0.0;0.0;0.0;0.0;0.025281;0.0;0.0;0.0;0.0;0.0;0.0;-1.0;0.0;0.0;0.0;0.0;0.0;0.0;0.0;0.0;0.0;0.0;0.0;0.0;0.0;0.0,1778834088,66387608
3309,1778834088,125479438,gps,-0.094,0.145,-0.009000000000000001,0.0,0.0,0.0,0.026244;0.0;0.0;0.0;0.0;0.0;0.0;0.026244;0.0;0.0;0.0;0.0;0.0;0.0;0.026244;0.0;0.0;0.0;0.0;0.0;0.0;-1.0;0.0;0.0;0.0;0.0;0.0;0.0;0.0;0.0;0.0;0.0;0.0;0.0;0.0;0.0,1778834088,190827260
3310,1778834088,250479373,gps,-0.201,0.138,-0.004,0.0,0.0,0.0,0.024964;0.0;0.0;0.0;0.0;0.0;0.0;0.024964;0.0;0.0;0.0;0.0;0.0;0.0;0.024964;0.0;0.0;0.0;0.0;0.0;0.0;-1.0;0.0;0.0;0.0;0.0;0.0;0.0;0.0;0.0;0.0;0.0;0.0;0.0;0.0;0.0,1778834088,315725692
3311,1778834088,375479309,gps,-0.253,0.267,-0.002,0.0,0.0,0.0,0.026244;0.0;0.0;0.0;0.0;0.0;0.0;0.026244;0.0;0.0;0.0;0.0;0.0;0.0;0.026244;0.0;0.0;0.0;0.0;0.0;0.0;-1.0;0.0;0.0;0.0;0.0;0.0;0.0;0.0;0.0;0.0;0.0;0.0;0.0;0.0;0.0,1778834088,440387336
3312,1778834088,500479244,gps,-0.252,0.322,0.001,0.0,0.0,0.0,0.025921000000000003;0.0;0.0;0.0;0.0;0.0;0.0;0.025921000000000003;0.0;0.0;0.0;0.0;0.0;0.0;0.025921000000000003;0.0;0.0;0.0;0.0;0.0;0.0;-1.0;0.0;0.0;0.0;0.0;0.0;0.0;0.0;0.0;0.0;0.0;0.0;0.0;0.0;0.0,1778834088,563795409
3313,1778834088,625479180,gps,-0.40900000000000003,0.444,-0.019,0.0,0.0,0.0,0.0256;0.0;0.0;0.0;0.0;0.0;0.0;0.0256;0.0;0.0;0.0;0.0;0.0;0.0;0.0256;0.0;0.0;0.0;0.0;0.0;0.0;-1.0;0.0;0.0;0.0;0.0;0.0;0.0;0.0;0.0;0.0;0.0;0.0;0.0;0.0;0.0,1778834088,689642180
3314,1778834088,750479115,gps,-0.47900000000000004,0.554,-0.01,0.0,0.0,0.0,0.0256;0.0;0.0;0.0;0.0;0.0;0.0;0.0256;0.0;0.0;0.0;0.0;0.0;0.0;0.0256;0.0;0.0;0.0;0.0;0.0;0.0;-1.0;0.0;0.0;0.0;0.0;0.0;0.0;0.0;0.0;0.0;0.0;0.0;0.0;0.0;0.0,1778834088,813515110
3315,1778834088,875479050,gps,-0.614,0.596,0.002,0.0,0.0,0.0,0.025281;0.0;0.0;0.0;0.0;0.0;0.0;0.025281;0.0;0.0;0.0;0.0;0.0;0.0;0.025281;0.0;0.0;0.0;0.0;0.0;0.0;-1.0;0.0;0.0;0.0;0.0;0.0;0.0;0.0;0.0;0.0;0.0;0.0;0.0;0.0;0.0,1778834088,937504529
3316,1778834089,478986,gps,-0.687,0.682,0.004,0.0,0.0,0.0,0.025281;0.0;0.0;0.0;0.0;0.0;0.0;0.025281;0.0;0.0;0.0;0.0;0.0;0.0;0.025281;0.0;0.0;0.0;0.0;0.0;0.0;-1.0;0.0;0.0;0.0;0.0;0.0;0.0;0.0;0.0;0.0;0.0;0.0;0.0;0.0;0.0,1778834089,69496310
3317,1778834089,125478921,gps,-0.846,0.705,0.008,0.0,0.0,0.0,0.025281;0.0;0.0;0.0;0.0;0.0;0.0;0.025281;0.0;0.0;0.0;0.0;0.0;0.0;0.025281;0.0;0.0;0.0;0.0;0.0;0.0;-1.0;0.0;0.0;0.0;0.0;0.0;0.0;0.0;0.0;0.0;0.0;0.0;0.0;0.0;0.0,1778834089,193067453
3318,1778834089,250478856,gps,-0.966,0.858,0.01,0.0,0.0,0.0,0.024964;0.0;0.0;0.0;0.0;0.0;0.0;0.024964;0.0;0.0;0.0;0.0;0.0;0.0;0.024964;0.0;0.0;0.0;0.0;0.0;0.0;-1.0;0.0;0.0;0.0;0.0;0.0;0.0;0.0;0.0;0.0;0.0;0.0;0.0;0.0;0.0,1778834089,317784931
3319,1778834089,375478792,gps,-1.119,0.878,0.015,0.0,0.0,0.0,0.024649;0.0;0.0;0.0;0.0;0.0;0.0;0.024649;0.0;0.0;0.0;0.0;0.0;0.0;0.024649;0.0;0.0;0.0;0.0;0.0;0.0;-1.0;0.0;0.0;0.0;0.0;0.0;0.0;0.0;0.0;0.0;0.0;0.0;0.0;0.0;0.0,1778834089,441597848
3320,1778834089,500478727,gps,-1.158,0.9510000000000001,0.012,0.0,0.0,0.0,0.024649;0.0;0.0;0.0;0.0;0.0;0.0;0.024649;0.0;0.0;0.0;0.0;0.0;0.0;0.024649;0.0;0.0;0.0;0.0;0.0;0.0;-1.0;0.0;0.0;0.0;0.0;0.0;0.0;0.0;0.0;0.0;0.0;0.0;0.0;0.0;0.0,1778834089,566186260
3321,1778834089,625478663,gps,-1.238,0.914,0.005,0.0,0.0,0.0,0.025921000000000003;0.0;0.0;0.0;0.0;0.0;0.0;0.025921000000000003;0.0;0.0;0.0;0.0;0.0;0.0;0.025921000000000003;0.0;0.0;0.0;0.0;0.0;0.0;-1.0;0.0;0.0;0.0;0.0;0.0;0.0;0.0;0.0;0.0;0.0;0.0;0.0;0.0;0.0,1778834089,690303387
3322,1778834089,750478598,gps,-1.246,0.877,0.013000000000000001,0.0,0.0,0.0,0.026569000000000002;0.0;0.0;0.0;0.0;0.0;0.0;0.026569000000000002;0.0;0.0;0.0;0.0;0.0;0.0;0.026569000000000002;0.0;0.0;0.0;0.0;0.0;0.0;-1.0;0.0;0.0;0.0;0.0;0.0;0.0;0.0;0.0;0.0;0.0;0.0;0.0;0.0;0.0,1778834089,814728102
3323,1778834089,875478533,gps,-1.224,0.86,0.01,0.0,0.0,0.0,0.026569000000000002;0.0;0.0;0.0;0.0;0.0;0.0;0.026569000000000002;0.0;0.0;0.0;0.0;0.0;0.0;0.026569000000000002;0.0;0.0;0.0;0.0;0.0;0.0;-1.0;0.0;0.0;0.0;0.0;0.0;0.0;0.0;0.0;0.0;0.0;0.0;0.0;0.0;0.0,1778834089,940444780
3324,1778834090,478469,gps,-1.125,0.78,0.015,0.0,0.0,0.0,0.026569000000000002;0.0;0.0;0.0;0.0;0.0;0.0;0.026569000000000002;0.0;0.0;0.0;0.0;0.0;0.0;0.026569000000000002;0.0;0.0;0.0;0.0;0.0;0.0;-1.0;0.0;0.0;0.0;0.0;0.0;0.0;0.0;0.0;0.0;0.0;0.0;0.0;0.0;0.0,1778834090,70318525
3325,1778834090,125478404,gps,-0.9400000000000001,0.636,0.009000000000000001,0.0,0.0,0.0,0.025921000000000003;0.0;0.0;0.0;0.0;0.0;0.0;0.025921000000000003;0.0;0.0;0.0;0.0;0.0;0.0;0.025921000000000003;0.0;0.0;0.0;0.0;0.0;0.0;-1.0;0.0;0.0;0.0;0.0;0.0;0.0;0.0;0.0;0.0;0.0;0.0;0.0;0.0;0.0,1778834090,190810344
3326,1778834090,250478340,gps,-0.806,0.617,0.023,0.0,0.0,0.0,0.0256;0.0;0.0;0.0;0.0;0.0;0.0;0.0256;0.0;0.0;0.0;0.0;0.0;0.0;0.0256;0.0;0.0;0.0;0.0;0.0;0.0;-1.0;0.0;0.0;0.0;0.0;0.0;0.0;0.0;0.0;0.0;0.0;0.0;0.0;0.0;0.0,1778834090,316170723
3327,1778834090,375478275,gps,-0.716,0.495,0.02,0.0,0.0,0.0,0.026244;0.0;0.0;0.0;0.0;0.0;0.0;0.026244;0.0;0.0;0.0;0.0;0.0;0.0;0.026244;0.0;0.0;0.0;0.0;0.0;0.0;-1.0;0.0;0.0;0.0;0.0;0.0;0.0;0.0;0.0;0.0;0.0;0.0;0.0;0.0;0.0,1778834090,438617078
3328,1778834090,500478210,gps,-0.628,0.47100000000000003,0.029,0.0,0.0,0.0,0.026244;0.0;0.0;0.0;0.0;0.0;0.0;0.026244;0.0;0.0;0.0;0.0;0.0;0.0;0.026244;0.0;0.0;0.0;0.0;0.0;0.0;-1.0;0.0;0.0;0.0;0.0;0.0;0.0;0.0;0.0;0.0;0.0;0.0;0.0;0.0;0.0,1778834090,565834413
3329,1778834090,625478146,gps,-0.612,0.363,0.007,0.0,0.0,0.0,0.026569000000000002;0.0;0.0;0.0;0.0;0.0;0.0;0.026569000000000002;0.0;0.0;0.0;0.0;0.0;0.0;0.026569000000000002;0.0;0.0;0.0;0.0;0.0;0.0;-1.0;0.0;0.0;0.0;0.0;0.0;0.0;0.0;0.0;0.0;0.0;0.0;0.0;0.0;0.0,1778834090,691165951
3330,1778834090,750478081,gps,-0.548,0.373,0.022,0.0,0.0,0.0,0.025921000000000003;0.0;0.0;0.0;0.0;0.0;0.0;0.025921000000000003;0.0;0.0;0.0;0.0;0.0;0.0;0.025921000000000003;0.0;0.0;0.0;0.0;0.0;0.0;-1.0;0.0;0.0;0.0;0.0;0.0;0.0;0.0;0.0;0.0;0.0;0.0;0.0;0.0;0.0,1778834090,812682218
3331,1778834090,875478017,gps,-0.531,0.301,0.018000000000000002,0.0,0.0,0.0,0.026244;0.0;0.0;0.0;0.0;0.0;0.0;0.026244;0.0;0.0;0.0;0.0;0.0;0.0;0.026244;0.0;0.0;0.0;0.0;0.0;0.0;-1.0;0.0;0.0;0.0;0.0;0.0;0.0;0.0;0.0;0.0;0.0;0.0;0.0;0.0;0.0,1778834090,940002159
3332,1778834091,477952,gps,-0.528,0.319,0.019,0.0,0.0,0.0,0.026244;0.0;0.0;0.0;0.0;0.0;0.0;0.026244;0.0;0.0;0.0;0.0;0.0;0.0;0.026244;0.0;0.0;0.0;0.0;0.0;0.0;-1.0;0.0;0.0;0.0;0.0;0.0;0.0;0.0;0.0;0.0;0.0;0.0;0.0;0.0;0.0,1778834091,70039584
3333,1778834091,125477888,gps,-0.581,0.28500000000000003,0.017,0.0,0.0,0.0,0.026569000000000002;0.0;0.0;0.0;0.0;0.0;0.0;0.026569000000000002;0.0;0.0;0.0;0.0;0.0;0.0;0.026569000000000002;0.0;0.0;0.0;0.0;0.0;0.0;-1.0;0.0;0.0;0.0;0.0;0.0;0.0;0.0;0.0;0.0;0.0;0.0;0.0;0.0;0.0,1778834091,190363347
3334,1778834091,250477823,gps,-0.5710000000000001,0.316,0.022,0.0,0.0,0.0,0.026569000000000002;0.0;0.0;0.0;0.0;0.0;0.0;0.026569000000000002;0.0;0.0;0.0;0.0;0.0;0.0;0.026569000000000002;0.0;0.0;0.0;0.0;0.0;0.0;-1.0;0.0;0.0;0.0;0.0;0.0;0.0;0.0;0.0;0.0;0.0;0.0;0.0;0.0;0.0,1778834091,315876431
3335,1778834091,375477758,gps,-0.482,0.241,0.01,0.0,0.0,0.0,0.026896000000000003;0.0;0.0;0.0;0.0;0.0;0.0;0.026896000000000003;0.0;0.0;0.0;0.0;0.0;0.0;0.026896000000000003;0.0;0.0;0.0;0.0;0.0;0.0;-1.0;0.0;0.0;0.0;0.0;0.0;0.0;0.0;0.0;0.0;0.0;0.0;0.0;0.0;0.0,1778834091,441755463
3336,1778834091,500477694,gps,-0.433,0.137,0.02,0.0,0.0,0.0,0.027556000000000004;0.0;0.0;0.0;0.0;0.0;0.0;0.027556000000000004;0.0;0.0;0.0;0.0;0.0;0.0;0.027556000000000004;0.0;0.0;0.0;0.0;0.0;0.0;-1.0;0.0;0.0;0.0;0.0;0.0;0.0;0.0;0.0;0.0;0.0;0.0;0.0;0.0;0.0,1778834091,565573960
3337,1778834091,625477629,gps,-0.335,0.097,0.018000000000000002,0.0,0.0,0.0,0.027556000000000004;0.0;0.0;0.0;0.0;0.0;0.0;0.027556000000000004;0.0;0.0;0.0;0.0;0.0;0.0;0.027556000000000004;0.0;0.0;0.0;0.0;0.0;0.0;-1.0;0.0;0.0;0.0;0.0;0.0;0.0;0.0;0.0;0.0;0.0;0.0;0.0;0.0;0.0,1778834091,686508231
3338,1778834091,750477565,gps,-0.277,0.17200000000000001,0.01,0.0,0.0,0.0,0.026244;0.0;0.0;0.0;0.0;0.0;0.0;0.026244;0.0;0.0;0.0;0.0;0.0;0.0;0.026244;0.0;0.0;0.0;0.0;0.0;0.0;-1.0;0.0;0.0;0.0;0.0;0.0;0.0;0.0;0.0;0.0;0.0;0.0;0.0;0.0;0.0,1778834091,813802131
3339,1778834091,875477500,gps,-0.266,0.105,0.009000000000000001,0.0,0.0,0.0,0.027225000000000003;0.0;0.0;0.0;0.0;0.0;0.0;0.027225000000000003;0.0;0.0;0.0;0.0;0.0;0.0;0.027225000000000003;0.0;0.0;0.0;0.0;0.0;0.0;-1.0;0.0;0.0;0.0;0.0;0.0;0.0;0.0;0.0;0.0;0.0;0.0;0.0;0.0;0.0,1778834091,939504957
3340,1778834092,477435,gps,-0.316,0.125,0.011,0.0,0.0,0.0,0.027225000000000003;0.0;0.0;0.0;0.0;0.0;0.0;0.027225000000000003;0.0;0.0;0.0;0.0;0.0;0.0;0.027225000000000003;0.0;0.0;0.0;0.0;0.0;0.0;-1.0;0.0;0.0;0.0;0.0;0.0;0.0;0.0;0.0;0.0;0.0;0.0;0.0;0.0;0.0,1778834092,70208846
3341,1778834092,125477371,gps,-0.327,0.10300000000000001,0.005,0.0,0.0,0.0,0.027889000000000004;0.0;0.0;0.0;0.0;0.0;0.0;0.027889000000000004;0.0;0.0;0.0;0.0;0.0;0.0;0.027889000000000004;0.0;0.0;0.0;0.0;0.0;0.0;-1.0;0.0;0.0;0.0;0.0;0.0;0.0;0.0;0.0;0.0;0.0;0.0;0.0;0.0;0.0,1778834092,191169203
3342,1778834092,250477306,gps,-0.418,0.149,0.01,0.0,0.0,0.0,0.027556000000000004;0.0;0.0;0.0;0.0;0.0;0.0;0.027556000000000004;0.0;0.0;0.0;0.0;0.0;0.0;0.027556000000000004;0.0;0.0;0.0;0.0;0.0;0.0;-1.0;0.0;0.0;0.0;0.0;0.0;0.0;0.0;0.0;0.0;0.0;0.0;0.0;0.0;0.0,1778834092,314579030
3343,1778834092,375477242,gps,-0.483,0.135,0.003,0.0,0.0,0.0,0.027556000000000004;0.0;0.0;0.0;0.0;0.0;0.0;0.027556000000000004;0.0;0.0;0.0;0.0;0.0;0.0;0.027556000000000004;0.0;0.0;0.0;0.0;0.0;0.0;-1.0;0.0;0.0;0.0;0.0;0.0;0.0;0.0;0.0;0.0;0.0;0.0;0.0;0.0;0.0,1778834092,438437630
3344,1778834092,500477177,gps,-0.535,0.165,0.005,0.0,0.0,0.0,0.027889000000000004;0.0;0.0;0.0;0.0;0.0;0.0;0.027889000000000004;0.0;0.0;0.0;0.0;0.0;0.0;0.027889000000000004;0.0;0.0;0.0;0.0;0.0;0.0;-1.0;0.0;0.0;0.0;0.0;0.0;0.0;0.0;0.0;0.0;0.0;0.0;0.0;0.0;0.0,1778834092,560158484
3345,1778834092,625477113,gps,-0.588,0.179,0.008,0.0,0.0,0.0,0.027889000000000004;0.0;0.0;0.0;0.0;0.0;0.0;0.027889000000000004;0.0;0.0;0.0;0.0;0.0;0.0;0.027889000000000004;0.0;0.0;0.0;0.0;0.0;0.0;-1.0;0.0;0.0;0.0;0.0;0.0;0.0;0.0;0.0;0.0;0.0;0.0;0.0;0.0;0.0,1778834092,688519964
3346,1778834092,750477048,gps,-0.723,0.169,0.003,0.0,0.0,0.0,0.028224000000000003;0.0;0.0;0.0;0.0;0.0;0.0;0.028224000000000003;0.0;0.0;0.0;0.0;0.0;0.0;0.028224000000000003;0.0;0.0;0.0;0.0;0.0;0.0;-1.0;0.0;0.0;0.0;0.0;0.0;0.0;0.0;0.0;0.0;0.0;0.0;0.0;0.0;0.0,1778834092,813263847
3347,1778834092,875476983,gps,-0.6920000000000001,0.149,0.005,0.0,0.0,0.0,0.028900000000000006;0.0;0.0;0.0;0.0;0.0;0.0;0.028900000000000006;0.0;0.0;0.0;0.0;0.0;0.0;0.028900000000000006;0.0;0.0;0.0;0.0;0.0;0.0;-1.0;0.0;0.0;0.0;0.0;0.0;0.0;0.0;0.0;0.0;0.0;0.0;0.0;0.0;0.0,1778834092,940514161
3348,1778834093,476919,gps,-0.678,0.107,0.002,0.0,0.0,0.0,0.029584000000000006;0.0;0.0;0.0;0.0;0.0;0.0;0.029584000000000006;0.0;0.0;0.0;0.0;0.0;0.0;0.029584000000000006;0.0;0.0;0.0;0.0;0.0;0.0;-1.0;0.0;0.0;0.0;0.0;0.0;0.0;0.0;0.0;0.0;0.0;0.0;0.0;0.0;0.0,1778834093,69601564
3349,1778834093,125476854,gps,-0.625,0.109,-0.007,0.0,0.0,0.0,0.029241000000000003;0.0;0.0;0.0;0.0;0.0;0.0;0.029241000000000003;0.0;0.0;0.0;0.0;0.0;0.0;0.029241000000000003;0.0;0.0;0.0;0.0;0.0;0.0;-1.0;0.0;0.0;0.0;0.0;0.0;0.0;0.0;0.0;0.0;0.0;0.0;0.0;0.0;0.0,1778834093,190831892
3350,1778834093,250476790,gps,-0.601,0.057,0.006,0.0,0.0,0.0,0.030276000000000004;0.0;0.0;0.0;0.0;0.0;0.0;0.030276000000000004;0.0;0.0;0.0;0.0;0.0;0.0;0.030276000000000004;0.0;0.0;0.0;0.0;0.0;0.0;-1.0;0.0;0.0;0.0;0.0;0.0;0.0;0.0;0.0;0.0;0.0;0.0;0.0;0.0;0.0,1778834093,314332374
3351,1778834093,375476725,gps,-0.493,0.07,-0.009000000000000001,0.0,0.0,0.0,0.029929000000000004;0.0;0.0;0.0;0.0;0.0;0.0;0.029929000000000004;0.0;0.0;0.0;0.0;0.0;0.0;0.029929000000000004;0.0;0.0;0.0;0.0;0.0;0.0;-1.0;0.0;0.0;0.0;0.0;0.0;0.0;0.0;0.0;0.0;0.0;0.0;0.0;0.0;0.0,1778834093,436757810
3352,1778834093,500476661,gps,-0.417,0.048,0.0,0.0,0.0,0.0,0.030276000000000004;0.0;0.0;0.0;0.0;0.0;0.0;0.030276000000000004;0.0;0.0;0.0;0.0;0.0;0.0;0.030276000000000004;0.0;0.0;0.0;0.0;0.0;0.0;-1.0;0.0;0.0;0.0;0.0;0.0;0.0;0.0;0.0;0.0;0.0;0.0;0.0;0.0;0.0,1778834093,564520665
3353,1778834093,625476596,gps,-0.393,0.053,0.001,0.0,0.0,0.0,0.029929000000000004;0.0;0.0;0.0;0.0;0.0;0.0;0.029929000000000004;0.0;0.0;0.0;0.0;0.0;0.0;0.029929000000000004;0.0;0.0;0.0;0.0;0.0;0.0;-1.0;0.0;0.0;0.0;0.0;0.0;0.0;0.0;0.0;0.0;0.0;0.0;0.0;0.0;0.0,1778834093,690289798
3354,1778834093,750476531,gps,-0.289,-0.003,-0.007,0.0,0.0,0.0,0.033489;0.0;0.0;0.0;0.0;0.0;0.0;0.033489;0.0;0.0;0.0;0.0;0.0;0.0;0.033489;0.0;0.0;0.0;0.0;0.0;0.0;-1.0;0.0;0.0;0.0;0.0;0.0;0.0;0.0;0.0;0.0;0.0;0.0;0.0;0.0;0.0,1778834093,813444754
3355,1778834093,875476467,gps,-0.043000000000000003,-0.002,-0.001,0.0,0.0,0.0,0.034225;0.0;0.0;0.0;0.0;0.0;0.0;0.034225;0.0;0.0;0.0;0.0;0.0;0.0;0.034225;0.0;0.0;0.0;0.0;0.0;0.0;-1.0;0.0;0.0;0.0;0.0;0.0;0.0;0.0;0.0;0.0;0.0;0.0;0.0;0.0;0.0,1778834093,938225963
3356,1778834094,476402,gps,0.051000000000000004,-0.028,-0.016,0.0,0.0,0.0,0.027556000000000004;0.0;0.0;0.0;0.0;0.0;0.0;0.027556000000000004;0.0;0.0;0.0;0.0;0.0;0.0;0.027556000000000004;0.0;0.0;0.0;0.0;0.0;0.0;-1.0;0.0;0.0;0.0;0.0;0.0;0.0;0.0;0.0;0.0;0.0;0.0;0.0;0.0;0.0,1778834094,68235369
3357,1778834094,125476338,gps,-0.004,0.024,-0.014,0.0,0.0,0.0,0.028900000000000006;0.0;0.0;0.0;0.0;0.0;0.0;0.028900000000000006;0.0;0.0;0.0;0.0;0.0;0.0;0.028900000000000006;0.0;0.0;0.0;0.0;0.0;0.0;-1.0;0.0;0.0;0.0;0.0;0.0;0.0;0.0;0.0;0.0;0.0;0.0;0.0;0.0;0.0,1778834094,189812098
3358,1778834094,250476273,gps,-0.085,-0.037,-0.002,0.0,0.0,0.0,0.038416000000000006;0.0;0.0;0.0;0.0;0.0;0.0;0.038416000000000006;0.0;0.0;0.0;0.0;0.0;0.0;0.038416000000000006;0.0;0.0;0.0;0.0;0.0;0.0;-1.0;0.0;0.0;0.0;0.0;0.0;0.0;0.0;0.0;0.0;0.0;0.0;0.0;0.0;0.0,1778834094,314196576
3359,1778834094,375476209,gps,0.045,0.066,0.0,0.0,0.0,0.0,0.04161600000000001;0.0;0.0;0.0;0.0;0.0;0.0;0.04161600000000001;0.0;0.0;0.0;0.0;0.0;0.0;0.04161600000000001;0.0;0.0;0.0;0.0;0.0;0.0;-1.0;0.0;0.0;0.0;0.0;0.0;0.0;0.0;0.0;0.0;0.0;0.0;0.0;0.0;0.0,1778834094,439120586
3360,1778834094,500476144,gps,0.062,-0.043000000000000003,-0.003,0.0,0.0,0.0,0.027889000000000004;0.0;0.0;0.0;0.0;0.0;0.0;0.027889000000000004;0.0;0.0;0.0;0.0;0.0;0.0;0.027889000000000004;0.0;0.0;0.0;0.0;0.0;0.0;-1.0;0.0;0.0;0.0;0.0;0.0;0.0;0.0;0.0;0.0;0.0;0.0;0.0;0.0;0.0,1778834094,563203057
3361,1778834094,625476079,gps,-0.004,0.017,-0.008,0.0,0.0,0.0,0.030276000000000004;0.0;0.0;0.0;0.0;0.0;0.0;0.030276000000000004;0.0;0.0;0.0;0.0;0.0;0.0;0.030276000000000004;0.0;0.0;0.0;0.0;0.0;0.0;-1.0;0.0;0.0;0.0;0.0;0.0;0.0;0.0;0.0;0.0;0.0;0.0;0.0;0.0;0.0,1778834094,690061858
3362,1778834094,750476015,gps,0.037,-0.016,-0.017,0.0,0.0,0.0,0.027889000000000004;0.0;0.0;0.0;0.0;0.0;0.0;0.027889000000000004;0.0;0.0;0.0;0.0;0.0;0.0;0.027889000000000004;0.0;0.0;0.0;0.0;0.0;0.0;-1.0;0.0;0.0;0.0;0.0;0.0;0.0;0.0;0.0;0.0;0.0;0.0;0.0;0.0;0.0,1778834094,812492635
3363,1778834094,875475950,gps,0.079,0.025,-0.006,0.0,0.0,0.0,0.039204;0.0;0.0;0.0;0.0;0.0;0.0;0.039204;0.0;0.0;0.0;0.0;0.0;0.0;0.039204;0.0;0.0;0.0;0.0;0.0;0.0;-1.0;0.0;0.0;0.0;0.0;0.0;0.0;0.0;0.0;0.0;0.0;0.0;0.0;0.0;0.0,1778834094,937711848
3364,1778834095,475886,gps,-0.014,0.016,-0.009000000000000001,0.0,0.0,0.0,0.027225000000000003;0.0;0.0;0.0;0.0;0.0;0.0;0.027225000000000003;0.0;0.0;0.0;0.0;0.0;0.0;0.027225000000000003;0.0;0.0;0.0;0.0;0.0;0.0;-1.0;0.0;0.0;0.0;0.0;0.0;0.0;0.0;0.0;0.0;0.0;0.0;0.0;0.0;0.0,1778834095,67939561
3365,1778834095,125475821,gps,0.057,-0.018000000000000002,0.003,0.0,0.0,0.0,0.030625000000000006;0.0;0.0;0.0;0.0;0.0;0.0;0.030625000000000006;0.0;0.0;0.0;0.0;0.0;0.0;0.030625000000000006;0.0;0.0;0.0;0.0;0.0;0.0;-1.0;0.0;0.0;0.0;0.0;0.0;0.0;0.0;0.0;0.0;0.0;0.0;0.0;0.0;0.0,1778834095,189854526
3366,1778834095,250475757,gps,0.111,0.042,-0.015,0.0,0.0,0.0,0.041209;0.0;0.0;0.0;0.0;0.0;0.0;0.041209;0.0;0.0;0.0;0.0;0.0;0.0;0.041209;0.0;0.0;0.0;0.0;0.0;0.0;-1.0;0.0;0.0;0.0;0.0;0.0;0.0;0.0;0.0;0.0;0.0;0.0;0.0;0.0;0.0,1778834095,312406648
3367,1778834095,375475692,gps,0.151,-0.013000000000000001,-0.008,0.0,0.0,0.0,0.033856;0.0;0.0;0.0;0.0;0.0;0.0;0.033856;0.0;0.0;0.0;0.0;0.0;0.0;0.033856;0.0;0.0;0.0;0.0;0.0;0.0;-1.0;0.0;0.0;0.0;0.0;0.0;0.0;0.0;0.0;0.0;0.0;0.0;0.0;0.0;0.0,1778834095,439299885
3368,1778834095,500475627,gps,0.256,-0.089,0.006,0.0,0.0,0.0,0.030276000000000004;0.0;0.0;0.0;0.0;0.0;0.0;0.030276000000000004;0.0;0.0;0.0;0.0;0.0;0.0;0.030276000000000004;0.0;0.0;0.0;0.0;0.0;0.0;-1.0;0.0;0.0;0.0;0.0;0.0;0.0;0.0;0.0;0.0;0.0;0.0;0.0;0.0;0.0,1778834095,564407928
3369,1778834095,625475563,gps,0.353,-0.066,-0.018000000000000002,0.0,0.0,0.0,0.032041;0.0;0.0;0.0;0.0;0.0;0.0;0.032041;0.0;0.0;0.0;0.0;0.0;0.0;0.032041;0.0;0.0;0.0;0.0;0.0;0.0;-1.0;0.0;0.0;0.0;0.0;0.0;0.0;0.0;0.0;0.0;0.0;0.0;0.0;0.0;0.0,1778834095,691125260
3370,1778834095,750475498,gps,0.457,-0.019,-0.016,0.0,0.0,0.0,0.034596;0.0;0.0;0.0;0.0;0.0;0.0;0.034596;0.0;0.0;0.0;0.0;0.0;0.0;0.034596;0.0;0.0;0.0;0.0;0.0;0.0;-1.0;0.0;0.0;0.0;0.0;0.0;0.0;0.0;0.0;0.0;0.0;0.0;0.0;0.0;0.0,1778834095,815205501
3371,1778834095,875475434,gps,0.623,-0.031,-0.02,0.0,0.0,0.0,0.034225;0.0;0.0;0.0;0.0;0.0;0.0;0.034225;0.0;0.0;0.0;0.0;0.0;0.0;0.034225;0.0;0.0;0.0;0.0;0.0;0.0;-1.0;0.0;0.0;0.0;0.0;0.0;0.0;0.0;0.0;0.0;0.0;0.0;0.0;0.0;0.0,1778834095,940273245
3372,1778834096,475369,gps,0.661,-0.009000000000000001,-0.008,0.0,0.0,0.0,0.034969;0.0;0.0;0.0;0.0;0.0;0.0;0.034969;0.0;0.0;0.0;0.0;0.0;0.0;0.034969;0.0;0.0;0.0;0.0;0.0;0.0;-1.0;0.0;0.0;0.0;0.0;0.0;0.0;0.0;0.0;0.0;0.0;0.0;0.0;0.0;0.0,1778834096,69750142
3373,1778834096,125475305,gps,0.794,0.041,-0.009000000000000001,0.0,0.0,0.0,0.035344;0.0;0.0;0.0;0.0;0.0;0.0;0.035344;0.0;0.0;0.0;0.0;0.0;0.0;0.035344;0.0;0.0;0.0;0.0;0.0;0.0;-1.0;0.0;0.0;0.0;0.0;0.0;0.0;0.0;0.0;0.0;0.0;0.0;0.0;0.0;0.0,1778834096,186437597
3374,1778834096,250475240,gps,0.882,0.051000000000000004,-0.006,0.0,0.0,0.0,0.035721;0.0;0.0;0.0;0.0;0.0;0.0;0.035721;0.0;0.0;0.0;0.0;0.0;0.0;0.035721;0.0;0.0;0.0;0.0;0.0;0.0;-1.0;0.0;0.0;0.0;0.0;0.0;0.0;0.0;0.0;0.0;0.0;0.0;0.0;0.0;0.0,1778834096,315395758
3375,1778834096,375475176,gps,0.9520000000000001,0.14400000000000002,0.003,0.0,0.0,0.0,0.0361;0.0;0.0;0.0;0.0;0.0;0.0;0.0361;0.0;0.0;0.0;0.0;0.0;0.0;0.0361;0.0;0.0;0.0;0.0;0.0;0.0;-1.0;0.0;0.0;0.0;0.0;0.0;0.0;0.0;0.0;0.0;0.0;0.0;0.0;0.0;0.0,1778834096,439778747
3376,1778834096,500475111,gps,0.9520000000000001,0.151,0.006,0.0,0.0,0.0,0.036481;0.0;0.0;0.0;0.0;0.0;0.0;0.036481;0.0;0.0;0.0;0.0;0.0;0.0;0.036481;0.0;0.0;0.0;0.0;0.0;0.0;-1.0;0.0;0.0;0.0;0.0;0.0;0.0;0.0;0.0;0.0;0.0;0.0;0.0;0.0;0.0,1778834096,565078045
3377,1778834096,625475046,gps,0.88,0.165,-0.008,0.0,0.0,0.0,0.036481;0.0;0.0;0.0;0.0;0.0;0.0;0.036481;0.0;0.0;0.0;0.0;0.0;0.0;0.036481;0.0;0.0;0.0;0.0;0.0;0.0;-1.0;0.0;0.0;0.0;0.0;0.0;0.0;0.0;0.0;0.0;0.0;0.0;0.0;0.0;0.0,1778834096,690989326
3378,1778834096,750474982,gps,0.807,0.23500000000000001,-0.01,0.0,0.0,0.0,0.037636;0.0;0.0;0.0;0.0;0.0;0.0;0.037636;0.0;0.0;0.0;0.0;0.0;0.0;0.037636;0.0;0.0;0.0;0.0;0.0;0.0;-1.0;0.0;0.0;0.0;0.0;0.0;0.0;0.0;0.0;0.0;0.0;0.0;0.0;0.0;0.0,1778834096,815092660
3379,1778834096,875474917,gps,0.684,0.181,0.002,0.0,0.0,0.0,0.037636;0.0;0.0;0.0;0.0;0.0;0.0;0.037636;0.0;0.0;0.0;0.0;0.0;0.0;0.037636;0.0;0.0;0.0;0.0;0.0;0.0;-1.0;0.0;0.0;0.0;0.0;0.0;0.0;0.0;0.0;0.0;0.0;0.0;0.0;0.0;0.0,1778834096,939695633
3380,1778834097,474853,gps,0.533,0.192,-0.011,0.0,0.0,0.0,0.038416000000000006;0.0;0.0;0.0;0.0;0.0;0.0;0.038416000000000006;0.0;0.0;0.0;0.0;0.0;0.0;0.038416000000000006;0.0;0.0;0.0;0.0;0.0;0.0;-1.0;0.0;0.0;0.0;0.0;0.0;0.0;0.0;0.0;0.0;0.0;0.0;0.0;0.0;0.0,1778834097,65933082
3381,1778834097,125474788,gps,0.4,0.10300000000000001,-0.007,0.0,0.0,0.0,0.038025;0.0;0.0;0.0;0.0;0.0;0.0;0.038025;0.0;0.0;0.0;0.0;0.0;0.0;0.038025;0.0;0.0;0.0;0.0;0.0;0.0;-1.0;0.0;0.0;0.0;0.0;0.0;0.0;0.0;0.0;0.0;0.0;0.0;0.0;0.0;0.0,1778834097,190167722
3382,1778834097,250474724,gps,0.39,0.136,-0.011,0.0,0.0,0.0,0.038809;0.0;0.0;0.0;0.0;0.0;0.0;0.038809;0.0;0.0;0.0;0.0;0.0;0.0;0.038809;0.0;0.0;0.0;0.0;0.0;0.0;-1.0;0.0;0.0;0.0;0.0;0.0;0.0;0.0;0.0;0.0;0.0;0.0;0.0;0.0;0.0,1778834097,315188893
3383,1778834097,375474659,gps,0.28500000000000003,0.13,-0.017,0.0,0.0,0.0,0.038025;0.0;0.0;0.0;0.0;0.0;0.0;0.038025;0.0;0.0;0.0;0.0;0.0;0.0;0.038025;0.0;0.0;0.0;0.0;0.0;0.0;-1.0;0.0;0.0;0.0;0.0;0.0;0.0;0.0;0.0;0.0;0.0;0.0;0.0;0.0;0.0,1778834097,440429517
3384,1778834097,500474594,gps,0.194,0.045,-0.004,0.0,0.0,0.0,0.0361;0.0;0.0;0.0;0.0;0.0;0.0;0.0361;0.0;0.0;0.0;0.0;0.0;0.0;0.0361;0.0;0.0;0.0;0.0;0.0;0.0;-1.0;0.0;0.0;0.0;0.0;0.0;0.0;0.0;0.0;0.0;0.0;0.0;0.0;0.0;0.0,1778834097,565099301
3385,1778834097,625474530,gps,0.162,0.037,-0.001,0.0,0.0,0.0,0.0361;0.0;0.0;0.0;0.0;0.0;0.0;0.0361;0.0;0.0;0.0;0.0;0.0;0.0;0.0361;0.0;0.0;0.0;0.0;0.0;0.0;-1.0;0.0;0.0;0.0;0.0;0.0;0.0;0.0;0.0;0.0;0.0;0.0;0.0;0.0;0.0,1778834097,690285999
3386,1778834097,750474465,gps,0.154,0.069,-0.018000000000000002,0.0,0.0,0.0,0.037636;0.0;0.0;0.0;0.0;0.0;0.0;0.037636;0.0;0.0;0.0;0.0;0.0;0.0;0.037636;0.0;0.0;0.0;0.0;0.0;0.0;-1.0;0.0;0.0;0.0;0.0;0.0;0.0;0.0;0.0;0.0;0.0;0.0;0.0;0.0;0.0,1778834097,813968520
3387,1778834097,875474401,gps,0.176,0.079,-0.011,0.0,0.0,0.0,0.038025;0.0;0.0;0.0;0.0;0.0;0.0;0.038025;0.0;0.0;0.0;0.0;0.0;0.0;0.038025;0.0;0.0;0.0;0.0;0.0;0.0;-1.0;0.0;0.0;0.0;0.0;0.0;0.0;0.0;0.0;0.0;0.0;0.0;0.0;0.0;0.0,1778834097,936781487
3388,1778834098,474336,gps,0.297,0.08600000000000001,-0.004,0.0,0.0,0.0,0.036481;0.0;0.0;0.0;0.0;0.0;0.0;0.036481;0.0;0.0;0.0;0.0;0.0;0.0;0.036481;0.0;0.0;0.0;0.0;0.0;0.0;-1.0;0.0;0.0;0.0;0.0;0.0;0.0;0.0;0.0;0.0;0.0;0.0;0.0;0.0;0.0,1778834098,68260761
3389,1778834098,125474272,gps,0.364,0.122,-0.008,0.0,0.0,0.0,0.038416000000000006;0.0;0.0;0.0;0.0;0.0;0.0;0.038416000000000006;0.0;0.0;0.0;0.0;0.0;0.0;0.038416000000000006;0.0;0.0;0.0;0.0;0.0;0.0;-1.0;0.0;0.0;0.0;0.0;0.0;0.0;0.0;0.0;0.0;0.0;0.0;0.0;0.0;0.0,1778834098,190176295
3390,1778834098,250474207,gps,0.389,0.185,-0.018000000000000002,0.0,0.0,0.0,0.039601000000000004;0.0;0.0;0.0;0.0;0.0;0.0;0.039601000000000004;0.0;0.0;0.0;0.0;0.0;0.0;0.039601000000000004;0.0;0.0;0.0;0.0;0.0;0.0;-1.0;0.0;0.0;0.0;0.0;0.0;0.0;0.0;0.0;0.0;0.0;0.0;0.0;0.0;0.0,1778834098,315003882
3391,1778834098,375474143,gps,0.488,0.224,0.004,0.0,0.0,0.0,0.038025;0.0;0.0;0.0;0.0;0.0;0.0;0.038025;0.0;0.0;0.0;0.0;0.0;0.0;0.038025;0.0;0.0;0.0;0.0;0.0;0.0;-1.0;0.0;0.0;0.0;0.0;0.0;0.0;0.0;0.0;0.0;0.0;0.0;0.0;0.0;0.0,1778834098,439097092
3392,1778834098,500474078,gps,0.607,0.28500000000000003,0.003,0.0,0.0,0.0,0.038025;0.0;0.0;0.0;0.0;0.0;0.0;0.038025;0.0;0.0;0.0;0.0;0.0;0.0;0.038025;0.0;0.0;0.0;0.0;0.0;0.0;-1.0;0.0;0.0;0.0;0.0;0.0;0.0;0.0;0.0;0.0;0.0;0.0;0.0;0.0;0.0,1778834098,564078834
3393,1778834098,625474014,gps,0.632,0.315,-0.015,0.0,0.0,0.0,0.038416000000000006;0.0;0.0;0.0;0.0;0.0;0.0;0.038416000000000006;0.0;0.0;0.0;0.0;0.0;0.0;0.038416000000000006;0.0;0.0;0.0;0.0;0.0;0.0;-1.0;0.0;0.0;0.0;0.0;0.0;0.0;0.0;0.0;0.0;0.0;0.0;0.0;0.0;0.0,1778834098,689272695
3394,1778834098,750473949,gps,0.611,0.329,-0.012,0.0,0.0,0.0,0.038416000000000006;0.0;0.0;0.0;0.0;0.0;0.0;0.038416000000000006;0.0;0.0;0.0;0.0;0.0;0.0;0.038416000000000006;0.0;0.0;0.0;0.0;0.0;0.0;-1.0;0.0;0.0;0.0;0.0;0.0;0.0;0.0;0.0;0.0;0.0;0.0;0.0;0.0;0.0,1778834098,813860147
3395,1778834098,875473884,gps,0.604,0.424,-0.002,0.0,0.0,0.0,0.039601000000000004;0.0;0.0;0.0;0.0;0.0;0.0;0.039601000000000004;0.0;0.0;0.0;0.0;0.0;0.0;0.039601000000000004;0.0;0.0;0.0;0.0;0.0;0.0;-1.0;0.0;0.0;0.0;0.0;0.0;0.0;0.0;0.0;0.0;0.0;0.0;0.0;0.0;0.0,1778834098,939168083
3396,1778834099,473820,gps,0.611,0.367,-0.003,0.0,0.0,0.0,0.039601000000000004;0.0;0.0;0.0;0.0;0.0;0.0;0.039601000000000004;0.0;0.0;0.0;0.0;0.0;0.0;0.039601000000000004;0.0;0.0;0.0;0.0;0.0;0.0;-1.0;0.0;0.0;0.0;0.0;0.0;0.0;0.0;0.0;0.0;0.0;0.0;0.0;0.0;0.0,1778834099,68292793
3397,1778834099,125473755,gps,0.464,0.272,0.018000000000000002,0.0,0.0,0.0,0.039601000000000004;0.0;0.0;0.0;0.0;0.0;0.0;0.039601000000000004;0.0;0.0;0.0;0.0;0.0;0.0;0.039601000000000004;0.0;0.0;0.0;0.0;0.0;0.0;-1.0;0.0;0.0;0.0;0.0;0.0;0.0;0.0;0.0;0.0;0.0;0.0;0.0;0.0;0.0,1778834099,189255753
3398,1778834099,250473691,gps,0.365,0.309,0.003,0.0,0.0,0.0,0.04000000000000001;0.0;0.0;0.0;0.0;0.0;0.0;0.04000000000000001;0.0;0.0;0.0;0.0;0.0;0.0;0.04000000000000001;0.0;0.0;0.0;0.0;0.0;0.0;-1.0;0.0;0.0;0.0;0.0;0.0;0.0;0.0;0.0;0.0;0.0;0.0;0.0;0.0;0.0,1778834099,314815425
3399,1778834099,375473626,gps,0.35000000000000003,0.227,0.007,0.0,0.0,0.0,0.039601000000000004;0.0;0.0;0.0;0.0;0.0;0.0;0.039601000000000004;0.0;0.0;0.0;0.0;0.0;0.0;0.039601000000000004;0.0;0.0;0.0;0.0;0.0;0.0;-1.0;0.0;0.0;0.0;0.0;0.0;0.0;0.0;0.0;0.0;0.0;0.0;0.0;0.0;0.0,1778834099,438254045
3400,1778834099,500473561,gps,0.223,0.149,0.001,0.0,0.0,0.0,0.039601000000000004;0.0;0.0;0.0;0.0;0.0;0.0;0.039601000000000004;0.0;0.0;0.0;0.0;0.0;0.0;0.039601000000000004;0.0;0.0;0.0;0.0;0.0;0.0;-1.0;0.0;0.0;0.0;0.0;0.0;0.0;0.0;0.0;0.0;0.0;0.0;0.0;0.0;0.0,1778834099,564451264
3401,1778834099,625473497,gps,0.198,0.17200000000000001,0.007,0.0,0.0,0.0,0.04000000000000001;0.0;0.0;0.0;0.0;0.0;0.0;0.04000000000000001;0.0;0.0;0.0;0.0;0.0;0.0;0.04000000000000001;0.0;0.0;0.0;0.0;0.0;0.0;-1.0;0.0;0.0;0.0;0.0;0.0;0.0;0.0;0.0;0.0;0.0;0.0;0.0;0.0;0.0,1778834099,690182677
3402,1778834099,750473432,gps,0.158,0.11,0.013000000000000001,0.0,0.0,0.0,0.04000000000000001;0.0;0.0;0.0;0.0;0.0;0.0;0.04000000000000001;0.0;0.0;0.0;0.0;0.0;0.0;0.04000000000000001;0.0;0.0;0.0;0.0;0.0;0.0;-1.0;0.0;0.0;0.0;0.0;0.0;0.0;0.0;0.0;0.0;0.0;0.0;0.0;0.0;0.0,1778834099,811818722
3403,1778834099,875473368,gps,0.105,0.074,0.018000000000000002,0.0,0.0,0.0,0.039601000000000004;0.0;0.0;0.0;0.0;0.0;0.0;0.039601000000000004;0.0;0.0;0.0;0.0;0.0;0.0;0.039601000000000004;0.0;0.0;0.0;0.0;0.0;0.0;-1.0;0.0;0.0;0.0;0.0;0.0;0.0;0.0;0.0;0.0;0.0;0.0;0.0;0.0;0.0,1778834099,938995313
3404,1778834100,473303,gps,0.026000000000000002,0.044,0.017,0.0,0.0,0.0,0.037636;0.0;0.0;0.0;0.0;0.0;0.0;0.037636;0.0;0.0;0.0;0.0;0.0;0.0;0.037636;0.0;0.0;0.0;0.0;0.0;0.0;-1.0;0.0;0.0;0.0;0.0;0.0;0.0;0.0;0.0;0.0;0.0;0.0;0.0;0.0;0.0,1778834100,68043655
3405,1778834100,125473239,gps,-0.012,0.02,0.014,0.0,0.0,0.0,0.028224000000000003;0.0;0.0;0.0;0.0;0.0;0.0;0.028224000000000003;0.0;0.0;0.0;0.0;0.0;0.0;0.028224000000000003;0.0;0.0;0.0;0.0;0.0;0.0;-1.0;0.0;0.0;0.0;0.0;0.0;0.0;0.0;0.0;0.0;0.0;0.0;0.0;0.0;0.0,1778834100,189983476
3406,1778834100,250473174,gps,0.005,-0.017,0.009000000000000001,0.0,0.0,0.0,0.029241000000000003;0.0;0.0;0.0;0.0;0.0;0.0;0.029241000000000003;0.0;0.0;0.0;0.0;0.0;0.0;0.029241000000000003;0.0;0.0;0.0;0.0;0.0;0.0;-1.0;0.0;0.0;0.0;0.0;0.0;0.0;0.0;0.0;0.0;0.0;0.0;0.0;0.0;0.0,1778834100,315124411
3407,1778834100,375473110,gps,-0.01,-0.017,0.012,0.0,0.0,0.0,0.034596;0.0;0.0;0.0;0.0;0.0;0.0;0.034596;0.0;0.0;0.0;0.0;0.0;0.0;0.034596;0.0;0.0;0.0;0.0;0.0;0.0;-1.0;0.0;0.0;0.0;0.0;0.0;0.0;0.0;0.0;0.0;0.0;0.0;0.0;0.0;0.0,1778834100,441725462
3408,1778834100,500473045,gps,-0.08600000000000001,-0.043000000000000003,0.013000000000000001,0.0,0.0,0.0,0.038416000000000006;0.0;0.0;0.0;0.0;0.0;0.0;0.038416000000000006;0.0;0.0;0.0;0.0;0.0;0.0;0.038416000000000006;0.0;0.0;0.0;0.0;0.0;0.0;-1.0;0.0;0.0;0.0;0.0;0.0;0.0;0.0;0.0;0.0;0.0;0.0;0.0;0.0;0.0,1778834100,565042018
3409,1778834100,625472980,gps,-0.083,-0.08,0.015,0.0,0.0,0.0,0.039204;0.0;0.0;0.0;0.0;0.0;0.0;0.039204;0.0;0.0;0.0;0.0;0.0;0.0;0.039204;0.0;0.0;0.0;0.0;0.0;0.0;-1.0;0.0;0.0;0.0;0.0;0.0;0.0;0.0;0.0;0.0;0.0;0.0;0.0;0.0;0.0,1778834100,686648846
3410,1778834100,750472916,gps,-0.166,-0.133,0.003,0.0,0.0,0.0,0.039204;0.0;0.0;0.0;0.0;0.0;0.0;0.039204;0.0;0.0;0.0;0.0;0.0;0.0;0.039204;0.0;0.0;0.0;0.0;0.0;0.0;-1.0;0.0;0.0;0.0;0.0;0.0;0.0;0.0;0.0;0.0;0.0;0.0;0.0;0.0;0.0,1778834100,814688477
3411,1778834100,875472851,gps,-0.28600000000000003,-0.254,0.013000000000000001,0.0,0.0,0.0,0.039601000000000004;0.0;0.0;0.0;0.0;0.0;0.0;0.039601000000000004;0.0;0.0;0.0;0.0;0.0;0.0;0.039601000000000004;0.0;0.0;0.0;0.0;0.0;0.0;-1.0;0.0;0.0;0.0;0.0;0.0;0.0;0.0;0.0;0.0;0.0;0.0;0.0;0.0;0.0,1778834100,940113817
3412,1778834101,472787,gps,-0.35000000000000003,-0.268,0.009000000000000001,0.0,0.0,0.0,0.039204;0.0;0.0;0.0;0.0;0.0;0.0;0.039204;0.0;0.0;0.0;0.0;0.0;0.0;0.039204;0.0;0.0;0.0;0.0;0.0;0.0;-1.0;0.0;0.0;0.0;0.0;0.0;0.0;0.0;0.0;0.0;0.0;0.0;0.0;0.0;0.0,1778834101,69203640
3413,1778834101,125472722,gps,-0.455,-0.317,-0.005,0.0,0.0,0.0,0.04000000000000001;0.0;0.0;0.0;0.0;0.0;0.0;0.04000000000000001;0.0;0.0;0.0;0.0;0.0;0.0;0.04000000000000001;0.0;0.0;0.0;0.0;0.0;0.0;-1.0;0.0;0.0;0.0;0.0;0.0;0.0;0.0;0.0;0.0;0.0;0.0;0.0;0.0;0.0,1778834101,190769906
3414,1778834101,250472658,gps,-0.579,-0.369,-0.004,0.0,0.0,0.0,0.04080400000000001;0.0;0.0;0.0;0.0;0.0;0.0;0.04080400000000001;0.0;0.0;0.0;0.0;0.0;0.0;0.04080400000000001;0.0;0.0;0.0;0.0;0.0;0.0;-1.0;0.0;0.0;0.0;0.0;0.0;0.0;0.0;0.0;0.0;0.0;0.0;0.0;0.0;0.0,1778834101,315621358
3415,1778834101,375472593,gps,-0.538,-0.489,0.021,0.0,0.0,0.0,0.04000000000000001;0.0;0.0;0.0;0.0;0.0;0.0;0.04000000000000001;0.0;0.0;0.0;0.0;0.0;0.0;0.04000000000000001;0.0;0.0;0.0;0.0;0.0;0.0;-1.0;0.0;0.0;0.0;0.0;0.0;0.0;0.0;0.0;0.0;0.0;0.0;0.0;0.0;0.0,1778834101,439159322
3416,1778834101,500472528,gps,-0.489,-0.521,-0.009000000000000001,0.0,0.0,0.0,0.040401000000000006;0.0;0.0;0.0;0.0;0.0;0.0;0.040401000000000006;0.0;0.0;0.0;0.0;0.0;0.0;0.040401000000000006;0.0;0.0;0.0;0.0;0.0;0.0;-1.0;0.0;0.0;0.0;0.0;0.0;0.0;0.0;0.0;0.0;0.0;0.0;0.0;0.0;0.0,1778834101,559930027
3417,1778834101,625472464,gps,-0.524,-0.496,-0.017,0.0,0.0,0.0,0.039601000000000004;0.0;0.0;0.0;0.0;0.0;0.0;0.039601000000000004;0.0;0.0;0.0;0.0;0.0;0.0;0.039601000000000004;0.0;0.0;0.0;0.0;0.0;0.0;-1.0;0.0;0.0;0.0;0.0;0.0;0.0;0.0;0.0;0.0;0.0;0.0;0.0;0.0;0.0,1778834101,691009821
3418,1778834101,750472399,gps,-0.47400000000000003,-0.47900000000000004,-0.011,0.0,0.0,0.0,0.042849000000000005;0.0;0.0;0.0;0.0;0.0;0.0;0.042849000000000005;0.0;0.0;0.0;0.0;0.0;0.0;0.042849000000000005;0.0;0.0;0.0;0.0;0.0;0.0;-1.0;0.0;0.0;0.0;0.0;0.0;0.0;0.0;0.0;0.0;0.0;0.0;0.0;0.0;0.0,1778834101,814366077
3419,1778834101,875472335,gps,-0.34900000000000003,-0.41000000000000003,-0.015,0.0,0.0,0.0,0.04243600000000001;0.0;0.0;0.0;0.0;0.0;0.0;0.04243600000000001;0.0;0.0;0.0;0.0;0.0;0.0;0.04243600000000001;0.0;0.0;0.0;0.0;0.0;0.0;-1.0;0.0;0.0;0.0;0.0;0.0;0.0;0.0;0.0;0.0;0.0;0.0;0.0;0.0;0.0,1778834101,940018666
3420,1778834102,472270,gps,-0.34,-0.337,-0.011,0.0,0.0,0.0,0.04326400000000001;0.0;0.0;0.0;0.0;0.0;0.0;0.04326400000000001;0.0;0.0;0.0;0.0;0.0;0.0;0.04326400000000001;0.0;0.0;0.0;0.0;0.0;0.0;-1.0;0.0;0.0;0.0;0.0;0.0;0.0;0.0;0.0;0.0;0.0;0.0;0.0;0.0;0.0,1778834102,69726554
3421,1778834102,125472206,gps,-0.248,-0.299,-0.01,0.0,0.0,0.0,0.042849000000000005;0.0;0.0;0.0;0.0;0.0;0.0;0.042849000000000005;0.0;0.0;0.0;0.0;0.0;0.0;0.042849000000000005;0.0;0.0;0.0;0.0;0.0;0.0;-1.0;0.0;0.0;0.0;0.0;0.0;0.0;0.0;0.0;0.0;0.0;0.0;0.0;0.0;0.0,1778834102,189451681
3422,1778834102,250472141,gps,-0.242,-0.23800000000000002,0.008,0.0,0.0,0.0,0.042849000000000005;0.0;0.0;0.0;0.0;0.0;0.0;0.042849000000000005;0.0;0.0;0.0;0.0;0.0;0.0;0.042849000000000005;0.0;0.0;0.0;0.0;0.0;0.0;-1.0;0.0;0.0;0.0;0.0;0.0;0.0;0.0;0.0;0.0;0.0;0.0;0.0;0.0;0.0,1778834102,313745287
3423,1778834102,375472077,gps,-0.184,-0.171,-0.01,0.0,0.0,0.0,0.04409999999999999;0.0;0.0;0.0;0.0;0.0;0.0;0.04409999999999999;0.0;0.0;0.0;0.0;0.0;0.0;0.04409999999999999;0.0;0.0;0.0;0.0;0.0;0.0;-1.0;0.0;0.0;0.0;0.0;0.0;0.0;0.0;0.0;0.0;0.0;0.0;0.0;0.0;0.0,1778834102,436087836
3424,1778834102,500472012,gps,-0.151,-0.20700000000000002,-0.012,0.0,0.0,0.0,0.042849000000000005;0.0;0.0;0.0;0.0;0.0;0.0;0.042849000000000005;0.0;0.0;0.0;0.0;0.0;0.0;0.042849000000000005;0.0;0.0;0.0;0.0;0.0;0.0;-1.0;0.0;0.0;0.0;0.0;0.0;0.0;0.0;0.0;0.0;0.0;0.0;0.0;0.0;0.0,1778834102,564784273
3425,1778834102,625471948,gps,-0.146,-0.131,-0.008,0.0,0.0,0.0,0.04243600000000001;0.0;0.0;0.0;0.0;0.0;0.0;0.04243600000000001;0.0;0.0;0.0;0.0;0.0;0.0;0.04243600000000001;0.0;0.0;0.0;0.0;0.0;0.0;-1.0;0.0;0.0;0.0;0.0;0.0;0.0;0.0;0.0;0.0;0.0;0.0;0.0;0.0;0.0,1778834102,688064574
3426,1778834102,750471883,gps,-0.14,-0.123,-0.004,0.0,0.0,0.0,0.04243600000000001;0.0;0.0;0.0;0.0;0.0;0.0;0.04243600000000001;0.0;0.0;0.0;0.0;0.0;0.0;0.04243600000000001;0.0;0.0;0.0;0.0;0.0;0.0;-1.0;0.0;0.0;0.0;0.0;0.0;0.0;0.0;0.0;0.0;0.0;0.0;0.0;0.0;0.0,1778834102,812435999
3427,1778834102,875471818,gps,-0.139,-0.139,-0.004,0.0,0.0,0.0,0.042849000000000005;0.0;0.0;0.0;0.0;0.0;0.0;0.042849000000000005;0.0;0.0;0.0;0.0;0.0;0.0;0.042849000000000005;0.0;0.0;0.0;0.0;0.0;0.0;-1.0;0.0;0.0;0.0;0.0;0.0;0.0;0.0;0.0;0.0;0.0;0.0;0.0;0.0;0.0,1778834102,937574679
3428,1778834103,471754,gps,-0.081,-0.178,-0.013000000000000001,0.0,0.0,0.0,0.04161600000000001;0.0;0.0;0.0;0.0;0.0;0.0;0.04161600000000001;0.0;0.0;0.0;0.0;0.0;0.0;0.04161600000000001;0.0;0.0;0.0;0.0;0.0;0.0;-1.0;0.0;0.0;0.0;0.0;0.0;0.0;0.0;0.0;0.0;0.0;0.0;0.0;0.0;0.0,1778834103,67580315
3429,1778834103,125471689,gps,-0.052000000000000005,-0.07,-0.02,0.0,0.0,0.0,0.04202500000000001;0.0;0.0;0.0;0.0;0.0;0.0;0.04202500000000001;0.0;0.0;0.0;0.0;0.0;0.0;0.04202500000000001;0.0;0.0;0.0;0.0;0.0;0.0;-1.0;0.0;0.0;0.0;0.0;0.0;0.0;0.0;0.0;0.0;0.0;0.0;0.0;0.0;0.0,1778834103,189015041
3430,1778834103,250471625,gps,-0.017,-0.037,-0.021,0.0,0.0,0.0,0.036481;0.0;0.0;0.0;0.0;0.0;0.0;0.036481;0.0;0.0;0.0;0.0;0.0;0.0;0.036481;0.0;0.0;0.0;0.0;0.0;0.0;-1.0;0.0;0.0;0.0;0.0;0.0;0.0;0.0;0.0;0.0;0.0;0.0;0.0;0.0;0.0,1778834103,314628378
3431,1778834103,375471560,gps,0.002,0.025,-0.018000000000000002,0.0,0.0,0.0,0.033489;0.0;0.0;0.0;0.0;0.0;0.0;0.033489;0.0;0.0;0.0;0.0;0.0;0.0;0.033489;0.0;0.0;0.0;0.0;0.0;0.0;-1.0;0.0;0.0;0.0;0.0;0.0;0.0;0.0;0.0;0.0;0.0;0.0;0.0;0.0;0.0,1778834103,439023130
3432,1778834103,500471496,gps,0.073,0.053,-0.013000000000000001,0.0,0.0,0.0,0.038025;0.0;0.0;0.0;0.0;0.0;0.0;0.038025;0.0;0.0;0.0;0.0;0.0;0.0;0.038025;0.0;0.0;0.0;0.0;0.0;0.0;-1.0;0.0;0.0;0.0;0.0;0.0;0.0;0.0;0.0;0.0;0.0;0.0;0.0;0.0;0.0,1778834103,562813434
3433,1778834103,625471431,gps,0.097,0.164,-0.008,0.0,0.0,0.0,0.039204;0.0;0.0;0.0;0.0;0.0;0.0;0.039204;0.0;0.0;0.0;0.0;0.0;0.0;0.039204;0.0;0.0;0.0;0.0;0.0;0.0;-1.0;0.0;0.0;0.0;0.0;0.0;0.0;0.0;0.0;0.0;0.0;0.0;0.0;0.0;0.0,1778834103,688585772
3434,1778834103,750471367,gps,0.209,0.26,-0.005,0.0,0.0,0.0,0.039204;0.0;0.0;0.0;0.0;0.0;0.0;0.039204;0.0;0.0;0.0;0.0;0.0;0.0;0.039204;0.0;0.0;0.0;0.0;0.0;0.0;-1.0;0.0;0.0;0.0;0.0;0.0;0.0;0.0;0.0;0.0;0.0;0.0;0.0;0.0;0.0,1778834103,812634084
3435,1778834103,875471302,gps,0.274,0.261,-0.003,0.0,0.0,0.0,0.038809;0.0;0.0;0.0;0.0;0.0;0.0;0.038809;0.0;0.0;0.0;0.0;0.0;0.0;0.038809;0.0;0.0;0.0;0.0;0.0;0.0;-1.0;0.0;0.0;0.0;0.0;0.0;0.0;0.0;0.0;0.0;0.0;0.0;0.0;0.0;0.0,1778834103,937498560
3436,1778834104,471238,gps,0.318,0.366,0.0,0.0,0.0,0.0,0.038809;0.0;0.0;0.0;0.0;0.0;0.0;0.038809;0.0;0.0;0.0;0.0;0.0;0.0;0.038809;0.0;0.0;0.0;0.0;0.0;0.0;-1.0;0.0;0.0;0.0;0.0;0.0;0.0;0.0;0.0;0.0;0.0;0.0;0.0;0.0;0.0,1778834104,67425910
3437,1778834104,125471173,gps,0.389,0.5,0.004,0.0,0.0,0.0,0.038809;0.0;0.0;0.0;0.0;0.0;0.0;0.038809;0.0;0.0;0.0;0.0;0.0;0.0;0.038809;0.0;0.0;0.0;0.0;0.0;0.0;-1.0;0.0;0.0;0.0;0.0;0.0;0.0;0.0;0.0;0.0;0.0;0.0;0.0;0.0;0.0,1778834104,189617727
3438,1778834104,250471109,gps,0.384,0.593,0.008,0.0,0.0,0.0,0.039204;0.0;0.0;0.0;0.0;0.0;0.0;0.039204;0.0;0.0;0.0;0.0;0.0;0.0;0.039204;0.0;0.0;0.0;0.0;0.0;0.0;-1.0;0.0;0.0;0.0;0.0;0.0;0.0;0.0;0.0;0.0;0.0;0.0;0.0;0.0;0.0,1778834104,312208960
3439,1778834104,375471044,gps,0.455,0.678,0.01,0.0,0.0,0.0,0.040401000000000006;0.0;0.0;0.0;0.0;0.0;0.0;0.040401000000000006;0.0;0.0;0.0;0.0;0.0;0.0;0.040401000000000006;0.0;0.0;0.0;0.0;0.0;0.0;-1.0;0.0;0.0;0.0;0.0;0.0;0.0;0.0;0.0;0.0;0.0;0.0;0.0;0.0;0.0,1778834104,439196987
3440,1778834104,500470980,gps,0.483,0.791,0.016,0.0,0.0,0.0,0.039204;0.0;0.0;0.0;0.0;0.0;0.0;0.039204;0.0;0.0;0.0;0.0;0.0;0.0;0.039204;0.0;0.0;0.0;0.0;0.0;0.0;-1.0;0.0;0.0;0.0;0.0;0.0;0.0;0.0;0.0;0.0;0.0;0.0;0.0;0.0;0.0,1778834104,564427004
3441,1778834104,625470915,gps,0.502,0.928,0.018000000000000002,0.0,0.0,0.0,0.040401000000000006;0.0;0.0;0.0;0.0;0.0;0.0;0.040401000000000006;0.0;0.0;0.0;0.0;0.0;0.0;0.040401000000000006;0.0;0.0;0.0;0.0;0.0;0.0;-1.0;0.0;0.0;0.0;0.0;0.0;0.0;0.0;0.0;0.0;0.0;0.0;0.0;0.0;0.0,1778834104,688784029
3442,1778834104,750470850,gps,0.45,0.989,0.019,0.0,0.0,0.0,0.038809;0.0;0.0;0.0;0.0;0.0;0.0;0.038809;0.0;0.0;0.0;0.0;0.0;0.0;0.038809;0.0;0.0;0.0;0.0;0.0;0.0;-1.0;0.0;0.0;0.0;0.0;0.0;0.0;0.0;0.0;0.0;0.0;0.0;0.0;0.0;0.0,1778834104,813454009
3443,1778834104,875470786,gps,0.382,0.9460000000000001,0.017,0.0,0.0,0.0,0.038416000000000006;0.0;0.0;0.0;0.0;0.0;0.0;0.038416000000000006;0.0;0.0;0.0;0.0;0.0;0.0;0.038416000000000006;0.0;0.0;0.0;0.0;0.0;0.0;-1.0;0.0;0.0;0.0;0.0;0.0;0.0;0.0;0.0;0.0;0.0;0.0;0.0;0.0;0.0,1778834104,938668442
3444,1778834105,470721,gps,0.384,0.883,0.018000000000000002,0.0,0.0,0.0,0.038025;0.0;0.0;0.0;0.0;0.0;0.0;0.038025;0.0;0.0;0.0;0.0;0.0;0.0;0.038025;0.0;0.0;0.0;0.0;0.0;0.0;-1.0;0.0;0.0;0.0;0.0;0.0;0.0;0.0;0.0;0.0;0.0;0.0;0.0;0.0;0.0,1778834105,68837596
3445,1778834105,125470657,gps,0.303,0.9520000000000001,0.012,0.0,0.0,0.0,0.037636;0.0;0.0;0.0;0.0;0.0;0.0;0.037636;0.0;0.0;0.0;0.0;0.0;0.0;0.037636;0.0;0.0;0.0;0.0;0.0;0.0;-1.0;0.0;0.0;0.0;0.0;0.0;0.0;0.0;0.0;0.0;0.0;0.0;0.0;0.0;0.0,1778834105,184974776
3446,1778834105,250470592,gps,0.228,0.97,0.029,0.0,0.0,0.0,0.036864;0.0;0.0;0.0;0.0;0.0;0.0;0.036864;0.0;0.0;0.0;0.0;0.0;0.0;0.036864;0.0;0.0;0.0;0.0;0.0;0.0;-1.0;0.0;0.0;0.0;0.0;0.0;0.0;0.0;0.0;0.0;0.0;0.0;0.0;0.0;0.0,1778834105,312775233
3447,1778834105,375470528,gps,0.309,0.924,0.017,0.0,0.0,0.0,0.037636;0.0;0.0;0.0;0.0;0.0;0.0;0.037636;0.0;0.0;0.0;0.0;0.0;0.0;0.037636;0.0;0.0;0.0;0.0;0.0;0.0;-1.0;0.0;0.0;0.0;0.0;0.0;0.0;0.0;0.0;0.0;0.0;0.0;0.0;0.0;0.0,1778834105,437908396
3448,1778834105,500470463,gps,0.20700000000000002,0.983,0.014,0.0,0.0,0.0,0.038025;0.0;0.0;0.0;0.0;0.0;0.0;0.038025;0.0;0.0;0.0;0.0;0.0;0.0;0.038025;0.0;0.0;0.0;0.0;0.0;0.0;-1.0;0.0;0.0;0.0;0.0;0.0;0.0;0.0;0.0;0.0;0.0;0.0;0.0;0.0;0.0,1778834105,563622066
3449,1778834105,625470399,gps,0.153,1.0190000000000001,0.018000000000000002,0.0,0.0,0.0,0.038025;0.0;0.0;0.0;0.0;0.0;0.0;0.038025;0.0;0.0;0.0;0.0;0.0;0.0;0.038025;0.0;0.0;0.0;0.0;0.0;0.0;-1.0;0.0;0.0;0.0;0.0;0.0;0.0;0.0;0.0;0.0;0.0;0.0;0.0;0.0;0.0,1778834105,688554636
3450,1778834105,750470334,gps,0.133,1.1400000000000001,0.021,0.0,0.0,0.0,0.036481;0.0;0.0;0.0;0.0;0.0;0.0;0.036481;0.0;0.0;0.0;0.0;0.0;0.0;0.036481;0.0;0.0;0.0;0.0;0.0;0.0;-1.0;0.0;0.0;0.0;0.0;0.0;0.0;0.0;0.0;0.0;0.0;0.0;0.0;0.0;0.0,1778834105,812659092
3451,1778834105,875470270,gps,0.127,1.187,0.025,0.0,0.0,0.0,0.035344;0.0;0.0;0.0;0.0;0.0;0.0;0.035344;0.0;0.0;0.0;0.0;0.0;0.0;0.035344;0.0;0.0;0.0;0.0;0.0;0.0;-1.0;0.0;0.0;0.0;0.0;0.0;0.0;0.0;0.0;0.0;0.0;0.0;0.0;0.0;0.0,1778834105,937475471
3452,1778834106,470205,gps,-0.004,1.315,0.024,0.0,0.0,0.0,0.034225;0.0;0.0;0.0;0.0;0.0;0.0;0.034225;0.0;0.0;0.0;0.0;0.0;0.0;0.034225;0.0;0.0;0.0;0.0;0.0;0.0;-1.0;0.0;0.0;0.0;0.0;0.0;0.0;0.0;0.0;0.0;0.0;0.0;0.0;0.0;0.0,1778834106,62834434
3453,1778834106,125470141,gps,-0.092,1.374,0.029,0.0,0.0,0.0,0.034969;0.0;0.0;0.0;0.0;0.0;0.0;0.034969;0.0;0.0;0.0;0.0;0.0;0.0;0.034969;0.0;0.0;0.0;0.0;0.0;0.0;-1.0;0.0;0.0;0.0;0.0;0.0;0.0;0.0;0.0;0.0;0.0;0.0;0.0;0.0;0.0,1778834106,187632886
3454,1778834106,250470076,gps,-0.178,1.491,0.012,0.0,0.0,0.0,0.034969;0.0;0.0;0.0;0.0;0.0;0.0;0.034969;0.0;0.0;0.0;0.0;0.0;0.0;0.034969;0.0;0.0;0.0;0.0;0.0;0.0;-1.0;0.0;0.0;0.0;0.0;0.0;0.0;0.0;0.0;0.0;0.0;0.0;0.0;0.0;0.0,1778834106,313815883
3455,1778834106,375470012,gps,-0.265,1.575,0.023,0.0,0.0,0.0,0.033856;0.0;0.0;0.0;0.0;0.0;0.0;0.033856;0.0;0.0;0.0;0.0;0.0;0.0;0.033856;0.0;0.0;0.0;0.0;0.0;0.0;-1.0;0.0;0.0;0.0;0.0;0.0;0.0;0.0;0.0;0.0;0.0;0.0;0.0;0.0;0.0,1778834106,437760114
3456,1778834106,500469947,gps,-0.47800000000000004,1.689,0.024,0.0,0.0,0.0,0.033124;0.0;0.0;0.0;0.0;0.0;0.0;0.033124;0.0;0.0;0.0;0.0;0.0;0.0;0.033124;0.0;0.0;0.0;0.0;0.0;0.0;-1.0;0.0;0.0;0.0;0.0;0.0;0.0;0.0;0.0;0.0;0.0;0.0;0.0;0.0;0.0,1778834106,561660423
3457,1778834106,625469882,gps,-0.5750000000000001,1.764,0.029,0.0,0.0,0.0,0.033124;0.0;0.0;0.0;0.0;0.0;0.0;0.033124;0.0;0.0;0.0;0.0;0.0;0.0;0.033124;0.0;0.0;0.0;0.0;0.0;0.0;-1.0;0.0;0.0;0.0;0.0;0.0;0.0;0.0;0.0;0.0;0.0;0.0;0.0;0.0;0.0,1778834106,685796952
3458,1778834106,750469818,gps,-0.806,1.635,0.039,0.0,0.0,0.0,0.033124;0.0;0.0;0.0;0.0;0.0;0.0;0.033124;0.0;0.0;0.0;0.0;0.0;0.0;0.033124;0.0;0.0;0.0;0.0;0.0;0.0;-1.0;0.0;0.0;0.0;0.0;0.0;0.0;0.0;0.0;0.0;0.0;0.0;0.0;0.0;0.0,1778834106,810299625
3459,1778834106,875469753,gps,-0.9580000000000001,1.714,0.057,0.0,0.0,0.0,0.0324;0.0;0.0;0.0;0.0;0.0;0.0;0.0324;0.0;0.0;0.0;0.0;0.0;0.0;0.0324;0.0;0.0;0.0;0.0;0.0;0.0;-1.0;0.0;0.0;0.0;0.0;0.0;0.0;0.0;0.0;0.0;0.0;0.0;0.0;0.0;0.0,1778834106,934205282
3460,1778834107,469689,gps,-1.119,1.713,0.054,0.0,0.0,0.0,0.029929000000000004;0.0;0.0;0.0;0.0;0.0;0.0;0.029929000000000004;0.0;0.0;0.0;0.0;0.0;0.0;0.029929000000000004;0.0;0.0;0.0;0.0;0.0;0.0;-1.0;0.0;0.0;0.0;0.0;0.0;0.0;0.0;0.0;0.0;0.0;0.0;0.0;0.0;0.0,1778834107,65484868
3461,1778834107,125469624,gps,-1.285,1.616,0.046,0.0,0.0,0.0,0.029241000000000003;0.0;0.0;0.0;0.0;0.0;0.0;0.029241000000000003;0.0;0.0;0.0;0.0;0.0;0.0;0.029241000000000003;0.0;0.0;0.0;0.0;0.0;0.0;-1.0;0.0;0.0;0.0;0.0;0.0;0.0;0.0;0.0;0.0;0.0;0.0;0.0;0.0;0.0,1778834107,189169082
3462,1778834107,250469560,gps,-1.391,1.5230000000000001,0.061,0.0,0.0,0.0,0.028900000000000006;0.0;0.0;0.0;0.0;0.0;0.0;0.028900000000000006;0.0;0.0;0.0;0.0;0.0;0.0;0.028900000000000006;0.0;0.0;0.0;0.0;0.0;0.0;-1.0;0.0;0.0;0.0;0.0;0.0;0.0;0.0;0.0;0.0;0.0;0.0;0.0;0.0;0.0,1778834107,312663737
3463,1778834107,375469495,gps,-1.49,1.444,0.065,0.0,0.0,0.0,0.028561000000000003;0.0;0.0;0.0;0.0;0.0;0.0;0.028561000000000003;0.0;0.0;0.0;0.0;0.0;0.0;0.028561000000000003;0.0;0.0;0.0;0.0;0.0;0.0;-1.0;0.0;0.0;0.0;0.0;0.0;0.0;0.0;0.0;0.0;0.0;0.0;0.0;0.0;0.0,1778834107,437732295
3464,1778834107,500469430,gps,-1.577,1.424,0.074,0.0,0.0,0.0,0.028224000000000003;0.0;0.0;0.0;0.0;0.0;0.0;0.028224000000000003;0.0;0.0;0.0;0.0;0.0;0.0;0.028224000000000003;0.0;0.0;0.0;0.0;0.0;0.0;-1.0;0.0;0.0;0.0;0.0;0.0;0.0;0.0;0.0;0.0;0.0;0.0;0.0;0.0;0.0,1778834107,562212254
3465,1778834107,625469366,gps,-1.682,1.364,0.059000000000000004,0.0,0.0,0.0,0.029929000000000004;0.0;0.0;0.0;0.0;0.0;0.0;0.029929000000000004;0.0;0.0;0.0;0.0;0.0;0.0;0.029929000000000004;0.0;0.0;0.0;0.0;0.0;0.0;-1.0;0.0;0.0;0.0;0.0;0.0;0.0;0.0;0.0;0.0;0.0;0.0;0.0;0.0;0.0,1778834107,687673915
3466,1778834107,750469302,gps,-1.874,1.438,0.061,0.0,0.0,0.0,0.030975999999999997;0.0;0.0;0.0;0.0;0.0;0.0;0.030975999999999997;0.0;0.0;0.0;0.0;0.0;0.0;0.030975999999999997;0.0;0.0;0.0;0.0;0.0;0.0;-1.0;0.0;0.0;0.0;0.0;0.0;0.0;0.0;0.0;0.0;0.0;0.0;0.0;0.0;0.0,1778834107,812249624
3467,1778834107,875469237,gps,-1.795,1.434,0.057,0.0,0.0,0.0,0.030975999999999997;0.0;0.0;0.0;0.0;0.0;0.0;0.030975999999999997;0.0;0.0;0.0;0.0;0.0;0.0;0.030975999999999997;0.0;0.0;0.0;0.0;0.0;0.0;-1.0;0.0;0.0;0.0;0.0;0.0;0.0;0.0;0.0;0.0;0.0;0.0;0.0;0.0;0.0,1778834107,937518022
3468,1778834108,469172,gps,-1.895,1.428,0.058,0.0,0.0,0.0,0.030975999999999997;0.0;0.0;0.0;0.0;0.0;0.0;0.030975999999999997;0.0;0.0;0.0;0.0;0.0;0.0;0.030975999999999997;0.0;0.0;0.0;0.0;0.0;0.0;-1.0;0.0;0.0;0.0;0.0;0.0;0.0;0.0;0.0;0.0;0.0;0.0;0.0;0.0;0.0,1778834108,67544218
3469,1778834108,125469108,gps,-1.919,1.459,0.063,0.0,0.0,0.0,0.031328999999999996;0.0;0.0;0.0;0.0;0.0;0.0;0.031328999999999996;0.0;0.0;0.0;0.0;0.0;0.0;0.031328999999999996;0.0;0.0;0.0;0.0;0.0;0.0;-1.0;0.0;0.0;0.0;0.0;0.0;0.0;0.0;0.0;0.0;0.0;0.0;0.0;0.0;0.0,1778834108,187617518
3470,1778834108,250469043,gps,-1.838,1.584,0.058,0.0,0.0,0.0,0.031684;0.0;0.0;0.0;0.0;0.0;0.0;0.031684;0.0;0.0;0.0;0.0;0.0;0.0;0.031684;0.0;0.0;0.0;0.0;0.0;0.0;-1.0;0.0;0.0;0.0;0.0;0.0;0.0;0.0;0.0;0.0;0.0;0.0;0.0;0.0;0.0,1778834108,313174079
3471,1778834108,375468979,gps,-2.007,1.569,0.061,0.0,0.0,0.0,0.031684;0.0;0.0;0.0;0.0;0.0;0.0;0.031684;0.0;0.0;0.0;0.0;0.0;0.0;0.031684;0.0;0.0;0.0;0.0;0.0;0.0;-1.0;0.0;0.0;0.0;0.0;0.0;0.0;0.0;0.0;0.0;0.0;0.0;0.0;0.0;0.0,1778834108,436667596
3472,1778834108,500468914,gps,-1.995,1.579,0.059000000000000004,0.0,0.0,0.0,0.031684;0.0;0.0;0.0;0.0;0.0;0.0;0.031684;0.0;0.0;0.0;0.0;0.0;0.0;0.031684;0.0;0.0;0.0;0.0;0.0;0.0;-1.0;0.0;0.0;0.0;0.0;0.0;0.0;0.0;0.0;0.0;0.0;0.0;0.0;0.0;0.0,1778834108,561287351
3473,1778834108,625468850,gps,-1.987,1.6380000000000001,0.064,0.0,0.0,0.0,0.031328999999999996;0.0;0.0;0.0;0.0;0.0;0.0;0.031328999999999996;0.0;0.0;0.0;0.0;0.0;0.0;0.031328999999999996;0.0;0.0;0.0;0.0;0.0;0.0;-1.0;0.0;0.0;0.0;0.0;0.0;0.0;0.0;0.0;0.0;0.0;0.0;0.0;0.0;0.0,1778834108,687005438
3474,1778834108,750468785,gps,-2.072,1.6580000000000001,0.07100000000000001,0.0,0.0,0.0,0.031328999999999996;0.0;0.0;0.0;0.0;0.0;0.0;0.031328999999999996;0.0;0.0;0.0;0.0;0.0;0.0;0.031328999999999996;0.0;0.0;0.0;0.0;0.0;0.0;-1.0;0.0;0.0;0.0;0.0;0.0;0.0;0.0;0.0;0.0;0.0;0.0;0.0;0.0;0.0,1778834108,808967213
3475,1778834108,875468721,gps,-2.137,1.7550000000000001,0.048,0.0,0.0,0.0,0.031328999999999996;0.0;0.0;0.0;0.0;0.0;0.0;0.031328999999999996;0.0;0.0;0.0;0.0;0.0;0.0;0.031328999999999996;0.0;0.0;0.0;0.0;0.0;0.0;-1.0;0.0;0.0;0.0;0.0;0.0;0.0;0.0;0.0;0.0;0.0;0.0;0.0;0.0;0.0,1778834108,936469442
3476,1778834109,468656,gps,-2.232,1.78,0.083,0.0,0.0,0.0,0.031328999999999996;0.0;0.0;0.0;0.0;0.0;0.0;0.031328999999999996;0.0;0.0;0.0;0.0;0.0;0.0;0.031328999999999996;0.0;0.0;0.0;0.0;0.0;0.0;-1.0;0.0;0.0;0.0;0.0;0.0;0.0;0.0;0.0;0.0;0.0;0.0;0.0;0.0;0.0,1778834109,65570003
3477,1778834109,125468592,gps,-2.235,1.871,0.078,0.0,0.0,0.0,0.031328999999999996;0.0;0.0;0.0;0.0;0.0;0.0;0.031328999999999996;0.0;0.0;0.0;0.0;0.0;0.0;0.031328999999999996;0.0;0.0;0.0;0.0;0.0;0.0;-1.0;0.0;0.0;0.0;0.0;0.0;0.0;0.0;0.0;0.0;0.0;0.0;0.0;0.0;0.0,1778834109,187357768
3478,1778834109,250468527,gps,-2.386,1.978,0.07200000000000001,0.0,0.0,0.0,0.031328999999999996;0.0;0.0;0.0;0.0;0.0;0.0;0.031328999999999996;0.0;0.0;0.0;0.0;0.0;0.0;0.031328999999999996;0.0;0.0;0.0;0.0;0.0;0.0;-1.0;0.0;0.0;0.0;0.0;0.0;0.0;0.0;0.0;0.0;0.0;0.0;0.0;0.0;0.0,1778834109,312462145
3479,1778834109,375468463,gps,-2.4010000000000002,2.04,0.065,0.0,0.0,0.0,0.030975999999999997;0.0;0.0;0.0;0.0;0.0;0.0;0.030975999999999997;0.0;0.0;0.0;0.0;0.0;0.0;0.030975999999999997;0.0;0.0;0.0;0.0;0.0;0.0;-1.0;0.0;0.0;0.0;0.0;0.0;0.0;0.0;0.0;0.0;0.0;0.0;0.0;0.0;0.0,1778834109,437428631
3480,1778834109,500468398,gps,-2.525,2.223,0.067,0.0,0.0,0.0,0.030975999999999997;0.0;0.0;0.0;0.0;0.0;0.0;0.030975999999999997;0.0;0.0;0.0;0.0;0.0;0.0;0.030975999999999997;0.0;0.0;0.0;0.0;0.0;0.0;-1.0;0.0;0.0;0.0;0.0;0.0;0.0;0.0;0.0;0.0;0.0;0.0;0.0;0.0;0.0,1778834109,561565466
3481,1778834109,625468334,gps,-2.573,2.227,0.076,0.0,0.0,0.0,0.030975999999999997;0.0;0.0;0.0;0.0;0.0;0.0;0.030975999999999997;0.0;0.0;0.0;0.0;0.0;0.0;0.030975999999999997;0.0;0.0;0.0;0.0;0.0;0.0;-1.0;0.0;0.0;0.0;0.0;0.0;0.0;0.0;0.0;0.0;0.0;0.0;0.0;0.0;0.0,1778834109,684324768
3482,1778834109,750468269,gps,-2.533,2.298,0.082,0.0,0.0,0.0,0.030625000000000006;0.0;0.0;0.0;0.0;0.0;0.0;0.030625000000000006;0.0;0.0;0.0;0.0;0.0;0.0;0.030625000000000006;0.0;0.0;0.0;0.0;0.0;0.0;-1.0;0.0;0.0;0.0;0.0;0.0;0.0;0.0;0.0;0.0;0.0;0.0;0.0;0.0;0.0,1778834109,810459743
3483,1778834109,875468204,gps,-2.5300000000000002,2.4090000000000003,0.094,0.0,0.0,0.0,0.030975999999999997;0.0;0.0;0.0;0.0;0.0;0.0;0.030975999999999997;0.0;0.0;0.0;0.0;0.0;0.0;0.030975999999999997;0.0;0.0;0.0;0.0;0.0;0.0;-1.0;0.0;0.0;0.0;0.0;0.0;0.0;0.0;0.0;0.0;0.0;0.0;0.0;0.0;0.0,1778834109,937396940
3484,1778834110,468140,gps,-2.7,2.483,0.081,0.0,0.0,0.0,0.030625000000000006;0.0;0.0;0.0;0.0;0.0;0.0;0.030625000000000006;0.0;0.0;0.0;0.0;0.0;0.0;0.030625000000000006;0.0;0.0;0.0;0.0;0.0;0.0;-1.0;0.0;0.0;0.0;0.0;0.0;0.0;0.0;0.0;0.0;0.0;0.0;0.0;0.0;0.0,1778834110,68499921
3485,1778834110,125468075,gps,-2.669,2.461,0.084,0.0,0.0,0.0,0.031328999999999996;0.0;0.0;0.0;0.0;0.0;0.0;0.031328999999999996;0.0;0.0;0.0;0.0;0.0;0.0;0.031328999999999996;0.0;0.0;0.0;0.0;0.0;0.0;-1.0;0.0;0.0;0.0;0.0;0.0;0.0;0.0;0.0;0.0;0.0;0.0;0.0;0.0;0.0,1778834110,189349065
3486,1778834110,250468011,gps,-2.727,2.587,0.106,0.0,0.0,0.0,0.030625000000000006;0.0;0.0;0.0;0.0;0.0;0.0;0.030625000000000006;0.0;0.0;0.0;0.0;0.0;0.0;0.030625000000000006;0.0;0.0;0.0;0.0;0.0;0.0;-1.0;0.0;0.0;0.0;0.0;0.0;0.0;0.0;0.0;0.0;0.0;0.0;0.0;0.0;0.0,1778834110,313703448
3487,1778834110,375467946,gps,-2.73,2.632,0.11900000000000001,0.0,0.0,0.0,0.030625000000000006;0.0;0.0;0.0;0.0;0.0;0.0;0.030625000000000006;0.0;0.0;0.0;0.0;0.0;0.0;0.030625000000000006;0.0;0.0;0.0;0.0;0.0;0.0;-1.0;0.0;0.0;0.0;0.0;0.0;0.0;0.0;0.0;0.0;0.0;0.0;0.0;0.0;0.0,1778834110,437249432
3488,1778834110,500467882,gps,-2.735,2.744,0.1,0.0,0.0,0.0,0.031328999999999996;0.0;0.0;0.0;0.0;0.0;0.0;0.031328999999999996;0.0;0.0;0.0;0.0;0.0;0.0;0.031328999999999996;0.0;0.0;0.0;0.0;0.0;0.0;-1.0;0.0;0.0;0.0;0.0;0.0;0.0;0.0;0.0;0.0;0.0;0.0;0.0;0.0;0.0,1778834110,558387221
3489,1778834110,625467817,gps,-2.581,2.985,0.084,0.0,0.0,0.0,0.031328999999999996;0.0;0.0;0.0;0.0;0.0;0.0;0.031328999999999996;0.0;0.0;0.0;0.0;0.0;0.0;0.031328999999999996;0.0;0.0;0.0;0.0;0.0;0.0;-1.0;0.0;0.0;0.0;0.0;0.0;0.0;0.0;0.0;0.0;0.0;0.0;0.0;0.0;0.0,1778834110,688273229
3490,1778834110,750467753,gps,-2.56,3.178,0.089,0.0,0.0,0.0,0.031684;0.0;0.0;0.0;0.0;0.0;0.0;0.031684;0.0;0.0;0.0;0.0;0.0;0.0;0.031684;0.0;0.0;0.0;0.0;0.0;0.0;-1.0;0.0;0.0;0.0;0.0;0.0;0.0;0.0;0.0;0.0;0.0;0.0;0.0;0.0;0.0,1778834110,812386243
3491,1778834110,875467688,gps,-2.491,3.231,0.114,0.0,0.0,0.0,0.032041;0.0;0.0;0.0;0.0;0.0;0.0;0.032041;0.0;0.0;0.0;0.0;0.0;0.0;0.032041;0.0;0.0;0.0;0.0;0.0;0.0;-1.0;0.0;0.0;0.0;0.0;0.0;0.0;0.0;0.0;0.0;0.0;0.0;0.0;0.0;0.0,1778834110,937527960
3492,1778834111,467624,gps,-2.547,3.295,0.123,0.0,0.0,0.0,0.032041;0.0;0.0;0.0;0.0;0.0;0.0;0.032041;0.0;0.0;0.0;0.0;0.0;0.0;0.032041;0.0;0.0;0.0;0.0;0.0;0.0;-1.0;0.0;0.0;0.0;0.0;0.0;0.0;0.0;0.0;0.0;0.0;0.0;0.0;0.0;0.0,1778834111,67173162
3493,1778834111,125467559,gps,-2.614,3.239,0.131,0.0,0.0,0.0,0.032041;0.0;0.0;0.0;0.0;0.0;0.0;0.032041;0.0;0.0;0.0;0.0;0.0;0.0;0.032041;0.0;0.0;0.0;0.0;0.0;0.0;-1.0;0.0;0.0;0.0;0.0;0.0;0.0;0.0;0.0;0.0;0.0;0.0;0.0;0.0;0.0,1778834111,188394138
3494,1778834111,250467495,gps,-2.781,3.138,0.133,0.0,0.0,0.0,0.033124;0.0;0.0;0.0;0.0;0.0;0.0;0.033124;0.0;0.0;0.0;0.0;0.0;0.0;0.033124;0.0;0.0;0.0;0.0;0.0;0.0;-1.0;0.0;0.0;0.0;0.0;0.0;0.0;0.0;0.0;0.0;0.0;0.0;0.0;0.0;0.0,1778834111,312570104
3495,1778834111,375467430,gps,-2.865,2.751,0.139,0.0,0.0,0.0,0.031684;0.0;0.0;0.0;0.0;0.0;0.0;0.031684;0.0;0.0;0.0;0.0;0.0;0.0;0.031684;0.0;0.0;0.0;0.0;0.0;0.0;-1.0;0.0;0.0;0.0;0.0;0.0;0.0;0.0;0.0;0.0;0.0;0.0;0.0;0.0;0.0,1778834111,435862427
3496,1778834111,500467366,gps,-3.027,2.368,0.11800000000000001,0.0,0.0,0.0,0.032761;0.0;0.0;0.0;0.0;0.0;0.0;0.032761;0.0;0.0;0.0;0.0;0.0;0.0;0.032761;0.0;0.0;0.0;0.0;0.0;0.0;-1.0;0.0;0.0;0.0;0.0;0.0;0.0;0.0;0.0;0.0;0.0;0.0;0.0;0.0;0.0,1778834111,563920546
3497,1778834111,625467301,gps,-3.181,1.947,0.133,0.0,0.0,0.0,0.033856;0.0;0.0;0.0;0.0;0.0;0.0;0.033856;0.0;0.0;0.0;0.0;0.0;0.0;0.033856;0.0;0.0;0.0;0.0;0.0;0.0;-1.0;0.0;0.0;0.0;0.0;0.0;0.0;0.0;0.0;0.0;0.0;0.0;0.0;0.0;0.0,1778834111,688961604
3498,1778834111,750467237,gps,-3.384,1.731,0.113,0.0,0.0,0.0,0.034969;0.0;0.0;0.0;0.0;0.0;0.0;0.034969;0.0;0.0;0.0;0.0;0.0;0.0;0.034969;0.0;0.0;0.0;0.0;0.0;0.0;-1.0;0.0;0.0;0.0;0.0;0.0;0.0;0.0;0.0;0.0;0.0;0.0;0.0;0.0;0.0,1778834111,812373967
3499,1778834111,875467172,gps,-3.5420000000000003,1.497,0.14200000000000002,0.0,0.0,0.0,0.036481;0.0;0.0;0.0;0.0;0.0;0.0;0.036481;0.0;0.0;0.0;0.0;0.0;0.0;0.036481;0.0;0.0;0.0;0.0;0.0;0.0;-1.0;0.0;0.0;0.0;0.0;0.0;0.0;0.0;0.0;0.0;0.0;0.0;0.0;0.0;0.0,1778834111,937244536
3500,1778834112,467108,gps,-3.5460000000000003,1.428,0.108,0.0,0.0,0.0,0.038025;0.0;0.0;0.0;0.0;0.0;0.0;0.038025;0.0;0.0;0.0;0.0;0.0;0.0;0.038025;0.0;0.0;0.0;0.0;0.0;0.0;-1.0;0.0;0.0;0.0;0.0;0.0;0.0;0.0;0.0;0.0;0.0;0.0;0.0;0.0;0.0,1778834112,67315875
3501,1778834112,125467043,gps,-3.588,1.323,0.115,0.0,0.0,0.0,0.038025;0.0;0.0;0.0;0.0;0.0;0.0;0.038025;0.0;0.0;0.0;0.0;0.0;0.0;0.038025;0.0;0.0;0.0;0.0;0.0;0.0;-1.0;0.0;0.0;0.0;0.0;0.0;0.0;0.0;0.0;0.0;0.0;0.0;0.0;0.0;0.0,1778834112,187481693
3502,1778834112,250466979,gps,-3.589,1.28,0.1,0.0,0.0,0.0,0.037636;0.0;0.0;0.0;0.0;0.0;0.0;0.037636;0.0;0.0;0.0;0.0;0.0;0.0;0.037636;0.0;0.0;0.0;0.0;0.0;0.0;-1.0;0.0;0.0;0.0;0.0;0.0;0.0;0.0;0.0;0.0;0.0;0.0;0.0;0.0;0.0,1778834112,312665495
3503,1778834112,375466914,gps,-3.563,1.252,0.085,0.0,0.0,0.0,0.037636;0.0;0.0;0.0;0.0;0.0;0.0;0.037636;0.0;0.0;0.0;0.0;0.0;0.0;0.037636;0.0;0.0;0.0;0.0;0.0;0.0;-1.0;0.0;0.0;0.0;0.0;0.0;0.0;0.0;0.0;0.0;0.0;0.0;0.0;0.0;0.0,1778834112,437133536
3504,1778834112,500466850,gps,-3.21,1.302,0.084,0.0,0.0,0.0,0.037249000000000004;0.0;0.0;0.0;0.0;0.0;0.0;0.037249000000000004;0.0;0.0;0.0;0.0;0.0;0.0;0.037249000000000004;0.0;0.0;0.0;0.0;0.0;0.0;-1.0;0.0;0.0;0.0;0.0;0.0;0.0;0.0;0.0;0.0;0.0;0.0;0.0;0.0;0.0,1778834112,562191997
3505,1778834112,625466785,gps,-2.88,1.365,0.076,0.0,0.0,0.0,0.035721;0.0;0.0;0.0;0.0;0.0;0.0;0.035721;0.0;0.0;0.0;0.0;0.0;0.0;0.035721;0.0;0.0;0.0;0.0;0.0;0.0;-1.0;0.0;0.0;0.0;0.0;0.0;0.0;0.0;0.0;0.0;0.0;0.0;0.0;0.0;0.0,1778834112,687465844
3506,1778834112,750466720,gps,-2.452,1.408,0.09,0.0,0.0,0.0,0.036481;0.0;0.0;0.0;0.0;0.0;0.0;0.036481;0.0;0.0;0.0;0.0;0.0;0.0;0.036481;0.0;0.0;0.0;0.0;0.0;0.0;-1.0;0.0;0.0;0.0;0.0;0.0;0.0;0.0;0.0;0.0;0.0;0.0;0.0;0.0;0.0,1778834112,810431426
3507,1778834112,875466656,gps,-2.249,1.445,0.088,0.0,0.0,0.0,0.0361;0.0;0.0;0.0;0.0;0.0;0.0;0.0361;0.0;0.0;0.0;0.0;0.0;0.0;0.0361;0.0;0.0;0.0;0.0;0.0;0.0;-1.0;0.0;0.0;0.0;0.0;0.0;0.0;0.0;0.0;0.0;0.0;0.0;0.0;0.0;0.0,1778834112,936743347
3508,1778834113,466591,gps,-1.986,1.397,0.096,0.0,0.0,0.0,0.034969;0.0;0.0;0.0;0.0;0.0;0.0;0.034969;0.0;0.0;0.0;0.0;0.0;0.0;0.034969;0.0;0.0;0.0;0.0;0.0;0.0;-1.0;0.0;0.0;0.0;0.0;0.0;0.0;0.0;0.0;0.0;0.0;0.0;0.0;0.0;0.0,1778834113,66849425
3509,1778834113,125466527,gps,-1.919,1.283,0.07100000000000001,0.0,0.0,0.0,0.033124;0.0;0.0;0.0;0.0;0.0;0.0;0.033124;0.0;0.0;0.0;0.0;0.0;0.0;0.033124;0.0;0.0;0.0;0.0;0.0;0.0;-1.0;0.0;0.0;0.0;0.0;0.0;0.0;0.0;0.0;0.0;0.0;0.0;0.0;0.0;0.0,1778834113,187383525
3510,1778834113,250466462,gps,-1.774,1.293,0.08,0.0,0.0,0.0,0.033124;0.0;0.0;0.0;0.0;0.0;0.0;0.033124;0.0;0.0;0.0;0.0;0.0;0.0;0.033124;0.0;0.0;0.0;0.0;0.0;0.0;-1.0;0.0;0.0;0.0;0.0;0.0;0.0;0.0;0.0;0.0;0.0;0.0;0.0;0.0;0.0,1778834113,310078306
3511,1778834113,375466398,gps,-1.686,1.247,0.088,0.0,0.0,0.0,0.033489;0.0;0.0;0.0;0.0;0.0;0.0;0.033489;0.0;0.0;0.0;0.0;0.0;0.0;0.033489;0.0;0.0;0.0;0.0;0.0;0.0;-1.0;0.0;0.0;0.0;0.0;0.0;0.0;0.0;0.0;0.0;0.0;0.0;0.0;0.0;0.0,1778834113,436978452
3512,1778834113,500466333,gps,-1.573,1.274,0.101,0.0,0.0,0.0,0.032761;0.0;0.0;0.0;0.0;0.0;0.0;0.032761;0.0;0.0;0.0;0.0;0.0;0.0;0.032761;0.0;0.0;0.0;0.0;0.0;0.0;-1.0;0.0;0.0;0.0;0.0;0.0;0.0;0.0;0.0;0.0;0.0;0.0;0.0;0.0;0.0,1778834113,561729286
3513,1778834113,625466269,gps,-1.744,1.254,0.077,0.0,0.0,0.0,0.034969;0.0;0.0;0.0;0.0;0.0;0.0;0.034969;0.0;0.0;0.0;0.0;0.0;0.0;0.034969;0.0;0.0;0.0;0.0;0.0;0.0;-1.0;0.0;0.0;0.0;0.0;0.0;0.0;0.0;0.0;0.0;0.0;0.0;0.0;0.0;0.0,1778834113,686887502
3514,1778834113,750466204,gps,-1.682,1.325,0.088,0.0,0.0,0.0,0.033124;0.0;0.0;0.0;0.0;0.0;0.0;0.033124;0.0;0.0;0.0;0.0;0.0;0.0;0.033124;0.0;0.0;0.0;0.0;0.0;0.0;-1.0;0.0;0.0;0.0;0.0;0.0;0.0;0.0;0.0;0.0;0.0;0.0;0.0;0.0;0.0,1778834113,811198061
3515,1778834113,875466140,gps,-1.627,1.415,0.075,0.0,0.0,0.0,0.030975999999999997;0.0;0.0;0.0;0.0;0.0;0.0;0.030975999999999997;0.0;0.0;0.0;0.0;0.0;0.0;0.030975999999999997;0.0;0.0;0.0;0.0;0.0;0.0;-1.0;0.0;0.0;0.0;0.0;0.0;0.0;0.0;0.0;0.0;0.0;0.0;0.0;0.0;0.0,1778834113,936979906
3516,1778834114,466075,gps,-1.735,1.445,0.075,0.0,0.0,0.0,0.030975999999999997;0.0;0.0;0.0;0.0;0.0;0.0;0.030975999999999997;0.0;0.0;0.0;0.0;0.0;0.0;0.030975999999999997;0.0;0.0;0.0;0.0;0.0;0.0;-1.0;0.0;0.0;0.0;0.0;0.0;0.0;0.0;0.0;0.0;0.0;0.0;0.0;0.0;0.0,1778834114,66085503
3517,1778834114,125466011,gps,-1.823,1.559,0.075,0.0,0.0,0.0,0.031328999999999996;0.0;0.0;0.0;0.0;0.0;0.0;0.031328999999999996;0.0;0.0;0.0;0.0;0.0;0.0;0.031328999999999996;0.0;0.0;0.0;0.0;0.0;0.0;-1.0;0.0;0.0;0.0;0.0;0.0;0.0;0.0;0.0;0.0;0.0;0.0;0.0;0.0;0.0,1778834114,184721362
3518,1778834114,250465946,gps,-1.719,1.684,0.083,0.0,0.0,0.0,0.030625000000000006;0.0;0.0;0.0;0.0;0.0;0.0;0.030625000000000006;0.0;0.0;0.0;0.0;0.0;0.0;0.030625000000000006;0.0;0.0;0.0;0.0;0.0;0.0;-1.0;0.0;0.0;0.0;0.0;0.0;0.0;0.0;0.0;0.0;0.0;0.0;0.0;0.0;0.0,1778834114,314293603
3519,1778834114,375465882,gps,-1.666,1.847,0.067,0.0,0.0,0.0,0.031684;0.0;0.0;0.0;0.0;0.0;0.0;0.031684;0.0;0.0;0.0;0.0;0.0;0.0;0.031684;0.0;0.0;0.0;0.0;0.0;0.0;-1.0;0.0;0.0;0.0;0.0;0.0;0.0;0.0;0.0;0.0;0.0;0.0;0.0;0.0;0.0,1778834114,439227948
3520,1778834114,500465817,gps,-1.711,2.0300000000000002,0.10400000000000001,0.0,0.0,0.0,0.032041;0.0;0.0;0.0;0.0;0.0;0.0;0.032041;0.0;0.0;0.0;0.0;0.0;0.0;0.032041;0.0;0.0;0.0;0.0;0.0;0.0;-1.0;0.0;0.0;0.0;0.0;0.0;0.0;0.0;0.0;0.0;0.0;0.0;0.0;0.0;0.0,1778834114,563264539
3521,1778834114,625465752,gps,-1.643,2.208,0.094,0.0,0.0,0.0,0.0324;0.0;0.0;0.0;0.0;0.0;0.0;0.0324;0.0;0.0;0.0;0.0;0.0;0.0;0.0324;0.0;0.0;0.0;0.0;0.0;0.0;-1.0;0.0;0.0;0.0;0.0;0.0;0.0;0.0;0.0;0.0;0.0;0.0;0.0;0.0;0.0,1778834114,689370749
3522,1778834114,750465688,gps,-1.667,2.3850000000000002,0.112,0.0,0.0,0.0,0.030625000000000006;0.0;0.0;0.0;0.0;0.0;0.0;0.030625000000000006;0.0;0.0;0.0;0.0;0.0;0.0;0.030625000000000006;0.0;0.0;0.0;0.0;0.0;0.0;-1.0;0.0;0.0;0.0;0.0;0.0;0.0;0.0;0.0;0.0;0.0;0.0;0.0;0.0;0.0,1778834114,812993692
3523,1778834114,875465623,gps,-1.643,2.399,0.115,0.0,0.0,0.0,0.030975999999999997;0.0;0.0;0.0;0.0;0.0;0.0;0.030975999999999997;0.0;0.0;0.0;0.0;0.0;0.0;0.030975999999999997;0.0;0.0;0.0;0.0;0.0;0.0;-1.0;0.0;0.0;0.0;0.0;0.0;0.0;0.0;0.0;0.0;0.0;0.0;0.0;0.0;0.0,1778834114,937775152
3524,1778834115,465559,gps,-1.665,2.524,0.107,0.0,0.0,0.0,0.030975999999999997;0.0;0.0;0.0;0.0;0.0;0.0;0.030975999999999997;0.0;0.0;0.0;0.0;0.0;0.0;0.030975999999999997;0.0;0.0;0.0;0.0;0.0;0.0;-1.0;0.0;0.0;0.0;0.0;0.0;0.0;0.0;0.0;0.0;0.0;0.0;0.0;0.0;0.0,1778834115,64553314
3525,1778834115,125465494,gps,-1.695,2.673,0.08700000000000001,0.0,0.0,0.0,0.030975999999999997;0.0;0.0;0.0;0.0;0.0;0.0;0.030975999999999997;0.0;0.0;0.0;0.0;0.0;0.0;0.030975999999999997;0.0;0.0;0.0;0.0;0.0;0.0;-1.0;0.0;0.0;0.0;0.0;0.0;0.0;0.0;0.0;0.0;0.0;0.0;0.0;0.0;0.0,1778834115,188267146
3526,1778834115,250465430,gps,-1.743,2.734,0.115,0.0,0.0,0.0,0.030975999999999997;0.0;0.0;0.0;0.0;0.0;0.0;0.030975999999999997;0.0;0.0;0.0;0.0;0.0;0.0;0.030975999999999997;0.0;0.0;0.0;0.0;0.0;0.0;-1.0;0.0;0.0;0.0;0.0;0.0;0.0;0.0;0.0;0.0;0.0;0.0;0.0;0.0;0.0,1778834115,314187909
3527,1778834115,375465365,gps,-1.728,2.831,0.081,0.0,0.0,0.0,0.032041;0.0;0.0;0.0;0.0;0.0;0.0;0.032041;0.0;0.0;0.0;0.0;0.0;0.0;0.032041;0.0;0.0;0.0;0.0;0.0;0.0;-1.0;0.0;0.0;0.0;0.0;0.0;0.0;0.0;0.0;0.0;0.0;0.0;0.0;0.0;0.0,1778834115,440004435
3528,1778834115,500465301,gps,-1.639,2.948,0.093,0.0,0.0,0.0,0.031328999999999996;0.0;0.0;0.0;0.0;0.0;0.0;0.031328999999999996;0.0;0.0;0.0;0.0;0.0;0.0;0.031328999999999996;0.0;0.0;0.0;0.0;0.0;0.0;-1.0;0.0;0.0;0.0;0.0;0.0;0.0;0.0;0.0;0.0;0.0;0.0;0.0;0.0;0.0,1778834115,563497729
3529,1778834115,625465236,gps,-1.704,3.162,0.122,0.0,0.0,0.0,0.031684;0.0;0.0;0.0;0.0;0.0;0.0;0.031684;0.0;0.0;0.0;0.0;0.0;0.0;0.031684;0.0;0.0;0.0;0.0;0.0;0.0;-1.0;0.0;0.0;0.0;0.0;0.0;0.0;0.0;0.0;0.0;0.0;0.0;0.0;0.0;0.0,1778834115,688130226
3530,1778834115,750465172,gps,-1.688,3.253,0.099,0.0,0.0,0.0,0.032041;0.0;0.0;0.0;0.0;0.0;0.0;0.032041;0.0;0.0;0.0;0.0;0.0;0.0;0.032041;0.0;0.0;0.0;0.0;0.0;0.0;-1.0;0.0;0.0;0.0;0.0;0.0;0.0;0.0;0.0;0.0;0.0;0.0;0.0;0.0;0.0,1778834115,812162769
3531,1778834115,875465107,gps,-1.836,3.126,0.11800000000000001,0.0,0.0,0.0,0.030975999999999997;0.0;0.0;0.0;0.0;0.0;0.0;0.030975999999999997;0.0;0.0;0.0;0.0;0.0;0.0;0.030975999999999997;0.0;0.0;0.0;0.0;0.0;0.0;-1.0;0.0;0.0;0.0;0.0;0.0;0.0;0.0;0.0;0.0;0.0;0.0;0.0;0.0;0.0,1778834115,934900556
3532,1778834116,465043,gps,-1.899,3.1430000000000002,0.112,0.0,0.0,0.0,0.031328999999999996;0.0;0.0;0.0;0.0;0.0;0.0;0.031328999999999996;0.0;0.0;0.0;0.0;0.0;0.0;0.031328999999999996;0.0;0.0;0.0;0.0;0.0;0.0;-1.0;0.0;0.0;0.0;0.0;0.0;0.0;0.0;0.0;0.0;0.0;0.0;0.0;0.0;0.0,1778834116,66802673
3533,1778834116,125464978,gps,-1.944,3.024,0.122,0.0,0.0,0.0,0.030625000000000006;0.0;0.0;0.0;0.0;0.0;0.0;0.030625000000000006;0.0;0.0;0.0;0.0;0.0;0.0;0.030625000000000006;0.0;0.0;0.0;0.0;0.0;0.0;-1.0;0.0;0.0;0.0;0.0;0.0;0.0;0.0;0.0;0.0;0.0;0.0;0.0;0.0;0.0,1778834116,189064482
3534,1778834116,250464914,gps,-2.233,2.6430000000000002,0.125,0.0,0.0,0.0,0.030625000000000006;0.0;0.0;0.0;0.0;0.0;0.0;0.030625000000000006;0.0;0.0;0.0;0.0;0.0;0.0;0.030625000000000006;0.0;0.0;0.0;0.0;0.0;0.0;-1.0;0.0;0.0;0.0;0.0;0.0;0.0;0.0;0.0;0.0;0.0;0.0;0.0;0.0;0.0,1778834116,313185742
3535,1778834116,375464849,gps,-2.254,2.399,0.098,0.0,0.0,0.0,0.028900000000000006;0.0;0.0;0.0;0.0;0.0;0.0;0.028900000000000006;0.0;0.0;0.0;0.0;0.0;0.0;0.028900000000000006;0.0;0.0;0.0;0.0;0.0;0.0;-1.0;0.0;0.0;0.0;0.0;0.0;0.0;0.0;0.0;0.0;0.0;0.0;0.0;0.0;0.0,1778834116,436870642
3536,1778834116,500464785,gps,-2.197,2.157,0.08600000000000001,0.0,0.0,0.0,0.028900000000000006;0.0;0.0;0.0;0.0;0.0;0.0;0.028900000000000006;0.0;0.0;0.0;0.0;0.0;0.0;0.028900000000000006;0.0;0.0;0.0;0.0;0.0;0.0;-1.0;0.0;0.0;0.0;0.0;0.0;0.0;0.0;0.0;0.0;0.0;0.0;0.0;0.0;0.0,1778834116,562263030
3537,1778834116,625464720,gps,-2.286,2.088,0.081,0.0,0.0,0.0,0.028224000000000003;0.0;0.0;0.0;0.0;0.0;0.0;0.028224000000000003;0.0;0.0;0.0;0.0;0.0;0.0;0.028224000000000003;0.0;0.0;0.0;0.0;0.0;0.0;-1.0;0.0;0.0;0.0;0.0;0.0;0.0;0.0;0.0;0.0;0.0;0.0;0.0;0.0;0.0,1778834116,687019197
3538,1778834116,750464656,gps,-2.146,1.833,0.099,0.0,0.0,0.0,0.028561000000000003;0.0;0.0;0.0;0.0;0.0;0.0;0.028561000000000003;0.0;0.0;0.0;0.0;0.0;0.0;0.028561000000000003;0.0;0.0;0.0;0.0;0.0;0.0;-1.0;0.0;0.0;0.0;0.0;0.0;0.0;0.0;0.0;0.0;0.0;0.0;0.0;0.0;0.0,1778834116,812102188
3539,1778834116,875464591,gps,-2.044,1.7830000000000001,0.079,0.0,0.0,0.0,0.028224000000000003;0.0;0.0;0.0;0.0;0.0;0.0;0.028224000000000003;0.0;0.0;0.0;0.0;0.0;0.0;0.028224000000000003;0.0;0.0;0.0;0.0;0.0;0.0;-1.0;0.0;0.0;0.0;0.0;0.0;0.0;0.0;0.0;0.0;0.0;0.0;0.0;0.0;0.0,1778834116,938769562
3540,1778834117,464527,gps,-1.927,1.7870000000000001,0.078,0.0,0.0,0.0,0.028561000000000003;0.0;0.0;0.0;0.0;0.0;0.0;0.028561000000000003;0.0;0.0;0.0;0.0;0.0;0.0;0.028561000000000003;0.0;0.0;0.0;0.0;0.0;0.0;-1.0;0.0;0.0;0.0;0.0;0.0;0.0;0.0;0.0;0.0;0.0;0.0;0.0;0.0;0.0,1778834117,68051546
3541,1778834117,125464462,gps,-1.843,1.811,0.076,0.0,0.0,0.0,0.028900000000000006;0.0;0.0;0.0;0.0;0.0;0.0;0.028900000000000006;0.0;0.0;0.0;0.0;0.0;0.0;0.028900000000000006;0.0;0.0;0.0;0.0;0.0;0.0;-1.0;0.0;0.0;0.0;0.0;0.0;0.0;0.0;0.0;0.0;0.0;0.0;0.0;0.0;0.0,1778834117,188748383
3542,1778834117,250464398,gps,-1.807,1.86,0.089,0.0,0.0,0.0,0.028561000000000003;0.0;0.0;0.0;0.0;0.0;0.0;0.028561000000000003;0.0;0.0;0.0;0.0;0.0;0.0;0.028561000000000003;0.0;0.0;0.0;0.0;0.0;0.0;-1.0;0.0;0.0;0.0;0.0;0.0;0.0;0.0;0.0;0.0;0.0;0.0;0.0;0.0;0.0,1778834117,314892672
3543,1778834117,375464333,gps,-1.786,1.96,0.084,0.0,0.0,0.0,0.028224000000000003;0.0;0.0;0.0;0.0;0.0;0.0;0.028224000000000003;0.0;0.0;0.0;0.0;0.0;0.0;0.028224000000000003;0.0;0.0;0.0;0.0;0.0;0.0;-1.0;0.0;0.0;0.0;0.0;0.0;0.0;0.0;0.0;0.0;0.0;0.0;0.0;0.0;0.0,1778834117,440049681
3544,1778834117,500464269,gps,-1.812,2.0300000000000002,0.096,0.0,0.0,0.0,0.028224000000000003;0.0;0.0;0.0;0.0;0.0;0.0;0.028224000000000003;0.0;0.0;0.0;0.0;0.0;0.0;0.028224000000000003;0.0;0.0;0.0;0.0;0.0;0.0;-1.0;0.0;0.0;0.0;0.0;0.0;0.0;0.0;0.0;0.0;0.0;0.0;0.0;0.0;0.0,1778834117,565643061
3545,1778834117,625464204,gps,-1.859,2.05,0.09,0.0,0.0,0.0,0.028900000000000006;0.0;0.0;0.0;0.0;0.0;0.0;0.028900000000000006;0.0;0.0;0.0;0.0;0.0;0.0;0.028900000000000006;0.0;0.0;0.0;0.0;0.0;0.0;-1.0;0.0;0.0;0.0;0.0;0.0;0.0;0.0;0.0;0.0;0.0;0.0;0.0;0.0;0.0,1778834117,690020491
3546,1778834117,750464140,gps,-1.994,2.106,0.09,0.0,0.0,0.0,0.028900000000000006;0.0;0.0;0.0;0.0;0.0;0.0;0.028900000000000006;0.0;0.0;0.0;0.0;0.0;0.0;0.028900000000000006;0.0;0.0;0.0;0.0;0.0;0.0;-1.0;0.0;0.0;0.0;0.0;0.0;0.0;0.0;0.0;0.0;0.0;0.0;0.0;0.0;0.0,1778834117,810896310
3547,1778834117,875464075,gps,-1.972,2.243,0.084,0.0,0.0,0.0,0.028224000000000003;0.0;0.0;0.0;0.0;0.0;0.0;0.028224000000000003;0.0;0.0;0.0;0.0;0.0;0.0;0.028224000000000003;0.0;0.0;0.0;0.0;0.0;0.0;-1.0;0.0;0.0;0.0;0.0;0.0;0.0;0.0;0.0;0.0;0.0;0.0;0.0;0.0;0.0,1778834117,938446105
3548,1778834118,464011,gps,-2.07,2.235,0.08700000000000001,0.0,0.0,0.0,0.028224000000000003;0.0;0.0;0.0;0.0;0.0;0.0;0.028224000000000003;0.0;0.0;0.0;0.0;0.0;0.0;0.028224000000000003;0.0;0.0;0.0;0.0;0.0;0.0;-1.0;0.0;0.0;0.0;0.0;0.0;0.0;0.0;0.0;0.0;0.0;0.0;0.0;0.0;0.0,1778834118,66982510
3549,1778834118,125463946,gps,-2.198,2.338,0.079,0.0,0.0,0.0,0.027556000000000004;0.0;0.0;0.0;0.0;0.0;0.0;0.027556000000000004;0.0;0.0;0.0;0.0;0.0;0.0;0.027556000000000004;0.0;0.0;0.0;0.0;0.0;0.0;-1.0;0.0;0.0;0.0;0.0;0.0;0.0;0.0;0.0;0.0;0.0;0.0;0.0;0.0;0.0,1778834118,188073785
3550,1778834118,250463881,gps,-2.237,2.454,0.1,0.0,0.0,0.0,0.026896000000000003;0.0;0.0;0.0;0.0;0.0;0.0;0.026896000000000003;0.0;0.0;0.0;0.0;0.0;0.0;0.026896000000000003;0.0;0.0;0.0;0.0;0.0;0.0;-1.0;0.0;0.0;0.0;0.0;0.0;0.0;0.0;0.0;0.0;0.0;0.0;0.0;0.0;0.0,1778834118,313655563
3551,1778834118,375463817,gps,-2.227,2.481,0.08,0.0,0.0,0.0,0.026896000000000003;0.0;0.0;0.0;0.0;0.0;0.0;0.026896000000000003;0.0;0.0;0.0;0.0;0.0;0.0;0.026896000000000003;0.0;0.0;0.0;0.0;0.0;0.0;-1.0;0.0;0.0;0.0;0.0;0.0;0.0;0.0;0.0;0.0;0.0;0.0;0.0;0.0;0.0,1778834118,438896370
3552,1778834118,500463752,gps,-2.156,2.525,0.097,0.0,0.0,0.0,0.027225000000000003;0.0;0.0;0.0;0.0;0.0;0.0;0.027225000000000003;0.0;0.0;0.0;0.0;0.0;0.0;0.027225000000000003;0.0;0.0;0.0;0.0;0.0;0.0;-1.0;0.0;0.0;0.0;0.0;0.0;0.0;0.0;0.0;0.0;0.0;0.0;0.0;0.0;0.0,1778834118,563949256
3553,1778834118,625463688,gps,-2.193,2.564,0.08,0.0,0.0,0.0,0.027225000000000003;0.0;0.0;0.0;0.0;0.0;0.0;0.027225000000000003;0.0;0.0;0.0;0.0;0.0;0.0;0.027225000000000003;0.0;0.0;0.0;0.0;0.0;0.0;-1.0;0.0;0.0;0.0;0.0;0.0;0.0;0.0;0.0;0.0;0.0;0.0;0.0;0.0;0.0,1778834118,684932610
3554,1778834118,750463623,gps,-2.2840000000000003,2.461,0.115,0.0,0.0,0.0,0.027556000000000004;0.0;0.0;0.0;0.0;0.0;0.0;0.027556000000000004;0.0;0.0;0.0;0.0;0.0;0.0;0.027556000000000004;0.0;0.0;0.0;0.0;0.0;0.0;-1.0;0.0;0.0;0.0;0.0;0.0;0.0;0.0;0.0;0.0;0.0;0.0;0.0;0.0;0.0,1778834118,812181302
3555,1778834118,875463559,gps,-2.141,2.5220000000000002,0.108,0.0,0.0,0.0,0.027889000000000004;0.0;0.0;0.0;0.0;0.0;0.0;0.027889000000000004;0.0;0.0;0.0;0.0;0.0;0.0;0.027889000000000004;0.0;0.0;0.0;0.0;0.0;0.0;-1.0;0.0;0.0;0.0;0.0;0.0;0.0;0.0;0.0;0.0;0.0;0.0;0.0;0.0;0.0,1778834118,937625111
3556,1778834119,463494,gps,-2.1310000000000002,2.427,0.109,0.0,0.0,0.0,0.027556000000000004;0.0;0.0;0.0;0.0;0.0;0.0;0.027556000000000004;0.0;0.0;0.0;0.0;0.0;0.0;0.027556000000000004;0.0;0.0;0.0;0.0;0.0;0.0;-1.0;0.0;0.0;0.0;0.0;0.0;0.0;0.0;0.0;0.0;0.0;0.0;0.0;0.0;0.0,1778834119,67979322
3557,1778834119,125463430,gps,-1.938,2.402,0.108,0.0,0.0,0.0,0.027556000000000004;0.0;0.0;0.0;0.0;0.0;0.0;0.027556000000000004;0.0;0.0;0.0;0.0;0.0;0.0;0.027556000000000004;0.0;0.0;0.0;0.0;0.0;0.0;-1.0;0.0;0.0;0.0;0.0;0.0;0.0;0.0;0.0;0.0;0.0;0.0;0.0;0.0;0.0,1778834119,189540877
3558,1778834119,250463365,gps,-1.852,2.254,0.10200000000000001,0.0,0.0,0.0,0.027225000000000003;0.0;0.0;0.0;0.0;0.0;0.0;0.027225000000000003;0.0;0.0;0.0;0.0;0.0;0.0;0.027225000000000003;0.0;0.0;0.0;0.0;0.0;0.0;-1.0;0.0;0.0;0.0;0.0;0.0;0.0;0.0;0.0;0.0;0.0;0.0;0.0;0.0;0.0,1778834119,313799429
3559,1778834119,375463301,gps,-1.742,2.13,0.095,0.0,0.0,0.0,0.026896000000000003;0.0;0.0;0.0;0.0;0.0;0.0;0.026896000000000003;0.0;0.0;0.0;0.0;0.0;0.0;0.026896000000000003;0.0;0.0;0.0;0.0;0.0;0.0;-1.0;0.0;0.0;0.0;0.0;0.0;0.0;0.0;0.0;0.0;0.0;0.0;0.0;0.0;0.0,1778834119,438216060
3560,1778834119,500463236,gps,-1.594,1.8840000000000001,0.10400000000000001,0.0,0.0,0.0,0.026896000000000003;0.0;0.0;0.0;0.0;0.0;0.0;0.026896000000000003;0.0;0.0;0.0;0.0;0.0;0.0;0.026896000000000003;0.0;0.0;0.0;0.0;0.0;0.0;-1.0;0.0;0.0;0.0;0.0;0.0;0.0;0.0;0.0;0.0;0.0;0.0;0.0;0.0;0.0,1778834119,558923192
3561,1778834119,625463172,gps,-1.6460000000000001,1.835,0.073,0.0,0.0,0.0,0.026569000000000002;0.0;0.0;0.0;0.0;0.0;0.0;0.026569000000000002;0.0;0.0;0.0;0.0;0.0;0.0;0.026569000000000002;0.0;0.0;0.0;0.0;0.0;0.0;-1.0;0.0;0.0;0.0;0.0;0.0;0.0;0.0;0.0;0.0;0.0;0.0;0.0;0.0;0.0,1778834119,688539599
3562,1778834119,750463107,gps,-1.587,1.709,0.09,0.0,0.0,0.0,0.026896000000000003;0.0;0.0;0.0;0.0;0.0;0.0;0.026896000000000003;0.0;0.0;0.0;0.0;0.0;0.0;0.026896000000000003;0.0;0.0;0.0;0.0;0.0;0.0;-1.0;0.0;0.0;0.0;0.0;0.0;0.0;0.0;0.0;0.0;0.0;0.0;0.0;0.0;0.0,1778834119,812485826
3563,1778834119,875463043,gps,-1.599,1.764,0.078,0.0,0.0,0.0,0.026896000000000003;0.0;0.0;0.0;0.0;0.0;0.0;0.026896000000000003;0.0;0.0;0.0;0.0;0.0;0.0;0.026896000000000003;0.0;0.0;0.0;0.0;0.0;0.0;-1.0;0.0;0.0;0.0;0.0;0.0;0.0;0.0;0.0;0.0;0.0;0.0;0.0;0.0;0.0,1778834119,938371750
3564,1778834120,462978,gps,-1.586,1.6600000000000001,0.083,0.0,0.0,0.0,0.026569000000000002;0.0;0.0;0.0;0.0;0.0;0.0;0.026569000000000002;0.0;0.0;0.0;0.0;0.0;0.0;0.026569000000000002;0.0;0.0;0.0;0.0;0.0;0.0;-1.0;0.0;0.0;0.0;0.0;0.0;0.0;0.0;0.0;0.0;0.0;0.0;0.0;0.0;0.0,1778834120,68581744
3565,1778834120,125462913,gps,-1.643,1.674,0.091,0.0,0.0,0.0,0.026569000000000002;0.0;0.0;0.0;0.0;0.0;0.0;0.026569000000000002;0.0;0.0;0.0;0.0;0.0;0.0;0.026569000000000002;0.0;0.0;0.0;0.0;0.0;0.0;-1.0;0.0;0.0;0.0;0.0;0.0;0.0;0.0;0.0;0.0;0.0;0.0;0.0;0.0;0.0,1778834120,189721105
3566,1778834120,250462849,gps,-1.6260000000000001,1.746,0.082,0.0,0.0,0.0,0.026569000000000002;0.0;0.0;0.0;0.0;0.0;0.0;0.026569000000000002;0.0;0.0;0.0;0.0;0.0;0.0;0.026569000000000002;0.0;0.0;0.0;0.0;0.0;0.0;-1.0;0.0;0.0;0.0;0.0;0.0;0.0;0.0;0.0;0.0;0.0;0.0;0.0;0.0;0.0,1778834120,314672074
3567,1778834120,375462784,gps,-1.74,1.835,0.085,0.0,0.0,0.0,0.028224000000000003;0.0;0.0;0.0;0.0;0.0;0.0;0.028224000000000003;0.0;0.0;0.0;0.0;0.0;0.0;0.028224000000000003;0.0;0.0;0.0;0.0;0.0;0.0;-1.0;0.0;0.0;0.0;0.0;0.0;0.0;0.0;0.0;0.0;0.0;0.0;0.0;0.0;0.0,1778834120,436996603
3568,1778834120,500462720,gps,-1.774,1.823,0.073,0.0,0.0,0.0,0.028561000000000003;0.0;0.0;0.0;0.0;0.0;0.0;0.028561000000000003;0.0;0.0;0.0;0.0;0.0;0.0;0.028561000000000003;0.0;0.0;0.0;0.0;0.0;0.0;-1.0;0.0;0.0;0.0;0.0;0.0;0.0;0.0;0.0;0.0;0.0;0.0;0.0;0.0;0.0,1778834120,564851420
3569,1778834120,625462655,gps,-1.813,1.989,0.095,0.0,0.0,0.0,0.028561000000000003;0.0;0.0;0.0;0.0;0.0;0.0;0.028561000000000003;0.0;0.0;0.0;0.0;0.0;0.0;0.028561000000000003;0.0;0.0;0.0;0.0;0.0;0.0;-1.0;0.0;0.0;0.0;0.0;0.0;0.0;0.0;0.0;0.0;0.0;0.0;0.0;0.0;0.0,1778834120,689892357
3570,1778834120,750462591,gps,-1.931,2.0380000000000003,0.08700000000000001,0.0,0.0,0.0,0.028900000000000006;0.0;0.0;0.0;0.0;0.0;0.0;0.028900000000000006;0.0;0.0;0.0;0.0;0.0;0.0;0.028900000000000006;0.0;0.0;0.0;0.0;0.0;0.0;-1.0;0.0;0.0;0.0;0.0;0.0;0.0;0.0;0.0;0.0;0.0;0.0;0.0;0.0;0.0,1778834120,813848654
3571,1778834120,875462526,gps,-2.005,2.178,0.082,0.0,0.0,0.0,0.028900000000000006;0.0;0.0;0.0;0.0;0.0;0.0;0.028900000000000006;0.0;0.0;0.0;0.0;0.0;0.0;0.028900000000000006;0.0;0.0;0.0;0.0;0.0;0.0;-1.0;0.0;0.0;0.0;0.0;0.0;0.0;0.0;0.0;0.0;0.0;0.0;0.0;0.0;0.0,1778834120,938722408
3572,1778834121,462462,gps,-2.114,2.224,0.10400000000000001,0.0,0.0,0.0,0.028224000000000003;0.0;0.0;0.0;0.0;0.0;0.0;0.028224000000000003;0.0;0.0;0.0;0.0;0.0;0.0;0.028224000000000003;0.0;0.0;0.0;0.0;0.0;0.0;-1.0;0.0;0.0;0.0;0.0;0.0;0.0;0.0;0.0;0.0;0.0;0.0;0.0;0.0;0.0,1778834121,68106645
3573,1778834121,125462397,gps,-2.173,2.317,0.108,0.0,0.0,0.0,0.028224000000000003;0.0;0.0;0.0;0.0;0.0;0.0;0.028224000000000003;0.0;0.0;0.0;0.0;0.0;0.0;0.028224000000000003;0.0;0.0;0.0;0.0;0.0;0.0;-1.0;0.0;0.0;0.0;0.0;0.0;0.0;0.0;0.0;0.0;0.0;0.0;0.0;0.0;0.0,1778834121,189617742
3574,1778834121,250462332,gps,-2.2760000000000002,2.41,0.12,0.0,0.0,0.0,0.028224000000000003;0.0;0.0;0.0;0.0;0.0;0.0;0.028224000000000003;0.0;0.0;0.0;0.0;0.0;0.0;0.028224000000000003;0.0;0.0;0.0;0.0;0.0;0.0;-1.0;0.0;0.0;0.0;0.0;0.0;0.0;0.0;0.0;0.0;0.0;0.0;0.0;0.0;0.0,1778834121,314373845
3575,1778834121,375462268,gps,-2.333,2.478,0.124,0.0,0.0,0.0,0.028224000000000003;0.0;0.0;0.0;0.0;0.0;0.0;0.028224000000000003;0.0;0.0;0.0;0.0;0.0;0.0;0.028224000000000003;0.0;0.0;0.0;0.0;0.0;0.0;-1.0;0.0;0.0;0.0;0.0;0.0;0.0;0.0;0.0;0.0;0.0;0.0;0.0;0.0;0.0,1778834121,440233377
3576,1778834121,500462203,gps,-2.478,2.613,0.122,0.0,0.0,0.0,0.028224000000000003;0.0;0.0;0.0;0.0;0.0;0.0;0.028224000000000003;0.0;0.0;0.0;0.0;0.0;0.0;0.028224000000000003;0.0;0.0;0.0;0.0;0.0;0.0;-1.0;0.0;0.0;0.0;0.0;0.0;0.0;0.0;0.0;0.0;0.0;0.0;0.0;0.0;0.0,1778834121,564283853
3577,1778834121,625462139,gps,-2.4090000000000003,2.613,0.121,0.0,0.0,0.0,0.028900000000000006;0.0;0.0;0.0;0.0;0.0;0.0;0.028900000000000006;0.0;0.0;0.0;0.0;0.0;0.0;0.028900000000000006;0.0;0.0;0.0;0.0;0.0;0.0;-1.0;0.0;0.0;0.0;0.0;0.0;0.0;0.0;0.0;0.0;0.0;0.0;0.0;0.0;0.0,1778834121,689462459
3578,1778834121,750462074,gps,-2.444,2.533,0.124,0.0,0.0,0.0,0.028900000000000006;0.0;0.0;0.0;0.0;0.0;0.0;0.028900000000000006;0.0;0.0;0.0;0.0;0.0;0.0;0.028900000000000006;0.0;0.0;0.0;0.0;0.0;0.0;-1.0;0.0;0.0;0.0;0.0;0.0;0.0;0.0;0.0;0.0;0.0;0.0;0.0;0.0;0.0,1778834121,813340288
3579,1778834121,875462010,gps,-2.467,2.499,0.134,0.0,0.0,0.0,0.028561000000000003;0.0;0.0;0.0;0.0;0.0;0.0;0.028561000000000003;0.0;0.0;0.0;0.0;0.0;0.0;0.028561000000000003;0.0;0.0;0.0;0.0;0.0;0.0;-1.0;0.0;0.0;0.0;0.0;0.0;0.0;0.0;0.0;0.0;0.0;0.0;0.0;0.0;0.0,1778834121,937820918
3580,1778834122,461945,gps,-2.375,2.35,0.106,0.0,0.0,0.0,0.027889000000000004;0.0;0.0;0.0;0.0;0.0;0.0;0.027889000000000004;0.0;0.0;0.0;0.0;0.0;0.0;0.027889000000000004;0.0;0.0;0.0;0.0;0.0;0.0;-1.0;0.0;0.0;0.0;0.0;0.0;0.0;0.0;0.0;0.0;0.0;0.0;0.0;0.0;0.0,1778834122,68721660
3581,1778834122,125461881,gps,-2.228,2.152,0.095,0.0,0.0,0.0,0.028900000000000006;0.0;0.0;0.0;0.0;0.0;0.0;0.028900000000000006;0.0;0.0;0.0;0.0;0.0;0.0;0.028900000000000006;0.0;0.0;0.0;0.0;0.0;0.0;-1.0;0.0;0.0;0.0;0.0;0.0;0.0;0.0;0.0;0.0;0.0;0.0;0.0;0.0;0.0,1778834122,190737100
3582,1778834122,250461816,gps,-2.094,1.985,0.11,0.0,0.0,0.0,0.028900000000000006;0.0;0.0;0.0;0.0;0.0;0.0;0.028900000000000006;0.0;0.0;0.0;0.0;0.0;0.0;0.028900000000000006;0.0;0.0;0.0;0.0;0.0;0.0;-1.0;0.0;0.0;0.0;0.0;0.0;0.0;0.0;0.0;0.0;0.0;0.0;0.0;0.0;0.0,1778834122,312612475
3583,1778834122,375461752,gps,-2.02,1.919,0.11,0.0,0.0,0.0,0.028561000000000003;0.0;0.0;0.0;0.0;0.0;0.0;0.028561000000000003;0.0;0.0;0.0;0.0;0.0;0.0;0.028561000000000003;0.0;0.0;0.0;0.0;0.0;0.0;-1.0;0.0;0.0;0.0;0.0;0.0;0.0;0.0;0.0;0.0;0.0;0.0;0.0;0.0;0.0,1778834122,438870937
3584,1778834122,500461687,gps,-1.9140000000000001,1.919,0.101,0.0,0.0,0.0,0.028561000000000003;0.0;0.0;0.0;0.0;0.0;0.0;0.028561000000000003;0.0;0.0;0.0;0.0;0.0;0.0;0.028561000000000003;0.0;0.0;0.0;0.0;0.0;0.0;-1.0;0.0;0.0;0.0;0.0;0.0;0.0;0.0;0.0;0.0;0.0;0.0;0.0;0.0;0.0,1778834122,563285210
3585,1778834122,625461623,gps,-1.952,1.863,0.112,0.0,0.0,0.0,0.028561000000000003;0.0;0.0;0.0;0.0;0.0;0.0;0.028561000000000003;0.0;0.0;0.0;0.0;0.0;0.0;0.028561000000000003;0.0;0.0;0.0;0.0;0.0;0.0;-1.0;0.0;0.0;0.0;0.0;0.0;0.0;0.0;0.0;0.0;0.0;0.0;0.0;0.0;0.0,1778834122,689448868
3586,1778834122,750461558,gps,-1.9160000000000001,1.749,0.113,0.0,0.0,0.0,0.028561000000000003;0.0;0.0;0.0;0.0;0.0;0.0;0.028561000000000003;0.0;0.0;0.0;0.0;0.0;0.0;0.028561000000000003;0.0;0.0;0.0;0.0;0.0;0.0;-1.0;0.0;0.0;0.0;0.0;0.0;0.0;0.0;0.0;0.0;0.0;0.0;0.0;0.0;0.0,1778834122,813549624
3587,1778834122,875461494,gps,-2.02,1.801,0.096,0.0,0.0,0.0,0.028900000000000006;0.0;0.0;0.0;0.0;0.0;0.0;0.028900000000000006;0.0;0.0;0.0;0.0;0.0;0.0;0.028900000000000006;0.0;0.0;0.0;0.0;0.0;0.0;-1.0;0.0;0.0;0.0;0.0;0.0;0.0;0.0;0.0;0.0;0.0;0.0;0.0;0.0;0.0,1778834122,939796828
3588,1778834123,461429,gps,-1.966,1.786,0.084,0.0,0.0,0.0,0.028900000000000006;0.0;0.0;0.0;0.0;0.0;0.0;0.028900000000000006;0.0;0.0;0.0;0.0;0.0;0.0;0.028900000000000006;0.0;0.0;0.0;0.0;0.0;0.0;-1.0;0.0;0.0;0.0;0.0;0.0;0.0;0.0;0.0;0.0;0.0;0.0;0.0;0.0;0.0,1778834123,68576718
3589,1778834123,125461365,gps,-2.133,1.86,0.08700000000000001,0.0,0.0,0.0,0.028900000000000006;0.0;0.0;0.0;0.0;0.0;0.0;0.028900000000000006;0.0;0.0;0.0;0.0;0.0;0.0;0.028900000000000006;0.0;0.0;0.0;0.0;0.0;0.0;-1.0;0.0;0.0;0.0;0.0;0.0;0.0;0.0;0.0;0.0;0.0;0.0;0.0;0.0;0.0,1778834123,185544955
3590,1778834123,250461300,gps,-2.106,1.891,0.109,0.0,0.0,0.0,0.028900000000000006;0.0;0.0;0.0;0.0;0.0;0.0;0.028900000000000006;0.0;0.0;0.0;0.0;0.0;0.0;0.028900000000000006;0.0;0.0;0.0;0.0;0.0;0.0;-1.0;0.0;0.0;0.0;0.0;0.0;0.0;0.0;0.0;0.0;0.0;0.0;0.0;0.0;0.0,1778834123,313765740
3591,1778834123,375461236,gps,-2.168,1.844,0.098,0.0,0.0,0.0,0.029241000000000003;0.0;0.0;0.0;0.0;0.0;0.0;0.029241000000000003;0.0;0.0;0.0;0.0;0.0;0.0;0.029241000000000003;0.0;0.0;0.0;0.0;0.0;0.0;-1.0;0.0;0.0;0.0;0.0;0.0;0.0;0.0;0.0;0.0;0.0;0.0;0.0;0.0;0.0,1778834123,439731848
3592,1778834123,500461171,gps,-2.241,1.9140000000000001,0.098,0.0,0.0,0.0,0.029584000000000006;0.0;0.0;0.0;0.0;0.0;0.0;0.029584000000000006;0.0;0.0;0.0;0.0;0.0;0.0;0.029584000000000006;0.0;0.0;0.0;0.0;0.0;0.0;-1.0;0.0;0.0;0.0;0.0;0.0;0.0;0.0;0.0;0.0;0.0;0.0;0.0;0.0;0.0,1778834123,564685889
3593,1778834123,625461107,gps,-2.142,1.934,0.10200000000000001,0.0,0.0,0.0,0.029929000000000004;0.0;0.0;0.0;0.0;0.0;0.0;0.029929000000000004;0.0;0.0;0.0;0.0;0.0;0.0;0.029929000000000004;0.0;0.0;0.0;0.0;0.0;0.0;-1.0;0.0;0.0;0.0;0.0;0.0;0.0;0.0;0.0;0.0;0.0;0.0;0.0;0.0;0.0,1778834123,689253146
3594,1778834123,750461042,gps,-2.253,2.043,0.108,0.0,0.0,0.0,0.029929000000000004;0.0;0.0;0.0;0.0;0.0;0.0;0.029929000000000004;0.0;0.0;0.0;0.0;0.0;0.0;0.029929000000000004;0.0;0.0;0.0;0.0;0.0;0.0;-1.0;0.0;0.0;0.0;0.0;0.0;0.0;0.0;0.0;0.0;0.0;0.0;0.0;0.0;0.0,1778834123,814191608
3595,1778834123,875460977,gps,-2.4210000000000003,2.06,0.11800000000000001,0.0,0.0,0.0,0.029929000000000004;0.0;0.0;0.0;0.0;0.0;0.0;0.029929000000000004;0.0;0.0;0.0;0.0;0.0;0.0;0.029929000000000004;0.0;0.0;0.0;0.0;0.0;0.0;-1.0;0.0;0.0;0.0;0.0;0.0;0.0;0.0;0.0;0.0;0.0;0.0;0.0;0.0;0.0,1778834123,938833598
3596,1778834124,460913,gps,-2.4250000000000003,2.093,0.10300000000000001,0.0,0.0,0.0,0.029929000000000004;0.0;0.0;0.0;0.0;0.0;0.0;0.029929000000000004;0.0;0.0;0.0;0.0;0.0;0.0;0.029929000000000004;0.0;0.0;0.0;0.0;0.0;0.0;-1.0;0.0;0.0;0.0;0.0;0.0;0.0;0.0;0.0;0.0;0.0;0.0;0.0;0.0;0.0,1778834124,64368857
3597,1778834124,125460849,gps,-2.509,2.213,0.109,0.0,0.0,0.0,0.029584000000000006;0.0;0.0;0.0;0.0;0.0;0.0;0.029584000000000006;0.0;0.0;0.0;0.0;0.0;0.0;0.029584000000000006;0.0;0.0;0.0;0.0;0.0;0.0;-1.0;0.0;0.0;0.0;0.0;0.0;0.0;0.0;0.0;0.0;0.0;0.0;0.0;0.0;0.0,1778834124,188251836
3598,1778834124,250460784,gps,-2.658,2.316,0.11900000000000001,0.0,0.0,0.0,0.029584000000000006;0.0;0.0;0.0;0.0;0.0;0.0;0.029584000000000006;0.0;0.0;0.0;0.0;0.0;0.0;0.029584000000000006;0.0;0.0;0.0;0.0;0.0;0.0;-1.0;0.0;0.0;0.0;0.0;0.0;0.0;0.0;0.0;0.0;0.0;0.0;0.0;0.0;0.0,1778834124,313458947
3599,1778834124,375460719,gps,-2.713,2.39,0.11900000000000001,0.0,0.0,0.0,0.029241000000000003;0.0;0.0;0.0;0.0;0.0;0.0;0.029241000000000003;0.0;0.0;0.0;0.0;0.0;0.0;0.029241000000000003;0.0;0.0;0.0;0.0;0.0;0.0;-1.0;0.0;0.0;0.0;0.0;0.0;0.0;0.0;0.0;0.0;0.0;0.0;0.0;0.0;0.0,1778834124,437591036
3600,1778834124,500460655,gps,-2.773,2.455,0.126,0.0,0.0,0.0,0.031684;0.0;0.0;0.0;0.0;0.0;0.0;0.031684;0.0;0.0;0.0;0.0;0.0;0.0;0.031684;0.0;0.0;0.0;0.0;0.0;0.0;-1.0;0.0;0.0;0.0;0.0;0.0;0.0;0.0;0.0;0.0;0.0;0.0;0.0;0.0;0.0,1778834124,560758981
3601,1778834124,625460590,gps,-2.865,2.562,0.115,0.0,0.0,0.0,0.032041;0.0;0.0;0.0;0.0;0.0;0.0;0.032041;0.0;0.0;0.0;0.0;0.0;0.0;0.032041;0.0;0.0;0.0;0.0;0.0;0.0;-1.0;0.0;0.0;0.0;0.0;0.0;0.0;0.0;0.0;0.0;0.0;0.0;0.0;0.0;0.0,1778834124,686415134
3602,1778834124,750460526,gps,-2.855,2.493,0.11900000000000001,0.0,0.0,0.0,0.032041;0.0;0.0;0.0;0.0;0.0;0.0;0.032041;0.0;0.0;0.0;0.0;0.0;0.0;0.032041;0.0;0.0;0.0;0.0;0.0;0.0;-1.0;0.0;0.0;0.0;0.0;0.0;0.0;0.0;0.0;0.0;0.0;0.0;0.0;0.0;0.0,1778834124,810653747
3603,1778834124,875460461,gps,-2.82,2.489,0.121,0.0,0.0,0.0,0.032041;0.0;0.0;0.0;0.0;0.0;0.0;0.032041;0.0;0.0;0.0;0.0;0.0;0.0;0.032041;0.0;0.0;0.0;0.0;0.0;0.0;-1.0;0.0;0.0;0.0;0.0;0.0;0.0;0.0;0.0;0.0;0.0;0.0;0.0;0.0;0.0,1778834124,934538373
3604,1778834125,460397,gps,-2.707,2.423,0.11900000000000001,0.0,0.0,0.0,0.032041;0.0;0.0;0.0;0.0;0.0;0.0;0.032041;0.0;0.0;0.0;0.0;0.0;0.0;0.032041;0.0;0.0;0.0;0.0;0.0;0.0;-1.0;0.0;0.0;0.0;0.0;0.0;0.0;0.0;0.0;0.0;0.0;0.0;0.0;0.0;0.0,1778834125,65889309
3605,1778834125,125460332,gps,-2.462,2.3810000000000002,0.113,0.0,0.0,0.0,0.029929000000000004;0.0;0.0;0.0;0.0;0.0;0.0;0.029929000000000004;0.0;0.0;0.0;0.0;0.0;0.0;0.029929000000000004;0.0;0.0;0.0;0.0;0.0;0.0;-1.0;0.0;0.0;0.0;0.0;0.0;0.0;0.0;0.0;0.0;0.0;0.0;0.0;0.0;0.0,1778834125,187683213
3606,1778834125,250460268,gps,-2.286,2.2840000000000003,0.101,0.0,0.0,0.0,0.029929000000000004;0.0;0.0;0.0;0.0;0.0;0.0;0.029929000000000004;0.0;0.0;0.0;0.0;0.0;0.0;0.029929000000000004;0.0;0.0;0.0;0.0;0.0;0.0;-1.0;0.0;0.0;0.0;0.0;0.0;0.0;0.0;0.0;0.0;0.0;0.0;0.0;0.0;0.0,1778834125,312401692
3607,1778834125,375460203,gps,-2.211,2.198,0.108,0.0,0.0,0.0,0.029241000000000003;0.0;0.0;0.0;0.0;0.0;0.0;0.029241000000000003;0.0;0.0;0.0;0.0;0.0;0.0;0.029241000000000003;0.0;0.0;0.0;0.0;0.0;0.0;-1.0;0.0;0.0;0.0;0.0;0.0;0.0;0.0;0.0;0.0;0.0;0.0;0.0;0.0;0.0,1778834125,436544681
3608,1778834125,500460139,gps,-2.184,2.1470000000000002,0.101,0.0,0.0,0.0,0.029929000000000004;0.0;0.0;0.0;0.0;0.0;0.0;0.029929000000000004;0.0;0.0;0.0;0.0;0.0;0.0;0.029929000000000004;0.0;0.0;0.0;0.0;0.0;0.0;-1.0;0.0;0.0;0.0;0.0;0.0;0.0;0.0;0.0;0.0;0.0;0.0;0.0;0.0;0.0,1778834125,560649153
3609,1778834125,625460074,gps,-2.017,2.134,0.111,0.0,0.0,0.0,0.029584000000000006;0.0;0.0;0.0;0.0;0.0;0.0;0.029584000000000006;0.0;0.0;0.0;0.0;0.0;0.0;0.029584000000000006;0.0;0.0;0.0;0.0;0.0;0.0;-1.0;0.0;0.0;0.0;0.0;0.0;0.0;0.0;0.0;0.0;0.0;0.0;0.0;0.0;0.0,1778834125,686387826
3610,1778834125,750460010,gps,-2.011,2.134,0.092,0.0,0.0,0.0,0.029929000000000004;0.0;0.0;0.0;0.0;0.0;0.0;0.029929000000000004;0.0;0.0;0.0;0.0;0.0;0.0;0.029929000000000004;0.0;0.0;0.0;0.0;0.0;0.0;-1.0;0.0;0.0;0.0;0.0;0.0;0.0;0.0;0.0;0.0;0.0;0.0;0.0;0.0;0.0,1778834125,811118433
3611,1778834125,875459945,gps,-2.062,2.17,0.098,0.0,0.0,0.0,0.029929000000000004;0.0;0.0;0.0;0.0;0.0;0.0;0.029929000000000004;0.0;0.0;0.0;0.0;0.0;0.0;0.029929000000000004;0.0;0.0;0.0;0.0;0.0;0.0;-1.0;0.0;0.0;0.0;0.0;0.0;0.0;0.0;0.0;0.0;0.0;0.0;0.0;0.0;0.0,1778834125,937279761
3612,1778834126,459881,gps,-2.137,2.165,0.092,0.0,0.0,0.0,0.029584000000000006;0.0;0.0;0.0;0.0;0.0;0.0;0.029584000000000006;0.0;0.0;0.0;0.0;0.0;0.0;0.029584000000000006;0.0;0.0;0.0;0.0;0.0;0.0;-1.0;0.0;0.0;0.0;0.0;0.0;0.0;0.0;0.0;0.0;0.0;0.0;0.0;0.0;0.0,1778834126,65468812
3613,1778834126,125459816,gps,-2.114,2.242,0.11800000000000001,0.0,0.0,0.0,0.029584000000000006;0.0;0.0;0.0;0.0;0.0;0.0;0.029584000000000006;0.0;0.0;0.0;0.0;0.0;0.0;0.029584000000000006;0.0;0.0;0.0;0.0;0.0;0.0;-1.0;0.0;0.0;0.0;0.0;0.0;0.0;0.0;0.0;0.0;0.0;0.0;0.0;0.0;0.0,1778834126,186542656
3614,1778834126,250459752,gps,-2.209,2.2960000000000003,0.108,0.0,0.0,0.0,0.029584000000000006;0.0;0.0;0.0;0.0;0.0;0.0;0.029584000000000006;0.0;0.0;0.0;0.0;0.0;0.0;0.029584000000000006;0.0;0.0;0.0;0.0;0.0;0.0;-1.0;0.0;0.0;0.0;0.0;0.0;0.0;0.0;0.0;0.0;0.0;0.0;0.0;0.0;0.0,1778834126,311662907
3615,1778834126,375459687,gps,-2.27,2.419,0.117,0.0,0.0,0.0,0.029241000000000003;0.0;0.0;0.0;0.0;0.0;0.0;0.029241000000000003;0.0;0.0;0.0;0.0;0.0;0.0;0.029241000000000003;0.0;0.0;0.0;0.0;0.0;0.0;-1.0;0.0;0.0;0.0;0.0;0.0;0.0;0.0;0.0;0.0;0.0;0.0;0.0;0.0;0.0,1778834126,437156719
3616,1778834126,500459623,gps,-2.275,2.39,0.12,0.0,0.0,0.0,0.029241000000000003;0.0;0.0;0.0;0.0;0.0;0.0;0.029241000000000003;0.0;0.0;0.0;0.0;0.0;0.0;0.029241000000000003;0.0;0.0;0.0;0.0;0.0;0.0;-1.0;0.0;0.0;0.0;0.0;0.0;0.0;0.0;0.0;0.0;0.0;0.0;0.0;0.0;0.0,1778834126,562946642
3617,1778834126,625459558,gps,-2.303,2.391,0.109,0.0,0.0,0.0,0.029241000000000003;0.0;0.0;0.0;0.0;0.0;0.0;0.029241000000000003;0.0;0.0;0.0;0.0;0.0;0.0;0.029241000000000003;0.0;0.0;0.0;0.0;0.0;0.0;-1.0;0.0;0.0;0.0;0.0;0.0;0.0;0.0;0.0;0.0;0.0;0.0;0.0;0.0;0.0,1778834126,688234403
3618,1778834126,750459494,gps,-2.224,2.395,0.106,0.0,0.0,0.0,0.029241000000000003;0.0;0.0;0.0;0.0;0.0;0.0;0.029241000000000003;0.0;0.0;0.0;0.0;0.0;0.0;0.029241000000000003;0.0;0.0;0.0;0.0;0.0;0.0;-1.0;0.0;0.0;0.0;0.0;0.0;0.0;0.0;0.0;0.0;0.0;0.0;0.0;0.0;0.0,1778834126,809665951
3619,1778834126,875459429,gps,-2.301,2.406,0.11,0.0,0.0,0.0,0.028900000000000006;0.0;0.0;0.0;0.0;0.0;0.0;0.028900000000000006;0.0;0.0;0.0;0.0;0.0;0.0;0.028900000000000006;0.0;0.0;0.0;0.0;0.0;0.0;-1.0;0.0;0.0;0.0;0.0;0.0;0.0;0.0;0.0;0.0;0.0;0.0;0.0;0.0;0.0,1778834126,937759947
3620,1778834127,459365,gps,-2.257,2.308,0.111,0.0,0.0,0.0,0.028900000000000006;0.0;0.0;0.0;0.0;0.0;0.0;0.028900000000000006;0.0;0.0;0.0;0.0;0.0;0.0;0.028900000000000006;0.0;0.0;0.0;0.0;0.0;0.0;-1.0;0.0;0.0;0.0;0.0;0.0;0.0;0.0;0.0;0.0;0.0;0.0;0.0;0.0;0.0,1778834127,66220035
3621,1778834127,125459300,gps,-2.2520000000000002,2.253,0.08700000000000001,0.0,0.0,0.0,0.029241000000000003;0.0;0.0;0.0;0.0;0.0;0.0;0.029241000000000003;0.0;0.0;0.0;0.0;0.0;0.0;0.029241000000000003;0.0;0.0;0.0;0.0;0.0;0.0;-1.0;0.0;0.0;0.0;0.0;0.0;0.0;0.0;0.0;0.0;0.0;0.0;0.0;0.0;0.0,1778834127,188065284
3622,1778834127,250459236,gps,-2.3000000000000003,2.244,0.082,0.0,0.0,0.0,0.029241000000000003;0.0;0.0;0.0;0.0;0.0;0.0;0.029241000000000003;0.0;0.0;0.0;0.0;0.0;0.0;0.029241000000000003;0.0;0.0;0.0;0.0;0.0;0.0;-1.0;0.0;0.0;0.0;0.0;0.0;0.0;0.0;0.0;0.0;0.0;0.0;0.0;0.0;0.0,1778834127,313404245
3623,1778834127,375459171,gps,-2.209,2.2760000000000002,0.099,0.0,0.0,0.0,0.028900000000000006;0.0;0.0;0.0;0.0;0.0;0.0;0.028900000000000006;0.0;0.0;0.0;0.0;0.0;0.0;0.028900000000000006;0.0;0.0;0.0;0.0;0.0;0.0;-1.0;0.0;0.0;0.0;0.0;0.0;0.0;0.0;0.0;0.0;0.0;0.0;0.0;0.0;0.0,1778834127,438494519
3624,1778834127,500459107,gps,-2.162,2.118,0.084,0.0,0.0,0.0,0.028900000000000006;0.0;0.0;0.0;0.0;0.0;0.0;0.028900000000000006;0.0;0.0;0.0;0.0;0.0;0.0;0.028900000000000006;0.0;0.0;0.0;0.0;0.0;0.0;-1.0;0.0;0.0;0.0;0.0;0.0;0.0;0.0;0.0;0.0;0.0;0.0;0.0;0.0;0.0,1778834127,562411069
3625,1778834127,625459043,gps,-2.194,2.05,0.08,0.0,0.0,0.0,0.028900000000000006;0.0;0.0;0.0;0.0;0.0;0.0;0.028900000000000006;0.0;0.0;0.0;0.0;0.0;0.0;0.028900000000000006;0.0;0.0;0.0;0.0;0.0;0.0;-1.0;0.0;0.0;0.0;0.0;0.0;0.0;0.0;0.0;0.0;0.0;0.0;0.0;0.0;0.0,1778834127,683135511
3626,1778834127,750458978,gps,-2.126,2.04,0.081,0.0,0.0,0.0,0.029241000000000003;0.0;0.0;0.0;0.0;0.0;0.0;0.029241000000000003;0.0;0.0;0.0;0.0;0.0;0.0;0.029241000000000003;0.0;0.0;0.0;0.0;0.0;0.0;-1.0;0.0;0.0;0.0;0.0;0.0;0.0;0.0;0.0;0.0;0.0;0.0;0.0;0.0;0.0,1778834127,810567254
3627,1778834127,875458914,gps,-2.183,2.094,0.081,0.0,0.0,0.0,0.028900000000000006;0.0;0.0;0.0;0.0;0.0;0.0;0.028900000000000006;0.0;0.0;0.0;0.0;0.0;0.0;0.028900000000000006;0.0;0.0;0.0;0.0;0.0;0.0;-1.0;0.0;0.0;0.0;0.0;0.0;0.0;0.0;0.0;0.0;0.0;0.0;0.0;0.0;0.0,1778834127,935950405
3628,1778834128,458849,gps,-2.24,2.106,0.08700000000000001,0.0,0.0,0.0,0.028561000000000003;0.0;0.0;0.0;0.0;0.0;0.0;0.028561000000000003;0.0;0.0;0.0;0.0;0.0;0.0;0.028561000000000003;0.0;0.0;0.0;0.0;0.0;0.0;-1.0;0.0;0.0;0.0;0.0;0.0;0.0;0.0;0.0;0.0;0.0;0.0;0.0;0.0;0.0,1778834128,67316708
3629,1778834128,125458785,gps,-2.273,2.068,0.092,0.0,0.0,0.0,0.028561000000000003;0.0;0.0;0.0;0.0;0.0;0.0;0.028561000000000003;0.0;0.0;0.0;0.0;0.0;0.0;0.028561000000000003;0.0;0.0;0.0;0.0;0.0;0.0;-1.0;0.0;0.0;0.0;0.0;0.0;0.0;0.0;0.0;0.0;0.0;0.0;0.0;0.0;0.0,1778834128,188827710
3630,1778834128,250458720,gps,-2.48,2.07,0.081,0.0,0.0,0.0,0.028224000000000003;0.0;0.0;0.0;0.0;0.0;0.0;0.028224000000000003;0.0;0.0;0.0;0.0;0.0;0.0;0.028224000000000003;0.0;0.0;0.0;0.0;0.0;0.0;-1.0;0.0;0.0;0.0;0.0;0.0;0.0;0.0;0.0;0.0;0.0;0.0;0.0;0.0;0.0,1778834128,312906036
3631,1778834128,375458656,gps,-2.584,2.07,0.074,0.0,0.0,0.0,0.028561000000000003;0.0;0.0;0.0;0.0;0.0;0.0;0.028561000000000003;0.0;0.0;0.0;0.0;0.0;0.0;0.028561000000000003;0.0;0.0;0.0;0.0;0.0;0.0;-1.0;0.0;0.0;0.0;0.0;0.0;0.0;0.0;0.0;0.0;0.0;0.0;0.0;0.0;0.0,1778834128,437208487
3632,1778834128,500458591,gps,-2.564,2.1,0.09,0.0,0.0,0.0,0.028561000000000003;0.0;0.0;0.0;0.0;0.0;0.0;0.028561000000000003;0.0;0.0;0.0;0.0;0.0;0.0;0.028561000000000003;0.0;0.0;0.0;0.0;0.0;0.0;-1.0;0.0;0.0;0.0;0.0;0.0;0.0;0.0;0.0;0.0;0.0;0.0;0.0;0.0;0.0,1778834128,557374587
3633,1778834128,625458527,gps,-2.595,2.158,0.077,0.0,0.0,0.0,0.025921000000000003;0.0;0.0;0.0;0.0;0.0;0.0;0.025921000000000003;0.0;0.0;0.0;0.0;0.0;0.0;0.025921000000000003;0.0;0.0;0.0;0.0;0.0;0.0;-1.0;0.0;0.0;0.0;0.0;0.0;0.0;0.0;0.0;0.0;0.0;0.0;0.0;0.0;0.0,1778834128,688162591
3634,1778834128,750458462,gps,-2.629,2.277,0.088,0.0,0.0,0.0,0.026244;0.0;0.0;0.0;0.0;0.0;0.0;0.026244;0.0;0.0;0.0;0.0;0.0;0.0;0.026244;0.0;0.0;0.0;0.0;0.0;0.0;-1.0;0.0;0.0;0.0;0.0;0.0;0.0;0.0;0.0;0.0;0.0;0.0;0.0;0.0;0.0,1778834128,812289543
3635,1778834128,875458397,gps,-2.615,2.379,0.099,0.0,0.0,0.0,0.026569000000000002;0.0;0.0;0.0;0.0;0.0;0.0;0.026569000000000002;0.0;0.0;0.0;0.0;0.0;0.0;0.026569000000000002;0.0;0.0;0.0;0.0;0.0;0.0;-1.0;0.0;0.0;0.0;0.0;0.0;0.0;0.0;0.0;0.0;0.0;0.0;0.0;0.0;0.0,1778834128,938211308
3636,1778834129,458333,gps,-2.604,2.449,0.08600000000000001,0.0,0.0,0.0,0.026896000000000003;0.0;0.0;0.0;0.0;0.0;0.0;0.026896000000000003;0.0;0.0;0.0;0.0;0.0;0.0;0.026896000000000003;0.0;0.0;0.0;0.0;0.0;0.0;-1.0;0.0;0.0;0.0;0.0;0.0;0.0;0.0;0.0;0.0;0.0;0.0;0.0;0.0;0.0,1778834129,68003988
3637,1778834129,125458268,gps,-2.584,2.482,0.097,0.0,0.0,0.0,0.026569000000000002;0.0;0.0;0.0;0.0;0.0;0.0;0.026569000000000002;0.0;0.0;0.0;0.0;0.0;0.0;0.026569000000000002;0.0;0.0;0.0;0.0;0.0;0.0;-1.0;0.0;0.0;0.0;0.0;0.0;0.0;0.0;0.0;0.0;0.0;0.0;0.0;0.0;0.0,1778834129,187905976
3638,1778834129,250458204,gps,-2.6310000000000002,2.4090000000000003,0.095,0.0,0.0,0.0,0.026569000000000002;0.0;0.0;0.0;0.0;0.0;0.0;0.026569000000000002;0.0;0.0;0.0;0.0;0.0;0.0;0.026569000000000002;0.0;0.0;0.0;0.0;0.0;0.0;-1.0;0.0;0.0;0.0;0.0;0.0;0.0;0.0;0.0;0.0;0.0;0.0;0.0;0.0;0.0,1778834129,312233418
3639,1778834129,375458139,gps,-2.688,2.352,0.111,0.0,0.0,0.0,0.026569000000000002;0.0;0.0;0.0;0.0;0.0;0.0;0.026569000000000002;0.0;0.0;0.0;0.0;0.0;0.0;0.026569000000000002;0.0;0.0;0.0;0.0;0.0;0.0;-1.0;0.0;0.0;0.0;0.0;0.0;0.0;0.0;0.0;0.0;0.0;0.0;0.0;0.0;0.0,1778834129,435480935
3640,1778834129,500458075,gps,-2.598,2.359,0.1,0.0,0.0,0.0,0.026896000000000003;0.0;0.0;0.0;0.0;0.0;0.0;0.026896000000000003;0.0;0.0;0.0;0.0;0.0;0.0;0.026896000000000003;0.0;0.0;0.0;0.0;0.0;0.0;-1.0;0.0;0.0;0.0;0.0;0.0;0.0;0.0;0.0;0.0;0.0;0.0;0.0;0.0;0.0,1778834129,563408065
3641,1778834129,625458010,gps,-2.625,2.3810000000000002,0.10300000000000001,0.0,0.0,0.0,0.026896000000000003;0.0;0.0;0.0;0.0;0.0;0.0;0.026896000000000003;0.0;0.0;0.0;0.0;0.0;0.0;0.026896000000000003;0.0;0.0;0.0;0.0;0.0;0.0;-1.0;0.0;0.0;0.0;0.0;0.0;0.0;0.0;0.0;0.0;0.0;0.0;0.0;0.0;0.0,1778834129,688930645
3642,1778834129,750457946,gps,-2.605,2.466,0.101,0.0,0.0,0.0,0.027225000000000003;0.0;0.0;0.0;0.0;0.0;0.0;0.027225000000000003;0.0;0.0;0.0;0.0;0.0;0.0;0.027225000000000003;0.0;0.0;0.0;0.0;0.0;0.0;-1.0;0.0;0.0;0.0;0.0;0.0;0.0;0.0;0.0;0.0;0.0;0.0;0.0;0.0;0.0,1778834129,812866801
3643,1778834129,875457881,gps,-2.572,2.441,0.107,0.0,0.0,0.0,0.027225000000000003;0.0;0.0;0.0;0.0;0.0;0.0;0.027225000000000003;0.0;0.0;0.0;0.0;0.0;0.0;0.027225000000000003;0.0;0.0;0.0;0.0;0.0;0.0;-1.0;0.0;0.0;0.0;0.0;0.0;0.0;0.0;0.0;0.0;0.0;0.0;0.0;0.0;0.0,1778834129,938043812
3644,1778834130,457817,gps,-2.509,2.331,0.10300000000000001,0.0,0.0,0.0,0.025921000000000003;0.0;0.0;0.0;0.0;0.0;0.0;0.025921000000000003;0.0;0.0;0.0;0.0;0.0;0.0;0.025921000000000003;0.0;0.0;0.0;0.0;0.0;0.0;-1.0;0.0;0.0;0.0;0.0;0.0;0.0;0.0;0.0;0.0;0.0;0.0;0.0;0.0;0.0,1778834130,67901648
3645,1778834130,125457752,gps,-2.434,2.361,0.094,0.0,0.0,0.0,0.026244;0.0;0.0;0.0;0.0;0.0;0.0;0.026244;0.0;0.0;0.0;0.0;0.0;0.0;0.026244;0.0;0.0;0.0;0.0;0.0;0.0;-1.0;0.0;0.0;0.0;0.0;0.0;0.0;0.0;0.0;0.0;0.0;0.0;0.0;0.0;0.0,1778834130,189003608
3646,1778834130,250457688,gps,-2.3890000000000002,2.307,0.11,0.0,0.0,0.0,0.026569000000000002;0.0;0.0;0.0;0.0;0.0;0.0;0.026569000000000002;0.0;0.0;0.0;0.0;0.0;0.0;0.026569000000000002;0.0;0.0;0.0;0.0;0.0;0.0;-1.0;0.0;0.0;0.0;0.0;0.0;0.0;0.0;0.0;0.0;0.0;0.0;0.0;0.0;0.0,1778834130,314288232
3647,1778834130,375457623,gps,-2.373,2.301,0.095,0.0,0.0,0.0,0.026244;0.0;0.0;0.0;0.0;0.0;0.0;0.026244;0.0;0.0;0.0;0.0;0.0;0.0;0.026244;0.0;0.0;0.0;0.0;0.0;0.0;-1.0;0.0;0.0;0.0;0.0;0.0;0.0;0.0;0.0;0.0;0.0;0.0;0.0;0.0;0.0,1778834130,440032795
3648,1778834130,500457559,gps,-2.31,2.2920000000000003,0.089,0.0,0.0,0.0,0.025921000000000003;0.0;0.0;0.0;0.0;0.0;0.0;0.025921000000000003;0.0;0.0;0.0;0.0;0.0;0.0;0.025921000000000003;0.0;0.0;0.0;0.0;0.0;0.0;-1.0;0.0;0.0;0.0;0.0;0.0;0.0;0.0;0.0;0.0;0.0;0.0;0.0;0.0;0.0,1778834130,563142389
3649,1778834130,625457494,gps,-2.379,2.324,0.097,0.0,0.0,0.0,0.026244;0.0;0.0;0.0;0.0;0.0;0.0;0.026244;0.0;0.0;0.0;0.0;0.0;0.0;0.026244;0.0;0.0;0.0;0.0;0.0;0.0;-1.0;0.0;0.0;0.0;0.0;0.0;0.0;0.0;0.0;0.0;0.0;0.0;0.0;0.0;0.0,1778834130,687027626
3650,1778834130,750457430,gps,-2.359,2.364,0.089,0.0,0.0,0.0,0.026569000000000002;0.0;0.0;0.0;0.0;0.0;0.0;0.026569000000000002;0.0;0.0;0.0;0.0;0.0;0.0;0.026569000000000002;0.0;0.0;0.0;0.0;0.0;0.0;-1.0;0.0;0.0;0.0;0.0;0.0;0.0;0.0;0.0;0.0;0.0;0.0;0.0;0.0;0.0,1778834130,810651736
3651,1778834130,875457365,gps,-2.396,2.361,0.101,0.0,0.0,0.0,0.026244;0.0;0.0;0.0;0.0;0.0;0.0;0.026244;0.0;0.0;0.0;0.0;0.0;0.0;0.026244;0.0;0.0;0.0;0.0;0.0;0.0;-1.0;0.0;0.0;0.0;0.0;0.0;0.0;0.0;0.0;0.0;0.0;0.0;0.0;0.0;0.0,1778834130,936483097
3652,1778834131,457301,gps,-2.416,2.412,0.107,0.0,0.0,0.0,0.026244;0.0;0.0;0.0;0.0;0.0;0.0;0.026244;0.0;0.0;0.0;0.0;0.0;0.0;0.026244;0.0;0.0;0.0;0.0;0.0;0.0;-1.0;0.0;0.0;0.0;0.0;0.0;0.0;0.0;0.0;0.0;0.0;0.0;0.0;0.0;0.0,1778834131,68102721
3653,1778834131,125457236,gps,-2.351,2.399,0.109,0.0,0.0,0.0,0.026244;0.0;0.0;0.0;0.0;0.0;0.0;0.026244;0.0;0.0;0.0;0.0;0.0;0.0;0.026244;0.0;0.0;0.0;0.0;0.0;0.0;-1.0;0.0;0.0;0.0;0.0;0.0;0.0;0.0;0.0;0.0;0.0;0.0;0.0;0.0;0.0,1778834131,188115287
3654,1778834131,250457172,gps,-2.2680000000000002,2.335,0.09,0.0,0.0,0.0,0.026569000000000002;0.0;0.0;0.0;0.0;0.0;0.0;0.026569000000000002;0.0;0.0;0.0;0.0;0.0;0.0;0.026569000000000002;0.0;0.0;0.0;0.0;0.0;0.0;-1.0;0.0;0.0;0.0;0.0;0.0;0.0;0.0;0.0;0.0;0.0;0.0;0.0;0.0;0.0,1778834131,310743584
3655,1778834131,375457107,gps,-2.2520000000000002,2.32,0.093,0.0,0.0,0.0,0.026569000000000002;0.0;0.0;0.0;0.0;0.0;0.0;0.026569000000000002;0.0;0.0;0.0;0.0;0.0;0.0;0.026569000000000002;0.0;0.0;0.0;0.0;0.0;0.0;-1.0;0.0;0.0;0.0;0.0;0.0;0.0;0.0;0.0;0.0;0.0;0.0;0.0;0.0;0.0,1778834131,437611546
3656,1778834131,500457043,gps,-2.216,2.298,0.089,0.0,0.0,0.0,0.026569000000000002;0.0;0.0;0.0;0.0;0.0;0.0;0.026569000000000002;0.0;0.0;0.0;0.0;0.0;0.0;0.026569000000000002;0.0;0.0;0.0;0.0;0.0;0.0;-1.0;0.0;0.0;0.0;0.0;0.0;0.0;0.0;0.0;0.0;0.0;0.0;0.0;0.0;0.0,1778834131,561878987
3657,1778834131,625456978,gps,-2.144,2.275,0.094,0.0,0.0,0.0,0.026569000000000002;0.0;0.0;0.0;0.0;0.0;0.0;0.026569000000000002;0.0;0.0;0.0;0.0;0.0;0.0;0.026569000000000002;0.0;0.0;0.0;0.0;0.0;0.0;-1.0;0.0;0.0;0.0;0.0;0.0;0.0;0.0;0.0;0.0;0.0;0.0;0.0;0.0;0.0,1778834131,687824380
3658,1778834131,750456914,gps,-2.079,2.22,0.097,0.0,0.0,0.0,0.028900000000000006;0.0;0.0;0.0;0.0;0.0;0.0;0.028900000000000006;0.0;0.0;0.0;0.0;0.0;0.0;0.028900000000000006;0.0;0.0;0.0;0.0;0.0;0.0;-1.0;0.0;0.0;0.0;0.0;0.0;0.0;0.0;0.0;0.0;0.0;0.0;0.0;0.0;0.0,1778834131,811337031
3659,1778834131,875456849,gps,-2.119,2.249,0.079,0.0,0.0,0.0,0.029241000000000003;0.0;0.0;0.0;0.0;0.0;0.0;0.029241000000000003;0.0;0.0;0.0;0.0;0.0;0.0;0.029241000000000003;0.0;0.0;0.0;0.0;0.0;0.0;-1.0;0.0;0.0;0.0;0.0;0.0;0.0;0.0;0.0;0.0;0.0;0.0;0.0;0.0;0.0,1778834131,937538014
3660,1778834132,456785,gps,-2.136,2.24,0.08700000000000001,0.0,0.0,0.0,0.029241000000000003;0.0;0.0;0.0;0.0;0.0;0.0;0.029241000000000003;0.0;0.0;0.0;0.0;0.0;0.0;0.029241000000000003;0.0;0.0;0.0;0.0;0.0;0.0;-1.0;0.0;0.0;0.0;0.0;0.0;0.0;0.0;0.0;0.0;0.0;0.0;0.0;0.0;0.0,1778834132,67029532
3661,1778834132,125456720,gps,-2.086,2.226,0.08700000000000001,0.0,0.0,0.0,0.029241000000000003;0.0;0.0;0.0;0.0;0.0;0.0;0.029241000000000003;0.0;0.0;0.0;0.0;0.0;0.0;0.029241000000000003;0.0;0.0;0.0;0.0;0.0;0.0;-1.0;0.0;0.0;0.0;0.0;0.0;0.0;0.0;0.0;0.0;0.0;0.0;0.0;0.0;0.0,1778834132,184777844
3662,1778834132,250456656,gps,-2.1750000000000003,2.34,0.074,0.0,0.0,0.0,0.029584000000000006;0.0;0.0;0.0;0.0;0.0;0.0;0.029584000000000006;0.0;0.0;0.0;0.0;0.0;0.0;0.029584000000000006;0.0;0.0;0.0;0.0;0.0;0.0;-1.0;0.0;0.0;0.0;0.0;0.0;0.0;0.0;0.0;0.0;0.0;0.0;0.0;0.0;0.0,1778834132,312237288
3663,1778834132,375456591,gps,-2.204,2.394,0.091,0.0,0.0,0.0,0.029584000000000006;0.0;0.0;0.0;0.0;0.0;0.0;0.029584000000000006;0.0;0.0;0.0;0.0;0.0;0.0;0.029584000000000006;0.0;0.0;0.0;0.0;0.0;0.0;-1.0;0.0;0.0;0.0;0.0;0.0;0.0;0.0;0.0;0.0;0.0;0.0;0.0;0.0;0.0,1778834132,437068243
3664,1778834132,500456527,gps,-2.176,2.415,0.08700000000000001,0.0,0.0,0.0,0.029584000000000006;0.0;0.0;0.0;0.0;0.0;0.0;0.029584000000000006;0.0;0.0;0.0;0.0;0.0;0.0;0.029584000000000006;0.0;0.0;0.0;0.0;0.0;0.0;-1.0;0.0;0.0;0.0;0.0;0.0;0.0;0.0;0.0;0.0;0.0;0.0;0.0;0.0;0.0,1778834132,562641337
3665,1778834132,625456462,gps,-2.2520000000000002,2.47,0.098,0.0,0.0,0.0,0.029584000000000006;0.0;0.0;0.0;0.0;0.0;0.0;0.029584000000000006;0.0;0.0;0.0;0.0;0.0;0.0;0.029584000000000006;0.0;0.0;0.0;0.0;0.0;0.0;-1.0;0.0;0.0;0.0;0.0;0.0;0.0;0.0;0.0;0.0;0.0;0.0;0.0;0.0;0.0,1778834132,687680798
3666,1778834132,750456398,gps,-2.266,2.511,0.093,0.0,0.0,0.0,0.029929000000000004;0.0;0.0;0.0;0.0;0.0;0.0;0.029929000000000004;0.0;0.0;0.0;0.0;0.0;0.0;0.029929000000000004;0.0;0.0;0.0;0.0;0.0;0.0;-1.0;0.0;0.0;0.0;0.0;0.0;0.0;0.0;0.0;0.0;0.0;0.0;0.0;0.0;0.0,1778834132,811007396
3667,1778834132,875456333,gps,-2.233,2.48,0.095,0.0,0.0,0.0,0.029929000000000004;0.0;0.0;0.0;0.0;0.0;0.0;0.029929000000000004;0.0;0.0;0.0;0.0;0.0;0.0;0.029929000000000004;0.0;0.0;0.0;0.0;0.0;0.0;-1.0;0.0;0.0;0.0;0.0;0.0;0.0;0.0;0.0;0.0;0.0;0.0;0.0;0.0;0.0,1778834132,937355077
3668,1778834133,456269,gps,-2.113,2.473,0.10300000000000001,0.0,0.0,0.0,0.029929000000000004;0.0;0.0;0.0;0.0;0.0;0.0;0.029929000000000004;0.0;0.0;0.0;0.0;0.0;0.0;0.029929000000000004;0.0;0.0;0.0;0.0;0.0;0.0;-1.0;0.0;0.0;0.0;0.0;0.0;0.0;0.0;0.0;0.0;0.0;0.0;0.0;0.0;0.0,1778834133,61210006
3669,1778834133,125456204,gps,-2.048,2.343,0.094,0.0,0.0,0.0,0.030975999999999997;0.0;0.0;0.0;0.0;0.0;0.0;0.030975999999999997;0.0;0.0;0.0;0.0;0.0;0.0;0.030975999999999997;0.0;0.0;0.0;0.0;0.0;0.0;-1.0;0.0;0.0;0.0;0.0;0.0;0.0;0.0;0.0;0.0;0.0;0.0;0.0;0.0;0.0,1778834133,186933145
3670,1778834133,250456140,gps,-1.846,2.178,0.083,0.0,0.0,0.0,0.031684;0.0;0.0;0.0;0.0;0.0;0.0;0.031684;0.0;0.0;0.0;0.0;0.0;0.0;0.031684;0.0;0.0;0.0;0.0;0.0;0.0;-1.0;0.0;0.0;0.0;0.0;0.0;0.0;0.0;0.0;0.0;0.0;0.0;0.0;0.0;0.0,1778834133,311820558
3671,1778834133,375456075,gps,-1.649,1.924,0.081,0.0,0.0,0.0,0.030625000000000006;0.0;0.0;0.0;0.0;0.0;0.0;0.030625000000000006;0.0;0.0;0.0;0.0;0.0;0.0;0.030625000000000006;0.0;0.0;0.0;0.0;0.0;0.0;-1.0;0.0;0.0;0.0;0.0;0.0;0.0;0.0;0.0;0.0;0.0;0.0;0.0;0.0;0.0,1778834133,437000854
3672,1778834133,500456011,gps,-1.512,1.709,0.075,0.0,0.0,0.0,0.030625000000000006;0.0;0.0;0.0;0.0;0.0;0.0;0.030625000000000006;0.0;0.0;0.0;0.0;0.0;0.0;0.030625000000000006;0.0;0.0;0.0;0.0;0.0;0.0;-1.0;0.0;0.0;0.0;0.0;0.0;0.0;0.0;0.0;0.0;0.0;0.0;0.0;0.0;0.0,1778834133,561097804
3673,1778834133,625455946,gps,-1.369,1.53,0.073,0.0,0.0,0.0,0.030276000000000004;0.0;0.0;0.0;0.0;0.0;0.0;0.030276000000000004;0.0;0.0;0.0;0.0;0.0;0.0;0.030276000000000004;0.0;0.0;0.0;0.0;0.0;0.0;-1.0;0.0;0.0;0.0;0.0;0.0;0.0;0.0;0.0;0.0;0.0;0.0;0.0;0.0;0.0,1778834133,686143570
3674,1778834133,750455882,gps,-1.164,1.3920000000000001,0.07100000000000001,0.0,0.0,0.0,0.030975999999999997;0.0;0.0;0.0;0.0;0.0;0.0;0.030975999999999997;0.0;0.0;0.0;0.0;0.0;0.0;0.030975999999999997;0.0;0.0;0.0;0.0;0.0;0.0;-1.0;0.0;0.0;0.0;0.0;0.0;0.0;0.0;0.0;0.0;0.0;0.0;0.0;0.0;0.0,1778834133,810226222
3675,1778834133,875455817,gps,-1.067,1.176,0.068,0.0,0.0,0.0,0.030975999999999997;0.0;0.0;0.0;0.0;0.0;0.0;0.030975999999999997;0.0;0.0;0.0;0.0;0.0;0.0;0.030975999999999997;0.0;0.0;0.0;0.0;0.0;0.0;-1.0;0.0;0.0;0.0;0.0;0.0;0.0;0.0;0.0;0.0;0.0;0.0;0.0;0.0;0.0,1778834133,933915423
3676,1778834134,455753,gps,-0.917,1.04,0.048,0.0,0.0,0.0,0.031328999999999996;0.0;0.0;0.0;0.0;0.0;0.0;0.031328999999999996;0.0;0.0;0.0;0.0;0.0;0.0;0.031328999999999996;0.0;0.0;0.0;0.0;0.0;0.0;-1.0;0.0;0.0;0.0;0.0;0.0;0.0;0.0;0.0;0.0;0.0;0.0;0.0;0.0;0.0,1778834134,66961805
3677,1778834134,125455688,gps,-0.783,0.879,0.045,0.0,0.0,0.0,0.031328999999999996;0.0;0.0;0.0;0.0;0.0;0.0;0.031328999999999996;0.0;0.0;0.0;0.0;0.0;0.0;0.031328999999999996;0.0;0.0;0.0;0.0;0.0;0.0;-1.0;0.0;0.0;0.0;0.0;0.0;0.0;0.0;0.0;0.0;0.0;0.0;0.0;0.0;0.0,1778834134,187972411
3678,1778834134,250455624,gps,-0.67,0.758,0.051000000000000004,0.0,0.0,0.0,0.031328999999999996;0.0;0.0;0.0;0.0;0.0;0.0;0.031328999999999996;0.0;0.0;0.0;0.0;0.0;0.0;0.031328999999999996;0.0;0.0;0.0;0.0;0.0;0.0;-1.0;0.0;0.0;0.0;0.0;0.0;0.0;0.0;0.0;0.0;0.0;0.0;0.0;0.0;0.0,1778834134,312469568
3679,1778834134,375455559,gps,-0.546,0.707,0.037,0.0,0.0,0.0,0.0324;0.0;0.0;0.0;0.0;0.0;0.0;0.0324;0.0;0.0;0.0;0.0;0.0;0.0;0.0324;0.0;0.0;0.0;0.0;0.0;0.0;-1.0;0.0;0.0;0.0;0.0;0.0;0.0;0.0;0.0;0.0;0.0;0.0;0.0;0.0;0.0,1778834134,436178682
3680,1778834134,500455495,gps,-0.447,0.553,0.033,0.0,0.0,0.0,0.032041;0.0;0.0;0.0;0.0;0.0;0.0;0.032041;0.0;0.0;0.0;0.0;0.0;0.0;0.032041;0.0;0.0;0.0;0.0;0.0;0.0;-1.0;0.0;0.0;0.0;0.0;0.0;0.0;0.0;0.0;0.0;0.0;0.0;0.0;0.0;0.0,1778834134,560897258
3681,1778834134,625455430,gps,-0.339,0.397,0.024,0.0,0.0,0.0,0.031684;0.0;0.0;0.0;0.0;0.0;0.0;0.031684;0.0;0.0;0.0;0.0;0.0;0.0;0.031684;0.0;0.0;0.0;0.0;0.0;0.0;-1.0;0.0;0.0;0.0;0.0;0.0;0.0;0.0;0.0;0.0;0.0;0.0;0.0;0.0;0.0,1778834134,688529075
3682,1778834134,750455365,gps,-0.211,0.224,0.016,0.0,0.0,0.0,0.030625000000000006;0.0;0.0;0.0;0.0;0.0;0.0;0.030625000000000006;0.0;0.0;0.0;0.0;0.0;0.0;0.030625000000000006;0.0;0.0;0.0;0.0;0.0;0.0;-1.0;0.0;0.0;0.0;0.0;0.0;0.0;0.0;0.0;0.0;0.0;0.0;0.0;0.0;0.0,1778834134,813155247
3683,1778834134,875455301,gps,-0.188,0.211,0.008,0.0,0.0,0.0,0.030975999999999997;0.0;0.0;0.0;0.0;0.0;0.0;0.030975999999999997;0.0;0.0;0.0;0.0;0.0;0.0;0.030975999999999997;0.0;0.0;0.0;0.0;0.0;0.0;-1.0;0.0;0.0;0.0;0.0;0.0;0.0;0.0;0.0;0.0;0.0;0.0;0.0;0.0;0.0,1778834134,939515826
3684,1778834135,455236,gps,-0.187,0.181,0.032,0.0,0.0,0.0,0.030276000000000004;0.0;0.0;0.0;0.0;0.0;0.0;0.030276000000000004;0.0;0.0;0.0;0.0;0.0;0.0;0.030276000000000004;0.0;0.0;0.0;0.0;0.0;0.0;-1.0;0.0;0.0;0.0;0.0;0.0;0.0;0.0;0.0;0.0;0.0;0.0;0.0;0.0;0.0,1778834135,66778810
3685,1778834135,125455172,gps,-0.09,0.17,0.019,0.0,0.0,0.0,0.034225;0.0;0.0;0.0;0.0;0.0;0.0;0.034225;0.0;0.0;0.0;0.0;0.0;0.0;0.034225;0.0;0.0;0.0;0.0;0.0;0.0;-1.0;0.0;0.0;0.0;0.0;0.0;0.0;0.0;0.0;0.0;0.0;0.0;0.0;0.0;0.0,1778834135,187497625
3686,1778834135,250455107,gps,-0.146,0.125,0.022,0.0,0.0,0.0,0.029584000000000006;0.0;0.0;0.0;0.0;0.0;0.0;0.029584000000000006;0.0;0.0;0.0;0.0;0.0;0.0;0.029584000000000006;0.0;0.0;0.0;0.0;0.0;0.0;-1.0;0.0;0.0;0.0;0.0;0.0;0.0;0.0;0.0;0.0;0.0;0.0;0.0;0.0;0.0,1778834135,312081601
3687,1778834135,375455043,gps,-0.074,0.09,0.017,0.0,0.0,0.0,0.032041;0.0;0.0;0.0;0.0;0.0;0.0;0.032041;0.0;0.0;0.0;0.0;0.0;0.0;0.032041;0.0;0.0;0.0;0.0;0.0;0.0;-1.0;0.0;0.0;0.0;0.0;0.0;0.0;0.0;0.0;0.0;0.0;0.0;0.0;0.0;0.0,1778834135,437085762
3688,1778834135,500454978,gps,-0.043000000000000003,0.048,0.01,0.0,0.0,0.0,0.030625000000000006;0.0;0.0;0.0;0.0;0.0;0.0;0.030625000000000006;0.0;0.0;0.0;0.0;0.0;0.0;0.030625000000000006;0.0;0.0;0.0;0.0;0.0;0.0;-1.0;0.0;0.0;0.0;0.0;0.0;0.0;0.0;0.0;0.0;0.0;0.0;0.0;0.0;0.0,1778834135,562619799
3689,1778834135,625454914,gps,-0.022,0.059000000000000004,0.013000000000000001,0.0,0.0,0.0,0.035344;0.0;0.0;0.0;0.0;0.0;0.0;0.035344;0.0;0.0;0.0;0.0;0.0;0.0;0.035344;0.0;0.0;0.0;0.0;0.0;0.0;-1.0;0.0;0.0;0.0;0.0;0.0;0.0;0.0;0.0;0.0;0.0;0.0;0.0;0.0;0.0,1778834135,687905461
3690,1778834135,750454849,gps,0.029,-0.021,-0.002,0.0,0.0,0.0,0.027889000000000004;0.0;0.0;0.0;0.0;0.0;0.0;0.027889000000000004;0.0;0.0;0.0;0.0;0.0;0.0;0.027889000000000004;0.0;0.0;0.0;0.0;0.0;0.0;-1.0;0.0;0.0;0.0;0.0;0.0;0.0;0.0;0.0;0.0;0.0;0.0;0.0;0.0;0.0,1778834135,809021149
3691,1778834135,875454785,gps,0.006,-0.024,0.006,0.0,0.0,0.0,0.035721;0.0;0.0;0.0;0.0;0.0;0.0;0.035721;0.0;0.0;0.0;0.0;0.0;0.0;0.035721;0.0;0.0;0.0;0.0;0.0;0.0;-1.0;0.0;0.0;0.0;0.0;0.0;0.0;0.0;0.0;0.0;0.0;0.0;0.0;0.0;0.0,1778834135,935839256
3692,1778834136,454720,gps,0.032,-0.081,0.016,0.0,0.0,0.0,0.034596;0.0;0.0;0.0;0.0;0.0;0.0;0.034596;0.0;0.0;0.0;0.0;0.0;0.0;0.034596;0.0;0.0;0.0;0.0;0.0;0.0;-1.0;0.0;0.0;0.0;0.0;0.0;0.0;0.0;0.0;0.0;0.0;0.0;0.0;0.0;0.0,1778834136,64682210
3693,1778834136,125454656,gps,0.076,-0.038,0.022,0.0,0.0,0.0,0.026896000000000003;0.0;0.0;0.0;0.0;0.0;0.0;0.026896000000000003;0.0;0.0;0.0;0.0;0.0;0.0;0.026896000000000003;0.0;0.0;0.0;0.0;0.0;0.0;-1.0;0.0;0.0;0.0;0.0;0.0;0.0;0.0;0.0;0.0;0.0;0.0;0.0;0.0;0.0,1778834136,186065659
3694,1778834136,250454591,gps,0.054,-0.065,0.017,0.0,0.0,0.0,0.031328999999999996;0.0;0.0;0.0;0.0;0.0;0.0;0.031328999999999996;0.0;0.0;0.0;0.0;0.0;0.0;0.031328999999999996;0.0;0.0;0.0;0.0;0.0;0.0;-1.0;0.0;0.0;0.0;0.0;0.0;0.0;0.0;0.0;0.0;0.0;0.0;0.0;0.0;0.0,1778834136,312063345
3695,1778834136,375454526,gps,0.063,-0.06,0.009000000000000001,0.0,0.0,0.0,0.028900000000000006;0.0;0.0;0.0;0.0;0.0;0.0;0.028900000000000006;0.0;0.0;0.0;0.0;0.0;0.0;0.028900000000000006;0.0;0.0;0.0;0.0;0.0;0.0;-1.0;0.0;0.0;0.0;0.0;0.0;0.0;0.0;0.0;0.0;0.0;0.0;0.0;0.0;0.0,1778834136,436787833
3696,1778834136,500454462,gps,0.06,-0.114,0.021,0.0,0.0,0.0,0.032761;0.0;0.0;0.0;0.0;0.0;0.0;0.032761;0.0;0.0;0.0;0.0;0.0;0.0;0.032761;0.0;0.0;0.0;0.0;0.0;0.0;-1.0;0.0;0.0;0.0;0.0;0.0;0.0;0.0;0.0;0.0;0.0;0.0;0.0;0.0;0.0,1778834136,560524644
3697,1778834136,625454397,gps,0.15,-0.10300000000000001,0.024,0.0,0.0,0.0,0.027225000000000003;0.0;0.0;0.0;0.0;0.0;0.0;0.027225000000000003;0.0;0.0;0.0;0.0;0.0;0.0;0.027225000000000003;0.0;0.0;0.0;0.0;0.0;0.0;-1.0;0.0;0.0;0.0;0.0;0.0;0.0;0.0;0.0;0.0;0.0;0.0;0.0;0.0;0.0,1778834136,682001600
3698,1778834136,750454333,gps,0.078,-0.101,0.007,0.0,0.0,0.0,0.030975999999999997;0.0;0.0;0.0;0.0;0.0;0.0;0.030975999999999997;0.0;0.0;0.0;0.0;0.0;0.0;0.030975999999999997;0.0;0.0;0.0;0.0;0.0;0.0;-1.0;0.0;0.0;0.0;0.0;0.0;0.0;0.0;0.0;0.0;0.0;0.0;0.0;0.0;0.0,1778834136,809877573
3699,1778834136,875454269,gps,0.123,-0.077,-0.002,0.0,0.0,0.0,0.027556000000000004;0.0;0.0;0.0;0.0;0.0;0.0;0.027556000000000004;0.0;0.0;0.0;0.0;0.0;0.0;0.027556000000000004;0.0;0.0;0.0;0.0;0.0;0.0;-1.0;0.0;0.0;0.0;0.0;0.0;0.0;0.0;0.0;0.0;0.0;0.0;0.0;0.0;0.0,1778834136,935800385
3700,1778834137,454204,gps,0.07200000000000001,-0.14200000000000002,0.013000000000000001,0.0,0.0,0.0,0.033124;0.0;0.0;0.0;0.0;0.0;0.0;0.033124;0.0;0.0;0.0;0.0;0.0;0.0;0.033124;0.0;0.0;0.0;0.0;0.0;0.0;-1.0;0.0;0.0;0.0;0.0;0.0;0.0;0.0;0.0;0.0;0.0;0.0;0.0;0.0;0.0,1778834137,66721671
3701,1778834137,125454139,gps,0.116,-0.10400000000000001,0.014,0.0,0.0,0.0,0.028561000000000003;0.0;0.0;0.0;0.0;0.0;0.0;0.028561000000000003;0.0;0.0;0.0;0.0;0.0;0.0;0.028561000000000003;0.0;0.0;0.0;0.0;0.0;0.0;-1.0;0.0;0.0;0.0;0.0;0.0;0.0;0.0;0.0;0.0;0.0;0.0;0.0;0.0;0.0,1778834137,186907504
3702,1778834137,250454075,gps,0.09,-0.082,0.006,0.0,0.0,0.0,0.028900000000000006;0.0;0.0;0.0;0.0;0.0;0.0;0.028900000000000006;0.0;0.0;0.0;0.0;0.0;0.0;0.028900000000000006;0.0;0.0;0.0;0.0;0.0;0.0;-1.0;0.0;0.0;0.0;0.0;0.0;0.0;0.0;0.0;0.0;0.0;0.0;0.0;0.0;0.0,1778834137,312558268
3703,1778834137,375454011,gps,0.152,-0.084,-0.007,0.0,0.0,0.0,0.027225000000000003;0.0;0.0;0.0;0.0;0.0;0.0;0.027225000000000003;0.0;0.0;0.0;0.0;0.0;0.0;0.027225000000000003;0.0;0.0;0.0;0.0;0.0;0.0;-1.0;0.0;0.0;0.0;0.0;0.0;0.0;0.0;0.0;0.0;0.0;0.0;0.0;0.0;0.0,1778834137,436616194
3704,1778834137,500453946,gps,0.057,-0.12,0.007,0.0,0.0,0.0,0.033856;0.0;0.0;0.0;0.0;0.0;0.0;0.033856;0.0;0.0;0.0;0.0;0.0;0.0;0.033856;0.0;0.0;0.0;0.0;0.0;0.0;-1.0;0.0;0.0;0.0;0.0;0.0;0.0;0.0;0.0;0.0;0.0;0.0;0.0;0.0;0.0,1778834137,557379834
3705,1778834137,625453881,gps,0.095,-0.109,0.01,0.0,0.0,0.0,0.029929000000000004;0.0;0.0;0.0;0.0;0.0;0.0;0.029929000000000004;0.0;0.0;0.0;0.0;0.0;0.0;0.029929000000000004;0.0;0.0;0.0;0.0;0.0;0.0;-1.0;0.0;0.0;0.0;0.0;0.0;0.0;0.0;0.0;0.0;0.0;0.0;0.0;0.0;0.0,1778834137,687238346
3706,1778834137,750453817,gps,0.098,-0.10400000000000001,-0.007,0.0,0.0,0.0,0.029584000000000006;0.0;0.0;0.0;0.0;0.0;0.0;0.029584000000000006;0.0;0.0;0.0;0.0;0.0;0.0;0.029584000000000006;0.0;0.0;0.0;0.0;0.0;0.0;-1.0;0.0;0.0;0.0;0.0;0.0;0.0;0.0;0.0;0.0;0.0;0.0;0.0;0.0;0.0,1778834137,811220659
3707,1778834137,875453752,gps,0.117,-0.124,-0.002,0.0,0.0,0.0,0.029584000000000006;0.0;0.0;0.0;0.0;0.0;0.0;0.029584000000000006;0.0;0.0;0.0;0.0;0.0;0.0;0.029584000000000006;0.0;0.0;0.0;0.0;0.0;0.0;-1.0;0.0;0.0;0.0;0.0;0.0;0.0;0.0;0.0;0.0;0.0;0.0;0.0;0.0;0.0,1778834137,937452190
3708,1778834138,453688,gps,0.07100000000000001,-0.125,-0.011,0.0,0.0,0.0,0.0324;0.0;0.0;0.0;0.0;0.0;0.0;0.0324;0.0;0.0;0.0;0.0;0.0;0.0;0.0324;0.0;0.0;0.0;0.0;0.0;0.0;-1.0;0.0;0.0;0.0;0.0;0.0;0.0;0.0;0.0;0.0;0.0;0.0;0.0;0.0;0.0,1778834138,66120552
3709,1778834138,125453624,gps,0.112,-0.094,-0.005,0.0,0.0,0.0,0.028561000000000003;0.0;0.0;0.0;0.0;0.0;0.0;0.028561000000000003;0.0;0.0;0.0;0.0;0.0;0.0;0.028561000000000003;0.0;0.0;0.0;0.0;0.0;0.0;-1.0;0.0;0.0;0.0;0.0;0.0;0.0;0.0;0.0;0.0;0.0;0.0;0.0;0.0;0.0,1778834138,186941916
3710,1778834138,250453559,gps,0.061,-0.106,0.002,0.0,0.0,0.0,0.032761;0.0;0.0;0.0;0.0;0.0;0.0;0.032761;0.0;0.0;0.0;0.0;0.0;0.0;0.032761;0.0;0.0;0.0;0.0;0.0;0.0;-1.0;0.0;0.0;0.0;0.0;0.0;0.0;0.0;0.0;0.0;0.0;0.0;0.0;0.0;0.0,1778834138,312859697
3711,1778834138,375453495,gps,0.10300000000000001,-0.126,-0.018000000000000002,0.0,0.0,0.0,0.030276000000000004;0.0;0.0;0.0;0.0;0.0;0.0;0.030276000000000004;0.0;0.0;0.0;0.0;0.0;0.0;0.030276000000000004;0.0;0.0;0.0;0.0;0.0;0.0;-1.0;0.0;0.0;0.0;0.0;0.0;0.0;0.0;0.0;0.0;0.0;0.0;0.0;0.0;0.0,1778834138,434742405
3712,1778834138,500453430,gps,0.114,-0.089,-0.005,0.0,0.0,0.0,0.028561000000000003;0.0;0.0;0.0;0.0;0.0;0.0;0.028561000000000003;0.0;0.0;0.0;0.0;0.0;0.0;0.028561000000000003;0.0;0.0;0.0;0.0;0.0;0.0;-1.0;0.0;0.0;0.0;0.0;0.0;0.0;0.0;0.0;0.0;0.0;0.0;0.0;0.0;0.0,1778834138,562623624
3713,1778834138,625453366,gps,0.099,-0.089,-0.011,0.0,0.0,0.0,0.029241000000000003;0.0;0.0;0.0;0.0;0.0;0.0;0.029241000000000003;0.0;0.0;0.0;0.0;0.0;0.0;0.029241000000000003;0.0;0.0;0.0;0.0;0.0;0.0;-1.0;0.0;0.0;0.0;0.0;0.0;0.0;0.0;0.0;0.0;0.0;0.0;0.0;0.0;0.0,1778834138,687885315
3714,1778834138,750453301,gps,0.067,-0.094,0.0,0.0,0.0,0.0,0.031328999999999996;0.0;0.0;0.0;0.0;0.0;0.0;0.031328999999999996;0.0;0.0;0.0;0.0;0.0;0.0;0.031328999999999996;0.0;0.0;0.0;0.0;0.0;0.0;-1.0;0.0;0.0;0.0;0.0;0.0;0.0;0.0;0.0;0.0;0.0;0.0;0.0;0.0;0.0,1778834138,811635418
3715,1778834138,875453236,gps,0.092,-0.048,-0.01,0.0,0.0,0.0,0.027556000000000004;0.0;0.0;0.0;0.0;0.0;0.0;0.027556000000000004;0.0;0.0;0.0;0.0;0.0;0.0;0.027556000000000004;0.0;0.0;0.0;0.0;0.0;0.0;-1.0;0.0;0.0;0.0;0.0;0.0;0.0;0.0;0.0;0.0;0.0;0.0;0.0;0.0;0.0,1778834138,936772839
3716,1778834139,453172,gps,-0.077,0.059000000000000004,0.001,0.0,0.0,0.0,0.028561000000000003;0.0;0.0;0.0;0.0;0.0;0.0;0.028561000000000003;0.0;0.0;0.0;0.0;0.0;0.0;0.028561000000000003;0.0;0.0;0.0;0.0;0.0;0.0;-1.0;0.0;0.0;0.0;0.0;0.0;0.0;0.0;0.0;0.0;0.0;0.0;0.0;0.0;0.0,1778834139,65886937
3717,1778834139,125453108,gps,-0.023,0.011,-0.009000000000000001,0.0,0.0,0.0,0.026569000000000002;0.0;0.0;0.0;0.0;0.0;0.0;0.026569000000000002;0.0;0.0;0.0;0.0;0.0;0.0;0.026569000000000002;0.0;0.0;0.0;0.0;0.0;0.0;-1.0;0.0;0.0;0.0;0.0;0.0;0.0;0.0;0.0;0.0;0.0;0.0;0.0;0.0;0.0,1778834139,186788232
3718,1778834139,250453043,gps,0.065,-0.027,0.011,0.0,0.0,0.0,0.027225000000000003;0.0;0.0;0.0;0.0;0.0;0.0;0.027225000000000003;0.0;0.0;0.0;0.0;0.0;0.0;0.027225000000000003;0.0;0.0;0.0;0.0;0.0;0.0;-1.0;0.0;0.0;0.0;0.0;0.0;0.0;0.0;0.0;0.0;0.0;0.0;0.0;0.0;0.0,1778834139,311806947
3719,1778834139,375452979,gps,0.036000000000000004,-0.008,0.004,0.0,0.0,0.0,0.027556000000000004;0.0;0.0;0.0;0.0;0.0;0.0;0.027556000000000004;0.0;0.0;0.0;0.0;0.0;0.0;0.027556000000000004;0.0;0.0;0.0;0.0;0.0;0.0;-1.0;0.0;0.0;0.0;0.0;0.0;0.0;0.0;0.0;0.0;0.0;0.0;0.0;0.0;0.0,1778834139,437094186
3720,1778834139,500452914,gps,-0.036000000000000004,-0.002,-0.007,0.0,0.0,0.0,0.028561000000000003;0.0;0.0;0.0;0.0;0.0;0.0;0.028561000000000003;0.0;0.0;0.0;0.0;0.0;0.0;0.028561000000000003;0.0;0.0;0.0;0.0;0.0;0.0;-1.0;0.0;0.0;0.0;0.0;0.0;0.0;0.0;0.0;0.0;0.0;0.0;0.0;0.0;0.0,1778834139,560665049
3721,1778834139,625452850,gps,-0.005,0.022,-0.002,0.0,0.0,0.0,0.0361;0.0;0.0;0.0;0.0;0.0;0.0;0.0361;0.0;0.0;0.0;0.0;0.0;0.0;0.0361;0.0;0.0;0.0;0.0;0.0;0.0;-1.0;0.0;0.0;0.0;0.0;0.0;0.0;0.0;0.0;0.0;0.0;0.0;0.0;0.0;0.0,1778834139,685724137
3722,1778834139,750452785,gps,0.037,0.021,-0.015,0.0,0.0,0.0,0.034969;0.0;0.0;0.0;0.0;0.0;0.0;0.034969;0.0;0.0;0.0;0.0;0.0;0.0;0.034969;0.0;0.0;0.0;0.0;0.0;0.0;-1.0;0.0;0.0;0.0;0.0;0.0;0.0;0.0;0.0;0.0;0.0;0.0;0.0;0.0;0.0,1778834139,809744999
3723,1778834139,875452721,gps,0.007,-0.031,-0.022,0.0,0.0,0.0,0.031684;0.0;0.0;0.0;0.0;0.0;0.0;0.031684;0.0;0.0;0.0;0.0;0.0;0.0;0.031684;0.0;0.0;0.0;0.0;0.0;0.0;-1.0;0.0;0.0;0.0;0.0;0.0;0.0;0.0;0.0;0.0;0.0;0.0;0.0;0.0;0.0,1778834139,935311813
3724,1778834140,452656,gps,0.027,0.025,-0.009000000000000001,0.0,0.0,0.0,0.032761;0.0;0.0;0.0;0.0;0.0;0.0;0.032761;0.0;0.0;0.0;0.0;0.0;0.0;0.032761;0.0;0.0;0.0;0.0;0.0;0.0;-1.0;0.0;0.0;0.0;0.0;0.0;0.0;0.0;0.0;0.0;0.0;0.0;0.0;0.0;0.0,1778834140,66585224
3725,1778834140,125452592,gps,-0.029,0.018000000000000002,-0.008,0.0,0.0,0.0,0.027889000000000004;0.0;0.0;0.0;0.0;0.0;0.0;0.027889000000000004;0.0;0.0;0.0;0.0;0.0;0.0;0.027889000000000004;0.0;0.0;0.0;0.0;0.0;0.0;-1.0;0.0;0.0;0.0;0.0;0.0;0.0;0.0;0.0;0.0;0.0;0.0;0.0;0.0;0.0,1778834140,187575941
3726,1778834140,250452527,gps,-0.024,-0.02,-0.016,0.0,0.0,0.0,0.030975999999999997;0.0;0.0;0.0;0.0;0.0;0.0;0.030975999999999997;0.0;0.0;0.0;0.0;0.0;0.0;0.030975999999999997;0.0;0.0;0.0;0.0;0.0;0.0;-1.0;0.0;0.0;0.0;0.0;0.0;0.0;0.0;0.0;0.0;0.0;0.0;0.0;0.0;0.0,1778834140,310120646
3727,1778834140,375452463,gps,0.038,-0.002,-0.008,0.0,0.0,0.0,0.027225000000000003;0.0;0.0;0.0;0.0;0.0;0.0;0.027225000000000003;0.0;0.0;0.0;0.0;0.0;0.0;0.027225000000000003;0.0;0.0;0.0;0.0;0.0;0.0;-1.0;0.0;0.0;0.0;0.0;0.0;0.0;0.0;0.0;0.0;0.0;0.0;0.0;0.0;0.0,1778834140,436829854
3728,1778834140,500452398,gps,-0.002,-0.022,-0.013000000000000001,0.0,0.0,0.0,0.033489;0.0;0.0;0.0;0.0;0.0;0.0;0.033489;0.0;0.0;0.0;0.0;0.0;0.0;0.033489;0.0;0.0;0.0;0.0;0.0;0.0;-1.0;0.0;0.0;0.0;0.0;0.0;0.0;0.0;0.0;0.0;0.0;0.0;0.0;0.0;0.0,1778834140,560621621
3729,1778834140,625452334,gps,0.019,0.037,-0.01,0.0,0.0,0.0,0.035344;0.0;0.0;0.0;0.0;0.0;0.0;0.035344;0.0;0.0;0.0;0.0;0.0;0.0;0.035344;0.0;0.0;0.0;0.0;0.0;0.0;-1.0;0.0;0.0;0.0;0.0;0.0;0.0;0.0;0.0;0.0;0.0;0.0;0.0;0.0;0.0,1778834140,686725980
3730,1778834140,750452269,gps,0.011,0.024,-0.003,0.0,0.0,0.0,0.036481;0.0;0.0;0.0;0.0;0.0;0.0;0.036481;0.0;0.0;0.0;0.0;0.0;0.0;0.036481;0.0;0.0;0.0;0.0;0.0;0.0;-1.0;0.0;0.0;0.0;0.0;0.0;0.0;0.0;0.0;0.0;0.0;0.0;0.0;0.0;0.0,1778834140,810416585
3731,1778834140,875452205,gps,0.006,-0.007,-0.003,0.0,0.0,0.0,0.031684;0.0;0.0;0.0;0.0;0.0;0.0;0.031684;0.0;0.0;0.0;0.0;0.0;0.0;0.031684;0.0;0.0;0.0;0.0;0.0;0.0;-1.0;0.0;0.0;0.0;0.0;0.0;0.0;0.0;0.0;0.0;0.0;0.0;0.0;0.0;0.0,1778834140,937224077
3732,1778834141,452140,gps,0.003,0.008,0.003,0.0,0.0,0.0,0.036481;0.0;0.0;0.0;0.0;0.0;0.0;0.036481;0.0;0.0;0.0;0.0;0.0;0.0;0.036481;0.0;0.0;0.0;0.0;0.0;0.0;-1.0;0.0;0.0;0.0;0.0;0.0;0.0;0.0;0.0;0.0;0.0;0.0;0.0;0.0;0.0,1778834141,65184033
3733,1778834141,125452076,gps,0.023,-0.008,0.006,0.0,0.0,0.0,0.027889000000000004;0.0;0.0;0.0;0.0;0.0;0.0;0.027889000000000004;0.0;0.0;0.0;0.0;0.0;0.0;0.027889000000000004;0.0;0.0;0.0;0.0;0.0;0.0;-1.0;0.0;0.0;0.0;0.0;0.0;0.0;0.0;0.0;0.0;0.0;0.0;0.0;0.0;0.0,1778834141,182374183
3734,1778834141,250452011,gps,-0.007,-0.01,0.001,0.0,0.0,0.0,0.035721;0.0;0.0;0.0;0.0;0.0;0.0;0.035721;0.0;0.0;0.0;0.0;0.0;0.0;0.035721;0.0;0.0;0.0;0.0;0.0;0.0;-1.0;0.0;0.0;0.0;0.0;0.0;0.0;0.0;0.0;0.0;0.0;0.0;0.0;0.0;0.0,1778834141,310789687
3735,1778834141,375451947,gps,-0.021,0.061,0.0,0.0,0.0,0.0,0.033856;0.0;0.0;0.0;0.0;0.0;0.0;0.033856;0.0;0.0;0.0;0.0;0.0;0.0;0.033856;0.0;0.0;0.0;0.0;0.0;0.0;-1.0;0.0;0.0;0.0;0.0;0.0;0.0;0.0;0.0;0.0;0.0;0.0;0.0;0.0;0.0,1778834141,435562152
3736,1778834141,500451882,gps,0.038,-0.045,-0.016,0.0,0.0,0.0,0.030625000000000006;0.0;0.0;0.0;0.0;0.0;0.0;0.030625000000000006;0.0;0.0;0.0;0.0;0.0;0.0;0.030625000000000006;0.0;0.0;0.0;0.0;0.0;0.0;-1.0;0.0;0.0;0.0;0.0;0.0;0.0;0.0;0.0;0.0;0.0;0.0;0.0;0.0;0.0,1778834141,561704649
3737,1778834141,625451818,gps,-0.022,-0.004,-0.002,0.0,0.0,0.0,0.030276000000000004;0.0;0.0;0.0;0.0;0.0;0.0;0.030276000000000004;0.0;0.0;0.0;0.0;0.0;0.0;0.030276000000000004;0.0;0.0;0.0;0.0;0.0;0.0;-1.0;0.0;0.0;0.0;0.0;0.0;0.0;0.0;0.0;0.0;0.0;0.0;0.0;0.0;0.0,1778834141,686650535
3738,1778834141,750451753,gps,0.013000000000000001,-0.022,0.001,0.0,0.0,0.0,0.032041;0.0;0.0;0.0;0.0;0.0;0.0;0.032041;0.0;0.0;0.0;0.0;0.0;0.0;0.032041;0.0;0.0;0.0;0.0;0.0;0.0;-1.0;0.0;0.0;0.0;0.0;0.0;0.0;0.0;0.0;0.0;0.0;0.0;0.0;0.0;0.0,1778834141,810367965
3739,1778834141,875451689,gps,-0.009000000000000001,-0.047,0.006,0.0,0.0,0.0,0.035721;0.0;0.0;0.0;0.0;0.0;0.0;0.035721;0.0;0.0;0.0;0.0;0.0;0.0;0.035721;0.0;0.0;0.0;0.0;0.0;0.0;-1.0;0.0;0.0;0.0;0.0;0.0;0.0;0.0;0.0;0.0;0.0;0.0;0.0;0.0;0.0,1778834141,934675075
3740,1778834142,451624,gps,0.004,0.046,-0.007,0.0,0.0,0.0,0.036864;0.0;0.0;0.0;0.0;0.0;0.0;0.036864;0.0;0.0;0.0;0.0;0.0;0.0;0.036864;0.0;0.0;0.0;0.0;0.0;0.0;-1.0;0.0;0.0;0.0;0.0;0.0;0.0;0.0;0.0;0.0;0.0;0.0;0.0;0.0;0.0,1778834142,60365258
3741,1778834142,125451560,gps,-0.017,0.013000000000000001,-0.011,0.0,0.0,0.0,0.028224000000000003;0.0;0.0;0.0;0.0;0.0;0.0;0.028224000000000003;0.0;0.0;0.0;0.0;0.0;0.0;0.028224000000000003;0.0;0.0;0.0;0.0;0.0;0.0;-1.0;0.0;0.0;0.0;0.0;0.0;0.0;0.0;0.0;0.0;0.0;0.0;0.0;0.0;0.0,1778834142,185093326
3742,1778834142,250451495,gps,0.009000000000000001,0.002,-0.007,0.0,0.0,0.0,0.032041;0.0;0.0;0.0;0.0;0.0;0.0;0.032041;0.0;0.0;0.0;0.0;0.0;0.0;0.032041;0.0;0.0;0.0;0.0;0.0;0.0;-1.0;0.0;0.0;0.0;0.0;0.0;0.0;0.0;0.0;0.0;0.0;0.0;0.0;0.0;0.0,1778834142,310686647
3743,1778834142,375451431,gps,-0.028,-0.042,-0.009000000000000001,0.0,0.0,0.0,0.037636;0.0;0.0;0.0;0.0;0.0;0.0;0.037636;0.0;0.0;0.0;0.0;0.0;0.0;0.037636;0.0;0.0;0.0;0.0;0.0;0.0;-1.0;0.0;0.0;0.0;0.0;0.0;0.0;0.0;0.0;0.0;0.0;0.0;0.0;0.0;0.0,1778834142,436403312
3744,1778834142,500451366,gps,-0.037,0.003,0.002,0.0,0.0,0.0,0.028900000000000006;0.0;0.0;0.0;0.0;0.0;0.0;0.028900000000000006;0.0;0.0;0.0;0.0;0.0;0.0;0.028900000000000006;0.0;0.0;0.0;0.0;0.0;0.0;-1.0;0.0;0.0;0.0;0.0;0.0;0.0;0.0;0.0;0.0;0.0;0.0;0.0;0.0;0.0,1778834142,559549427
3745,1778834142,625451302,gps,0.017,-0.004,0.004,0.0,0.0,0.0,0.028561000000000003;0.0;0.0;0.0;0.0;0.0;0.0;0.028561000000000003;0.0;0.0;0.0;0.0;0.0;0.0;0.028561000000000003;0.0;0.0;0.0;0.0;0.0;0.0;-1.0;0.0;0.0;0.0;0.0;0.0;0.0;0.0;0.0;0.0;0.0;0.0;0.0;0.0;0.0,1778834142,685166944
3746,1778834142,750451237,gps,0.01,0.0,-0.01,0.0,0.0,0.0,0.026244;0.0;0.0;0.0;0.0;0.0;0.0;0.026244;0.0;0.0;0.0;0.0;0.0;0.0;0.026244;0.0;0.0;0.0;0.0;0.0;0.0;-1.0;0.0;0.0;0.0;0.0;0.0;0.0;0.0;0.0;0.0;0.0;0.0;0.0;0.0;0.0,1778834142,808555228
3747,1778834142,875451173,gps,0.021,0.023,-0.006,0.0,0.0,0.0,0.035721;0.0;0.0;0.0;0.0;0.0;0.0;0.035721;0.0;0.0;0.0;0.0;0.0;0.0;0.035721;0.0;0.0;0.0;0.0;0.0;0.0;-1.0;0.0;0.0;0.0;0.0;0.0;0.0;0.0;0.0;0.0;0.0;0.0;0.0;0.0;0.0,1778834142,932484856
3748,1778834143,451108,gps,-0.011,0.012,0.001,0.0,0.0,0.0,0.034225;0.0;0.0;0.0;0.0;0.0;0.0;0.034225;0.0;0.0;0.0;0.0;0.0;0.0;0.034225;0.0;0.0;0.0;0.0;0.0;0.0;-1.0;0.0;0.0;0.0;0.0;0.0;0.0;0.0;0.0;0.0;0.0;0.0;0.0;0.0;0.0,1778834143,65491443
3749,1778834143,125451044,gps,-0.008,0.041,-0.004,0.0,0.0,0.0,0.038025;0.0;0.0;0.0;0.0;0.0;0.0;0.038025;0.0;0.0;0.0;0.0;0.0;0.0;0.038025;0.0;0.0;0.0;0.0;0.0;0.0;-1.0;0.0;0.0;0.0;0.0;0.0;0.0;0.0;0.0;0.0;0.0;0.0;0.0;0.0;0.0,1778834143,186509900
3750,1778834143,250450979,gps,-0.011,-0.042,-0.002,0.0,0.0,0.0,0.04000000000000001;0.0;0.0;0.0;0.0;0.0;0.0;0.04000000000000001;0.0;0.0;0.0;0.0;0.0;0.0;0.04000000000000001;0.0;0.0;0.0;0.0;0.0;0.0;-1.0;0.0;0.0;0.0;0.0;0.0;0.0;0.0;0.0;0.0;0.0;0.0;0.0;0.0;0.0,1778834143,311132848
3751,1778834143,375450915,gps,0.018000000000000002,0.006,-0.003,0.0,0.0,0.0,0.0324;0.0;0.0;0.0;0.0;0.0;0.0;0.0324;0.0;0.0;0.0;0.0;0.0;0.0;0.0324;0.0;0.0;0.0;0.0;0.0;0.0;-1.0;0.0;0.0;0.0;0.0;0.0;0.0;0.0;0.0;0.0;0.0;0.0;0.0;0.0;0.0,1778834143,435477786
3752,1778834143,500450850,gps,-0.03,0.032,-0.003,0.0,0.0,0.0,0.033856;0.0;0.0;0.0;0.0;0.0;0.0;0.033856;0.0;0.0;0.0;0.0;0.0;0.0;0.033856;0.0;0.0;0.0;0.0;0.0;0.0;-1.0;0.0;0.0;0.0;0.0;0.0;0.0;0.0;0.0;0.0;0.0;0.0;0.0;0.0;0.0,1778834143,561195926
3753,1778834143,625450786,gps,-0.002,-0.026000000000000002,-0.006,0.0,0.0,0.0,0.037249000000000004;0.0;0.0;0.0;0.0;0.0;0.0;0.037249000000000004;0.0;0.0;0.0;0.0;0.0;0.0;0.037249000000000004;0.0;0.0;0.0;0.0;0.0;0.0;-1.0;0.0;0.0;0.0;0.0;0.0;0.0;0.0;0.0;0.0;0.0;0.0;0.0;0.0;0.0,1778834143,686548361
3754,1778834143,750450721,gps,-0.006,0.065,0.004,0.0,0.0,0.0,0.037636;0.0;0.0;0.0;0.0;0.0;0.0;0.037636;0.0;0.0;0.0;0.0;0.0;0.0;0.037636;0.0;0.0;0.0;0.0;0.0;0.0;-1.0;0.0;0.0;0.0;0.0;0.0;0.0;0.0;0.0;0.0;0.0;0.0;0.0;0.0;0.0,1778834143,809911890
3755,1778834143,875450657,gps,0.045,0.01,-0.014,0.0,0.0,0.0,0.030276000000000004;0.0;0.0;0.0;0.0;0.0;0.0;0.030276000000000004;0.0;0.0;0.0;0.0;0.0;0.0;0.030276000000000004;0.0;0.0;0.0;0.0;0.0;0.0;-1.0;0.0;0.0;0.0;0.0;0.0;0.0;0.0;0.0;0.0;0.0;0.0;0.0;0.0;0.0,1778834143,936277288
3756,1778834144,450592,gps,-0.033,0.009000000000000001,0.001,0.0,0.0,0.0,0.030276000000000004;0.0;0.0;0.0;0.0;0.0;0.0;0.030276000000000004;0.0;0.0;0.0;0.0;0.0;0.0;0.030276000000000004;0.0;0.0;0.0;0.0;0.0;0.0;-1.0;0.0;0.0;0.0;0.0;0.0;0.0;0.0;0.0;0.0;0.0;0.0;0.0;0.0;0.0,1778834144,65360831
3757,1778834144,125450528,gps,0.003,-0.041,0.0,0.0,0.0,0.0,0.038809;0.0;0.0;0.0;0.0;0.0;0.0;0.038809;0.0;0.0;0.0;0.0;0.0;0.0;0.038809;0.0;0.0;0.0;0.0;0.0;0.0;-1.0;0.0;0.0;0.0;0.0;0.0;0.0;0.0;0.0;0.0;0.0;0.0;0.0;0.0;0.0,1778834144,187199551
3758,1778834144,250450463,gps,-0.014,0.001,0.0,0.0,0.0,0.0,0.028900000000000006;0.0;0.0;0.0;0.0;0.0;0.0;0.028900000000000006;0.0;0.0;0.0;0.0;0.0;0.0;0.028900000000000006;0.0;0.0;0.0;0.0;0.0;0.0;-1.0;0.0;0.0;0.0;0.0;0.0;0.0;0.0;0.0;0.0;0.0;0.0;0.0;0.0;0.0,1778834144,310497167
3759,1778834144,375450399,gps,0.046,-0.01,-0.001,0.0,0.0,0.0,0.028561000000000003;0.0;0.0;0.0;0.0;0.0;0.0;0.028561000000000003;0.0;0.0;0.0;0.0;0.0;0.0;0.028561000000000003;0.0;0.0;0.0;0.0;0.0;0.0;-1.0;0.0;0.0;0.0;0.0;0.0;0.0;0.0;0.0;0.0;0.0;0.0;0.0;0.0;0.0,1778834144,434923225
3760,1778834144,500450334,gps,0.018000000000000002,0.047,-0.011,0.0,0.0,0.0,0.037636;0.0;0.0;0.0;0.0;0.0;0.0;0.037636;0.0;0.0;0.0;0.0;0.0;0.0;0.037636;0.0;0.0;0.0;0.0;0.0;0.0;-1.0;0.0;0.0;0.0;0.0;0.0;0.0;0.0;0.0;0.0;0.0;0.0;0.0;0.0;0.0,1778834144,561146083
3761,1778834144,625450270,gps,-0.026000000000000002,-0.06,0.003,0.0,0.0,0.0,0.039601000000000004;0.0;0.0;0.0;0.0;0.0;0.0;0.039601000000000004;0.0;0.0;0.0;0.0;0.0;0.0;0.039601000000000004;0.0;0.0;0.0;0.0;0.0;0.0;-1.0;0.0;0.0;0.0;0.0;0.0;0.0;0.0;0.0;0.0;0.0;0.0;0.0;0.0;0.0,1778834144,685531768
3762,1778834144,750450205,gps,-0.01,0.04,0.0,0.0,0.0,0.0,0.040401000000000006;0.0;0.0;0.0;0.0;0.0;0.0;0.040401000000000006;0.0;0.0;0.0;0.0;0.0;0.0;0.040401000000000006;0.0;0.0;0.0;0.0;0.0;0.0;-1.0;0.0;0.0;0.0;0.0;0.0;0.0;0.0;0.0;0.0;0.0;0.0;0.0;0.0;0.0,1778834144,808543442
3763,1778834144,875450141,gps,-0.014,0.033,-0.002,0.0,0.0,0.0,0.039601000000000004;0.0;0.0;0.0;0.0;0.0;0.0;0.039601000000000004;0.0;0.0;0.0;0.0;0.0;0.0;0.039601000000000004;0.0;0.0;0.0;0.0;0.0;0.0;-1.0;0.0;0.0;0.0;0.0;0.0;0.0;0.0;0.0;0.0;0.0;0.0;0.0;0.0;0.0,1778834144,935273497
3764,1778834145,450076,gps,0.021,-0.006,0.0,0.0,0.0,0.0,0.028900000000000006;0.0;0.0;0.0;0.0;0.0;0.0;0.028900000000000006;0.0;0.0;0.0;0.0;0.0;0.0;0.028900000000000006;0.0;0.0;0.0;0.0;0.0;0.0;-1.0;0.0;0.0;0.0;0.0;0.0;0.0;0.0;0.0;0.0;0.0;0.0;0.0;0.0;0.0,1778834145,65314230
3765,1778834145,125450012,gps,-0.01,-0.001,0.001,0.0,0.0,0.0,0.030276000000000004;0.0;0.0;0.0;0.0;0.0;0.0;0.030276000000000004;0.0;0.0;0.0;0.0;0.0;0.0;0.030276000000000004;0.0;0.0;0.0;0.0;0.0;0.0;-1.0;0.0;0.0;0.0;0.0;0.0;0.0;0.0;0.0;0.0;0.0;0.0;0.0;0.0;0.0,1778834145,184472112
3766,1778834145,250449947,gps,-0.026000000000000002,-0.022,0.005,0.0,0.0,0.0,0.035344;0.0;0.0;0.0;0.0;0.0;0.0;0.035344;0.0;0.0;0.0;0.0;0.0;0.0;0.035344;0.0;0.0;0.0;0.0;0.0;0.0;-1.0;0.0;0.0;0.0;0.0;0.0;0.0;0.0;0.0;0.0;0.0;0.0;0.0;0.0;0.0,1778834145,309968262
3767,1778834145,375449883,gps,0.055,0.005,0.0,0.0,0.0,0.0,0.028224000000000003;0.0;0.0;0.0;0.0;0.0;0.0;0.028224000000000003;0.0;0.0;0.0;0.0;0.0;0.0;0.028224000000000003;0.0;0.0;0.0;0.0;0.0;0.0;-1.0;0.0;0.0;0.0;0.0;0.0;0.0;0.0;0.0;0.0;0.0;0.0;0.0;0.0;0.0,1778834145,435033673
3768,1778834145,500449818,gps,-0.006,0.017,0.001,0.0,0.0,0.0,0.038025;0.0;0.0;0.0;0.0;0.0;0.0;0.038025;0.0;0.0;0.0;0.0;0.0;0.0;0.038025;0.0;0.0;0.0;0.0;0.0;0.0;-1.0;0.0;0.0;0.0;0.0;0.0;0.0;0.0;0.0;0.0;0.0;0.0;0.0;0.0;0.0,1778834145,558322426
3769,1778834145,625449754,gps,-0.053,-0.012,-0.001,0.0,0.0,0.0,0.027889000000000004;0.0;0.0;0.0;0.0;0.0;0.0;0.027889000000000004;0.0;0.0;0.0;0.0;0.0;0.0;0.027889000000000004;0.0;0.0;0.0;0.0;0.0;0.0;-1.0;0.0;0.0;0.0;0.0;0.0;0.0;0.0;0.0;0.0;0.0;0.0;0.0;0.0;0.0,1778834145,680395374
3770,1778834145,750449689,gps,0.013000000000000001,0.014,0.009000000000000001,0.0,0.0,0.0,0.032761;0.0;0.0;0.0;0.0;0.0;0.0;0.032761;0.0;0.0;0.0;0.0;0.0;0.0;0.032761;0.0;0.0;0.0;0.0;0.0;0.0;-1.0;0.0;0.0;0.0;0.0;0.0;0.0;0.0;0.0;0.0;0.0;0.0;0.0;0.0;0.0,1778834145,808964498
3771,1778834145,875449625,gps,-0.016,0.021,-0.008,0.0,0.0,0.0,0.033489;0.0;0.0;0.0;0.0;0.0;0.0;0.033489;0.0;0.0;0.0;0.0;0.0;0.0;0.033489;0.0;0.0;0.0;0.0;0.0;0.0;-1.0;0.0;0.0;0.0;0.0;0.0;0.0;0.0;0.0;0.0;0.0;0.0;0.0;0.0;0.0,1778834145,933875750
3772,1778834146,449560,gps,0.018000000000000002,0.019,0.002,0.0,0.0,0.0,0.033489;0.0;0.0;0.0;0.0;0.0;0.0;0.033489;0.0;0.0;0.0;0.0;0.0;0.0;0.033489;0.0;0.0;0.0;0.0;0.0;0.0;-1.0;0.0;0.0;0.0;0.0;0.0;0.0;0.0;0.0;0.0;0.0;0.0;0.0;0.0;0.0,1778834146,64354579
3773,1778834146,125449496,gps,0.009000000000000001,-0.007,0.008,0.0,0.0,0.0,0.028224000000000003;0.0;0.0;0.0;0.0;0.0;0.0;0.028224000000000003;0.0;0.0;0.0;0.0;0.0;0.0;0.028224000000000003;0.0;0.0;0.0;0.0;0.0;0.0;-1.0;0.0;0.0;0.0;0.0;0.0;0.0;0.0;0.0;0.0;0.0;0.0;0.0;0.0;0.0,1778834146,187959345
3774,1778834146,250449431,gps,-0.005,0.005,-0.005,0.0,0.0,0.0,0.034596;0.0;0.0;0.0;0.0;0.0;0.0;0.034596;0.0;0.0;0.0;0.0;0.0;0.0;0.034596;0.0;0.0;0.0;0.0;0.0;0.0;-1.0;0.0;0.0;0.0;0.0;0.0;0.0;0.0;0.0;0.0;0.0;0.0;0.0;0.0;0.0,1778834146,311381646
3775,1778834146,375449367,gps,0.009000000000000001,0.04,-0.003,0.0,0.0,0.0,0.038809;0.0;0.0;0.0;0.0;0.0;0.0;0.038809;0.0;0.0;0.0;0.0;0.0;0.0;0.038809;0.0;0.0;0.0;0.0;0.0;0.0;-1.0;0.0;0.0;0.0;0.0;0.0;0.0;0.0;0.0;0.0;0.0;0.0;0.0;0.0;0.0,1778834146,435439965
3776,1778834146,500449302,gps,-0.006,-0.016,0.008,0.0,0.0,0.0,0.034969;0.0;0.0;0.0;0.0;0.0;0.0;0.034969;0.0;0.0;0.0;0.0;0.0;0.0;0.034969;0.0;0.0;0.0;0.0;0.0;0.0;-1.0;0.0;0.0;0.0;0.0;0.0;0.0;0.0;0.0;0.0;0.0;0.0;0.0;0.0;0.0,1778834146,556017325
3777,1778834146,625449238,gps,-0.01,0.042,0.006,0.0,0.0,0.0,0.038025;0.0;0.0;0.0;0.0;0.0;0.0;0.038025;0.0;0.0;0.0;0.0;0.0;0.0;0.038025;0.0;0.0;0.0;0.0;0.0;0.0;-1.0;0.0;0.0;0.0;0.0;0.0;0.0;0.0;0.0;0.0;0.0;0.0;0.0;0.0;0.0,1778834146,685331873
3778,1778834146,750449173,gps,0.002,0.018000000000000002,0.012,0.0,0.0,0.0,0.034225;0.0;0.0;0.0;0.0;0.0;0.0;0.034225;0.0;0.0;0.0;0.0;0.0;0.0;0.034225;0.0;0.0;0.0;0.0;0.0;0.0;-1.0;0.0;0.0;0.0;0.0;0.0;0.0;0.0;0.0;0.0;0.0;0.0;0.0;0.0;0.0,1778834146,811031050
3779,1778834146,875449109,gps,0.017,-0.014,-0.004,0.0,0.0,0.0,0.0324;0.0;0.0;0.0;0.0;0.0;0.0;0.0324;0.0;0.0;0.0;0.0;0.0;0.0;0.0324;0.0;0.0;0.0;0.0;0.0;0.0;-1.0;0.0;0.0;0.0;0.0;0.0;0.0;0.0;0.0;0.0;0.0;0.0;0.0;0.0;0.0,1778834146,936271439
3780,1778834147,449044,gps,-0.005,0.042,-0.001,0.0,0.0,0.0,0.038809;0.0;0.0;0.0;0.0;0.0;0.0;0.038809;0.0;0.0;0.0;0.0;0.0;0.0;0.038809;0.0;0.0;0.0;0.0;0.0;0.0;-1.0;0.0;0.0;0.0;0.0;0.0;0.0;0.0;0.0;0.0;0.0;0.0;0.0;0.0;0.0,1778834147,65407797
3781,1778834147,125448980,gps,-0.002,-0.012,-0.004,0.0,0.0,0.0,0.036864;0.0;0.0;0.0;0.0;0.0;0.0;0.036864;0.0;0.0;0.0;0.0;0.0;0.0;0.036864;0.0;0.0;0.0;0.0;0.0;0.0;-1.0;0.0;0.0;0.0;0.0;0.0;0.0;0.0;0.0;0.0;0.0;0.0;0.0;0.0;0.0,1778834147,186750942
3782,1778834147,250448915,gps,-0.009000000000000001,0.03,0.002,0.0,0.0,0.0,0.038025;0.0;0.0;0.0;0.0;0.0;0.0;0.038025;0.0;0.0;0.0;0.0;0.0;0.0;0.038025;0.0;0.0;0.0;0.0;0.0;0.0;-1.0;0.0;0.0;0.0;0.0;0.0;0.0;0.0;0.0;0.0;0.0;0.0;0.0;0.0;0.0,1778834147,311239189
3783,1778834147,375448851,gps,-0.004,-0.008,-0.01,0.0,0.0,0.0,0.030276000000000004;0.0;0.0;0.0;0.0;0.0;0.0;0.030276000000000004;0.0;0.0;0.0;0.0;0.0;0.0;0.030276000000000004;0.0;0.0;0.0;0.0;0.0;0.0;-1.0;0.0;0.0;0.0;0.0;0.0;0.0;0.0;0.0;0.0;0.0;0.0;0.0;0.0;0.0,1778834147,434414838
3784,1778834147,500448786,gps,0.004,0.007,-0.002,0.0,0.0,0.0,0.036864;0.0;0.0;0.0;0.0;0.0;0.0;0.036864;0.0;0.0;0.0;0.0;0.0;0.0;0.036864;0.0;0.0;0.0;0.0;0.0;0.0;-1.0;0.0;0.0;0.0;0.0;0.0;0.0;0.0;0.0;0.0;0.0;0.0;0.0;0.0;0.0,1778834147,562356495
3785,1778834147,625448722,gps,-0.008,-0.028,0.001,0.0,0.0,0.0,0.038416000000000006;0.0;0.0;0.0;0.0;0.0;0.0;0.038416000000000006;0.0;0.0;0.0;0.0;0.0;0.0;0.038416000000000006;0.0;0.0;0.0;0.0;0.0;0.0;-1.0;0.0;0.0;0.0;0.0;0.0;0.0;0.0;0.0;0.0;0.0;0.0;0.0;0.0;0.0,1778834147,687259661
3786,1778834147,750448657,gps,0.021,0.049,-0.015,0.0,0.0,0.0,0.035344;0.0;0.0;0.0;0.0;0.0;0.0;0.035344;0.0;0.0;0.0;0.0;0.0;0.0;0.035344;0.0;0.0;0.0;0.0;0.0;0.0;-1.0;0.0;0.0;0.0;0.0;0.0;0.0;0.0;0.0;0.0;0.0;0.0;0.0;0.0;0.0,1778834147,811652375
3787,1778834147,875448593,gps,-0.016,0.006,-0.009000000000000001,0.0,0.0,0.0,0.027889000000000004;0.0;0.0;0.0;0.0;0.0;0.0;0.027889000000000004;0.0;0.0;0.0;0.0;0.0;0.0;0.027889000000000004;0.0;0.0;0.0;0.0;0.0;0.0;-1.0;0.0;0.0;0.0;0.0;0.0;0.0;0.0;0.0;0.0;0.0;0.0;0.0;0.0;0.0,1778834147,935848866
3788,1778834148,448528,gps,-0.005,-0.001,-0.006,0.0,0.0,0.0,0.033856;0.0;0.0;0.0;0.0;0.0;0.0;0.033856;0.0;0.0;0.0;0.0;0.0;0.0;0.033856;0.0;0.0;0.0;0.0;0.0;0.0;-1.0;0.0;0.0;0.0;0.0;0.0;0.0;0.0;0.0;0.0;0.0;0.0;0.0;0.0;0.0,1778834148,64829363
3789,1778834148,125448464,gps,-0.033,-0.014,0.005,0.0,0.0,0.0,0.030975999999999997;0.0;0.0;0.0;0.0;0.0;0.0;0.030975999999999997;0.0;0.0;0.0;0.0;0.0;0.0;0.030975999999999997;0.0;0.0;0.0;0.0;0.0;0.0;-1.0;0.0;0.0;0.0;0.0;0.0;0.0;0.0;0.0;0.0;0.0;0.0;0.0;0.0;0.0,1778834148,187303758
3790,1778834148,250448399,gps,0.009000000000000001,0.006,-0.001,0.0,0.0,0.0,0.032041;0.0;0.0;0.0;0.0;0.0;0.0;0.032041;0.0;0.0;0.0;0.0;0.0;0.0;0.032041;0.0;0.0;0.0;0.0;0.0;0.0;-1.0;0.0;0.0;0.0;0.0;0.0;0.0;0.0;0.0;0.0;0.0;0.0;0.0;0.0;0.0,1778834148,312066349
3791,1778834148,375448335,gps,0.033,0.002,-0.01,0.0,0.0,0.0,0.027225000000000003;0.0;0.0;0.0;0.0;0.0;0.0;0.027225000000000003;0.0;0.0;0.0;0.0;0.0;0.0;0.027225000000000003;0.0;0.0;0.0;0.0;0.0;0.0;-1.0;0.0;0.0;0.0;0.0;0.0;0.0;0.0;0.0;0.0;0.0;0.0;0.0;0.0;0.0,1778834148,437219733
3792,1778834148,500448270,gps,0.002,0.025,-0.001,0.0,0.0,0.0,0.039204;0.0;0.0;0.0;0.0;0.0;0.0;0.039204;0.0;0.0;0.0;0.0;0.0;0.0;0.039204;0.0;0.0;0.0;0.0;0.0;0.0;-1.0;0.0;0.0;0.0;0.0;0.0;0.0;0.0;0.0;0.0;0.0;0.0;0.0;0.0;0.0,1778834148,562169113
3793,1778834148,625448206,gps,-0.011,-0.029,-0.018000000000000002,0.0,0.0,0.0,0.033856;0.0;0.0;0.0;0.0;0.0;0.0;0.033856;0.0;0.0;0.0;0.0;0.0;0.0;0.033856;0.0;0.0;0.0;0.0;0.0;0.0;-1.0;0.0;0.0;0.0;0.0;0.0;0.0;0.0;0.0;0.0;0.0;0.0;0.0;0.0;0.0,1778834148,686039399
3794,1778834148,750448141,gps,-0.005,0.05,-0.008,0.0,0.0,0.0,0.038809;0.0;0.0;0.0;0.0;0.0;0.0;0.038809;0.0;0.0;0.0;0.0;0.0;0.0;0.038809;0.0;0.0;0.0;0.0;0.0;0.0;-1.0;0.0;0.0;0.0;0.0;0.0;0.0;0.0;0.0;0.0;0.0;0.0;0.0;0.0;0.0,1778834148,810081406
3795,1778834148,875448077,gps,-0.002,0.023,0.0,0.0,0.0,0.0,0.039204;0.0;0.0;0.0;0.0;0.0;0.0;0.039204;0.0;0.0;0.0;0.0;0.0;0.0;0.039204;0.0;0.0;0.0;0.0;0.0;0.0;-1.0;0.0;0.0;0.0;0.0;0.0;0.0;0.0;0.0;0.0;0.0;0.0;0.0;0.0;0.0,1778834148,935770472
3796,1778834149,448013,gps,0.033,-0.064,-0.003,0.0,0.0,0.0,0.036864;0.0;0.0;0.0;0.0;0.0;0.0;0.036864;0.0;0.0;0.0;0.0;0.0;0.0;0.036864;0.0;0.0;0.0;0.0;0.0;0.0;-1.0;0.0;0.0;0.0;0.0;0.0;0.0;0.0;0.0;0.0;0.0;0.0;0.0;0.0;0.0,1778834149,65258663
3797,1778834149,125447948,gps,-0.021,0.067,-0.01,0.0,0.0,0.0,0.038025;0.0;0.0;0.0;0.0;0.0;0.0;0.038025;0.0;0.0;0.0;0.0;0.0;0.0;0.038025;0.0;0.0;0.0;0.0;0.0;0.0;-1.0;0.0;0.0;0.0;0.0;0.0;0.0;0.0;0.0;0.0;0.0;0.0;0.0;0.0;0.0,1778834149,187187060
3798,1778834149,250447884,gps,0.0,0.011,-0.018000000000000002,0.0,0.0,0.0,0.025921000000000003;0.0;0.0;0.0;0.0;0.0;0.0;0.025921000000000003;0.0;0.0;0.0;0.0;0.0;0.0;0.025921000000000003;0.0;0.0;0.0;0.0;0.0;0.0;-1.0;0.0;0.0;0.0;0.0;0.0;0.0;0.0;0.0;0.0;0.0;0.0;0.0;0.0;0.0,1778834149,309281714
3799,1778834149,375447819,gps,0.006,0.033,-0.005,0.0,0.0,0.0,0.038025;0.0;0.0;0.0;0.0;0.0;0.0;0.038025;0.0;0.0;0.0;0.0;0.0;0.0;0.038025;0.0;0.0;0.0;0.0;0.0;0.0;-1.0;0.0;0.0;0.0;0.0;0.0;0.0;0.0;0.0;0.0;0.0;0.0;0.0;0.0;0.0,1778834149,436166888
3800,1778834149,500447755,gps,-0.009000000000000001,-0.041,0.001,0.0,0.0,0.0,0.038416000000000006;0.0;0.0;0.0;0.0;0.0;0.0;0.038416000000000006;0.0;0.0;0.0;0.0;0.0;0.0;0.038416000000000006;0.0;0.0;0.0;0.0;0.0;0.0;-1.0;0.0;0.0;0.0;0.0;0.0;0.0;0.0;0.0;0.0;0.0;0.0;0.0;0.0;0.0,1778834149,560328421
3801,1778834149,625447690,gps,0.002,0.001,-0.011,0.0,0.0,0.0,0.029241000000000003;0.0;0.0;0.0;0.0;0.0;0.0;0.029241000000000003;0.0;0.0;0.0;0.0;0.0;0.0;0.029241000000000003;0.0;0.0;0.0;0.0;0.0;0.0;-1.0;0.0;0.0;0.0;0.0;0.0;0.0;0.0;0.0;0.0;0.0;0.0;0.0;0.0;0.0,1778834149,684740914
3802,1778834149,750447626,gps,0.027,0.024,-0.016,0.0,0.0,0.0,0.029929000000000004;0.0;0.0;0.0;0.0;0.0;0.0;0.029929000000000004;0.0;0.0;0.0;0.0;0.0;0.0;0.029929000000000004;0.0;0.0;0.0;0.0;0.0;0.0;-1.0;0.0;0.0;0.0;0.0;0.0;0.0;0.0;0.0;0.0;0.0;0.0;0.0;0.0;0.0,1778834149,808234866
3803,1778834149,875447561,gps,-0.011,-0.034,-0.007,0.0,0.0,0.0,0.037249000000000004;0.0;0.0;0.0;0.0;0.0;0.0;0.037249000000000004;0.0;0.0;0.0;0.0;0.0;0.0;0.037249000000000004;0.0;0.0;0.0;0.0;0.0;0.0;-1.0;0.0;0.0;0.0;0.0;0.0;0.0;0.0;0.0;0.0;0.0;0.0;0.0;0.0;0.0,1778834149,934747136
3804,1778834150,447497,gps,-0.043000000000000003,0.013000000000000001,-0.008,0.0,0.0,0.0,0.028900000000000006;0.0;0.0;0.0;0.0;0.0;0.0;0.028900000000000006;0.0;0.0;0.0;0.0;0.0;0.0;0.028900000000000006;0.0;0.0;0.0;0.0;0.0;0.0;-1.0;0.0;0.0;0.0;0.0;0.0;0.0;0.0;0.0;0.0;0.0;0.0;0.0;0.0;0.0,1778834150,63823824
3805,1778834150,125447432,gps,0.04,-0.032,0.007,0.0,0.0,0.0,0.032041;0.0;0.0;0.0;0.0;0.0;0.0;0.032041;0.0;0.0;0.0;0.0;0.0;0.0;0.032041;0.0;0.0;0.0;0.0;0.0;0.0;-1.0;0.0;0.0;0.0;0.0;0.0;0.0;0.0;0.0;0.0;0.0;0.0;0.0;0.0;0.0,1778834150,181643807
3806,1778834150,250447368,gps,0.012,0.012,-0.017,0.0,0.0,0.0,0.026896000000000003;0.0;0.0;0.0;0.0;0.0;0.0;0.026896000000000003;0.0;0.0;0.0;0.0;0.0;0.0;0.026896000000000003;0.0;0.0;0.0;0.0;0.0;0.0;-1.0;0.0;0.0;0.0;0.0;0.0;0.0;0.0;0.0;0.0;0.0;0.0;0.0;0.0;0.0,1778834150,309961331
3807,1778834150,375447303,gps,-0.021,-0.028,-0.004,0.0,0.0,0.0,0.034225;0.0;0.0;0.0;0.0;0.0;0.0;0.034225;0.0;0.0;0.0;0.0;0.0;0.0;0.034225;0.0;0.0;0.0;0.0;0.0;0.0;-1.0;0.0;0.0;0.0;0.0;0.0;0.0;0.0;0.0;0.0;0.0;0.0;0.0;0.0;0.0,1778834150,434295499
3808,1778834150,500447239,gps,0.014,0.04,-0.006,0.0,0.0,0.0,0.036864;0.0;0.0;0.0;0.0;0.0;0.0;0.036864;0.0;0.0;0.0;0.0;0.0;0.0;0.036864;0.0;0.0;0.0;0.0;0.0;0.0;-1.0;0.0;0.0;0.0;0.0;0.0;0.0;0.0;0.0;0.0;0.0;0.0;0.0;0.0;0.0,1778834150,561591236
3809,1778834150,625447174,gps,-0.005,-0.028,-0.013000000000000001,0.0,0.0,0.0,0.0361;0.0;0.0;0.0;0.0;0.0;0.0;0.0361;0.0;0.0;0.0;0.0;0.0;0.0;0.0361;0.0;0.0;0.0;0.0;0.0;0.0;-1.0;0.0;0.0;0.0;0.0;0.0;0.0;0.0;0.0;0.0;0.0;0.0;0.0;0.0;0.0,1778834150,684938962
3810,1778834150,750447110,gps,0.009000000000000001,-0.018000000000000002,0.0,0.0,0.0,0.0,0.036481;0.0;0.0;0.0;0.0;0.0;0.0;0.036481;0.0;0.0;0.0;0.0;0.0;0.0;0.036481;0.0;0.0;0.0;0.0;0.0;0.0;-1.0;0.0;0.0;0.0;0.0;0.0;0.0;0.0;0.0;0.0;0.0;0.0;0.0;0.0;0.0,1778834150,808175543
3811,1778834150,875447045,gps,-0.009000000000000001,0.051000000000000004,0.002,0.0,0.0,0.0,0.038809;0.0;0.0;0.0;0.0;0.0;0.0;0.038809;0.0;0.0;0.0;0.0;0.0;0.0;0.038809;0.0;0.0;0.0;0.0;0.0;0.0;-1.0;0.0;0.0;0.0;0.0;0.0;0.0;0.0;0.0;0.0;0.0;0.0;0.0;0.0;0.0,1778834150,933901030
3812,1778834151,446981,gps,0.032,-0.001,-0.008,0.0,0.0,0.0,0.027556000000000004;0.0;0.0;0.0;0.0;0.0;0.0;0.027556000000000004;0.0;0.0;0.0;0.0;0.0;0.0;0.027556000000000004;0.0;0.0;0.0;0.0;0.0;0.0;-1.0;0.0;0.0;0.0;0.0;0.0;0.0;0.0;0.0;0.0;0.0;0.0;0.0;0.0;0.0,1778834151,59926922
3813,1778834151,125446916,gps,-0.041,-0.014,0.003,0.0,0.0,0.0,0.028561000000000003;0.0;0.0;0.0;0.0;0.0;0.0;0.028561000000000003;0.0;0.0;0.0;0.0;0.0;0.0;0.028561000000000003;0.0;0.0;0.0;0.0;0.0;0.0;-1.0;0.0;0.0;0.0;0.0;0.0;0.0;0.0;0.0;0.0;0.0;0.0;0.0;0.0;0.0,1778834151,184994411
3814,1778834151,250446852,gps,-0.013000000000000001,-0.012,-0.006,0.0,0.0,0.0,0.030975999999999997;0.0;0.0;0.0;0.0;0.0;0.0;0.030975999999999997;0.0;0.0;0.0;0.0;0.0;0.0;0.030975999999999997;0.0;0.0;0.0;0.0;0.0;0.0;-1.0;0.0;0.0;0.0;0.0;0.0;0.0;0.0;0.0;0.0;0.0;0.0;0.0;0.0;0.0,1778834151,310084039
3815,1778834151,375446787,gps,0.004,0.009000000000000001,-0.001,0.0,0.0,0.0,0.037636;0.0;0.0;0.0;0.0;0.0;0.0;0.037636;0.0;0.0;0.0;0.0;0.0;0.0;0.037636;0.0;0.0;0.0;0.0;0.0;0.0;-1.0;0.0;0.0;0.0;0.0;0.0;0.0;0.0;0.0;0.0;0.0;0.0;0.0;0.0;0.0,1778834151,435044212
