iTOW,year,month,day,hour,min,sec,valid,tAcc,nano,fixType,flags,flags2,numSV,lon,lat,height,hMSL,hAcc,vAcc,velN,velE,velD,gSpeed,heading,sAcc,headAcc,pDOP,reserved1.len,headVeh,magDec,magAcc,bag_t.secs,bag_t.nsecs
462851625,2026,5,15,8,33,53,55,24,624507599,3,3,234,28,1274431163,367291448,98023,78098,903,1508,-11,19,-6,22,13686802,166,18000000,119,6,0,0,0,1778834033,690579678
462851750,2026,5,15,8,33,53,55,24,749507535,3,3,234,28,1274431164,367291447,98010,78085,903,1509,-22,10,-4,24,13686802,181,18000000,119,6,0,0,0,1778834033,815660806
462851875,2026,5,15,8,33,53,55,24,874507470,3,3,234,28,1274431163,367291447,98005,78080,903,1509,-11,-25,-5,27,13686802,190,18000000,119,6,0,0,0,1778834033,939472462
462852000,2026,5,15,8,33,54,55,24,-492594,3,3,234,28,1274431164,367291447,98027,78102,903,1510,-28,50,-10,57,13686802,166,18000000,119,6,0,0,0,1778834034,65931289
462852125,2026,5,15,8,33,54,55,24,124507341,3,3,234,28,1274431163,367291447,98026,78101,903,1510,22,-47,-4,52,13686802,165,18000000,119,6,0,0,0,1778834034,190420450
462852250,2026,5,15,8,33,54,55,24,249507276,3,3,234,27,1274431163,367291446,98017,78092,903,1510,-5,-24,0,25,13686802,181,18000000,119,6,0,0,0,1778834034,316071265
462852375,2026,5,15,8,33,54,55,24,374507212,3,3,234,27,1274431163,367291446,98029,78104,903,1511,26,-17,-6,31,13686802,173,18000000,119,6,0,0,0,1778834034,440605017
462852500,2026,5,15,8,33,54,55,24,499507147,3,3,234,27,1274431163,367291444,98032,78107,903,1511,-92,-4,-6,93,13686802,198,10768044,119,6,0,0,0,1778834034,565884895
462852625,2026,5,15,8,33,54,55,24,624507083,3,3,234,27,1274431163,367291444,98043,78118,904,1511,-16,-18,-10,24,13686802,193,18000000,119,6,0,0,0,1778834034,690429250
462852750,2026,5,15,8,33,54,55,24,749507018,3,3,234,28,1274431163,367291445,98043,78118,904,1512,28,-3,-11,28,13686802,186,18000000,119,6,0,0,0,1778834034,815544873
462852875,2026,5,15,8,33,54,55,24,874506954,3,3,234,28,1274431164,367291444,98057,78132,904,1512,-1,11,-16,11,13686802,162,18000000,119,6,0,0,0,1778834034,938098227
462853000,2026,5,15,8,33,55,55,24,-493110,3,3,234,28,1274431163,367291444,98026,78101,904,1513,-12,-44,6,45,13686802,186,18000000,119,6,0,0,0,1778834035,71082375
462853125,2026,5,15,8,33,55,55,24,124506824,3,3,234,28,1274431164,367291444,98041,78116,904,1513,42,35,-2,55,13686802,204,17516982,119,6,0,0,0,1778834035,191796916
462853250,2026,5,15,8,33,55,55,24,249506760,3,3,234,27,1274431164,367291444,98042,78118,904,1513,-5,8,4,10,13686802,168,18000000,119,6,0,0,0,1778834035,317136566
462853375,2026,5,15,8,33,55,55,24,374506695,3,3,234,27,1274431163,367291444,98067,78142,905,1514,1,-56,-7,56,13686802,175,18000000,119,6,0,0,0,1778834035,440597977
462853500,2026,5,15,8,33,55,55,24,499506631,3,3,234,27,1274431164,367291443,98044,78119,905,1514,-23,59,1,63,13686802,167,18000000,119,6,0,0,0,1778834035,566631220
462853625,2026,5,15,8,33,55,55,24,624506566,3,3,234,28,1274431164,367291443,98060,78135,905,1515,-18,4,-13,19,13686802,181,18000000,119,6,0,0,0,1778834035,692036812
462853750,2026,5,15,8,33,55,55,24,749506502,3,3,234,28,1274431164,367291443,98057,78132,905,1515,17,-14,-8,22,13686802,168,18000000,119,6,0,0,0,1778834035,815441227
462853875,2026,5,15,8,33,55,55,24,874506437,3,3,234,27,1274431164,367291442,98042,78117,905,1516,-30,5,11,31,13686802,187,18000000,119,6,0,0,0,1778834035,939024279
462854000,2026,5,15,8,33,56,55,24,-493626,3,3,234,27,1274431164,367291443,98050,78125,906,1517,16,26,11,30,13686802,206,18000000,119,6,0,0,0,1778834036,69742747
462854125,2026,5,15,8,33,56,55,24,124506308,3,3,234,27,1274431164,367291441,98055,78130,906,1518,-42,-32,13,52,13686802,213,18000000,119,6,0,0,0,1778834036,190548264
462854250,2026,5,15,8,33,56,55,24,249506243,3,3,234,27,1274431164,367291441,98063,78138,907,1518,-27,-12,4,30,13686802,213,18000000,119,6,0,0,0,1778834036,315701456
462854375,2026,5,15,8,33,56,55,24,374506179,3,3,234,28,1274431163,367291441,98046,78121,907,1519,-14,-23,18,27,13686802,192,18000000,119,6,0,0,0,1778834036,439743995
462854500,2026,5,15,8,33,56,55,24,499506114,3,3,234,28,1274431164,367291442,98039,78114,907,1520,59,29,22,65,13686802,215,14885456,119,6,0,0,0,1778834036,565133963
462854625,2026,5,15,8,33,56,55,24,624506050,3,3,234,27,1274431164,367291441,98056,78131,908,1521,-7,7,7,10,13686802,165,18000000,119,6,0,0,0,1778834036,690870302
462854750,2026,5,15,8,33,56,55,24,749505985,3,3,234,28,1274431163,367291440,98058,78133,908,1522,-31,-14,7,34,13686802,214,18000000,119,6,0,0,0,1778834036,812945802
462854875,2026,5,15,8,33,56,55,24,874505921,3,3,234,28,1274431163,367291441,98058,78133,909,1523,36,-14,12,39,13686802,188,18000000,119,6,0,0,0,1778834036,939640889
462855000,2026,5,15,8,33,57,55,24,-494143,3,3,234,28,1274431163,367291440,98053,78128,909,1523,-20,-2,17,20,13686802,185,18000000,119,6,0,0,0,1778834037,68415255
462855125,2026,5,15,8,33,57,55,24,124505791,3,3,234,27,1274431163,367291440,98048,78123,909,1524,-15,3,18,15,13686802,172,18000000,119,6,0,0,0,1778834037,189971169
462855250,2026,5,15,8,33,57,55,24,249505727,3,3,234,27,1274431163,367291440,98059,78134,910,1525,23,-37,7,44,13686802,169,18000000,119,6,0,0,0,1778834037,316022773
462855375,2026,5,15,8,33,57,55,24,374505662,3,3,234,28,1274431163,367291439,98065,78140,910,1525,-19,4,1,19,13686802,194,18000000,119,6,0,0,0,1778834037,439641970
462855500,2026,5,15,8,33,57,55,24,499505598,3,3,234,27,1274431163,367291438,98052,78127,911,1526,-48,10,16,49,13686802,189,18000000,119,6,0,0,0,1778834037,564798204
462855625,2026,5,15,8,33,57,55,24,624505533,3,3,234,28,1274431163,367291439,98045,78120,911,1527,22,-8,20,24,13686802,180,18000000,119,6,0,0,0,1778834037,686130656
462855750,2026,5,15,8,33,57,55,24,749505469,3,3,234,28,1274431163,367291439,98046,78121,912,1527,7,-9,13,11,13686802,166,18000000,119,6,0,0,0,1778834037,813996236
462855875,2026,5,15,8,33,57,55,24,874505404,3,3,234,28,1274431162,367291439,98053,78128,912,1528,31,-22,11,38,13686802,177,18000000,119,6,0,0,0,1778834037,940516002
462856000,2026,5,15,8,33,58,55,24,-494659,3,3,234,28,1274431162,367291439,98036,78111,912,1529,2,1,19,3,13686802,177,18000000,119,6,0,0,0,1778834038,70841478
462856125,2026,5,15,8,33,58,55,24,124505275,3,3,234,28,1274431163,367291438,98044,78119,913,1529,0,24,10,24,13686802,183,18000000,119,6,0,0,0,1778834038,190798565
462856250,2026,5,15,8,33,58,55,24,249505210,3,3,234,28,1274431163,367291438,98047,78122,913,1530,-2,30,12,30,13686802,180,18000000,119,6,0,0,0,1778834038,315534061
462856375,2026,5,15,8,33,58,55,24,374505146,3,3,234,28,1274431163,367291438,98042,78117,913,1530,33,19,14,38,13686802,213,18000000,119,6,0,0,0,1778834038,439505080
462856500,2026,5,15,8,33,58,55,24,499505081,3,3,234,28,1274431163,367291438,98039,78114,914,1531,-5,-19,9,20,13686802,188,18000000,119,6,0,0,0,1778834038,560651117
462856625,2026,5,15,8,33,58,55,24,624505017,3,3,234,28,1274431163,367291438,98051,78126,914,1532,9,-13,0,16,13686802,169,18000000,119,6,0,0,0,1778834038,690111827
462856750,2026,5,15,8,33,58,55,24,749504952,3,3,234,28,1274431163,367291437,98058,78133,914,1533,-28,11,2,31,13686802,186,18000000,119,6,0,0,0,1778834038,815135045
462856875,2026,5,15,8,33,58,55,24,874504888,3,3,234,28,1274431163,367291437,98049,78124,915,1533,3,13,14,13,13686802,181,18000000,119,6,0,0,0,1778834038,939934778
462857000,2026,5,15,8,33,59,55,24,-495176,3,3,234,28,1274431162,367291437,98052,78127,915,1534,5,-33,6,34,13686802,180,18000000,119,6,0,0,0,1778834039,69871937
462857125,2026,5,15,8,33,59,55,24,124504759,3,3,234,28,1274431163,367291437,98047,78122,915,1535,-11,51,12,52,13686802,177,18000000,119,6,0,0,0,1778834039,189724931
462857250,2026,5,15,8,33,59,55,24,249504694,3,3,234,28,1274431162,367291437,98053,78128,916,1535,28,-18,13,33,13686802,178,18000000,119,6,0,0,0,1778834039,315448967
462857375,2026,5,15,8,33,59,55,24,374504629,3,3,234,28,1274431163,367291437,98049,78124,916,1536,7,18,13,20,13686802,196,18000000,119,6,0,0,0,1778834039,438068498
462857500,2026,5,15,8,33,59,55,24,499504565,3,3,234,28,1274431162,367291437,98063,78139,917,1537,-1,-19,3,19,13686802,189,18000000,119,6,0,0,0,1778834039,564612972
462857625,2026,5,15,8,33,59,55,24,624504500,3,3,234,27,1274431162,367291437,98055,78130,917,1537,7,-19,10,20,13686802,171,18000000,119,6,0,0,0,1778834039,689983054
462857750,2026,5,15,8,33,59,55,24,749504436,3,3,234,27,1274431162,367291436,98048,78123,917,1538,-42,12,17,44,13686802,185,18000000,119,6,0,0,0,1778834039,813997849
462857875,2026,5,15,8,33,59,55,24,874504371,3,3,234,27,1274431162,367291436,98064,78139,918,1539,11,-1,9,11,13686802,190,18000000,119,6,0,0,0,1778834039,938446444
462858000,2026,5,15,8,34,0,55,24,-495692,3,3,234,28,1274431161,367291436,98053,78128,918,1539,5,-17,10,17,13686802,168,18000000,119,6,0,0,0,1778834040,68477385
462858125,2026,5,15,8,34,0,55,24,124504242,3,3,234,28,1274431162,367291436,98067,78142,918,1540,28,9,6,30,13686802,212,18000000,119,6,0,0,0,1778834040,189775659
462858250,2026,5,15,8,34,0,55,24,249504178,3,3,234,28,1274431161,367291435,98084,78159,918,1541,-50,16,2,53,13686802,189,18000000,119,6,0,0,0,1778834040,315604581
462858375,2026,5,15,8,34,0,55,24,374504113,3,3,234,28,1274431161,367291435,98066,78141,919,1541,-18,-17,19,25,13686802,191,18000000,119,6,0,0,0,1778834040,440279626
462858500,2026,5,15,8,34,0,55,24,499504048,3,3,234,27,1274431161,367291435,98086,78161,919,1542,22,14,6,26,13686802,216,18000000,119,6,0,0,0,1778834040,565734303
462858625,2026,5,15,8,34,0,55,24,624503984,3,3,234,28,1274431161,367291435,98081,78156,919,1542,26,7,8,27,13686802,210,18000000,119,6,0,0,0,1778834040,689884246
462858750,2026,5,15,8,34,0,55,24,749503919,3,3,234,27,1274431161,367291435,98093,78168,920,1543,-9,-7,9,11,13686802,192,18000000,119,6,0,0,0,1778834040,815235640
462858875,2026,5,15,8,34,0,55,24,874503855,3,3,234,27,1274431161,367291434,98103,78178,920,1543,-11,36,9,38,13686802,172,18000000,119,6,0,0,0,1778834040,940069074
462859000,2026,5,15,8,34,1,55,24,-496209,3,3,234,27,1274431160,367291434,98112,78187,920,1543,11,-46,0,48,13686802,171,18000000,119,6,0,0,0,1778834041,70457864
462859125,2026,5,15,8,34,1,55,24,124503726,3,3,234,27,1274431160,367291435,98097,78172,920,1543,33,6,10,34,13686802,195,18000000,119,6,0,0,0,1778834041,190321192
462859250,2026,5,15,8,34,1,55,24,249503661,3,3,234,27,1274431160,367291434,98113,78188,920,1543,-18,-2,3,18,13686802,196,18000000,119,6,0,0,0,1778834041,313003640
462859375,2026,5,15,8,34,1,55,24,374503597,3,3,234,27,1274431160,367291434,98119,78194,920,1543,9,18,5,20,13686802,188,18000000,119,6,0,0,0,1778834041,439818130
462859500,2026,5,15,8,34,1,55,24,499503532,3,3,234,28,1274431160,367291434,98118,78193,920,1543,-5,5,7,7,13686802,174,18000000,119,6,0,0,0,1778834041,564723622
462859625,2026,5,15,8,34,1,55,24,624503467,3,3,234,28,1274431160,367291433,98131,78206,920,1543,-18,12,3,22,13686802,176,18000000,119,6,0,0,0,1778834041,689629179
462859750,2026,5,15,8,34,1,55,24,749503403,3,3,234,28,1274431160,367291433,98101,78176,920,1542,1,3,19,3,13686802,163,18000000,119,6,0,0,0,1778834041,814093813
462859875,2026,5,15,8,34,1,55,24,874503338,3,3,234,27,1274431160,367291433,98120,78195,920,1542,16,4,4,16,13686802,195,18000000,119,6,0,0,0,1778834041,939072813
462860000,2026,5,15,8,34,2,55,24,-496725,3,3,234,27,1274431160,367291433,98122,78197,920,1542,6,-4,14,7,13686802,165,18000000,119,6,0,0,0,1778834042,69024501
462860125,2026,5,15,8,34,2,55,24,124503209,3,3,234,28,1274431160,367291433,98143,78218,920,1542,13,43,8,45,13686802,182,18000000,119,6,0,0,0,1778834042,185958040
462860250,2026,5,15,8,34,2,55,24,249503145,3,3,234,28,1274431160,367291433,98144,78219,920,1542,21,-7,7,22,13686802,182,18000000,119,6,0,0,0,1778834042,315011178
462860375,2026,5,15,8,34,2,55,24,374503080,3,3,234,28,1274431160,367291433,98152,78227,920,1542,5,-4,10,6,13686802,170,18000000,119,6,0,0,0,1778834042,438810167
462860500,2026,5,15,8,34,2,55,24,499503015,3,3,234,27,1274431160,367291432,98164,78240,920,1542,5,15,2,16,13686802,184,18000000,119,6,0,0,0,1778834042,564453744
462860625,2026,5,15,8,34,2,55,24,624502951,3,3,234,27,1274431159,367291432,98166,78241,920,1542,8,-17,3,19,13686802,167,18000000,119,6,0,0,0,1778834042,689811437
462860750,2026,5,15,8,34,2,55,24,749502886,3,3,234,27,1274431159,367291432,98153,78228,920,1542,21,-8,13,23,13686802,175,18000000,119,6,0,0,0,1778834042,814875979
462860875,2026,5,15,8,34,2,55,24,874502822,3,3,234,28,1274431159,367291432,98177,78252,920,1541,5,1,-4,5,13686802,190,18000000,119,6,0,0,0,1778834042,940029558
462861000,2026,5,15,8,34,3,55,24,-497242,3,3,234,27,1274431159,367291432,98170,78245,920,1541,27,12,2,29,13686802,198,18000000,119,6,0,0,0,1778834043,66068833
462861125,2026,5,15,8,34,3,55,24,124502693,3,3,234,27,1274431158,367291432,98191,78266,920,1541,9,-24,-8,26,13686802,164,18000000,119,6,0,0,0,1778834043,190242357
462861250,2026,5,15,8,34,3,55,24,249502628,3,3,234,27,1274431158,367291432,98191,78266,920,1541,-1,-26,-4,26,13686802,175,18000000,119,6,0,0,0,1778834043,317243808
462861375,2026,5,15,8,34,3,55,24,374502563,3,3,234,27,1274431158,367291432,98182,78257,920,1541,-17,29,7,33,13686802,165,18000000,119,6,0,0,0,1778834043,440421991
462861500,2026,5,15,8,34,3,55,24,499502499,3,3,234,27,1274431158,367291431,98198,78273,920,1541,-2,-10,-7,10,13686802,168,18000000,119,6,0,0,0,1778834043,564963946
462861625,2026,5,15,8,34,3,55,24,624502434,3,3,234,28,1274431158,367291431,98191,78267,920,1540,-10,20,0,22,13686802,167,18000000,119,6,0,0,0,1778834043,689830530
462861750,2026,5,15,8,34,3,55,24,749502370,3,3,234,27,1274431157,367291431,98186,78261,920,1540,-12,-21,7,24,13686802,189,18000000,119,6,0,0,0,1778834043,814877826
462861875,2026,5,15,8,34,3,55,24,874502305,3,3,234,28,1274431159,367291430,98200,78275,920,1540,-72,78,5,106,13686802,169,10747550,119,6,0,0,0,1778834043,937919554
462862000,2026,5,15,8,34,4,55,24,-497758,3,3,234,28,1274431160,367291428,98187,78262,920,1540,-103,116,15,155,13686802,167,7298007,119,6,0,0,0,1778834044,70469819
462862125,2026,5,15,8,34,4,55,24,124502176,3,3,234,27,1274431163,367291425,98190,78265,920,1539,-199,197,11,281,13530808,169,4026288,119,6,0,0,0,1778834044,191135058
462862250,2026,5,15,8,34,4,55,24,249502112,3,3,234,27,1274431167,367291420,98195,78270,920,1539,-344,258,9,430,14309006,172,2590344,119,6,0,0,0,1778834044,316818217
462862375,2026,5,15,8,34,4,55,24,374502047,3,3,234,27,1274431173,367291416,98201,78276,920,1539,-360,367,9,514,13450354,168,2221801,119,6,0,0,0,1778834044,439127071
462862500,2026,5,15,8,34,4,55,24,499501982,3,3,234,27,1274431177,367291411,98174,78249,920,1539,-396,360,22,535,13775632,169,2120373,119,6,0,0,0,1778834044,564441517
462862625,2026,5,15,8,34,4,55,24,624501918,3,3,234,28,1274431182,367291407,98185,78260,920,1539,-377,326,16,498,13909418,170,2264695,108,6,0,0,0,1778834044,690402004
462862750,2026,5,15,8,34,4,55,24,749501853,3,3,234,28,1274431187,367291403,98204,78280,920,1538,-395,346,2,525,13876814,169,2151632,108,6,0,0,0,1778834044,814970943
462862875,2026,5,15,8,34,4,55,24,874501789,3,3,234,28,1274431191,367291400,98200,78275,920,1538,-311,320,15,446,13415734,168,2548093,108,6,0,0,0,1778834044,939800742
462863000,2026,5,15,8,34,5,55,24,-498275,3,3,234,28,1274431194,367291396,98196,78271,920,1538,-313,254,22,403,14089872,171,2793162,108,6,0,0,0,1778834045,68957319
462863125,2026,5,15,8,34,5,55,24,124501660,3,3,234,28,1274431199,367291393,98205,78280,920,1538,-313,309,23,440,13534636,169,2587818,108,6,0,0,0,1778834045,189510791
462863250,2026,5,15,8,34,5,55,24,249501595,3,3,234,28,1274431202,367291389,98227,78302,920,1537,-299,257,7,395,13934082,171,2860510,108,6,0,0,0,1778834045,315944370
462863375,2026,5,15,8,34,5,55,24,374501530,3,3,234,28,1274431205,367291387,98219,78294,920,1537,-229,203,13,306,13849456,170,3692497,108,6,0,0,0,1778834045,438549786
462863500,2026,5,15,8,34,5,55,24,499501466,3,3,234,28,1274431208,367291384,98202,78277,920,1537,-271,244,24,365,13790692,170,3123670,108,6,0,0,0,1778834045,563849865
462863625,2026,5,15,8,34,5,55,24,624501401,3,3,234,28,1274431212,367291380,98206,78281,920,1537,-332,271,22,429,14077916,171,2633383,108,6,0,0,0,1778834045,689146388
462863750,2026,5,15,8,34,5,55,24,749501337,3,3,234,28,1274431217,367291376,98223,78298,920,1537,-318,321,13,452,13471130,170,2527774,108,6,0,0,0,1778834045,812095201
462863875,2026,5,15,8,34,5,55,24,874501272,3,3,234,28,1274431223,367291371,98223,78298,920,1537,-434,412,18,599,13648596,170,1903925,108,6,0,0,0,1778834045,938889163
462864000,2026,5,15,8,34,6,55,24,-498791,3,3,234,28,1274431230,367291365,98220,78295,920,1536,-495,470,22,683,13648142,170,1661435,108,6,0,0,0,1778834046,68934494
462864125,2026,5,15,8,34,6,55,24,124501143,3,3,234,28,1274431238,367291358,98213,78288,920,1536,-617,528,27,812,13945646,171,1389911,108,6,0,0,0,1778834046,188956800
462864250,2026,5,15,8,34,6,55,24,249501078,3,3,234,28,1274431246,367291351,98235,78310,920,1536,-615,603,8,861,13557282,170,1324001,108,6,0,0,0,1778834046,315646317
462864375,2026,5,15,8,34,6,55,24,374501014,3,3,234,28,1274431256,367291343,98222,78297,920,1536,-671,669,24,948,13507212,170,1197866,108,6,0,0,0,1778834046,439055048
462864500,2026,5,15,8,34,6,55,24,499500949,3,3,234,28,1274431264,367291336,98212,78287,920,1536,-684,602,33,911,13866990,171,1240862,108,6,0,0,0,1778834046,564018309
462864625,2026,5,15,8,34,6,55,24,624500885,3,3,234,28,1274431274,367291328,98217,78292,920,1535,-702,677,27,975,13606668,170,1163089,108,6,0,0,0,1778834046,685664698
462864750,2026,5,15,8,34,6,55,24,749500820,3,3,234,28,1274431283,367291319,98220,78295,920,1535,-760,695,27,1029,13755760,169,1093044,108,6,0,0,0,1778834046,813516011
462864875,2026,5,15,8,34,6,55,24,874500755,3,3,234,28,1274431294,367291310,98215,78290,920,1535,-814,772,34,1122,13653880,169,991020,108,6,0,0,0,1778834046,938583630
462865000,2026,5,15,8,34,7,55,24,-499308,3,3,234,28,1274431306,367291300,98207,78282,920,1535,-865,836,48,1203,13599714,168,927126,108,6,0,0,0,1778834047,69638332
462865125,2026,5,15,8,34,7,55,24,124500626,3,3,234,28,1274431319,367291288,98208,78283,920,1534,-973,901,45,1326,13720850,169,840183,108,6,0,0,0,1778834047,190110858
462865250,2026,5,15,8,34,7,55,24,249500562,3,3,234,28,1274431332,367291276,98193,78268,920,1534,-1023,934,50,1385,13761244,169,806500,108,6,0,0,0,1778834047,316822399
462865375,2026,5,15,8,34,7,55,24,374500497,3,3,234,28,1274431346,367291264,98196,78271,920,1534,-1107,993,43,1487,13808876,169,753376,108,6,0,0,0,1778834047,439968037
462865500,2026,5,15,8,34,7,55,24,499500433,3,3,234,28,1274431361,367291251,98195,78270,920,1534,-1140,1092,47,1578,13622114,168,711490,108,6,0,0,0,1778834047,560811007
462865625,2026,5,15,8,34,7,55,24,624500368,3,3,234,28,1274431376,367291238,98176,78251,920,1534,-1154,1086,58,1585,13675052,169,710405,108,6,0,0,0,1778834047,690077504
462865750,2026,5,15,8,34,7,55,24,749500303,3,3,234,28,1274431393,367291224,98154,78229,920,1534,-1215,1151,62,1674,13656010,168,675744,108,6,0,0,0,1778834047,815226877
462865875,2026,5,15,8,34,7,55,24,874500239,3,3,234,28,1274431408,367291209,98172,78247,920,1534,-1262,1108,52,1679,13869956,169,673833,108,6,0,0,0,1778834047,939766944
462866000,2026,5,15,8,34,8,55,24,-499825,3,3,234,28,1274431423,367291196,98180,78255,920,1534,-1217,1109,45,1646,13764604,169,685190,108,6,0,0,0,1778834048,70027393
462866125,2026,5,15,8,34,8,55,24,124500110,3,3,234,27,1274431440,367291183,98154,78229,920,1534,-1162,1192,63,1664,13428014,167,678485,119,6,0,0,0,1778834048,190182190
462866250,2026,5,15,8,34,8,55,24,249500045,3,3,234,27,1274431454,367291168,98175,78250,920,1534,-1235,1066,38,1632,13919830,169,689730,119,6,0,0,0,1778834048,315162982
462866374,2026,5,15,8,34,8,55,24,374499981,3,3,234,27,1274431470,367291155,98139,78214,920,1534,-1229,1136,51,1674,13725232,168,674314,119,6,0,0,0,1778834048,437976712
462866499,2026,5,15,8,34,8,55,24,499499916,3,3,234,27,1274431487,367291140,98154,78229,920,1534,-1258,1175,41,1721,13694264,169,653980,119,6,0,0,0,1778834048,566971898
462866624,2026,5,15,8,34,8,55,24,624499851,3,3,234,27,1274431504,367291126,98130,78205,920,1534,-1261,1237,58,1767,13556966,168,639785,119,6,0,0,0,1778834048,690423817
462866749,2026,5,15,8,34,8,55,24,749499787,3,3,234,27,1274431521,367291110,98126,78201,920,1534,-1386,1252,51,1868,13791904,169,606604,119,6,0,0,0,1778834048,814877628
462866874,2026,5,15,8,34,8,55,24,874499722,3,3,234,27,1274431539,367291095,98109,78183,920,1534,-1343,1247,54,1832,13712928,169,614168,119,6,0,0,0,1778834048,938654125
462866999,2026,5,15,8,34,9,55,24,-500341,3,3,234,27,1274431554,367291081,98111,78186,920,1534,-1279,1127,49,1705,13861202,170,660200,119,6,0,0,0,1778834049,68802404
462867124,2026,5,15,8,34,9,55,24,124499593,3,3,234,27,1274431570,367291067,98098,78173,920,1535,-1227,1150,54,1681,13685784,170,707923,119,6,0,0,0,1778834049,189627582
462867249,2026,5,15,8,34,9,55,24,249499528,3,3,234,27,1274431584,367291054,98101,78176,920,1535,-1163,1085,41,1591,13697520,171,758033,119,6,0,0,0,1778834049,315831133
462867375,2026,5,15,8,34,9,55,24,375499463,3,3,234,27,1274431599,367291042,98090,78164,923,1537,-1077,1042,44,1499,13593106,244,1109871,119,6,0,0,0,1778834049,441752365
462867500,2026,5,15,8,34,9,55,24,500499399,3,3,234,27,1274431613,367291031,98076,78151,926,1539,-1042,1035,46,1468,13519368,274,1180773,119,6,0,0,0,1778834049,565072206
462867625,2026,5,15,8,34,9,55,24,625499334,3,3,234,27,1274431627,367291019,98052,78127,926,1540,-1021,994,55,1425,13575910,177,895895,119,6,0,0,0,1778834049,690828222
462867750,2026,5,15,8,34,9,55,24,750499270,3,3,234,27,1274431641,367291007,98053,78128,926,1540,-1054,1027,55,1472,13574316,170,826322,119,6,0,0,0,1778834049,815314947
462867875,2026,5,15,8,34,9,55,24,875499205,3,3,234,27,1274431656,367290995,98047,78122,926,1541,-1086,1087,59,1537,13499720,169,784254,119,6,0,0,0,1778834049,940497189
462868000,2026,5,15,8,34,10,55,24,499140,3,3,234,27,1274431671,367290983,98016,78091,926,1541,-1100,1087,68,1546,13534414,170,778836,119,6,0,0,0,1778834050,70751917
462868125,2026,5,15,8,34,10,55,24,125499076,3,3,234,27,1274431688,367290969,97995,78070,926,1542,-1170,1187,71,1667,13457934,169,722839,119,6,0,0,0,1778834050,192147542
462868250,2026,5,15,8,34,10,55,24,250499011,3,3,234,28,1274431706,367290955,97996,78071,927,1542,-1262,1260,52,1783,13503378,169,674739,108,6,0,0,0,1778834050,314188934
462868375,2026,5,15,8,34,10,55,24,375498947,3,3,234,28,1274431725,367290938,98002,78077,927,1542,-1381,1329,46,1917,13610000,169,594782,108,6,0,0,0,1778834050,440465987
462868500,2026,5,15,8,34,10,55,24,500498882,3,3,234,28,1274431744,367290921,97982,78057,927,1542,-1474,1394,63,2029,13659334,169,555288,108,6,0,0,0,1778834050,565890173
462868625,2026,5,15,8,34,10,55,24,625498817,3,3,234,28,1274431764,367290905,97988,78063,926,1542,-1447,1403,52,2016,13588428,171,559751,108,6,0,0,0,1778834050,691900960
462868750,2026,5,15,8,34,10,55,24,750498753,3,3,234,28,1274431785,367290888,97981,78056,926,1542,-1511,1492,50,2124,13536116,169,532955,108,6,0,0,0,1778834050,815192969
462868875,2026,5,15,8,34,10,55,24,875498688,3,3,234,28,1274431807,367290870,97949,78024,926,1542,-1538,1560,73,2191,13460874,169,520946,108,6,0,0,0,1778834050,940755098
462869000,2026,5,15,8,34,11,55,24,498624,3,3,234,28,1274431829,367290853,97946,78021,927,1543,-1549,1570,71,2205,13460384,169,545231,108,6,0,0,0,1778834051,70331446
462869125,2026,5,15,8,34,11,55,24,125498559,3,3,234,28,1274431852,367290834,97942,78017,927,1543,-1624,1659,62,2322,13438736,169,520787,108,6,0,0,0,1778834051,188091178
462869250,2026,5,15,8,34,11,55,24,250498495,3,3,234,28,1274431874,367290815,97923,77998,927,1544,-1663,1587,69,2299,13634134,169,529830,108,6,0,0,0,1778834051,315652053
462869375,2026,5,15,8,34,11,55,24,375498430,3,3,234,28,1274431897,367290797,97891,77966,927,1544,-1656,1632,84,2325,13540352,168,524807,108,6,0,0,0,1778834051,440366542
462869500,2026,5,15,8,34,11,55,24,500498365,3,3,234,28,1274431918,367290779,97894,77969,927,1545,-1601,1588,82,2255,13522880,168,541826,108,6,0,0,0,1778834051,566831930
462869625,2026,5,15,8,34,11,55,24,625498301,3,3,234,28,1274431941,367290761,97883,77958,927,1545,-1573,1613,76,2253,13427226,168,540980,108,6,0,0,0,1778834051,692667721
462869750,2026,5,15,8,34,11,55,24,750498236,3,3,234,28,1274431962,367290743,97862,77937,927,1546,-1614,1531,80,2224,13651872,168,543380,108,6,0,0,0,1778834051,815192395
462869875,2026,5,15,8,34,11,55,24,875498172,3,3,234,28,1274431983,367290724,97860,77934,928,1546,-1648,1522,77,2243,13727046,169,544585,108,6,0,0,0,1778834051,940295202
462870000,2026,5,15,8,34,12,55,24,498107,3,3,234,28,1274432005,367290706,97841,77916,928,1547,-1630,1568,79,2261,13610280,170,541338,108,6,0,0,0,1778834052,66099749
462870125,2026,5,15,8,34,12,55,24,125498042,3,3,234,28,1274432028,367290689,97824,77898,928,1548,-1538,1600,74,2219,13388210,168,548262,108,6,0,0,0,1778834052,191857549
462870250,2026,5,15,8,34,12,55,24,250497978,3,3,234,28,1274432048,367290671,97811,77886,928,1548,-1586,1504,75,2186,13651584,169,558227,108,6,0,0,0,1778834052,316722270
462870375,2026,5,15,8,34,12,55,24,375497913,3,3,234,28,1274432071,367290653,97825,77900,928,1549,-1606,1618,64,2280,13479412,169,533470,108,6,0,0,0,1778834052,441999861
462870500,2026,5,15,8,34,12,55,24,500497849,3,3,234,28,1274432095,367290635,97814,77889,928,1549,-1562,1698,70,2308,13261234,168,530223,108,6,0,0,0,1778834052,566129672
462870625,2026,5,15,8,34,12,55,24,625497784,3,3,234,28,1274432120,367290617,97809,77884,929,1550,-1622,1757,69,2391,13270160,167,512259,108,6,0,0,0,1778834052,690905840
462870750,2026,5,15,8,34,12,55,24,750497719,3,3,234,28,1274432144,367290599,97784,77859,929,1550,-1596,1733,75,2356,13264414,167,519563,108,6,0,0,0,1778834052,815179834
462870875,2026,5,15,8,34,12,55,24,875497655,3,3,234,28,1274432170,367290580,97752,77827,929,1551,-1663,1799,85,2450,13274830,167,496603,108,6,0,0,0,1778834052,938719195
462871000,2026,5,15,8,34,13,55,24,497590,3,3,234,28,1274432195,367290563,97760,77835,929,1551,-1612,1815,74,2427,13161698,167,496895,108,6,0,0,0,1778834053,70205116
462871125,2026,5,15,8,34,13,55,24,125497526,3,3,234,28,1274432219,367290544,97762,77837,929,1552,-1650,1761,70,2413,13313608,167,497232,108,6,0,0,0,1778834053,192541772
462871250,2026,5,15,8,34,13,55,24,250497461,3,3,234,28,1274432244,367290526,97731,77806,929,1553,-1619,1769,85,2398,13245832,167,498930,108,6,0,0,0,1778834053,317356817
462871375,2026,5,15,8,34,13,55,24,375497397,3,3,234,28,1274432268,367290507,97750,77825,929,1553,-1681,1751,65,2427,13383754,167,493203,108,6,0,0,0,1778834053,440711501
462871500,2026,5,15,8,34,13,55,24,500497332,3,3,234,28,1274432294,367290489,97734,77809,929,1554,-1623,1795,74,2420,13211680,167,515654,108,6,0,0,0,1778834053,565155707
462871625,2026,5,15,8,34,13,55,24,625497267,3,3,234,28,1274432318,367290471,97728,77803,930,1554,-1587,1747,71,2360,13226286,169,544984,108,6,0,0,0,1778834053,690751183
462871750,2026,5,15,8,34,13,55,24,750497203,3,3,234,28,1274432343,367290453,97710,77785,930,1555,-1637,1781,76,2419,13258488,169,530211,108,6,0,0,0,1778834053,814079162
462871875,2026,5,15,8,34,13,55,24,875497138,3,3,234,27,1274432367,367290433,97697,77772,930,1555,-1699,1768,82,2452,13385178,169,520876,119,6,0,0,0,1778834053,939693934
462872000,2026,5,15,8,34,14,55,24,497074,3,3,234,27,1274432391,367290414,97697,77772,931,1556,-1694,1741,74,2430,13421244,170,526849,119,6,0,0,0,1778834054,69715925
462872125,2026,5,15,8,34,14,55,24,125497009,3,3,234,27,1274432416,367290395,97677,77752,931,1557,-1702,1744,73,2437,13430270,170,523418,119,6,0,0,0,1778834054,191846664
462872250,2026,5,15,8,34,14,55,24,250496944,3,3,234,27,1274432440,367290378,97674,77749,931,1557,-1591,1747,66,2363,13231918,169,540508,119,6,0,0,0,1778834054,317704501
462872375,2026,5,15,8,34,14,55,24,375496880,3,3,234,27,1274432463,367290361,97669,77744,931,1558,-1535,1680,66,2276,13242550,169,547897,119,6,0,0,0,1778834054,440992278
462872500,2026,5,15,8,34,14,55,24,500496815,3,3,234,27,1274432485,367290346,97672,77747,932,1558,-1358,1574,52,2079,13078658,169,603958,119,6,0,0,0,1778834054,567694066
462872625,2026,5,15,8,34,14,55,24,625496751,3,3,234,27,1274432505,367290334,97665,77740,932,1559,-1195,1468,48,1893,12914306,168,657696,119,6,0,0,0,1778834054,693391228
462872750,2026,5,15,8,34,14,55,24,750496686,3,3,234,27,1274432524,367290325,97663,77738,932,1559,-912,1381,49,1655,12344590,166,712162,119,6,0,0,0,1778834054,814671792
462872875,2026,5,15,8,34,14,55,24,875496622,3,3,234,27,1274432542,367290316,97666,77741,932,1560,-790,1289,42,1512,12149338,166,778049,119,6,0,0,0,1778834054,941998795
462873000,2026,5,15,8,34,15,55,24,496557,3,3,234,27,1274432558,367290311,97648,77723,932,1560,-608,1169,49,1317,11747898,165,894538,119,6,0,0,0,1778834055,70947322
462873125,2026,5,15,8,34,15,55,24,125496493,3,3,234,27,1274432571,367290304,97643,77717,932,1560,-565,1031,52,1175,11871038,168,1039165,119,6,0,0,0,1778834055,193057640
462873250,2026,5,15,8,34,15,55,24,250496428,3,3,234,27,1274432587,367290300,97616,77691,932,1561,-442,1086,61,1173,11213402,173,1031775,119,6,0,0,0,1778834055,318101279
462873375,2026,5,15,8,34,15,55,24,375496363,3,3,234,27,1274432600,367290294,97646,77721,932,1561,-478,1013,34,1120,11523668,174,1050404,119,6,0,0,0,1778834055,443252044
462873500,2026,5,15,8,34,15,55,24,500496299,3,3,234,27,1274432615,367290289,97610,77685,932,1561,-480,1030,52,1136,11498458,173,979746,119,6,0,0,0,1778834055,567853275
462873625,2026,5,15,8,34,15,55,24,625496234,3,3,234,27,1274432631,367290285,97610,77685,932,1561,-410,1122,52,1194,11008956,170,923896,119,6,0,0,0,1778834055,690332551
462873750,2026,5,15,8,34,15,55,24,750496170,3,3,234,27,1274432647,367290279,97629,77704,932,1561,-454,1170,40,1255,11121818,169,870108,119,6,0,0,0,1778834055,818247789
462873875,2026,5,15,8,34,15,55,24,875496105,3,3,234,27,1274432665,367290273,97620,77695,931,1561,-509,1268,37,1366,11186212,169,796324,119,6,0,0,0,1778834055,942513320
462874000,2026,5,15,8,34,16,55,24,496040,3,3,234,27,1274432685,367290267,97622,77697,931,1560,-544,1370,28,1474,11166502,165,736126,119,6,0,0,0,1778834056,73010123
462874125,2026,5,15,8,34,16,55,24,125495976,3,3,234,27,1274432706,367290261,97585,77659,931,1560,-557,1503,46,1603,11033452,165,674724,119,6,0,0,0,1778834056,193398022
462874250,2026,5,15,8,34,16,55,24,250495911,3,3,234,27,1274432729,367290253,97589,77664,931,1559,-651,1616,41,1742,11193170,166,621281,119,6,0,0,0,1778834056,318054351
462874375,2026,5,15,8,34,16,55,24,375495847,3,3,234,27,1274432756,367290245,97572,77647,931,1559,-697,1829,50,1957,11085494,168,562386,119,6,0,0,0,1778834056,440880468
462874500,2026,5,15,8,34,16,55,24,500495782,3,3,234,27,1274432783,367290237,97557,77631,930,1559,-733,1895,48,2031,11113710,169,543544,119,6,0,0,0,1778834056,561905645
462874625,2026,5,15,8,34,16,55,24,625495718,3,3,234,27,1274432811,367290228,97572,77647,930,1558,-765,1978,44,2121,11113734,166,507402,119,6,0,0,0,1778834056,691670204
462874750,2026,5,15,8,34,16,55,24,750495653,3,3,234,27,1274432839,367290218,97566,77641,930,1558,-824,2051,46,2210,11189190,166,483955,119,6,0,0,0,1778834056,816545904
462874875,2026,5,15,8,34,16,55,24,875495589,3,3,234,27,1274432867,367290209,97539,77613,930,1557,-806,2022,55,2176,11173800,165,486617,119,6,0,0,0,1778834056,941339715
462875000,2026,5,15,8,34,17,55,24,495524,3,3,234,27,1274432897,367290199,97539,77613,929,1557,-859,2100,49,2269,11225402,168,475885,119,6,0,0,0,1778834057,71852185
462875125,2026,5,15,8,34,17,55,24,125495459,3,3,234,27,1274432928,367290189,97521,77595,929,1556,-855,2207,55,2367,11117770,164,442315,119,6,0,0,0,1778834057,192475223
462875250,2026,5,15,8,34,17,55,24,250495395,3,3,234,27,1274432959,367290179,97529,77604,929,1556,-863,2202,47,2365,11139682,165,440573,119,6,0,0,0,1778834057,317868348
462875375,2026,5,15,8,34,17,55,24,375495330,3,3,234,27,1274432989,367290169,97511,77586,928,1555,-894,2185,53,2361,11225958,164,439778,119,6,0,0,0,1778834057,439816499
462875500,2026,5,15,8,34,17,55,24,500495266,3,3,234,27,1274433020,367290157,97498,77573,928,1555,-984,2177,59,2389,11432014,171,450018,119,6,0,0,0,1778834057,567571124
462875625,2026,5,15,8,34,17,55,24,625495201,3,3,234,27,1274433050,367290146,97495,77570,928,1554,-978,2173,59,2383,11422608,173,453974,119,6,0,0,0,1778834057,693277025
462875750,2026,5,15,8,34,17,55,24,750495136,3,3,234,27,1274433081,367290134,97468,77543,928,1554,-1057,2213,65,2453,11553258,170,430175,119,6,0,0,0,1778834057,816673846
462875875,2026,5,15,8,34,17,55,24,875495072,3,3,234,27,1274433113,367290121,97472,77547,927,1554,-1100,2267,50,2520,11588802,168,418626,119,6,0,0,0,1778834057,941074324
462876000,2026,5,15,8,34,18,55,24,495007,3,3,234,27,1274433144,367290109,97463,77538,927,1553,-1119,2242,48,2506,11652770,168,420943,119,6,0,0,0,1778834058,71531227
462876125,2026,5,15,8,34,18,55,24,125494943,3,3,234,27,1274433177,367290096,97437,77512,927,1553,-1154,2330,63,2600,11635252,173,434882,119,6,0,0,0,1778834058,191774615
462876250,2026,5,15,8,34,18,55,24,250494878,3,3,234,27,1274433211,367290082,97424,77499,927,1553,-1160,2416,66,2680,11565582,171,425199,119,6,0,0,0,1778834058,317762088
462876375,2026,5,15,8,34,18,55,24,375494814,3,3,234,27,1274433244,367290068,97399,77474,927,1553,-1238,2396,76,2697,11731426,165,405837,119,6,0,0,0,1778834058,442434306
462876500,2026,5,15,8,34,18,55,24,500494749,3,3,234,27,1274433278,367290054,97401,77476,926,1553,-1237,2436,69,2732,11692486,165,400412,119,6,0,0,0,1778834058,567409286
462876625,2026,5,15,8,34,18,55,24,625494684,3,3,234,27,1274433313,367290039,97384,77458,926,1553,-1264,2471,81,2775,11708694,165,393497,119,6,0,0,0,1778834058,691504387
462876750,2026,5,15,8,34,18,55,24,750494620,3,3,234,27,1274433347,367290024,97371,77446,926,1553,-1308,2449,76,2777,11809802,165,393391,119,6,0,0,0,1778834058,815541763
462876875,2026,5,15,8,34,18,55,24,875494555,3,3,234,27,1274433378,367290008,97349,77424,926,1553,-1369,2285,82,2664,12092858,166,412193,119,6,0,0,0,1778834058,940964426
462877000,2026,5,15,8,34,19,55,24,494491,3,3,234,27,1274433406,367289993,97350,77424,925,1553,-1384,2104,79,2518,12332874,165,436279,119,6,0,0,0,1778834059,72257819
462877125,2026,5,15,8,34,19,55,24,125494426,3,3,234,27,1274433429,367289976,97324,77399,925,1553,-1441,1798,90,2304,12870706,167,466715,119,6,0,0,0,1778834059,193043576
462877250,2026,5,15,8,34,19,55,24,250494361,3,3,234,27,1274433450,367289960,97325,77399,925,1553,-1397,1587,71,2114,13136600,168,524980,119,6,0,0,0,1778834059,315020022
462877375,2026,5,15,8,34,19,55,24,375494297,3,3,234,27,1274433468,367289945,97286,77360,925,1553,-1331,1340,81,1889,13481996,169,585792,119,6,0,0,0,1778834059,441660754
462877500,2026,5,15,8,34,19,55,24,500494232,3,3,234,27,1274433484,367289931,97312,77387,925,1553,-1294,1226,62,1782,13654786,169,634140,119,6,0,0,0,1778834059,565791227
462877625,2026,5,15,8,34,19,55,24,625494168,3,3,234,27,1274433498,367289915,97266,77341,925,1554,-1361,1087,86,1742,14140214,170,640933,119,6,0,0,0,1778834059,691174991
462877750,2026,5,15,8,34,19,55,24,750494103,3,3,234,27,1274433514,367289901,97277,77352,925,1554,-1270,1113,59,1688,13875796,168,662193,119,6,0,0,0,1778834059,815394991
462877875,2026,5,15,8,34,19,55,24,875494038,3,3,234,27,1274433528,367289886,97263,77337,925,1554,-1297,1031,66,1657,14153778,168,676856,119,6,0,0,0,1778834059,941577040
462878000,2026,5,15,8,34,20,55,24,493974,3,3,234,27,1274433543,367289870,97264,77338,925,1555,-1333,1054,65,1699,14167886,169,668370,119,6,0,0,0,1778834060,69910232
462878125,2026,5,15,8,34,20,55,24,125493909,3,3,234,27,1274433560,367289855,97247,77321,925,1555,-1366,1170,67,1798,13942522,170,654027,119,6,0,0,0,1778834060,188267158
462878250,2026,5,15,8,34,20,55,24,250493845,3,3,234,27,1274433577,367289839,97228,77303,925,1556,-1409,1206,71,1854,13943748,171,637714,119,6,0,0,0,1778834060,315680533
462878375,2026,5,15,8,34,20,55,24,375493780,3,3,234,27,1274433596,367289822,97239,77314,925,1556,-1485,1337,59,1998,13800864,170,583195,119,6,0,0,0,1778834060,439854593
462878500,2026,5,15,8,34,20,55,24,500493716,3,3,234,27,1274433619,367289806,97239,77314,925,1557,-1415,1534,55,2087,13268484,171,559621,119,6,0,0,0,1778834060,565650753
462878625,2026,5,15,8,34,20,55,24,625493651,3,3,234,27,1274433643,367289792,97202,77276,925,1558,-1330,1708,78,2165,12790048,172,532340,119,6,0,0,0,1778834060,691454890
462878750,2026,5,15,8,34,20,55,24,750493586,3,3,234,27,1274433671,367289777,97238,77312,925,1558,-1329,1880,55,2303,12526212,172,490662,119,6,0,0,0,1778834060,815388430
462878875,2026,5,15,8,34,20,55,24,875493522,3,3,234,27,1274433700,367289762,97200,77274,925,1559,-1351,2055,79,2460,12331610,172,462838,119,6,0,0,0,1778834060,940941249
462879000,2026,5,15,8,34,21,55,24,493457,3,3,234,27,1274433732,367289746,97191,77266,925,1560,-1383,2193,78,2593,12223440,172,437772,119,6,0,0,0,1778834061,65693279
462879125,2026,5,15,8,34,21,55,24,125493393,3,3,234,27,1274433765,367289731,97177,77251,925,1561,-1410,2338,93,2730,12108906,172,417492,119,6,0,0,0,1778834061,191209509
462879250,2026,5,15,8,34,21,55,24,250493328,3,3,234,27,1274433799,367289714,97183,77257,925,1561,-1470,2380,81,2797,12169832,172,420294,119,6,0,0,0,1778834061,316513835
462879375,2026,5,15,8,34,21,55,24,375493263,3,3,234,27,1274433832,367289695,97158,77232,925,1562,-1581,2391,86,2866,12347290,176,413686,119,6,0,0,0,1778834061,441244750
462879500,2026,5,15,8,34,21,55,24,500493199,3,3,234,27,1274433866,367289679,97164,77239,926,1563,-1524,2439,75,2875,12199752,176,414380,119,6,0,0,0,1778834061,565512050
462879625,2026,5,15,8,34,21,55,24,625493134,3,3,234,27,1274433896,367289662,97141,77215,926,1564,-1454,2207,88,2643,12338044,175,468123,119,6,0,0,0,1778834061,690126884
462879750,2026,5,15,8,34,21,55,24,750493069,3,3,234,27,1274433923,367289647,97148,77222,926,1565,-1406,2019,83,2461,12484368,175,505111,119,6,0,0,0,1778834061,813301463
462879875,2026,5,15,8,34,21,55,24,875493005,3,3,234,27,1274433947,367289631,97168,77243,926,1566,-1387,1796,60,2269,12769290,170,548647,119,6,0,0,0,1778834061,937667793
462880000,2026,5,15,8,34,22,55,24,492940,3,3,234,27,1274433970,367289616,97117,77191,926,1567,-1349,1677,80,2153,12881404,169,578141,119,6,0,0,0,1778834062,70217074
462880125,2026,5,15,8,34,22,55,24,125492876,3,3,234,27,1274433991,367289602,97104,77179,927,1568,-1279,1554,83,2012,12944382,170,621283,119,6,0,0,0,1778834062,191414370
462880250,2026,5,15,8,34,22,55,24,250492811,3,3,234,27,1274434011,367289588,97124,77198,927,1569,-1241,1472,74,1926,13013446,170,648454,119,6,0,0,0,1778834062,315574557
462880375,2026,5,15,8,34,22,55,24,375492746,3,3,234,27,1274434030,367289575,97104,77178,927,1569,-1177,1397,83,1827,13011200,169,683294,119,6,0,0,0,1778834062,439356675
462880500,2026,5,15,8,34,22,55,24,500492682,3,3,234,27,1274434049,367289562,97114,77188,927,1571,-1183,1379,74,1817,13062108,171,690073,119,6,0,0,0,1778834062,564144026
462880625,2026,5,15,8,34,22,55,24,625492617,3,3,234,27,1274434067,367289549,97091,77165,928,1572,-1167,1320,82,1762,13148356,171,715933,119,6,0,0,0,1778834062,690119883
462880750,2026,5,15,8,34,22,55,24,750492553,3,3,234,27,1274434088,367289536,97077,77152,928,1573,-1181,1422,84,1849,12971350,171,686542,119,6,0,0,0,1778834062,814520950
462880875,2026,5,15,8,34,22,55,24,875492488,3,3,234,27,1274434107,367289522,97078,77152,928,1574,-1230,1386,70,1853,13159918,171,687259,119,6,0,0,0,1778834062,940405628
462881000,2026,5,15,8,34,23,55,24,492423,3,3,234,27,1274434128,367289507,97065,77139,929,1575,-1298,1454,78,1949,13175780,171,653249,119,6,0,0,0,1778834063,69608708
462881125,2026,5,15,8,34,23,55,24,125492359,3,3,234,27,1274434151,367289491,97067,77141,929,1576,-1387,1605,75,2121,13081928,171,598937,119,6,0,0,0,1778834063,189821196
462881250,2026,5,15,8,34,23,55,24,250492294,3,3,234,27,1274434175,367289475,97027,77102,929,1577,-1469,1705,96,2251,13073676,173,588537,119,6,0,0,0,1778834063,316004760
462881375,2026,5,15,8,34,23,55,24,375492230,3,3,234,27,1274434200,367289456,97009,77083,930,1579,-1606,1771,102,2391,13219606,172,553575,119,6,0,0,0,1778834063,441544730
462881500,2026,5,15,8,34,23,55,24,500492165,3,3,234,27,1274434227,367289438,96990,77064,930,1580,-1647,1888,111,2506,13110482,172,525382,119,6,0,0,0,1778834063,566605242
462881625,2026,5,15,8,34,23,55,24,625492101,3,3,234,27,1274434256,367289417,96972,77046,931,1581,-1791,1979,110,2669,13214648,172,499885,119,6,0,0,0,1778834063,691835916
462881750,2026,5,15,8,34,23,55,24,750492036,3,3,234,27,1274434285,367289395,96959,77033,931,1582,-1883,2079,104,2805,13217482,171,473800,119,6,0,0,0,1778834063,813436956
462881875,2026,5,15,8,34,23,55,24,875491971,3,3,234,27,1274434317,367289371,96943,77017,932,1583,-2080,2236,101,3054,13293084,172,437882,119,6,0,0,0,1778834063,940621325
462882000,2026,5,15,8,34,24,55,24,491907,3,3,234,27,1274434351,367289346,96907,76981,932,1584,-2184,2365,119,3219,13273238,173,417508,119,6,0,0,0,1778834064,70821803
462882125,2026,5,15,8,34,24,55,24,125491842,3,3,234,27,1274434386,367289321,96903,76977,933,1585,-2230,2470,116,3328,13207526,172,404058,119,6,0,0,0,1778834064,191888380
462882250,2026,5,15,8,34,24,55,24,250491778,3,3,234,27,1274434422,367289293,96850,76924,934,1586,-2414,2528,132,3495,13368232,171,383131,119,6,0,0,0,1778834064,317155947
462882375,2026,5,15,8,34,24,55,24,375491713,3,3,234,27,1274434457,367289264,96836,76910,934,1588,-2530,2542,125,3586,13485498,171,379912,119,6,0,0,0,1778834064,442084796
462882500,2026,5,15,8,34,24,55,24,500491648,3,3,234,27,1274434494,367289235,96832,76906,935,1589,-2530,2610,126,3635,13411044,173,375676,119,6,0,0,0,1778834064,566692740
462882625,2026,5,15,8,34,24,55,24,625491584,3,3,234,27,1274434529,367289206,96806,76880,935,1590,-2587,2553,135,3635,13538862,172,371428,119,6,0,0,0,1778834064,687369382
462882750,2026,5,15,8,34,24,55,24,750491519,3,3,234,27,1274434564,367289178,96786,76861,936,1591,-2525,2526,132,3572,13498214,172,380551,119,6,0,0,0,1778834064,815240300
462882875,2026,5,15,8,34,24,55,24,875491455,3,3,234,27,1274434597,367289148,96786,76861,937,1592,-2564,2424,120,3528,13660446,172,385638,119,6,0,0,0,1778834064,941049380
462883000,2026,5,15,8,34,25,55,24,491390,3,3,234,27,1274434629,367289121,96777,76852,937,1594,-2469,2316,122,3385,13682612,174,405769,119,6,0,0,0,1778834065,71555915
462883125,2026,5,15,8,34,25,55,24,125491325,3,3,234,27,1274434662,367289093,96774,76848,938,1595,-2450,2336,113,3386,13636204,173,401257,119,6,0,0,0,1778834065,191700172
462883250,2026,5,15,8,34,25,55,24,250491261,3,3,234,27,1274434694,367289065,96777,76852,939,1596,-2480,2334,102,3406,13674216,173,399387,119,6,0,0,0,1778834065,316336222
462883375,2026,5,15,8,34,25,55,24,375491196,3,3,234,27,1274434725,367289038,96765,76840,939,1597,-2405,2234,112,3283,13711084,172,416029,119,6,0,0,0,1778834065,439831087
462883500,2026,5,15,8,34,25,55,24,500491132,3,3,234,27,1274434755,367289012,96741,76815,940,1598,-2329,2165,110,3180,13708600,172,430231,119,6,0,0,0,1778834065,560396979
462883625,2026,5,15,8,34,25,55,24,625491067,3,3,234,27,1274434781,367288987,96752,76826,941,1599,-2214,1971,93,2964,13831854,172,457354,119,6,0,0,0,1778834065,689897978
462883750,2026,5,15,8,34,25,55,24,750491002,3,3,234,27,1274434808,367288966,96754,76828,941,1600,-1985,1891,82,2741,13639230,172,495330,119,6,0,0,0,1778834065,815093908
462883875,2026,5,15,8,34,25,55,24,875490938,3,3,234,27,1274434834,367288947,96748,76822,942,1601,-1761,1854,85,2557,13353878,172,530375,119,6,0,0,0,1778834065,940161918
462884000,2026,5,15,8,34,26,55,24,490873,3,3,234,27,1274434858,367288929,96736,76810,942,1602,-1654,1736,85,2398,13362324,171,565491,119,6,0,0,0,1778834066,69962931
462884125,2026,5,15,8,34,26,55,24,125490808,3,3,234,27,1274434879,367288910,96734,76808,943,1603,-1644,1598,79,2293,13581166,172,595311,119,6,0,0,0,1778834066,190743328
462884250,2026,5,15,8,34,26,55,24,250490744,3,3,234,27,1274434901,367288895,96736,76810,944,1604,-1456,1591,72,2156,13247362,171,641431,119,6,0,0,0,1778834066,316203746
462884375,2026,5,15,8,34,26,55,24,375490679,3,3,234,27,1274434922,367288879,96711,76786,944,1605,-1424,1516,74,2080,13321264,171,662668,119,6,0,0,0,1778834066,438334372
462884500,2026,5,15,8,34,26,55,24,500490615,3,3,234,27,1274434943,367288862,96704,76779,945,1606,-1499,1531,79,2143,13439770,172,637831,119,6,0,0,0,1778834066,564336954
462884625,2026,5,15,8,34,26,55,24,625490550,3,3,234,27,1274434965,367288845,96721,76795,946,1607,-1493,1567,66,2164,13360948,172,633176,119,6,0,0,0,1778834066,690338864
462884750,2026,5,15,8,34,26,55,24,750490485,3,3,234,27,1274434987,367288828,96685,76759,946,1608,-1483,1548,86,2144,13377794,171,639423,119,6,0,0,0,1778834066,814101564
462884875,2026,5,15,8,34,26,55,24,875490421,3,3,234,27,1274435010,367288810,96688,76762,947,1609,-1543,1632,74,2246,13338826,173,615131,119,6,0,0,0,1778834066,939374815
462885000,2026,5,15,8,34,27,55,24,490356,3,3,234,27,1274435034,367288791,96687,76761,948,1610,-1663,1732,78,2401,13382518,172,578427,119,6,0,0,0,1778834067,69420348
462885125,2026,5,15,8,34,27,55,24,125490292,3,3,234,27,1274435060,367288771,96670,76744,948,1611,-1768,1805,83,2526,13440202,173,560953,119,6,0,0,0,1778834067,189585236
462885250,2026,5,15,8,34,27,55,24,250490227,3,3,234,27,1274435086,367288750,96656,76730,949,1612,-1780,1860,83,2574,13374916,172,553552,119,6,0,0,0,1778834067,315020277
462885375,2026,5,15,8,34,27,55,24,375490162,3,3,234,27,1274435115,367288729,96637,76711,950,1614,-1908,1993,86,2759,13375850,171,505474,119,6,0,0,0,1778834067,440054879
462885500,2026,5,15,8,34,27,55,24,500490098,3,3,234,27,1274435145,367288705,96638,76712,951,1615,-2018,2139,86,2940,13333186,171,473614,119,6,0,0,0,1778834067,563993927
462885625,2026,5,15,8,34,27,55,24,625490033,3,3,234,27,1274435176,367288681,96636,76710,951,1616,-2114,2213,86,3060,13368428,172,453514,119,6,0,0,0,1778834067,689428084
462885750,2026,5,15,8,34,27,55,24,750489969,3,3,234,27,1274435209,367288656,96602,76676,952,1616,-2161,2292,98,3150,13331274,173,446866,119,6,0,0,0,1778834067,812299784
462885875,2026,5,15,8,34,27,55,24,875489904,3,3,234,27,1274435240,367288632,96592,76666,953,1617,-2161,2242,97,3114,13393770,174,454103,119,6,0,0,0,1778834067,939262150
462886000,2026,5,15,8,34,28,55,24,489839,3,3,234,27,1274435274,367288607,96566,76640,954,1618,-2240,2387,101,3274,13318420,174,431072,119,6,0,0,0,1778834068,68943009
462886125,2026,5,15,8,34,28,55,24,125489775,3,3,234,27,1274435308,367288581,96543,76617,954,1620,-2265,2394,101,3296,13341854,174,428824,119,6,0,0,0,1778834068,189889271
462886250,2026,5,15,8,34,28,55,24,250489710,3,3,234,27,1274435340,367288555,96536,76610,955,1621,-2279,2351,101,3274,13411536,172,433178,119,6,0,0,0,1778834068,311793580
462886375,2026,5,15,8,34,28,55,24,375489646,3,3,234,27,1274435372,367288531,96499,76573,956,1622,-2183,2317,118,3183,13329156,173,455620,119,6,0,0,0,1778834068,439144169
462886500,2026,5,15,8,34,28,55,24,500489581,3,3,234,27,1274435403,367288508,96480,76554,957,1623,-2101,2217,116,3054,13346568,173,476068,119,6,0,0,0,1778834068,564570368
462886625,2026,5,15,8,34,28,55,24,625489516,3,3,234,27,1274435433,367288486,96469,76543,958,1624,-2029,2178,114,2977,13297852,173,479694,119,6,0,0,0,1778834068,690209278
462886750,2026,5,15,8,34,28,55,24,750489452,3,3,234,27,1274435462,367288464,96461,76535,958,1624,-1967,2091,112,2871,13324950,173,498925,119,6,0,0,0,1778834068,813849714
462886875,2026,5,15,8,34,28,55,24,875489387,3,3,234,27,1274435493,367288442,96444,76518,959,1626,-1978,2197,117,2956,13199096,175,490884,119,6,0,0,0,1778834068,939987153
462887000,2026,5,15,8,34,29,55,24,489323,3,3,234,27,1274435522,367288419,96444,76518,960,1627,-1996,2117,108,2910,13331760,175,499783,119,6,0,0,0,1778834069,69094774
462887125,2026,5,15,8,34,29,55,24,125489258,3,3,234,27,1274435549,367288395,96411,76485,961,1628,-2061,2015,116,2882,13564286,176,508259,119,6,0,0,0,1778834069,187011929
462887250,2026,5,15,8,34,29,55,24,250489193,3,3,234,27,1274435580,367288371,96422,76496,962,1629,-2081,2142,106,2986,13418132,174,489895,119,6,0,0,0,1778834069,314988823
462887375,2026,5,15,8,34,29,55,24,375489129,3,3,234,27,1274435612,367288347,96388,76462,963,1630,-2167,2256,118,3128,13383812,174,473152,119,6,0,0,0,1778834069,440205664
462887500,2026,5,15,8,34,29,55,24,500489064,3,3,234,27,1274435644,367288321,96397,76471,964,1631,-2214,2309,98,3199,13379562,174,461047,119,6,0,0,0,1778834069,564789853
462887625,2026,5,15,8,34,29,55,24,625489000,3,3,234,27,1274435675,367288292,96391,76465,965,1632,-2419,2296,98,3335,13649824,175,442549,119,6,0,0,0,1778834069,689918937
462887750,2026,5,15,8,34,29,55,24,750488935,3,3,234,27,1274435712,367288264,96385,76459,966,1633,-2480,2508,99,3527,13467332,174,414752,119,6,0,0,0,1778834069,813190204
462887875,2026,5,15,8,34,29,55,24,875488870,3,3,234,27,1274435748,367288236,96337,76411,967,1634,-2513,2556,116,3584,13450588,173,406614,119,6,0,0,0,1778834069,938933919
462888000,2026,5,15,8,34,30,55,24,488806,3,3,234,27,1274435785,367288206,96335,76409,967,1635,-2641,2621,100,3721,13521468,174,391891,119,6,0,0,0,1778834070,64805953
462888125,2026,5,15,8,34,30,55,24,125488741,3,3,234,27,1274435822,367288175,96329,76403,968,1636,-2714,2693,102,3824,13522030,173,379587,119,6,0,0,0,1778834070,189093875
462888250,2026,5,15,8,34,30,55,24,250488677,3,3,234,27,1274435860,367288143,96333,76407,969,1637,-2768,2689,89,3859,13582566,175,379628,119,6,0,0,0,1778834070,314614502
462888375,2026,5,15,8,34,30,55,24,375488612,3,3,234,27,1274435897,367288113,96311,76385,970,1638,-2692,2690,96,3806,13502512,174,383108,119,6,0,0,0,1778834070,439629820
462888500,2026,5,15,8,34,30,55,24,500488547,3,3,234,27,1274435937,367288084,96281,76355,971,1639,-2678,2804,104,3877,13368038,175,378263,119,6,0,0,0,1778834070,564069051
462888625,2026,5,15,8,34,30,55,24,625488483,3,3,234,27,1274435975,367288051,96276,76349,972,1640,-2772,2734,96,3893,13539838,175,368968,119,6,0,0,0,1778834070,689516674
462888750,2026,5,15,8,34,30,55,24,750488418,3,3,234,27,1274436012,367288020,96229,76303,972,1641,-2794,2727,119,3904,13569978,174,365996,119,6,0,0,0,1778834070,812731718
462888875,2026,5,15,8,34,30,55,24,875488354,3,3,234,27,1274436051,367287988,96245,76319,973,1642,-2820,2779,100,3959,13541906,174,358694,119,6,0,0,0,1778834070,937046883
462889000,2026,5,15,8,34,31,55,24,488289,3,3,234,27,1274436090,367287959,96212,76286,973,1643,-2681,2746,103,3838,13431442,174,365099,119,6,0,0,0,1778834071,69198661
462889125,2026,5,15,8,34,31,55,24,125488224,3,3,234,27,1274436127,367287928,96186,76260,974,1643,-2745,2728,111,3870,13516960,173,363701,119,6,0,0,0,1778834071,191402574
462889250,2026,5,15,8,34,31,55,24,250488160,3,3,234,27,1274436163,367287899,96161,76235,975,1644,-2620,2623,118,3708,13496974,174,378647,119,6,0,0,0,1778834071,316330847
462889375,2026,5,15,8,34,31,55,24,375488095,3,3,234,27,1274436199,367287872,96148,76221,975,1645,-2476,2559,120,3561,13404818,174,395011,119,6,0,0,0,1778834071,439140951
462889500,2026,5,15,8,34,31,55,24,500488031,3,3,234,27,1274436231,367287846,96144,76217,976,1647,-2302,2360,107,3297,13427714,173,427843,119,6,0,0,0,1778834071,563037161
462889625,2026,5,15,8,34,31,55,24,625487966,3,3,234,27,1274436262,367287821,96123,76197,977,1648,-2278,2292,111,3231,13482340,173,431578,119,6,0,0,0,1778834071,689495209
462889750,2026,5,15,8,34,31,55,24,750487901,3,3,234,27,1274436290,367287797,96113,76187,977,1649,-2121,2096,114,2982,13534210,172,476644,119,6,0,0,0,1778834071,813027189
462889875,2026,5,15,8,34,31,55,24,875487837,3,3,234,27,1274436316,367287774,96072,76146,978,1650,-2107,1970,122,2885,13692076,171,509664,119,6,0,0,0,1778834071,938747660
462890000,2026,5,15,8,34,32,55,24,487772,3,3,234,27,1274436346,367287751,96075,76149,979,1651,-2062,2058,110,2914,13505858,170,508798,119,6,0,0,0,1778834072,68030566
462890125,2026,5,15,8,34,32,55,24,125487708,3,3,234,27,1274436370,367287728,96059,76132,980,1652,-2025,1862,106,2750,13740162,171,542062,119,6,0,0,0,1778834072,190512494
462890250,2026,5,15,8,34,32,55,24,250487643,3,3,234,27,1274436398,367287708,96034,76107,981,1653,-1848,1923,105,2667,13386228,171,558666,119,6,0,0,0,1778834072,314846036
462890375,2026,5,15,8,34,32,55,24,375487579,3,3,234,27,1274436424,367287687,96019,76093,981,1654,-1890,1897,105,2678,13489688,171,539402,119,6,0,0,0,1778834072,439841684
462890500,2026,5,15,8,34,32,55,24,500487514,3,3,234,27,1274436450,367287664,96042,76116,982,1654,-1953,1882,82,2712,13606024,170,521668,119,6,0,0,0,1778834072,564464386
462890625,2026,5,15,8,34,32,55,24,625487449,3,3,234,27,1274436477,367287642,95996,76070,982,1655,-1937,1935,105,2737,13503130,170,513516,119,6,0,0,0,1778834072,691309860
462890750,2026,5,15,8,34,32,55,24,750487385,3,3,234,27,1274436503,367287619,96000,76073,983,1656,-2008,1891,93,2758,13672480,171,515153,119,6,0,0,0,1778834072,812343285
462890875,2026,5,15,8,34,32,55,24,875487320,3,3,234,27,1274436532,367287595,95966,76040,984,1657,-2088,2036,107,2916,13571486,172,492444,119,6,0,0,0,1778834072,939581854
462891000,2026,5,15,8,34,33,55,24,487256,3,3,234,27,1274436562,367287570,95975,76049,984,1658,-2218,2101,96,3055,13654264,170,467751,119,6,0,0,0,1778834073,68931870
462891125,2026,5,15,8,34,33,55,24,125487191,3,3,234,27,1274436593,367287544,95947,76021,985,1659,-2290,2214,100,3185,13596568,170,448328,119,6,0,0,0,1778834073,189205665
462891250,2026,5,15,8,34,33,55,24,250487126,3,3,234,27,1274436625,367287517,95919,75993,986,1659,-2343,2255,117,3252,13609488,170,436536,119,6,0,0,0,1778834073,314814610
462891375,2026,5,15,8,34,33,55,24,375487062,3,3,234,27,1274436657,367287487,95878,75952,986,1660,-2536,2336,129,3448,13735816,170,402801,119,6,0,0,0,1778834073,439647306
462891500,2026,5,15,8,34,33,55,24,500486997,3,3,234,27,1274436693,367287461,95849,75923,987,1661,-2432,2451,126,3453,13478398,170,399711,119,6,0,0,0,1778834073,563779555
462891625,2026,5,15,8,34,33,55,24,625486933,3,3,234,27,1274436726,367287433,95866,75940,987,1661,-2464,2393,102,3435,13582990,169,402606,119,6,0,0,0,1778834073,685732621
462891750,2026,5,15,8,34,33,55,24,750486868,3,3,234,27,1274436757,367287404,95848,75922,988,1662,-2499,2285,98,3387,13756564,169,414212,119,6,0,0,0,1778834073,812527674
462891875,2026,5,15,8,34,33,55,24,875486803,3,3,234,27,1274436788,367287380,95854,75928,988,1663,-2230,2224,97,3150,13508162,169,449191,119,6,0,0,0,1778834073,938488581
462892000,2026,5,15,8,34,34,55,24,486739,3,3,234,27,1274436814,367287355,95842,75916,989,1663,-2166,1985,94,2938,13749668,169,470445,119,6,0,0,0,1778834074,69019870
462892125,2026,5,15,8,34,34,55,24,125486674,3,3,234,27,1274436839,367287335,95810,75884,989,1664,-1885,1830,101,2627,13585398,169,525374,119,6,0,0,0,1778834074,189779596
462892250,2026,5,15,8,34,34,55,24,250486610,3,3,234,27,1274436859,367287315,95824,75898,989,1665,-1782,1577,83,2380,13848756,170,579915,119,6,0,0,0,1778834074,313983946
462892375,2026,5,15,8,34,34,55,24,375486545,3,3,234,27,1274436879,367287297,95789,75862,990,1665,-1658,1430,93,2190,13923550,169,641286,119,6,0,0,0,1778834074,438342940
462892500,2026,5,15,8,34,34,55,24,500486481,3,3,234,27,1274436897,367287283,95768,75841,990,1666,-1386,1297,100,1898,13690606,169,728782,119,6,0,0,0,1778834074,559161220
462892625,2026,5,15,8,34,34,55,24,625486416,3,3,234,27,1274436911,367287269,95777,75850,991,1667,-1224,1122,92,1660,13749396,170,827141,119,6,0,0,0,1778834074,688243078
462892750,2026,5,15,8,34,34,55,24,750486351,3,3,234,27,1274436926,367287258,95766,75840,991,1667,-1111,1055,85,1532,13648278,170,898002,119,6,0,0,0,1778834074,812895654
462892875,2026,5,15,8,34,34,55,24,875486287,3,3,234,27,1274436936,367287245,95762,75835,992,1668,-1058,819,79,1338,14226810,172,1051649,119,6,0,0,0,1778834074,938216538
462893000,2026,5,15,8,34,35,55,24,486222,3,3,234,27,1274436946,367287235,95775,75849,992,1669,-938,775,67,1217,14045602,173,1167046,119,6,0,0,0,1778834075,67271647
462893125,2026,5,15,8,34,35,55,24,125486157,3,3,234,27,1274436955,367287225,95753,75826,993,1670,-926,690,78,1155,14333240,174,1188818,119,6,0,0,0,1778834075,188870621
462893250,2026,5,15,8,34,35,55,24,250486093,3,3,234,27,1274436962,367287214,95717,75791,993,1671,-944,541,86,1088,15016084,175,1231436,119,6,0,0,0,1778834075,314144443
462893375,2026,5,15,8,34,35,55,24,375486028,3,3,234,27,1274436971,367287203,95748,75822,993,1671,-947,640,64,1144,14594720,173,1174638,119,6,0,0,0,1778834075,437193562
462893500,2026,5,15,8,34,35,55,24,500485964,3,3,234,27,1274436981,367287194,95712,75786,994,1672,-867,659,79,1089,14277376,172,1269198,119,6,0,0,0,1778834075,565456744
462893625,2026,5,15,8,34,35,55,24,625485899,3,3,234,27,1274436988,367287181,95721,75795,994,1673,-1052,585,62,1204,15093256,179,1133368,119,6,0,0,0,1778834075,691043966
462893750,2026,5,15,8,34,35,55,24,750485835,3,3,234,27,1274436997,367287167,95710,75784,995,1674,-1167,663,71,1342,15037792,178,1005356,119,6,0,0,0,1778834075,814456294
462893875,2026,5,15,8,34,35,55,24,875485770,3,3,234,27,1274437009,367287154,95686,75760,995,1675,-1197,790,87,1434,14658728,181,953101,119,6,0,0,0,1778834075,939347836
462894000,2026,5,15,8,34,36,55,24,485705,3,3,234,27,1274437019,367287136,95669,75743,995,1675,-1461,790,87,1660,15159380,178,812926,119,6,0,0,0,1778834076,68886732
462894125,2026,5,15,8,34,36,55,24,125485641,3,3,234,27,1274437032,367287119,95680,75753,996,1676,-1500,883,70,1740,14951840,178,793914,119,6,0,0,0,1778834076,189292272
462894250,2026,5,15,8,34,36,55,24,250485576,3,3,234,27,1274437045,367287100,95611,75685,996,1677,-1606,907,101,1844,15054258,183,750549,119,6,0,0,0,1778834076,314325150
462894375,2026,5,15,8,34,36,55,24,375485512,3,3,234,27,1274437060,367287080,95603,75677,997,1677,-1775,1021,101,2048,15010726,176,660044,119,6,0,0,0,1778834076,439348325
462894500,2026,5,15,8,34,36,55,24,500485447,3,3,234,27,1274437074,367287058,95619,75692,997,1678,-1858,1041,88,2130,15074814,177,627738,119,6,0,0,0,1778834076,563384092
462894625,2026,5,15,8,34,36,55,24,625485383,3,3,234,27,1274437089,367287036,95567,75641,997,1679,-1961,1047,110,2223,15189852,178,597732,119,6,0,0,0,1778834076,688469340
462894750,2026,5,15,8,34,36,55,24,750485318,3,3,234,27,1274437104,367287011,95556,75630,997,1679,-2108,1092,113,2374,15260492,178,557801,119,6,0,0,0,1778834076,812116593
462894875,2026,5,15,8,34,36,55,24,875485253,3,3,234,27,1274437121,367286986,95540,75613,998,1680,-2216,1180,107,2511,15196362,177,530800,119,6,0,0,0,1778834076,938302097
462895000,2026,5,15,8,34,37,55,24,485189,3,3,234,27,1274437138,367286959,95525,75599,998,1680,-2297,1197,113,2590,15247212,178,514105,119,6,0,0,0,1778834077,67621747
462895125,2026,5,15,8,34,37,55,24,125485124,3,3,234,27,1274437153,367286935,95517,75590,998,1680,-2220,1089,104,2472,15387254,177,532191,119,6,0,0,0,1778834077,190245327
462895250,2026,5,15,8,34,37,55,24,250485060,3,3,234,27,1274437168,367286909,95513,75587,998,1681,-2243,1079,96,2489,15430480,177,527625,119,6,0,0,0,1778834077,312136166
462895375,2026,5,15,8,34,37,55,24,375484995,3,3,234,27,1274437184,367286886,95509,75582,998,1681,-2121,1093,88,2386,15273704,177,550329,119,6,0,0,0,1778834077,438927074
462895500,2026,5,15,8,34,37,55,24,500484930,3,3,234,27,1274437195,367286864,95486,75559,999,1682,-2005,916,105,2204,15544246,183,598817,119,6,0,0,0,1778834077,563370766
462895625,2026,5,15,8,34,37,55,24,625484866,3,3,234,27,1274437207,367286845,95505,75579,999,1682,-1771,859,84,1968,15413752,176,651178,119,6,0,0,0,1778834077,689581613
462895750,2026,5,15,8,34,37,55,24,750484801,3,3,234,27,1274437218,367286829,95519,75592,999,1683,-1564,792,66,1753,15314538,174,725827,119,6,0,0,0,1778834077,814019901
462895875,2026,5,15,8,34,37,55,24,875484737,3,3,234,27,1274437229,367286814,95480,75554,999,1683,-1398,735,81,1580,15226072,178,809533,119,6,0,0,0,1778834077,940389148
462896000,2026,5,15,8,34,38,55,24,484672,3,3,234,27,1274437241,367286800,95508,75581,999,1683,-1284,817,62,1522,14754604,172,841918,119,6,0,0,0,1778834078,69115086
462896125,2026,5,15,8,34,38,55,24,125484607,3,3,234,27,1274437249,367286786,95489,75562,999,1684,-1216,658,70,1382,15156904,176,884925,119,6,0,0,0,1778834078,186218269
462896250,2026,5,15,8,34,38,55,24,250484543,3,3,234,27,1274437259,367286774,95471,75545,999,1684,-1168,674,69,1348,14999364,174,901234,119,6,0,0,0,1778834078,315248813
462896375,2026,5,15,8,34,38,55,24,375484478,3,3,234,27,1274437269,367286761,95474,75548,999,1684,-1149,713,67,1352,14819284,173,893834,119,6,0,0,0,1778834078,440781784
462896500,2026,5,15,8,34,38,55,24,500484413,3,3,234,27,1274437277,367286746,95467,75540,999,1685,-1223,640,76,1380,15239690,175,919134,119,6,0,0,0,1778834078,565342670
462896625,2026,5,15,8,34,38,55,24,625484349,3,3,234,27,1274437286,367286733,95456,75530,999,1685,-1186,630,73,1343,15202206,174,956350,119,6,0,0,0,1778834078,691030954
462896750,2026,5,15,8,34,38,55,24,750484284,3,3,234,27,1274437298,367286717,95451,75524,999,1685,-1352,775,69,1558,15018236,172,777579,119,6,0,0,0,1778834078,815188540
462896875,2026,5,15,8,34,38,55,24,875484220,3,3,234,27,1274437310,367286701,95424,75497,999,1685,-1436,849,77,1668,14939166,175,724897,119,6,0,0,0,1778834078,939569385
462897000,2026,5,15,8,34,39,55,24,484155,3,3,234,27,1274437323,367286684,95381,75455,999,1686,-1495,847,92,1718,15047106,172,700297,119,6,0,0,0,1778834079,65934678
462897125,2026,5,15,8,34,39,55,24,125484091,3,3,234,27,1274437335,367286666,95385,75459,999,1686,-1573,873,82,1799,15097102,174,699848,119,6,0,0,0,1778834079,190311221
462897250,2026,5,15,8,34,39,55,24,250484026,3,3,234,27,1274437349,367286647,95386,75460,999,1686,-1618,962,77,1883,14926098,177,677923,119,6,0,0,0,1778834079,315111123
462897375,2026,5,15,8,34,39,55,24,375483961,3,3,234,27,1274437362,367286630,95348,75422,999,1687,-1590,945,89,1850,14927324,177,660658,119,6,0,0,0,1778834079,440352033
462897500,2026,5,15,8,34,39,55,24,500483897,3,3,234,27,1274437377,367286613,95350,75423,999,1687,-1527,1003,82,1827,14669160,178,664361,119,6,0,0,0,1778834079,564136407
462897625,2026,5,15,8,34,39,55,24,625483832,3,3,234,27,1274437393,367286598,95333,75406,999,1688,-1402,1078,88,1769,14245532,181,689653,119,6,0,0,0,1778834079,689053139
462897750,2026,5,15,8,34,39,55,24,750483768,3,3,234,27,1274437409,367286584,95315,75388,999,1688,-1282,1149,93,1721,13811734,181,737936,119,6,0,0,0,1778834079,812537889
462897875,2026,5,15,8,34,39,55,24,875483703,3,3,234,27,1274437428,367286568,95298,75371,999,1689,-1374,1257,98,1862,13756512,182,693252,119,6,0,0,0,1778834079,936956817
462898000,2026,5,15,8,34,40,55,24,483638,3,3,234,27,1274437445,367286556,95310,75383,999,1689,-1187,1253,87,1726,13344780,187,714930,119,6,0,0,0,1778834080,68913626
462898125,2026,5,15,8,34,40,55,24,125483574,3,3,234,27,1274437463,367286542,95278,75351,999,1690,-1217,1225,96,1727,13482232,182,702727,119,6,0,0,0,1778834080,189427111
462898250,2026,5,15,8,34,40,55,24,250483509,3,3,234,27,1274437479,367286529,95293,75366,999,1690,-1157,1194,75,1662,13411846,177,728346,119,6,0,0,0,1778834080,315017487
462898375,2026,5,15,8,34,40,55,24,375483444,3,3,234,27,1274437497,367286515,95287,75360,999,1691,-1214,1236,77,1732,13448544,177,726238,119,6,0,0,0,1778834080,438918203
462898500,2026,5,15,8,34,40,55,24,500483380,3,3,234,27,1274437516,367286501,95266,75339,999,1691,-1265,1321,89,1829,13375698,178,693926,119,6,0,0,0,1778834080,563030366
462898625,2026,5,15,8,34,40,55,24,625483315,3,3,234,27,1274437537,367286485,95253,75326,999,1691,-1366,1436,93,1982,13357584,176,613516,119,6,0,0,0,1778834080,689877453
462898750,2026,5,15,8,34,40,55,24,750483251,3,3,234,27,1274437558,367286469,95250,75323,999,1691,-1406,1487,91,2046,13340780,175,587945,119,6,0,0,0,1778834080,815151818
462898875,2026,5,15,8,34,40,55,24,875483186,3,3,234,27,1274437581,367286451,95214,75288,999,1691,-1553,1580,108,2215,13450686,175,564317,119,6,0,0,0,1778834080,940585165
462899000,2026,5,15,8,34,41,55,24,483121,3,3,234,27,1274437604,367286434,95224,75297,999,1692,-1568,1597,83,2238,13448402,176,563140,119,6,0,0,0,1778834081,70373717
462899125,2026,5,15,8,34,41,55,24,125483057,3,3,234,27,1274437628,367286416,95194,75268,998,1692,-1604,1669,102,2315,13385886,176,518254,119,6,0,0,0,1778834081,190530683
462899250,2026,5,15,8,34,41,55,24,250482992,3,3,234,27,1274437651,367286398,95180,75253,998,1692,-1600,1645,103,2294,13419864,174,519885,119,6,0,0,0,1778834081,315099000
462899375,2026,5,15,8,34,41,55,24,375482928,3,3,234,27,1274437673,367286380,95186,75259,998,1692,-1568,1594,97,2236,13452762,175,535409,119,6,0,0,0,1778834081,440662546
462899500,2026,5,15,8,34,41,55,24,500482863,3,3,234,27,1274437693,367286363,95174,75247,998,1692,-1485,1460,92,2082,13548188,176,595068,119,6,0,0,0,1778834081,567414431
462899625,2026,5,15,8,34,41,55,24,625482798,3,3,234,28,1274437711,367286350,95161,75234,998,1692,-1279,1352,92,1861,13341774,176,671479,108,6,0,0,0,1778834081,691866157
462899750,2026,5,15,8,34,41,55,24,750482734,3,3,234,28,1274437726,367286337,95181,75254,997,1692,-1153,1155,81,1632,13495476,174,736227,108,6,0,0,0,1778834081,812499219
462899875,2026,5,15,8,34,41,55,24,875482669,3,3,234,28,1274437740,367286326,95172,75245,997,1692,-1027,1061,80,1476,13407320,174,807247,108,6,0,0,0,1778834081,940397025
462900000,2026,5,15,8,34,42,55,24,482604,3,3,234,28,1274437753,367286315,95180,75254,997,1692,-967,968,67,1368,13494596,174,871978,108,6,0,0,0,1778834082,69926056
462900125,2026,5,15,8,34,42,55,24,125482540,3,3,234,28,1274437764,367286305,95198,75271,996,1691,-885,829,54,1213,13686642,176,1029510,108,6,0,0,0,1778834082,190090761
462900250,2026,5,15,8,34,42,55,24,250482475,3,3,234,28,1274437776,367286297,95165,75238,996,1691,-783,847,66,1154,13275338,170,1076691,108,6,0,0,0,1778834082,315939652
462900375,2026,5,15,8,34,42,55,24,375482411,3,3,234,28,1274437787,367286287,95169,75242,996,1691,-860,785,58,1165,13762756,168,1017506,108,6,0,0,0,1778834082,440940456
462900500,2026,5,15,8,34,42,55,24,500482346,3,3,234,28,1274437798,367286278,95188,75261,995,1690,-826,826,50,1168,13499602,167,1011232,108,6,0,0,0,1778834082,565651464
462900625,2026,5,15,8,34,42,55,24,625482281,3,3,234,28,1274437809,367286268,95180,75254,995,1689,-828,819,62,1165,13533804,167,965420,108,6,0,0,0,1778834082,686842106
462900750,2026,5,15,8,34,42,55,24,750482217,3,3,234,28,1274437823,367286258,95170,75244,994,1689,-910,928,57,1300,13443908,170,867377,108,6,0,0,0,1778834082,814725909
462900875,2026,5,15,8,34,42,55,24,875482152,3,3,234,28,1274437837,367286246,95177,75251,994,1688,-995,958,43,1381,13610148,168,810249,108,6,0,0,0,1778834082,940741717
462901000,2026,5,15,8,34,43,55,24,482087,3,3,234,28,1274437851,367286234,95178,75252,993,1687,-1064,1026,45,1478,13603398,168,760035,108,6,0,0,0,1778834083,70185847
462901125,2026,5,15,8,34,43,55,24,125482023,3,3,234,28,1274437868,367286220,95165,75238,993,1686,-1188,1151,52,1654,13591422,168,678765,108,6,0,0,0,1778834083,191148433
462901250,2026,5,15,8,34,43,55,24,250481958,3,3,234,28,1274437886,367286205,95162,75235,992,1685,-1311,1227,55,1796,13689970,162,625822,108,6,0,0,0,1778834083,316319063
462901375,2026,5,15,8,34,43,55,24,375481893,3,3,234,28,1274437906,367286189,95187,75260,992,1684,-1381,1377,39,1950,13508504,160,573947,108,6,0,0,0,1778834083,440223228
462901500,2026,5,15,8,34,43,55,24,500481829,3,3,234,28,1274437927,367286171,95161,75234,991,1682,-1542,1483,60,2140,13611410,160,522654,108,6,0,0,0,1778834083,560785352
462901625,2026,5,15,8,34,43,55,24,625481764,3,3,234,28,1274437949,367286152,95143,75216,990,1681,-1656,1555,74,2271,13680738,160,491383,108,6,0,0,0,1778834083,690434944
462901750,2026,5,15,8,34,43,55,24,750481700,3,3,234,28,1274437972,367286132,95155,75229,990,1679,-1754,1631,64,2395,13707530,160,468665,108,6,0,0,0,1778834083,814838176
462901875,2026,5,15,8,34,43,55,24,875481635,3,3,234,28,1274437997,367286113,95154,75227,989,1678,-1719,1741,68,2447,13463658,161,458393,108,6,0,0,0,1778834083,940560397
462902000,2026,5,15,8,34,44,55,24,481570,3,3,234,28,1274438021,367286092,95138,75212,988,1677,-1842,1750,64,2541,13645348,160,438840,108,6,0,0,0,1778834084,69112797
462902125,2026,5,15,8,34,44,55,24,125481506,3,3,234,28,1274438046,367286071,95123,75196,988,1676,-1854,1755,65,2553,13657688,162,441216,108,6,0,0,0,1778834084,190740126
462902250,2026,5,15,8,34,44,55,24,250481441,3,3,234,28,1274438070,367286051,95138,75212,987,1674,-1799,1706,57,2479,13651790,163,454341,108,6,0,0,0,1778834084,316067228
462902375,2026,5,15,8,34,44,55,24,375481377,3,3,234,28,1274438091,367286033,95101,75175,987,1673,-1690,1548,80,2292,13752288,161,486286,108,6,0,0,0,1778834084,438215693
462902500,2026,5,15,8,34,44,55,24,500481312,3,3,234,28,1274438111,367286016,95121,75194,986,1672,-1524,1429,58,2089,13685738,163,537402,108,6,0,0,0,1778834084,565603122
462902625,2026,5,15,8,34,44,55,24,625481247,3,3,234,28,1274438127,367286002,95123,75196,986,1671,-1354,1254,54,1845,13719920,161,604189,108,6,0,0,0,1778834084,691068559
462902750,2026,5,15,8,34,44,55,24,750481183,3,3,234,28,1274438142,367285989,95104,75177,985,1670,-1187,1103,65,1620,13708956,161,686719,108,6,0,0,0,1778834084,815768278
462902875,2026,5,15,8,34,44,55,24,875481118,3,3,234,28,1274438156,367285978,95109,75182,984,1669,-1064,1001,60,1460,13675968,161,760905,108,6,0,0,0,1778834084,940496279
462903000,2026,5,15,8,34,45,55,24,481053,3,3,234,28,1274438167,367285967,95095,75168,984,1668,-982,857,64,1304,13888734,163,860634,108,6,0,0,0,1778834085,69080892
462903125,2026,5,15,8,34,45,55,24,125480989,3,3,234,28,1274438178,367285958,95126,75199,983,1667,-861,745,36,1139,13910786,162,974970,108,6,0,0,0,1778834085,189890708
462903250,2026,5,15,8,34,45,55,24,250480924,3,3,234,28,1274438186,367285951,95124,75198,983,1665,-689,635,39,937,13731118,160,1183807,108,6,0,0,0,1778834085,315254207
462903375,2026,5,15,8,34,45,55,24,375480860,3,3,234,28,1274438194,367285945,95106,75179,982,1664,-602,552,46,816,13747018,161,1363732,108,6,0,0,0,1778834085,440806820
462903500,2026,5,15,8,34,45,55,24,500480795,3,3,234,28,1274438200,367285939,95108,75181,982,1663,-551,471,44,724,13947672,162,1526258,108,6,0,0,0,1778834085,567095627
462903625,2026,5,15,8,34,45,55,24,625480730,3,3,234,28,1274438205,367285935,95124,75197,981,1662,-425,399,35,583,13677272,161,1896973,108,6,0,0,0,1778834085,690821476
462903750,2026,5,15,8,34,45,55,24,750480666,3,3,234,28,1274438210,367285931,95109,75183,981,1661,-370,369,41,523,13503818,161,2117941,108,6,0,0,0,1778834085,815756063
462903875,2026,5,15,8,34,45,55,24,875480601,3,3,234,28,1274438214,367285927,95102,75175,980,1660,-337,286,43,442,13973198,161,2500959,108,6,0,0,0,1778834085,941047539
462904000,2026,5,15,8,34,46,55,24,480536,3,3,234,28,1274438218,367285925,95119,75192,979,1659,-257,262,28,367,13436398,161,3001533,108,6,0,0,0,1778834086,70873403
462904125,2026,5,15,8,34,46,55,24,125480472,3,3,234,28,1274438221,367285923,95113,75187,979,1658,-233,201,31,308,13925592,161,3570570,108,6,0,0,0,1778834086,191801397
462904250,2026,5,15,8,34,46,55,24,250480407,3,3,234,28,1274438223,367285921,95102,75175,978,1656,-189,181,38,262,13625876,159,4149313,108,6,0,0,0,1778834086,314409914
462904375,2026,5,15,8,34,46,55,24,375480343,3,3,234,28,1274438226,367285920,95098,75171,977,1655,-142,165,44,218,13703642,158,4960236,108,6,0,0,0,1778834086,440547568
462904500,2026,5,15,8,34,46,55,24,500480278,3,3,234,28,1274438227,367285919,95100,75174,977,1654,-132,112,41,173,13703642,159,6203244,108,6,0,0,0,1778834086,565678452
462904625,2026,5,15,8,34,46,55,24,625480213,3,3,234,28,1274438229,367285917,95109,75182,976,1652,-155,131,30,203,13703642,159,5301476,108,6,0,0,0,1778834086,690313108
462904750,2026,5,15,8,34,46,55,24,750480149,3,3,234,28,1274438231,367285916,95097,75170,976,1651,-121,95,33,154,13703642,160,6993458,108,6,0,0,0,1778834086,814717691
462904875,2026,5,15,8,34,46,55,24,875480084,3,3,234,28,1274438233,367285915,95091,75165,975,1650,-86,142,29,166,13703642,158,6537614,108,6,0,0,0,1778834086,940611745
462905000,2026,5,15,8,34,47,55,24,480020,3,3,234,28,1274438234,367285914,95088,75162,974,1649,-105,61,30,121,13703642,162,8738378,108,6,0,0,0,1778834087,69633693
462905125,2026,5,15,8,34,47,55,24,125479955,3,3,234,28,1274438236,367285913,95099,75172,974,1647,-125,136,27,185,13703642,158,5870445,108,6,0,0,0,1778834087,186786822
462905250,2026,5,15,8,34,47,55,24,250479890,3,3,234,28,1274438238,367285912,95078,75151,973,1646,-105,115,43,155,13703642,160,6973747,108,6,0,0,0,1778834087,315338696
462905375,2026,5,15,8,34,47,55,24,375479826,3,3,234,28,1274438239,367285911,95096,75169,972,1645,-111,86,27,140,13703642,163,7667639,108,6,0,0,0,1778834087,439859192
462905500,2026,5,15,8,34,47,55,24,500479761,3,3,234,28,1274438240,367285910,95088,75161,972,1644,-97,82,31,127,13703642,162,8520686,108,6,0,0,0,1778834087,565276777
462905625,2026,5,15,8,34,47,55,24,625479696,3,3,234,28,1274438242,367285909,95095,75168,971,1642,-113,80,18,138,13703642,164,7769044,108,6,0,0,0,1778834087,690844496
462905750,2026,5,15,8,34,47,55,24,750479632,3,3,234,28,1274438243,367285909,95095,75168,971,1641,-46,48,5,66,13703642,160,16325480,108,6,0,0,0,1778834087,815519385
462905875,2026,5,15,8,34,47,55,24,875479567,3,3,234,28,1274438242,367285909,95087,75160,970,1640,-12,-16,12,20,13703642,176,18000000,108,6,0,0,0,1778834087,940443277
462906000,2026,5,15,8,34,48,55,24,479503,3,3,234,28,1274438241,367285911,95098,75171,969,1638,57,-79,14,97,13703642,159,11148992,108,6,0,0,0,1778834088,66371649
462906125,2026,5,15,8,34,48,55,24,125479438,3,3,234,28,1274438240,367285913,95101,75174,969,1637,145,-94,9,173,13703642,162,6106133,108,6,0,0,0,1778834088,190809281
462906250,2026,5,15,8,34,48,55,24,250479373,3,3,234,28,1274438237,367285915,95100,75173,968,1636,138,-201,4,244,30450516,158,4421875,108,6,0,0,0,1778834088,315683389
462906375,2026,5,15,8,34,48,55,24,375479309,3,3,234,28,1274438233,367285918,95101,75175,968,1634,267,-253,2,368,31660034,162,2955119,108,6,0,0,0,1778834088,440350010
462906500,2026,5,15,8,34,48,55,24,500479244,3,3,234,28,1274438230,367285923,95114,75188,967,1633,322,-252,-1,409,32201976,161,2611170,108,6,0,0,0,1778834088,563779696
462906625,2026,5,15,8,34,48,55,24,625479180,3,3,234,28,1274438224,367285928,95093,75166,966,1632,444,-409,19,604,31739236,160,1780090,108,6,0,0,0,1778834088,689618242
462906750,2026,5,15,8,34,48,55,24,750479115,3,3,234,28,1274438217,367285935,95096,75169,966,1630,554,-479,10,732,31914616,160,1466409,108,6,0,0,0,1778834088,813469278
462906875,2026,5,15,8,34,48,55,24,875479050,3,3,234,28,1274438208,367285942,95108,75182,965,1629,596,-614,-2,856,31413900,159,1257221,108,6,0,0,0,1778834088,937490392
462907000,2026,5,15,8,34,49,55,24,478986,3,3,234,28,1274438198,367285950,95106,75179,964,1628,682,-687,-4,968,31478930,159,1114090,108,6,0,0,0,1778834089,69486754
462907125,2026,5,15,8,34,49,55,24,125478921,3,3,234,28,1274438186,367285959,95114,75188,964,1626,705,-846,-8,1101,30982004,159,947652,108,6,0,0,0,1778834089,193028636
462907250,2026,5,15,8,34,49,55,24,250478856,3,3,234,28,1274438172,367285969,95120,75193,963,1625,858,-966,-10,1292,31161844,158,784031,108,6,0,0,0,1778834089,317770751
462907375,2026,5,15,8,34,49,55,24,375478792,3,3,234,28,1274438156,367285979,95124,75197,962,1624,878,-1119,-15,1422,30814104,157,710795,108,6,0,0,0,1778834089,441589703
462907500,2026,5,15,8,34,49,55,24,500478727,3,3,234,28,1274438140,367285990,95127,75201,962,1622,951,-1158,-12,1498,30938616,157,672139,108,6,0,0,0,1778834089,566165809
462907625,2026,5,15,8,34,49,55,24,625478663,3,3,234,28,1274438122,367286001,95125,75198,961,1621,914,-1238,-5,1539,30643212,161,675312,108,6,0,0,0,1778834089,690289001
462907750,2026,5,15,8,34,49,55,24,750478598,3,3,234,28,1274438105,367286011,95133,75206,960,1620,877,-1246,-13,1524,30512998,163,691878,108,6,0,0,0,1778834089,814725359
462907875,2026,5,15,8,34,49,55,24,875478533,3,3,234,28,1274438088,367286021,95129,75202,960,1619,860,-1224,-10,1495,30509040,163,685408,108,6,0,0,0,1778834089,940432277
462908000,2026,5,15,8,34,50,55,24,478469,3,3,234,28,1274438073,367286029,95142,75216,959,1618,780,-1125,-15,1369,30473494,163,747526,108,6,0,0,0,1778834090,70298077
462908125,2026,5,15,8,34,50,55,24,125478404,3,3,234,28,1274438060,367286036,95133,75206,959,1617,636,-940,-9,1135,30408264,161,903287,108,6,0,0,0,1778834090,190739363
462908250,2026,5,15,8,34,50,55,24,250478340,3,3,234,28,1274438050,367286043,95139,75212,958,1616,617,-806,-23,1015,30745236,160,1011164,108,6,0,0,0,1778834090,316164210
462908375,2026,5,15,8,34,50,55,24,375478275,3,3,234,28,1274438040,367286049,95136,75209,957,1615,495,-716,-20,870,30466846,162,1183271,108,6,0,0,0,1778834090,438558117
462908500,2026,5,15,8,34,50,55,24,500478210,3,3,234,28,1274438032,367286054,95155,75229,957,1614,471,-628,-29,785,30689840,162,1317243,108,6,0,0,0,1778834090,565823476
462908625,2026,5,15,8,34,50,55,24,625478146,3,3,234,28,1274438024,367286058,95135,75209,956,1612,363,-612,-7,711,30072156,163,1452886,108,6,0,0,0,1778834090,691108555
462908750,2026,5,15,8,34,50,55,24,750478081,3,3,234,28,1274438016,367286062,95153,75226,955,1611,373,-548,-22,663,30421310,161,1561001,108,6,0,0,0,1778834090,812669808
462908875,2026,5,15,8,34,50,55,24,875478017,3,3,234,28,1274438009,367286066,95149,75222,955,1610,301,-531,-18,610,29953210,162,1700980,108,6,0,0,0,1778834090,939991766
462909000,2026,5,15,8,34,51,55,24,477952,3,3,234,28,1274438002,367286070,95151,75225,954,1609,319,-528,-19,617,30113886,162,1676723,108,6,0,0,0,1778834091,70030531
462909125,2026,5,15,8,34,51,55,24,125477888,3,3,234,28,1274437994,367286073,95147,75220,954,1609,285,-581,-17,647,29612772,163,1594192,108,6,0,0,0,1778834091,190326123
462909250,2026,5,15,8,34,51,55,24,250477823,3,3,234,28,1274437986,367286077,95151,75224,953,1608,316,-571,-22,653,29895944,163,1586767,108,6,0,0,0,1778834091,315861140
462909375,2026,5,15,8,34,51,55,24,375477758,3,3,234,28,1274437980,367286080,95137,75210,953,1607,241,-482,-10,539,29659550,164,1921737,108,6,0,0,0,1778834091,441692561
462909500,2026,5,15,8,34,51,55,24,500477694,3,3,234,28,1274437974,367286081,95150,75223,952,1606,137,-433,-20,454,28758234,166,2265022,108,6,0,0,0,1778834091,565548632
462909625,2026,5,15,8,34,51,55,24,625477629,3,3,234,28,1274437970,367286082,95153,75226,952,1605,97,-335,-18,349,28619838,166,2908508,108,6,0,0,0,1778834091,686499411
462909750,2026,5,15,8,34,51,55,24,750477565,3,3,234,28,1274437967,367286085,95145,75218,951,1604,172,-277,-10,326,30189534,162,3150892,108,6,0,0,0,1778834091,813798854
462909875,2026,5,15,8,34,51,55,24,875477500,3,3,234,28,1274437963,367286086,95143,75216,951,1604,105,-266,-9,286,29152584,165,3541154,108,6,0,0,0,1778834091,939495339
462910000,2026,5,15,8,34,52,55,24,477435,3,3,234,28,1274437958,367286087,95134,75208,950,1603,125,-316,-11,340,29161794,165,2980137,108,6,0,0,0,1778834092,70196144
462910125,2026,5,15,8,34,52,55,24,125477371,3,3,234,28,1274437954,367286089,95126,75199,950,1602,103,-327,-5,342,28744010,167,2935841,108,6,0,0,0,1778834092,191151455
462910250,2026,5,15,8,34,52,55,24,250477306,3,3,234,28,1274437948,367286091,95140,75213,949,1601,149,-418,-10,444,28959402,166,2267891,108,6,0,0,0,1778834092,314569034
462910375,2026,5,15,8,34,52,55,24,375477242,3,3,234,28,1274437941,367286092,95139,75212,949,1600,135,-483,-3,502,28560926,166,1998434,108,6,0,0,0,1778834092,438392292
462910500,2026,5,15,8,34,52,55,24,500477177,3,3,234,28,1274437933,367286094,95142,75215,948,1599,165,-535,-5,560,28709738,167,1788887,108,6,0,0,0,1778834092,560146365
462910625,2026,5,15,8,34,52,55,24,625477113,3,3,234,28,1274437924,367286097,95138,75211,948,1599,179,-588,-8,614,28691574,167,1636655,108,6,0,0,0,1778834092,688508572
462910750,2026,5,15,8,34,52,55,24,750477048,3,3,234,28,1274437914,367286099,95136,75209,947,1598,169,-723,-3,742,28316282,168,1346975,108,6,0,0,0,1778834092,813252187
462910875,2026,5,15,8,34,52,55,24,875476983,3,3,234,28,1274437904,367286101,95133,75206,947,1598,149,-692,-5,708,28215228,170,1497626,108,6,0,0,0,1778834092,940444011
462911000,2026,5,15,8,34,53,55,24,476919,3,3,234,28,1274437895,367286102,95125,75198,947,1597,107,-678,-2,686,27897230,172,1538692,108,6,0,0,0,1778834093,69590156
462911125,2026,5,15,8,34,53,55,24,125476854,3,3,234,28,1274437886,367286103,95116,75189,946,1596,109,-625,7,635,27989236,171,1669630,108,6,0,0,0,1778834093,190811168
462911250,2026,5,15,8,34,53,55,24,250476790,3,3,234,28,1274437878,367286104,95139,75212,946,1596,57,-601,-6,604,27541014,174,1739820,108,6,0,0,0,1778834093,314327303
462911375,2026,5,15,8,34,53,55,24,375476725,3,3,234,28,1274437872,367286105,95119,75192,946,1595,70,-493,9,498,27803498,173,2127844,108,6,0,0,0,1778834093,436739633
462911500,2026,5,15,8,34,53,55,24,500476661,3,3,234,28,1274437866,367286106,95125,75198,945,1595,48,-417,0,420,27661496,174,2519287,108,6,0,0,0,1778834093,564520040
462911625,2026,5,15,8,34,53,55,24,625476596,3,3,234,28,1274437861,367286107,95127,75201,945,1594,53,-393,-1,397,27773450,173,2661106,108,6,0,0,0,1778834093,690265158
462911750,2026,5,15,8,34,53,55,24,750476531,3,3,234,28,1274437857,367286107,95124,75197,945,1594,-3,-289,7,289,26941558,183,3590012,108,6,0,0,0,1778834093,813427576
462911875,2026,5,15,8,34,53,55,24,875476467,3,3,234,28,1274437858,367286107,95129,75202,945,1593,-2,-43,1,43,27469772,185,18000000,108,6,0,0,0,1778834093,938134089
462912000,2026,5,15,8,34,54,55,24,476402,3,3,234,28,1274437860,367286107,95109,75183,944,1593,-28,51,16,58,27469772,166,18000000,108,6,0,0,0,1778834094,68220771
462912125,2026,5,15,8,34,54,55,24,125476338,3,3,234,28,1274437859,367286107,95105,75178,944,1592,24,-4,14,24,27469772,170,18000000,108,6,0,0,0,1778834094,189794527
462912250,2026,5,15,8,34,54,55,24,250476273,3,3,234,28,1274437858,367286107,95118,75191,944,1592,-37,-85,2,93,27469772,196,10487976,108,6,0,0,0,1778834094,314180436
462912375,2026,5,15,8,34,54,55,24,375476209,3,3,234,28,1274437859,367286108,95121,75194,944,1591,66,45,0,80,27469772,204,11880450,108,6,0,0,0,1778834094,439104718
462912500,2026,5,15,8,34,54,55,24,500476144,3,3,234,28,1274437860,367286107,95115,75189,944,1591,-43,62,3,75,27469772,167,15653452,108,6,0,0,0,1778834094,563191410
462912625,2026,5,15,8,34,54,55,24,625476079,3,3,234,28,1274437860,367286108,95116,75189,944,1591,17,-4,8,17,27469772,174,18000000,108,6,0,0,0,1778834094,690043636
462912750,2026,5,15,8,34,54,55,24,750476015,3,3,234,28,1274437861,367286108,95110,75184,943,1590,-16,37,17,40,27469772,167,18000000,108,6,0,0,0,1778834094,812463797
462912875,2026,5,15,8,34,54,55,24,875475950,3,3,234,28,1274437862,367286108,95122,75195,943,1590,25,79,6,83,27469772,198,12146616,108,6,0,0,0,1778834094,937702765
462913000,2026,5,15,8,34,55,55,24,475886,3,3,234,28,1274437862,367286109,95112,75185,943,1590,16,-14,9,21,27469772,165,18000000,108,6,0,0,0,1778834095,67922207
462913125,2026,5,15,8,34,55,55,24,125475821,3,3,234,28,1274437863,367286108,95129,75203,943,1589,-18,57,-3,60,27469772,175,18000000,108,6,0,0,0,1778834095,189834866
462913250,2026,5,15,8,34,55,55,24,250475757,3,3,234,28,1274437865,367286109,95110,75183,943,1589,42,111,15,119,27469772,203,8410672,108,6,0,0,0,1778834095,312398345
462913375,2026,5,15,8,34,55,55,24,375475692,3,3,234,28,1274437867,367286109,95108,75181,943,1589,-13,151,8,152,27469772,184,7293789,108,6,0,0,0,1778834095,439273449
462913500,2026,5,15,8,34,55,55,24,500475627,3,3,234,28,1274437872,367286108,95125,75198,943,1589,-89,256,-6,271,10924744,174,4256605,108,6,0,0,0,1778834095,564390450
462913625,2026,5,15,8,34,55,55,24,625475563,3,3,234,28,1274437877,367286108,95095,75168,943,1588,-66,353,18,359,10059888,179,3130883,108,6,0,0,0,1778834095,691111800
462913750,2026,5,15,8,34,55,55,24,750475498,3,3,234,28,1274437884,367286108,95102,75175,943,1588,-19,457,16,457,9241470,186,2396954,108,6,0,0,0,1778834095,815188709
462913875,2026,5,15,8,34,55,55,24,875475434,3,3,234,28,1274437894,367286108,95090,75164,943,1588,-31,623,20,624,9285246,185,1721012,108,6,0,0,0,1778834095,940260129
462914000,2026,5,15,8,34,56,55,24,475369,3,3,234,28,1274437904,367286108,95096,75169,943,1587,-9,661,8,661,9078196,187,1608186,108,6,0,0,0,1778834096,69703721
462914125,2026,5,15,8,34,56,55,24,125475305,3,3,234,28,1274437916,367286109,95092,75166,942,1587,41,794,9,795,8707764,188,1316517,108,6,0,0,0,1778834096,186381881
462914250,2026,5,15,8,34,56,55,24,250475240,3,3,234,28,1274437929,367286110,95088,75161,942,1587,51,882,6,884,8666574,189,1185842,108,6,0,0,0,1778834096,315377321
462914375,2026,5,15,8,34,56,55,24,375475176,3,3,234,28,1274437943,367286113,95096,75169,942,1586,144,952,-3,963,8137324,190,1062092,108,6,0,0,0,1778834096,439773549
462914500,2026,5,15,8,34,56,55,24,500475111,3,3,234,28,1274437956,367286115,95096,75169,942,1586,151,952,-6,963,8101249,191,1059156,108,6,0,0,0,1778834096,565050033
462914625,2026,5,15,8,34,56,55,24,625475046,3,3,234,28,1274437968,367286117,95087,75161,942,1586,165,880,8,895,7939037,191,1158447,108,6,0,0,0,1778834096,690979258
462914750,2026,5,15,8,34,56,55,24,750474982,3,3,234,28,1274437979,367286120,95089,75162,942,1585,235,807,10,840,7377006,194,1182262,108,6,0,0,0,1778834096,815082885
462914875,2026,5,15,8,34,56,55,24,875474917,3,3,234,28,1274437988,367286121,95098,75171,942,1585,181,684,-2,708,7516723,194,1405893,108,6,0,0,0,1778834096,939679782
462915000,2026,5,15,8,34,57,55,24,474853,3,3,234,28,1274437994,367286124,95081,75154,942,1584,192,533,11,567,7024040,196,1721805,108,6,0,0,0,1778834097,65924051
462915125,2026,5,15,8,34,57,55,24,125474788,3,3,234,28,1274437999,367286124,95089,75162,942,1584,103,400,7,413,7554840,195,2462229,108,6,0,0,0,1778834097,190163835
462915250,2026,5,15,8,34,57,55,24,250474724,3,3,234,28,1274438004,367286126,95081,75154,941,1584,136,390,11,413,7075891,197,2429994,108,6,0,0,0,1778834097,315181208
462915375,2026,5,15,8,34,57,55,24,375474659,3,3,234,28,1274438008,367286127,95065,75138,941,1584,130,285,17,313,6539231,195,3031905,108,6,0,0,0,1778834097,440420148
462915500,2026,5,15,8,34,57,55,24,500474594,3,3,234,28,1274438010,367286128,95087,75161,941,1583,45,194,4,199,6978949,190,4930503,108,6,0,0,0,1778834097,565090503
462915625,2026,5,15,8,34,57,55,24,625474530,3,3,234,28,1274438012,367286128,95094,75167,941,1583,37,162,1,166,6978949,190,5935884,108,6,0,0,0,1778834097,690274868
462915750,2026,5,15,8,34,57,55,24,750474465,3,3,234,28,1274438014,367286129,95070,75144,941,1582,69,154,18,169,6978949,194,5644613,108,6,0,0,0,1778834097,813951673
462915875,2026,5,15,8,34,57,55,24,875474401,3,3,234,28,1274438016,367286130,95074,75147,940,1582,79,176,11,192,6978949,195,4951420,108,6,0,0,0,1778834097,936773120
462916000,2026,5,15,8,34,58,55,24,474336,3,3,234,28,1274438021,367286131,95082,75155,940,1581,86,297,4,309,7386291,191,3158494,108,6,0,0,0,1778834098,68255075
462916125,2026,5,15,8,34,58,55,24,125474272,3,3,234,28,1274438027,367286133,95073,75147,940,1581,122,364,8,384,7150661,196,2557138,108,6,0,0,0,1778834098,190164678
462916250,2026,5,15,8,34,58,55,24,250474207,3,3,234,28,1274438032,367286136,95061,75134,940,1581,185,389,18,431,6451632,199,2234083,108,6,0,0,0,1778834098,314997239
462916375,2026,5,15,8,34,58,55,24,375474143,3,3,234,28,1274438040,367286138,95083,75157,940,1580,224,488,-4,537,6537379,195,1769551,108,6,0,0,0,1778834098,439089932
462916500,2026,5,15,8,34,58,55,24,500474078,3,3,234,28,1274438049,367286142,95085,75158,940,1580,285,607,-3,670,6486875,195,1417692,108,6,0,0,0,1778834098,564068789
462916625,2026,5,15,8,34,58,55,24,625474014,3,3,234,28,1274438058,367286146,95060,75133,939,1579,315,632,15,706,6351502,196,1341518,108,6,0,0,0,1778834098,689259972
462916750,2026,5,15,8,34,58,55,24,750473949,3,3,234,28,1274438067,367286150,95067,75141,939,1579,329,611,12,694,6172866,196,1405908,108,6,0,0,0,1778834098,813843416
462916875,2026,5,15,8,34,58,55,24,875473884,3,3,234,28,1274438075,367286155,95084,75157,939,1579,424,604,2,738,5494457,199,1308967,108,6,0,0,0,1778834098,939159745
462917000,2026,5,15,8,34,59,55,24,473820,3,3,234,28,1274438084,367286159,95081,75154,939,1579,367,611,3,713,5905352,199,1402908,108,6,0,0,0,1778834099,68286694
462917125,2026,5,15,8,34,59,55,24,125473755,3,3,234,28,1274438089,367286162,95108,75182,939,1579,272,464,-18,538,5959835,199,1879192,108,6,0,0,0,1778834099,189238972
462917250,2026,5,15,8,34,59,55,24,250473691,3,3,234,28,1274438094,367286165,95103,75176,939,1579,309,365,-3,478,4975406,200,2096966,108,6,0,0,0,1778834099,314802602
462917375,2026,5,15,8,34,59,55,24,375473626,3,3,234,28,1274438099,367286168,95107,75180,939,1579,227,350,-7,417,5702671,199,2405965,108,6,0,0,0,1778834099,438145488
462917500,2026,5,15,8,34,59,55,24,500473561,3,3,234,28,1274438101,367286169,95109,75183,939,1579,149,223,-1,268,5615755,199,3756174,108,6,0,0,0,1778834099,564438636
462917625,2026,5,15,8,34,59,55,24,625473497,3,3,234,28,1274438104,367286171,95113,75187,939,1579,172,198,-7,262,4907884,200,3837673,108,6,0,0,0,1778834099,690170059
462917750,2026,5,15,8,34,59,55,24,750473432,3,3,234,28,1274438106,367286172,95124,75197,939,1579,110,158,-13,192,5258259,200,5071137,108,6,0,0,0,1778834099,811807528
462917875,2026,5,15,8,34,59,55,24,875473368,3,3,234,28,1274438107,367286173,95133,75207,939,1579,74,105,-18,128,5258259,199,7563115,108,6,0,0,0,1778834099,938989669
462918000,2026,5,15,8,35,0,55,24,473303,3,3,234,28,1274438107,367286173,95123,75196,939,1579,44,26,-17,51,5258259,194,18000000,108,6,0,0,0,1778834100,67966172
462918125,2026,5,15,8,35,0,55,24,125473239,3,3,234,28,1274438106,367286174,95116,75189,939,1578,20,-12,-14,23,5258259,168,18000000,108,6,0,0,0,1778834100,189971098
462918250,2026,5,15,8,35,0,55,24,250473174,3,3,234,28,1274438107,367286173,95114,75187,939,1578,-17,5,-9,18,5258259,171,18000000,108,6,0,0,0,1778834100,315113008
462918375,2026,5,15,8,35,0,55,24,375473110,3,3,234,28,1274438106,367286173,95128,75202,939,1578,-17,-10,-12,20,5258259,186,18000000,108,6,0,0,0,1778834100,441711235
462918500,2026,5,15,8,35,0,55,24,500473045,3,3,234,28,1274438105,367286173,95144,75217,939,1577,-43,-86,-13,96,5258259,196,10243380,108,6,0,0,0,1778834100,565028369
462918625,2026,5,15,8,35,0,55,24,625472980,3,3,234,28,1274438104,367286172,95146,75219,939,1577,-80,-83,-15,116,5258259,198,8412442,108,6,0,0,0,1778834100,686623388
462918750,2026,5,15,8,35,0,55,24,750472916,3,3,234,28,1274438101,367286170,95129,75203,939,1577,-133,-166,-3,213,5258259,198,4582535,108,6,0,0,0,1778834100,814677319
462918875,2026,5,15,8,35,0,55,24,875472851,3,3,234,28,1274438097,367286167,95145,75219,939,1577,-254,-286,-13,383,22843832,199,2552364,108,6,0,0,0,1778834100,940104576
462919000,2026,5,15,8,35,1,55,24,472787,3,3,234,28,1274438091,367286164,95148,75221,938,1576,-268,-350,-9,441,23257242,198,2220338,108,6,0,0,0,1778834101,69186815
462919125,2026,5,15,8,35,1,55,24,125472722,3,3,234,28,1274438085,367286160,95126,75200,938,1576,-317,-455,5,554,23508108,200,1773109,108,6,0,0,0,1778834101,190755859
462919250,2026,5,15,8,35,1,55,24,250472658,3,3,234,28,1274438076,367286155,95126,75199,939,1576,-369,-579,4,686,23749312,202,1468005,108,6,0,0,0,1778834101,315605987
462919375,2026,5,15,8,35,1,55,24,375472593,3,3,234,28,1274438068,367286149,95162,75236,939,1576,-489,-538,-21,727,22772962,200,1352939,108,6,0,0,0,1778834101,439153776
462919500,2026,5,15,8,35,1,55,24,500472528,3,3,234,28,1274438062,367286144,95130,75203,939,1576,-521,-489,9,715,22319338,201,1428335,108,6,0,0,0,1778834101,559917518
462919625,2026,5,15,8,35,1,55,24,625472464,3,3,234,28,1274438055,367286138,95113,75186,939,1576,-496,-524,17,721,22659238,199,1412585,108,6,0,0,0,1778834101,690992383
462919750,2026,5,15,8,35,1,55,24,750472399,3,3,234,28,1274438048,367286133,95121,75194,939,1577,-479,-474,11,674,22471434,207,1508647,108,6,0,0,0,1778834101,814338023
462919875,2026,5,15,8,35,1,55,24,875472335,3,3,234,28,1274438044,367286129,95124,75197,939,1577,-410,-349,15,538,22041076,206,1904113,108,6,0,0,0,1778834101,940010524
462920000,2026,5,15,8,35,2,55,24,472270,3,3,234,28,1274438040,367286126,95120,75193,939,1577,-337,-340,11,479,22524638,208,2129308,108,6,0,0,0,1778834102,69720307
462920125,2026,5,15,8,35,2,55,24,125472206,3,3,234,28,1274438037,367286123,95109,75182,939,1578,-299,-248,10,388,21969882,207,2616177,108,6,0,0,0,1778834102,189439367
462920250,2026,5,15,8,35,2,55,24,250472141,3,3,234,28,1274438034,367286120,95120,75193,939,1578,-238,-242,-8,339,22551272,207,3002631,108,6,0,0,0,1778834102,313729156
462920375,2026,5,15,8,35,2,55,24,375472077,3,3,234,28,1274438032,367286119,95112,75185,940,1579,-171,-184,10,251,22716224,210,4164175,108,6,0,0,0,1778834102,436076276
462920500,2026,5,15,8,35,2,55,24,500472012,3,3,234,28,1274438030,367286117,95115,75188,940,1579,-207,-151,12,256,21610876,207,3965728,108,6,0,0,0,1778834102,564773501
462920625,2026,5,15,8,35,2,55,24,625471948,3,3,234,28,1274438029,367286116,95107,75181,940,1579,-131,-146,8,196,22031538,206,5193101,108,6,0,0,0,1778834102,688048346
462920750,2026,5,15,8,35,2,55,24,750471883,3,3,234,28,1274438027,367286115,95102,75175,940,1580,-123,-140,4,186,22031538,206,5458141,108,6,0,0,0,1778834102,812415780
462920875,2026,5,15,8,35,2,55,24,875471818,3,3,234,28,1274438025,367286113,95108,75182,940,1580,-139,-139,4,197,22031538,207,5165258,108,6,0,0,0,1778834102,937564048
462921000,2026,5,15,8,35,3,55,24,471754,3,3,234,28,1274438025,367286111,95095,75169,940,1581,-178,-81,13,196,22031538,204,5284049,108,6,0,0,0,1778834103,67561188
462921125,2026,5,15,8,35,3,55,24,125471689,3,3,234,28,1274438024,367286111,95089,75162,940,1581,-70,-52,20,87,22031538,205,11696622,108,6,0,0,0,1778834103,189003899
462921250,2026,5,15,8,35,3,55,24,250471625,3,3,234,28,1274438024,367286111,95087,75160,940,1581,-37,-17,21,41,22031538,191,18000000,108,6,0,0,0,1778834103,314615617
462921375,2026,5,15,8,35,3,55,24,375471560,3,3,234,28,1274438025,367286111,95084,75157,940,1581,25,2,18,25,22031538,183,18000000,108,6,0,0,0,1778834103,439010768
462921500,2026,5,15,8,35,3,55,24,500471496,3,3,234,28,1274438026,367286112,95089,75163,940,1582,53,73,13,90,22031538,195,11375922,108,6,0,0,0,1778834103,562798430
462921625,2026,5,15,8,35,3,55,24,625471431,3,3,234,28,1274438028,367286115,95095,75168,940,1582,164,97,8,190,22031538,198,5306180,108,6,0,0,0,1778834103,688574192
462921750,2026,5,15,8,35,3,55,24,750471367,3,3,234,28,1274438032,367286118,95090,75163,940,1582,260,209,5,334,3878432,198,3043662,108,6,0,0,0,1778834103,812617594
462921875,2026,5,15,8,35,3,55,24,875471302,3,3,234,28,1274438036,367286121,95099,75173,940,1582,261,274,3,378,4637964,197,2698429,108,6,0,0,0,1778834103,937486011
462922000,2026,5,15,8,35,4,55,24,471238,3,3,234,28,1274438041,367286126,95102,75175,940,1582,366,318,0,485,4095538,197,2090803,108,6,0,0,0,1778834104,67409945
462922125,2026,5,15,8,35,4,55,24,125471173,3,3,234,28,1274438047,367286132,95102,75176,940,1582,500,389,-4,633,3792563,197,1599166,108,6,0,0,0,1778834104,189617850
462922250,2026,5,15,8,35,4,55,24,250471109,3,3,234,28,1274438053,367286140,95106,75180,940,1582,593,384,-8,707,3290186,198,1432329,108,6,0,0,0,1778834104,312201347
462922375,2026,5,15,8,35,4,55,24,375471044,3,3,234,28,1274438060,367286148,95105,75178,940,1582,678,455,-10,817,3390477,201,1209101,108,6,0,0,0,1778834104,439182959
462922500,2026,5,15,8,35,4,55,24,500470980,3,3,234,28,1274438067,367286158,95122,75195,940,1582,791,483,-16,926,3140492,198,1049556,108,6,0,0,0,1778834104,564403384
462922625,2026,5,15,8,35,4,55,24,625470915,3,3,234,28,1274438074,367286169,95129,75203,940,1582,928,502,-18,1055,2843175,201,929033,108,6,0,0,0,1778834104,688772675
462922750,2026,5,15,8,35,4,55,24,750470850,3,3,234,28,1274438081,367286180,95137,75210,940,1582,989,450,-19,1086,2447845,197,895754,108,6,0,0,0,1778834104,813438445
462922875,2026,5,15,8,35,4,55,24,875470786,3,3,234,27,1274438086,367286191,95132,75205,940,1582,946,382,-17,1020,2196781,196,954614,118,6,0,0,0,1778834104,938652479
462923000,2026,5,15,8,35,5,55,24,470721,3,3,234,27,1274438091,367286201,95145,75218,940,1582,883,384,-18,963,2348305,195,1007923,118,6,0,0,0,1778834105,68826393
462923125,2026,5,15,8,35,5,55,24,125470657,3,3,234,27,1274438095,367286212,95138,75212,940,1582,952,303,-12,999,1766950,194,985450,118,6,0,0,0,1778834105,184955738
462923250,2026,5,15,8,35,5,55,24,250470592,3,3,234,27,1274438098,367286223,95173,75247,939,1581,970,228,-29,996,1325131,192,990558,118,6,0,0,0,1778834105,312764957
462923375,2026,5,15,8,35,5,55,24,375470528,3,3,234,27,1274438103,367286233,95161,75234,939,1581,924,309,-17,975,1850961,194,1000943,118,6,0,0,0,1778834105,437904392
462923500,2026,5,15,8,35,5,55,24,500470463,3,3,234,27,1274438106,367286245,95152,75225,939,1581,983,207,-14,1005,1190376,195,1022859,118,6,0,0,0,1778834105,563612187
462923625,2026,5,15,8,35,5,55,24,625470399,3,3,234,27,1274438108,367286256,95168,75241,939,1581,1019,153,-18,1030,855346,195,1005351,118,6,0,0,0,1778834105,688538970
462923750,2026,5,15,8,35,5,55,24,750470334,3,3,234,27,1274438110,367286270,95175,75248,939,1580,1140,133,-21,1148,664903,191,888332,118,6,0,0,0,1778834105,812648536
462923875,2026,5,15,8,35,5,55,24,875470270,3,3,234,27,1274438112,367286284,95179,75252,939,1579,1187,127,-25,1194,610220,188,837812,118,6,0,0,0,1778834105,937466555
462924000,2026,5,15,8,35,6,55,24,470205,3,3,234,27,1274438111,367286299,95180,75253,938,1579,1315,-4,-24,1315,35983632,185,776410,118,6,0,0,0,1778834106,62825079
462924125,2026,5,15,8,35,6,55,24,125470141,3,3,234,28,1274438110,367286315,95194,75268,938,1579,1374,-92,-29,1378,35618468,187,757988,108,6,0,0,0,1778834106,187623661
462924250,2026,5,15,8,35,6,55,24,250470076,3,3,234,28,1274438107,367286333,95183,75256,938,1578,1491,-178,-12,1502,35318652,187,705370,108,6,0,0,0,1778834106,313798903
462924375,2026,5,15,8,35,6,55,24,375470012,3,3,234,28,1274438103,367286351,95197,75271,938,1578,1575,-265,-23,1597,35043232,184,663318,108,6,0,0,0,1778834106,437758663
462924500,2026,5,15,8,35,6,55,24,500469947,3,3,234,28,1274438096,367286370,95206,75280,938,1578,1689,-478,-24,1755,34419504,182,597439,108,6,0,0,0,1778834106,561646884
462924625,2026,5,15,8,35,6,55,24,625469882,3,3,234,27,1274438087,367286390,95223,75296,938,1577,1764,-575,-29,1855,34195532,182,572159,118,6,0,0,0,1778834106,685778482
462924750,2026,5,15,8,35,6,55,24,750469818,3,3,234,27,1274438075,367286408,95237,75310,938,1577,1635,-806,-39,1823,33376686,182,590376,118,6,0,0,0,1778834106,810288470
462924875,2026,5,15,8,35,6,55,24,875469753,3,3,234,27,1274438061,367286428,95272,75345,938,1577,1714,-958,-57,1964,33080598,180,542761,118,6,0,0,0,1778834106,934185957
462925000,2026,5,15,8,35,7,55,24,469689,3,3,234,27,1274438045,367286447,95279,75353,937,1576,1713,-1119,-54,2046,32684332,173,524723,118,6,0,0,0,1778834107,65433299
462925125,2026,5,15,8,35,7,55,24,125469624,3,3,234,27,1274438026,367286465,95281,75355,937,1576,1616,-1285,-46,2065,32151706,171,525047,118,6,0,0,0,1778834107,189134841
462925250,2026,5,15,8,35,7,55,24,250469560,3,3,234,27,1274438006,367286481,95298,75371,937,1576,1523,-1391,-61,2063,31758462,170,532334,118,6,0,0,0,1778834107,312538814
462925375,2026,5,15,8,35,7,55,24,375469495,3,3,234,27,1274437985,367286497,95312,75386,937,1575,1444,-1490,-65,2075,31411658,169,565210,118,6,0,0,0,1778834107,437714840
462925500,2026,5,15,8,35,7,55,24,500469430,3,3,234,27,1274437962,367286513,95347,75420,937,1575,1424,-1577,-74,2125,31208550,168,570424,118,6,0,0,0,1778834107,562198943
462925625,2026,5,15,8,35,7,55,24,625469366,3,3,234,27,1274437938,367286528,95329,75403,937,1574,1364,-1682,-59,2166,30903040,173,554666,118,6,0,0,0,1778834107,687659338
462925750,2026,5,15,8,35,7,55,24,750469302,3,3,234,27,1274437911,367286544,95345,75418,937,1574,1438,-1874,-61,2362,30749350,176,511784,118,6,0,0,0,1778834107,812237448
462925875,2026,5,15,8,35,7,55,24,875469237,3,3,234,27,1274437886,367286561,95348,75421,938,1575,1434,-1795,-57,2298,30862932,176,556693,118,6,0,0,0,1778834107,937509911
462926000,2026,5,15,8,35,8,55,24,469172,3,3,234,27,1274437859,367286576,95357,75430,938,1575,1428,-1895,-58,2373,30700498,176,536344,118,6,0,0,0,1778834108,67531176
462926125,2026,5,15,8,35,8,55,24,125469108,3,3,234,27,1274437832,367286593,95369,75442,938,1576,1459,-1919,-63,2411,30723262,177,532720,118,6,0,0,0,1778834108,187604881
462926250,2026,5,15,8,35,8,55,24,250469043,3,3,234,27,1274437807,367286612,95362,75436,939,1576,1584,-1838,-58,2427,31076142,178,533456,118,6,0,0,0,1778834108,313166089
462926375,2026,5,15,8,35,8,55,24,375468979,3,3,234,27,1274437777,367286629,95381,75454,939,1577,1569,-2007,-61,2547,30801058,178,511340,118,6,0,0,0,1778834108,436657750
462926500,2026,5,15,8,35,8,55,24,500468914,3,3,234,27,1274437749,367286647,95384,75457,939,1578,1579,-1995,-59,2544,30836304,178,509609,118,6,0,0,0,1778834108,561278557
462926625,2026,5,15,8,35,8,55,24,625468850,3,3,234,27,1274437722,367286665,95395,75469,940,1579,1638,-1987,-64,2575,30950742,177,504982,118,6,0,0,0,1778834108,686992592
462926750,2026,5,15,8,35,8,55,24,750468785,3,3,234,27,1274437692,367286684,95414,75488,940,1579,1658,-2072,-71,2654,30866306,177,488089,118,6,0,0,0,1778834108,808955831
462926875,2026,5,15,8,35,8,55,24,875468721,3,3,234,27,1274437662,367286704,95389,75462,941,1580,1755,-2137,-48,2765,30939960,177,470653,118,6,0,0,0,1778834108,936457542
462927000,2026,5,15,8,35,9,55,24,468656,3,3,234,27,1274437630,367286724,95434,75508,941,1581,1780,-2232,-83,2855,30857910,177,454277,118,6,0,0,0,1778834109,65554858
462927125,2026,5,15,8,35,9,55,24,125468592,3,3,234,27,1274437599,367286746,95429,75502,942,1582,1871,-2235,-78,2915,30993702,177,445521,118,6,0,0,0,1778834109,187346780
462927250,2026,5,15,8,35,9,55,24,250468527,3,3,234,27,1274437565,367286768,95428,75502,942,1583,1978,-2386,-72,3100,30965740,177,418862,118,6,0,0,0,1778834109,312447006
462927375,2026,5,15,8,35,9,55,24,375468463,3,3,234,27,1274437531,367286792,95429,75503,943,1584,2040,-2401,-65,3151,31035300,176,398008,118,6,0,0,0,1778834109,437419501
462927500,2026,5,15,8,35,9,55,24,500468398,3,3,234,27,1274437495,367286818,95442,75515,943,1584,2223,-2525,-67,3364,31136174,176,370911,118,6,0,0,0,1778834109,561554813
462927625,2026,5,15,8,35,9,55,24,625468334,3,3,234,27,1274437459,367286843,95458,75532,943,1585,2227,-2573,-76,3403,31087966,176,363949,118,6,0,0,0,1778834109,684314140
462927750,2026,5,15,8,35,9,55,24,750468269,3,3,234,27,1274437424,367286869,95474,75547,944,1586,2298,-2533,-82,3421,31221600,175,363956,118,6,0,0,0,1778834109,810451384
462927875,2026,5,15,8,35,9,55,24,875468204,3,3,234,27,1274437389,367286897,95485,75558,944,1586,2409,-2530,-94,3494,31359600,176,355846,118,6,0,0,0,1778834109,937384761
462928000,2026,5,15,8,35,10,55,24,468140,3,3,234,27,1274437351,367286925,95482,75556,945,1587,2483,-2700,-81,3668,31260670,175,339258,118,6,0,0,0,1778834110,68490580
462928125,2026,5,15,8,35,10,55,24,125468075,3,3,234,27,1274437314,367286953,95486,75560,945,1588,2461,-2669,-84,3630,31268484,177,347245,118,6,0,0,0,1778834110,189325180
462928250,2026,5,15,8,35,10,55,24,250468011,3,3,234,27,1274437275,367286982,95523,75596,945,1588,2587,-2727,-106,3759,31348688,175,333129,118,6,0,0,0,1778834110,313663647
462928375,2026,5,15,8,35,10,55,24,375467946,3,3,234,27,1274437237,367287012,95560,75633,946,1589,2632,-2730,-119,3792,31394938,175,327525,118,6,0,0,0,1778834110,437240293
462928500,2026,5,15,8,35,10,55,24,500467882,3,3,234,27,1274437199,367287044,95548,75622,946,1590,2744,-2735,-100,3874,31510228,177,328400,118,6,0,0,0,1778834110,558376712
462928625,2026,5,15,8,35,10,55,24,625467817,3,3,234,27,1274437164,367287079,95540,75613,947,1591,2985,-2581,-84,3946,31915460,177,323098,118,6,0,0,0,1778834110,688265898
462928750,2026,5,15,8,35,10,55,24,750467753,3,3,234,27,1274437129,367287116,95551,75625,947,1591,3178,-2560,-89,4081,32114970,178,320184,118,6,0,0,0,1778834110,812371420
462928875,2026,5,15,8,35,10,55,24,875467688,3,3,234,27,1274437095,367287152,95587,75661,948,1592,3231,-2491,-114,4080,32236460,179,315655,118,6,0,0,0,1778834110,937517266
462929000,2026,5,15,8,35,11,55,24,467624,3,3,234,27,1274437060,367287190,95593,75667,948,1593,3295,-2547,-123,4164,32229664,179,316896,118,6,0,0,0,1778834111,67161277
462929125,2026,5,15,8,35,11,55,24,125467559,3,3,234,27,1274437023,367287226,95610,75683,949,1594,3239,-2614,-131,4162,32109894,179,321425,118,6,0,0,0,1778834111,188382973
462929250,2026,5,15,8,35,11,55,24,250467495,3,3,234,27,1274436983,367287261,95618,75692,950,1595,3138,-2781,-133,4192,31845276,182,326338,118,6,0,0,0,1778834111,312518632
462929375,2026,5,15,8,35,11,55,24,375467430,3,3,234,27,1274436942,367287289,95642,75716,950,1596,2751,-2865,-139,3972,31383936,178,342522,118,6,0,0,0,1778834111,435825316
462929500,2026,5,15,8,35,11,55,24,500467366,3,3,234,27,1274436897,367287313,95633,75707,951,1596,2368,-3027,-118,3843,30803736,181,356768,118,6,0,0,0,1778834111,563892066
462929625,2026,5,15,8,35,11,55,24,625467301,3,3,234,27,1274436850,367287332,95679,75753,952,1597,1947,-3181,-133,3730,30147078,184,371417,118,6,0,0,0,1778834111,688953792
462929750,2026,5,15,8,35,11,55,24,750467237,3,3,234,27,1274436802,367287350,95656,75729,953,1598,1731,-3384,-113,3801,29708720,187,358786,118,6,0,0,0,1778834111,812323398
462929875,2026,5,15,8,35,11,55,24,875467172,3,3,234,27,1274436750,367287365,95720,75793,954,1599,1497,-3542,-142,3845,29291556,191,355463,118,6,0,0,0,1778834111,937232814
462930000,2026,5,15,8,35,12,55,24,467108,3,3,234,27,1274436701,367287381,95687,75760,955,1600,1428,-3546,-108,3823,29194016,195,356525,118,6,0,0,0,1778834112,67305131
462930125,2026,5,15,8,35,12,55,24,125467043,3,3,234,27,1274436650,367287395,95721,75794,955,1601,1323,-3588,-115,3824,29023670,195,351798,118,6,0,0,0,1778834112,187469839
462930250,2026,5,15,8,35,12,55,24,250466979,3,3,234,27,1274436599,367287409,95728,75801,956,1602,1280,-3589,-100,3810,28962138,194,351501,118,6,0,0,0,1778834112,312603216
462930375,2026,5,15,8,35,12,55,24,375466914,3,3,234,27,1274436550,367287424,95717,75791,957,1603,1252,-3563,-85,3776,28935810,194,354740,118,6,0,0,0,1778834112,437132510
462930500,2026,5,15,8,35,12,55,24,500466850,3,3,234,27,1274436508,367287439,95734,75808,958,1604,1302,-3210,-84,3464,29207422,193,390908,118,6,0,0,0,1778834112,562172424
462930625,2026,5,15,8,35,12,55,24,625466785,3,3,234,27,1274436470,367287456,95732,75805,959,1605,1365,-2880,-76,3187,29535038,189,432965,118,6,0,0,0,1778834112,687439523
462930750,2026,5,15,8,35,12,55,24,750466720,3,3,234,27,1274436440,367287473,95767,75841,960,1606,1408,-2452,-90,2828,29986836,191,494630,118,6,0,0,0,1778834112,810416512
462930875,2026,5,15,8,35,12,55,24,875466656,3,3,234,27,1274436411,367287490,95761,75835,961,1608,1445,-2249,-88,2674,30271992,190,523182,118,6,0,0,0,1778834112,936720313
462931000,2026,5,15,8,35,13,55,24,466591,3,3,234,27,1274436385,367287506,95780,75853,962,1609,1397,-1986,-96,2428,30511550,187,605591,118,6,0,0,0,1778834113,66837872
462931125,2026,5,15,8,35,13,55,24,125466527,3,3,234,27,1274436359,367287520,95752,75826,963,1610,1283,-1919,-71,2309,30376092,182,635070,118,6,0,0,0,1778834113,187380638
462931250,2026,5,15,8,35,13,55,24,250466462,3,3,234,27,1274436336,367287535,95780,75853,964,1611,1293,-1774,-80,2195,30608588,182,666152,118,6,0,0,0,1778834113,310061835
462931375,2026,5,15,8,35,13,55,24,375466398,3,3,234,27,1274436313,367287549,95798,75872,965,1612,1247,-1686,-88,2097,30648422,183,699162,118,6,0,0,0,1778834113,436955220
462931500,2026,5,15,8,35,13,55,24,500466333,3,3,234,27,1274436292,367287564,95817,75891,966,1613,1274,-1573,-101,2024,30900672,181,742214,118,6,0,0,0,1778834113,561714814
462931625,2026,5,15,8,35,13,55,24,625466269,3,3,234,27,1274436267,367287578,95790,75864,967,1614,1254,-1744,-77,2148,30571836,187,690887,118,6,0,0,0,1778834113,686882625
462931750,2026,5,15,8,35,13,55,24,750466204,3,3,234,27,1274436244,367287593,95818,75892,968,1615,1325,-1682,-88,2141,30822792,182,671243,118,6,0,0,0,1778834113,811165519
462931875,2026,5,15,8,35,13,55,24,875466140,3,3,234,27,1274436222,367287610,95818,75891,969,1616,1415,-1627,-75,2156,31101914,176,666611,118,6,0,0,0,1778834113,936973661
462932000,2026,5,15,8,35,14,55,24,466075,3,3,234,27,1274436197,367287626,95831,75905,970,1617,1445,-1735,-75,2258,30979254,176,634341,118,6,0,0,0,1778834114,66072757
462932125,2026,5,15,8,35,14,55,24,125466011,3,3,234,27,1274436171,367287644,95840,75914,971,1618,1559,-1823,-75,2398,31053094,177,598422,118,6,0,0,0,1778834114,184709950
462932250,2026,5,15,8,35,14,55,24,250465946,3,3,234,27,1274436149,367287664,95859,75933,972,1618,1684,-1719,-83,2407,31441736,175,601887,118,6,0,0,0,1778834114,314279737
462932375,2026,5,15,8,35,14,55,24,375465882,3,3,234,27,1274436127,367287686,95850,75923,973,1619,1847,-1666,-67,2487,31795096,178,598724,118,6,0,0,0,1778834114,439219256
462932500,2026,5,15,8,35,14,55,24,500465817,3,3,234,27,1274436103,367287710,95910,75984,974,1620,2030,-1711,-104,2654,31987784,179,563684,118,6,0,0,0,1778834114,563252060
462932625,2026,5,15,8,35,14,55,24,625465752,3,3,234,27,1274436082,367287736,95892,75965,975,1621,2208,-1643,-94,2752,32334540,180,534826,118,6,0,0,0,1778834114,689355232
462932750,2026,5,15,8,35,14,55,24,750465688,3,3,234,27,1274436059,367287764,95927,76001,976,1621,2385,-1667,-112,2909,32505144,175,518886,118,6,0,0,0,1778834114,812964351
462932875,2026,5,15,8,35,14,55,24,875465623,3,3,234,27,1274436036,367287792,95941,76015,977,1622,2399,-1643,-115,2908,32558974,176,522575,118,6,0,0,0,1778834114,937761290
462933000,2026,5,15,8,35,15,55,24,465559,3,3,234,27,1274436013,367287821,95950,76023,977,1622,2524,-1665,-107,3024,32658078,176,489661,118,6,0,0,0,1778834115,64546192
462933125,2026,5,15,8,35,15,55,24,125465494,3,3,234,27,1274435990,367287852,95927,76001,978,1623,2673,-1695,-87,3165,32762254,176,465165,118,6,0,0,0,1778834115,188254287
462933250,2026,5,15,8,35,15,55,24,250465430,3,3,234,27,1274435965,367287883,95994,76067,979,1623,2734,-1743,-115,3242,32748406,176,440309,118,6,0,0,0,1778834115,314176299
462933375,2026,5,15,8,35,15,55,24,375465365,3,3,234,27,1274435941,367287916,95954,76028,980,1624,2831,-1728,-81,3316,32859592,179,423142,118,6,0,0,0,1778834115,439989477
462933500,2026,5,15,8,35,15,55,24,500465301,3,3,234,27,1274435920,367287950,95972,76046,980,1624,2948,-1639,-93,3373,33092144,177,410155,118,6,0,0,0,1778834115,563491446
462933625,2026,5,15,8,35,15,55,24,625465236,3,3,234,27,1274435896,367287986,96024,76098,981,1625,3162,-1704,-122,3592,33168976,178,383398,118,6,0,0,0,1778834115,688118748
462933750,2026,5,15,8,35,15,55,24,750465172,3,3,234,27,1274435873,367288024,95989,76063,981,1625,3253,-1688,-99,3664,33257844,179,374076,118,6,0,0,0,1778834115,812133492
462933875,2026,5,15,8,35,15,55,24,875465107,3,3,234,27,1274435846,367288058,96025,76099,982,1626,3126,-1836,-118,3626,32956710,176,382282,118,6,0,0,0,1778834115,934878435
462934000,2026,5,15,8,35,16,55,24,465043,3,3,234,27,1274435819,367288093,96025,76099,983,1627,3143,-1899,-112,3672,32886380,177,379400,118,6,0,0,0,1778834116,66798277
462934125,2026,5,15,8,35,16,55,24,125464978,3,3,234,27,1274435792,367288127,96035,76109,983,1627,3024,-1944,-122,3595,32726788,175,389569,118,6,0,0,0,1778834116,189046771
462934250,2026,5,15,8,35,16,55,24,250464914,3,3,234,27,1274435757,367288153,96057,76131,984,1628,2643,-2233,-125,3460,31981194,175,422268,118,6,0,0,0,1778834116,313163938
462934375,2026,5,15,8,35,16,55,24,375464849,3,3,234,27,1274435724,367288179,96056,76130,985,1628,2399,-2254,-98,3292,31678958,170,451403,118,6,0,0,0,1778834116,436842152
462934500,2026,5,15,8,35,16,55,24,500464785,3,3,234,27,1274435693,367288202,96047,76120,986,1628,2157,-2197,-86,3079,31447264,170,484444,118,6,0,0,0,1778834116,562249105
462934625,2026,5,15,8,35,16,55,24,625464720,3,3,234,27,1274435661,367288225,96040,76114,986,1628,2088,-2286,-81,3096,31241028,168,456843,118,6,0,0,0,1778834116,687010753
462934750,2026,5,15,8,35,16,55,24,750464656,3,3,234,28,1274435631,367288244,96085,76159,986,1627,1833,-2146,-99,2822,31049136,169,499289,108,6,0,0,0,1778834116,812073849
462934875,2026,5,15,8,35,16,55,24,875464591,3,3,234,28,1274435603,367288264,96063,76137,987,1627,1783,-2044,-79,2712,31109186,168,509048,108,6,0,0,0,1778834116,938762435
462935000,2026,5,15,8,35,17,55,24,464527,3,3,234,28,1274435577,367288284,96069,76143,987,1627,1787,-1927,-78,2628,31284808,169,532438,108,6,0,0,0,1778834117,68038920
462935125,2026,5,15,8,35,17,55,24,125464462,3,3,234,28,1274435552,367288305,96057,76130,988,1627,1811,-1843,-76,2584,31449888,170,542980,108,6,0,0,0,1778834117,188732470
462935250,2026,5,15,8,35,17,55,24,250464398,3,3,234,28,1274435527,367288327,96092,76166,988,1627,1860,-1807,-89,2593,31583958,169,552251,108,6,0,0,0,1778834117,314878068
462935375,2026,5,15,8,35,17,55,24,375464333,3,3,234,28,1274435503,367288350,96079,76153,989,1627,1960,-1786,-84,2651,31765854,168,547878,108,6,0,0,0,1778834117,440035383
462935500,2026,5,15,8,35,17,55,24,500464269,3,3,234,28,1274435478,367288373,96108,76182,989,1626,2030,-1812,-96,2721,31824636,168,525985,108,6,0,0,0,1778834117,565627381
462935625,2026,5,15,8,35,17,55,24,625464204,3,3,234,28,1274435452,367288396,96106,76180,990,1626,2050,-1859,-90,2768,31780162,170,525687,108,6,0,0,0,1778834117,690017000
462935750,2026,5,15,8,35,17,55,24,750464140,3,3,234,28,1274435423,367288420,96106,76180,990,1626,2106,-1994,-90,2900,31657108,170,502626,108,6,0,0,0,1778834117,810869239
462935875,2026,5,15,8,35,17,55,24,875464075,3,3,234,28,1274435397,367288447,96097,76171,990,1625,2243,-1972,-84,2987,31868300,168,479592,108,6,0,0,0,1778834117,938433219
462936000,2026,5,15,8,35,18,55,24,464011,3,3,234,28,1274435367,367288472,96107,76181,991,1625,2235,-2070,-87,3047,31719322,168,468962,108,6,0,0,0,1778834118,66980700
462936125,2026,5,15,8,35,18,55,24,125463946,3,3,234,28,1274435336,367288498,96105,76179,991,1624,2338,-2198,-79,3209,31676858,166,447255,108,6,0,0,0,1778834118,188065393
462936250,2026,5,15,8,35,18,55,24,250463881,3,3,234,28,1274435304,367288526,96151,76225,991,1624,2454,-2237,-100,3320,31764538,164,426231,108,6,0,0,0,1778834118,313647511
462936375,2026,5,15,8,35,18,55,24,375463817,3,3,234,28,1274435273,367288555,96143,76217,992,1623,2481,-2227,-80,3334,31808576,164,431289,108,6,0,0,0,1778834118,438884663
462936500,2026,5,15,8,35,18,55,24,500463752,3,3,234,28,1274435244,367288583,96175,76249,992,1623,2525,-2156,-97,3320,31951324,165,431141,108,6,0,0,0,1778834118,563936930
462936625,2026,5,15,8,35,18,55,24,625463688,3,3,234,28,1274435213,367288613,96154,76228,992,1622,2564,-2193,-80,3374,31946516,165,429236,108,6,0,0,0,1778834118,684919490
462936750,2026,5,15,8,35,18,55,24,750463623,3,3,234,28,1274435180,367288639,96223,76297,993,1622,2461,-2284,-115,3357,31714140,166,425234,108,6,0,0,0,1778834118,812170875
462936875,2026,5,15,8,35,18,55,24,875463559,3,3,234,28,1274435152,367288668,96226,76300,993,1622,2522,-2141,-108,3308,31967438,167,435951,108,6,0,0,0,1778834118,937614420
462937000,2026,5,15,8,35,19,55,24,463494,3,3,234,28,1274435121,367288695,96246,76320,994,1622,2427,-2131,-109,3230,31871946,166,442260,108,6,0,0,0,1778834119,67934125
462937125,2026,5,15,8,35,19,55,24,125463430,3,3,234,28,1274435096,367288722,96256,76330,994,1622,2402,-1938,-108,3086,32111130,166,456145,108,6,0,0,0,1778834119,189527214
462937250,2026,5,15,8,35,19,55,24,250463365,3,3,234,28,1274435070,367288747,96266,76340,994,1621,2254,-1852,-102,2918,32059802,165,474236,108,6,0,0,0,1778834119,313786436
462937375,2026,5,15,8,35,19,55,24,375463301,3,3,234,28,1274435047,367288771,96265,76339,994,1621,2130,-1742,-95,2751,32072126,164,501958,108,6,0,0,0,1778834119,438199296
462937500,2026,5,15,8,35,19,55,24,500463236,3,3,234,28,1274435025,367288791,96293,76367,994,1620,1884,-1594,-104,2468,31976826,164,556605,108,6,0,0,0,1778834119,558908404
462937625,2026,5,15,8,35,19,55,24,625463172,3,3,234,28,1274435001,367288811,96257,76331,995,1620,1835,-1646,-73,2465,31810442,163,563553,108,6,0,0,0,1778834119,688529109
462937750,2026,5,15,8,35,19,55,24,750463107,3,3,234,28,1274434979,367288829,96303,76377,995,1619,1709,-1587,-90,2332,31711694,164,596094,108,6,0,0,0,1778834119,812471424
462937875,2026,5,15,8,35,19,55,24,875463043,3,3,234,28,1274434957,367288850,96301,76375,995,1619,1764,-1599,-78,2381,31780968,164,581959,108,6,0,0,0,1778834119,938350686
462938000,2026,5,15,8,35,20,55,24,462978,3,3,234,28,1274434934,367288867,96320,76394,995,1618,1660,-1586,-83,2296,31630006,163,606390,108,6,0,0,0,1778834120,68568820
462938125,2026,5,15,8,35,20,55,24,125462913,3,3,234,28,1274434911,367288886,96347,76421,996,1618,1674,-1643,-91,2345,31554012,163,598004,108,6,0,0,0,1778834120,189708872
462938250,2026,5,15,8,35,20,55,24,250462849,3,3,234,28,1274434889,367288906,96347,76421,996,1617,1746,-1626,-82,2386,31703744,163,578966,108,6,0,0,0,1778834120,314659622
462938375,2026,5,15,8,35,20,55,24,375462784,3,3,234,28,1274434864,367288927,96362,76436,996,1617,1835,-1740,-85,2529,31651600,168,546413,108,6,0,0,0,1778834120,436982160
462938500,2026,5,15,8,35,20,55,24,500462720,3,3,234,28,1274434839,367288948,96355,76429,996,1616,1823,-1774,-73,2544,31577440,169,541225,108,6,0,0,0,1778834120,564836481
462938625,2026,5,15,8,35,20,55,24,625462655,3,3,234,28,1274434814,367288971,96390,76464,996,1616,1989,-1813,-95,2691,31765142,169,506711,108,6,0,0,0,1778834120,689882111
462938750,2026,5,15,8,35,20,55,24,750462591,3,3,234,28,1274434786,367288994,96401,76475,996,1615,2038,-1931,-87,2808,31654618,170,485944,108,6,0,0,0,1778834120,813843695
462938875,2026,5,15,8,35,20,55,24,875462526,3,3,234,28,1274434758,367289019,96410,76485,996,1615,2178,-2005,-82,2960,31737220,170,460487,108,6,0,0,0,1778834120,938718087
462939000,2026,5,15,8,35,21,55,24,462462,3,3,234,28,1274434727,367289044,96451,76525,996,1615,2224,-2114,-104,3069,31645986,168,441404,108,6,0,0,0,1778834121,68095006
462939125,2026,5,15,8,35,21,55,24,125462397,3,3,234,28,1274434697,367289070,96466,76540,996,1614,2317,-2173,-108,3177,31683436,168,416530,108,6,0,0,0,1778834121,189603889
462939250,2026,5,15,8,35,21,55,24,250462332,3,3,234,28,1274434665,367289098,96478,76552,996,1614,2410,-2276,-120,3315,31662944,168,404695,108,6,0,0,0,1778834121,314362712
462939375,2026,5,15,8,35,21,55,24,375462268,3,3,234,28,1274434631,367289126,96502,76576,996,1613,2478,-2333,-124,3403,31673178,168,394485,108,6,0,0,0,1778834121,440221984
462939500,2026,5,15,8,35,21,55,24,500462203,3,3,234,28,1274434596,367289156,96512,76586,996,1613,2613,-2478,-122,3601,31651950,168,376385,108,6,0,0,0,1778834121,564241979
462939625,2026,5,15,8,35,21,55,24,625462139,3,3,234,28,1274434563,367289185,96526,76600,997,1613,2613,-2409,-121,3554,31733638,170,383312,108,6,0,0,0,1778834121,689450823
462939750,2026,5,15,8,35,21,55,24,750462074,3,3,234,28,1274434528,367289213,96530,76605,997,1613,2533,-2444,-124,3520,31601684,170,378591,108,6,0,0,0,1778834121,813320020
462939875,2026,5,15,8,35,21,55,24,875462010,3,3,234,28,1274434494,367289241,96551,76625,997,1612,2499,-2467,-134,3512,31536882,169,377339,108,6,0,0,0,1778834121,937810481
462940000,2026,5,15,8,35,22,55,24,461945,3,3,234,28,1274434461,367289267,96540,76614,997,1612,2350,-2375,-106,3341,31469748,167,391855,108,6,0,0,0,1778834122,68708527
462940125,2026,5,15,8,35,22,55,24,125461881,3,3,234,28,1274434431,367289290,96540,76614,997,1612,2152,-2228,-95,3098,31400244,170,423004,108,6,0,0,0,1778834122,190695084
462940250,2026,5,15,8,35,22,55,24,250461816,3,3,234,28,1274434402,367289312,96574,76648,997,1612,1985,-2094,-110,2886,31346924,170,453010,108,6,0,0,0,1778834122,312601646
462940375,2026,5,15,8,35,22,55,24,375461752,3,3,234,28,1274434374,367289333,96595,76669,997,1612,1919,-2020,-110,2786,31354068,169,472733,108,6,0,0,0,1778834122,438810397
462940500,2026,5,15,8,35,22,55,24,500461687,3,3,234,28,1274434348,367289355,96593,76667,997,1612,1919,-1914,-101,2710,31507586,169,487146,108,6,0,0,0,1778834122,563270669
462940625,2026,5,15,8,35,22,55,24,625461623,3,3,234,28,1274434321,367289376,96607,76682,997,1612,1863,-1952,-112,2698,31366108,169,488999,108,6,0,0,0,1778834122,689429983
462940750,2026,5,15,8,35,22,55,24,750461558,3,3,234,28,1274434295,367289395,96617,76692,997,1611,1749,-1916,-113,2594,31240296,169,505988,108,6,0,0,0,1778834122,813531444
462940875,2026,5,15,8,35,22,55,24,875461494,3,3,234,28,1274434266,367289415,96612,76686,997,1611,1801,-2020,-96,2706,31171916,170,486631,108,6,0,0,0,1778834122,939789304
462941000,2026,5,15,8,35,23,55,24,461429,3,3,234,28,1274434239,367289436,96609,76683,997,1611,1786,-1966,-84,2657,31225098,170,490991,108,6,0,0,0,1778834123,68565682
462941125,2026,5,15,8,35,23,55,24,125461365,3,3,234,28,1274434208,367289457,96619,76693,997,1611,1860,-2133,-87,2830,31108570,170,470352,108,6,0,0,0,1778834123,185528792
462941250,2026,5,15,8,35,23,55,24,250461300,3,3,234,28,1274434179,367289478,96668,76743,997,1610,1891,-2106,-109,2831,31191866,170,469832,108,6,0,0,0,1778834123,313764764
462941375,2026,5,15,8,35,23,55,24,375461236,3,3,234,28,1274434149,367289498,96652,76726,997,1610,1844,-2168,-98,2846,31038366,171,467378,108,6,0,0,0,1778834123,439709021
462941500,2026,5,15,8,35,23,55,24,500461171,3,3,234,28,1274434117,367289520,96665,76739,997,1610,1914,-2241,-98,2947,31049888,172,453195,108,6,0,0,0,1778834123,564668267
462941625,2026,5,15,8,35,23,55,24,625461107,3,3,234,28,1274434088,367289542,96676,76750,997,1610,1934,-2142,-102,2886,31207706,173,458922,108,6,0,0,0,1778834123,689251122
462941750,2026,5,15,8,35,23,55,24,750461042,3,3,234,28,1274434056,367289566,96686,76761,997,1610,2043,-2253,-108,3042,31220260,173,433412,108,6,0,0,0,1778834123,814184119
462941875,2026,5,15,8,35,23,55,24,875460977,3,3,234,28,1274434021,367289589,96717,76791,997,1610,2060,-2421,-118,3179,31039946,173,416007,108,6,0,0,0,1778834123,938833600
462942000,2026,5,15,8,35,24,55,24,460913,3,3,234,28,1274433988,367289613,96709,76783,997,1609,2093,-2425,-103,3204,31080120,173,414902,108,6,0,0,0,1778834124,64357275
462942125,2026,5,15,8,35,24,55,24,125460849,3,3,234,28,1274433953,367289638,96718,76792,997,1609,2213,-2509,-109,3345,31141622,172,398249,108,6,0,0,0,1778834124,188184135
462942250,2026,5,15,8,35,24,55,24,250460784,3,3,234,28,1274433915,367289665,96756,76831,997,1609,2316,-2658,-119,3525,31106930,172,374593,108,6,0,0,0,1778834124,313448883
462942375,2026,5,15,8,35,24,55,24,375460719,3,3,234,28,1274433877,367289692,96759,76834,997,1609,2390,-2713,-119,3615,31138354,171,360354,108,6,0,0,0,1778834124,437577619
462942500,2026,5,15,8,35,24,55,24,500460655,3,3,234,28,1274433838,367289720,96776,76850,997,1608,2455,-2773,-126,3703,31152540,178,351283,108,6,0,0,0,1778834124,560707606
462942625,2026,5,15,8,35,24,55,24,625460590,3,3,234,28,1274433798,367289750,96767,76841,997,1608,2562,-2865,-115,3843,31180524,179,339216,108,6,0,0,0,1778834124,686398508
462942750,2026,5,15,8,35,24,55,24,750460526,3,3,234,28,1274433758,367289777,96778,76853,997,1608,2493,-2855,-119,3790,31112522,179,341997,108,6,0,0,0,1778834124,810642532
462942875,2026,5,15,8,35,24,55,24,875460461,3,3,234,28,1274433719,367289805,96799,76874,997,1607,2489,-2820,-121,3762,31143428,179,344146,108,6,0,0,0,1778834124,934525628
462943000,2026,5,15,8,35,25,55,24,460397,3,3,234,28,1274433681,367289832,96822,76897,997,1607,2423,-2707,-119,3633,31183596,179,354043,108,6,0,0,0,1778834125,65889307
462943125,2026,5,15,8,35,25,55,24,125460332,3,3,234,28,1274433649,367289859,96823,76897,997,1606,2381,-2462,-113,3425,31403886,173,376629,108,6,0,0,0,1778834125,187618192
462943250,2026,5,15,8,35,25,55,24,250460268,3,3,234,28,1274433618,367289885,96824,76899,996,1606,2284,-2286,-101,3232,31498166,173,405384,108,6,0,0,0,1778834125,312391603
462943375,2026,5,15,8,35,25,55,24,375460203,3,3,234,28,1274433588,367289909,96841,76916,996,1605,2198,-2211,-108,3117,31482512,171,418715,108,6,0,0,0,1778834125,436531016
462943500,2026,5,15,8,35,25,55,24,500460139,3,3,234,28,1274433558,367289934,96828,76902,996,1605,2147,-2184,-101,3062,31451996,173,424278,108,6,0,0,0,1778834125,560638306
462943625,2026,5,15,8,35,25,55,24,625460074,3,3,234,28,1274433531,367289958,96854,76928,996,1605,2134,-2017,-111,2936,31661432,172,427040,108,6,0,0,0,1778834125,686373148
462943750,2026,5,15,8,35,25,55,24,750460010,3,3,234,28,1274433503,367289982,96842,76916,996,1604,2134,-2011,-92,2932,31670374,173,427780,108,6,0,0,0,1778834125,811109189
462943875,2026,5,15,8,35,25,55,24,875459945,3,3,234,28,1274433474,367290007,96856,76931,996,1604,2170,-2062,-98,2994,31646084,173,438013,108,6,0,0,0,1778834125,937272176
462944000,2026,5,15,8,35,26,55,24,459881,3,3,234,28,1274433444,367290031,96852,76927,995,1604,2165,-2137,-92,3042,31538330,172,432010,108,6,0,0,0,1778834126,65459647
462944125,2026,5,15,8,35,26,55,24,125459816,3,3,234,28,1274433415,367290057,96897,76971,995,1603,2242,-2114,-118,3082,31667798,172,402398,108,6,0,0,0,1778834126,186527251
462944250,2026,5,15,8,35,26,55,24,250459752,3,3,234,28,1274433384,367290083,96883,76957,995,1602,2296,-2209,-108,3186,31610250,172,389066,108,6,0,0,0,1778834126,311650139
462944375,2026,5,15,8,35,26,55,24,375459687,3,3,234,28,1274433352,367290111,96901,76975,995,1602,2419,-2270,-117,3317,31682928,171,371485,108,6,0,0,0,1778834126,437122549
462944500,2026,5,15,8,35,26,55,24,500459623,3,3,234,28,1274433321,367290138,96911,76985,994,1601,2390,-2275,-120,3300,31641470,171,386540,108,6,0,0,0,1778834126,562935995
462944625,2026,5,15,8,35,26,55,24,625459558,3,3,234,28,1274433288,367290165,96910,76984,994,1601,2391,-2303,-109,3319,31607372,171,386298,108,6,0,0,0,1778834126,688182919
462944750,2026,5,15,8,35,26,55,24,750459494,3,3,234,27,1274433258,367290192,96907,76981,994,1600,2395,-2224,-106,3268,31712074,171,380761,119,6,0,0,0,1778834126,809660357
462944875,2026,5,15,8,35,26,55,24,875459429,3,3,234,27,1274433225,367290219,96926,77000,994,1600,2406,-2301,-110,3329,31626850,170,369606,119,6,0,0,0,1778834126,937735546
462945000,2026,5,15,8,35,27,55,24,459365,3,3,234,27,1274433194,367290245,96921,76995,993,1599,2308,-2257,-111,3228,31564556,170,380444,119,6,0,0,0,1778834127,66207920
462945125,2026,5,15,8,35,27,55,24,125459300,3,3,234,27,1274433163,367290270,96904,76978,993,1599,2253,-2252,-87,3185,31500108,171,398829,119,6,0,0,0,1778834127,188054092
462945250,2026,5,15,8,35,27,55,24,250459236,3,3,234,27,1274433131,367290296,96904,76979,993,1598,2244,-2300,-82,3213,31429806,171,398845,119,6,0,0,0,1778834127,313387572
462945375,2026,5,15,8,35,27,55,24,375459171,3,3,234,27,1274433101,367290321,96933,77007,992,1598,2276,-2209,-99,3171,31585562,170,376057,119,6,0,0,0,1778834127,438480660
462945500,2026,5,15,8,35,27,55,24,500459107,3,3,234,28,1274433071,367290345,96918,76992,992,1597,2118,-2162,-84,3027,31442096,170,392077,108,6,0,0,0,1778834127,562390275
462945625,2026,5,15,8,35,27,55,24,625459043,3,3,234,28,1274433040,367290367,96920,76994,991,1597,2050,-2194,-80,3003,31306370,170,392634,108,6,0,0,0,1778834127,683115256
462945750,2026,5,15,8,35,27,55,24,750458978,3,3,234,28,1274433011,367290390,96922,76997,991,1596,2040,-2126,-81,2947,31381630,171,415206,108,6,0,0,0,1778834127,810567454
462945875,2026,5,15,8,35,27,55,24,875458914,3,3,234,28,1274432980,367290414,96931,77005,991,1595,2094,-2183,-81,3025,31380028,170,402034,108,6,0,0,0,1778834127,935946245
462946000,2026,5,15,8,35,28,55,24,458849,3,3,234,28,1274432949,367290438,96939,77013,990,1595,2106,-2240,-87,3074,31324250,169,385868,108,6,0,0,0,1778834128,67300417
462946125,2026,5,15,8,35,28,55,24,125458785,3,3,234,28,1274432918,367290461,96939,77014,990,1594,2068,-2273,-92,3073,31229608,169,382913,108,6,0,0,0,1778834128,188809159
462946250,2026,5,15,8,35,28,55,24,250458720,3,3,234,28,1274432882,367290484,96939,77013,989,1593,2070,-2480,-81,3230,30985464,168,366641,108,6,0,0,0,1778834128,312884183
462946375,2026,5,15,8,35,28,55,24,375458656,3,3,234,28,1274432845,367290508,96937,77011,988,1592,2070,-2584,-74,3310,30870038,169,362553,108,6,0,0,0,1778834128,437133351
462946500,2026,5,15,8,35,28,55,24,500458591,3,3,234,28,1274432810,367290531,96976,77051,988,1590,2100,-2564,-90,3314,30932772,169,342942,108,6,0,0,0,1778834128,557363048
462946625,2026,5,15,8,35,28,55,24,625458527,3,3,234,28,1274432773,367290556,96978,77052,987,1588,2158,-2595,-77,3375,30975026,161,322764,108,6,0,0,0,1778834128,688160169
462946750,2026,5,15,8,35,28,55,24,750458462,3,3,234,28,1274432737,367290582,96994,77069,985,1586,2277,-2629,-88,3477,31089414,162,311037,108,6,0,0,0,1778834128,812272298
462946875,2026,5,15,8,35,28,55,24,875458397,3,3,234,28,1274432701,367290609,97008,77083,985,1584,2379,-2615,-99,3535,31229524,163,311943,108,6,0,0,0,1778834128,938187471
462947000,2026,5,15,8,35,29,55,24,458333,3,3,234,28,1274432664,367290637,97007,77081,984,1582,2449,-2604,-86,3575,31323950,164,312030,108,6,0,0,0,1778834129,67991149
462947125,2026,5,15,8,35,29,55,24,125458268,3,3,234,28,1274432629,367290666,97027,77102,983,1580,2482,-2584,-97,3583,31384572,163,304828,108,6,0,0,0,1778834129,187886400
462947250,2026,5,15,8,35,29,55,24,250458204,3,3,234,28,1274432592,367290692,97031,77106,982,1578,2409,-2631,-95,3567,31247788,163,303506,108,6,0,0,0,1778834129,312217540
462947375,2026,5,15,8,35,29,55,24,375458139,3,3,234,28,1274432554,367290719,97067,77142,981,1576,2352,-2688,-111,3572,31118528,163,303689,108,6,0,0,0,1778834129,435468492
462947500,2026,5,15,8,35,29,55,24,500458075,3,3,234,28,1274432518,367290745,97071,77146,980,1575,2359,-2598,-100,3510,31223762,164,315897,108,6,0,0,0,1778834129,563398113
462947625,2026,5,15,8,35,29,55,24,625458010,3,3,234,28,1274432481,367290772,97086,77161,979,1573,2381,-2625,-103,3543,31220628,164,313001,108,6,0,0,0,1778834129,688919475
462947750,2026,5,15,8,35,29,55,24,750457946,3,3,234,28,1274432445,367290801,97082,77157,978,1571,2466,-2605,-101,3587,31343078,165,296652,108,6,0,0,0,1778834129,812848990
462947875,2026,5,15,8,35,29,55,24,875457881,3,3,234,27,1274432410,367290828,97101,77176,977,1569,2441,-2572,-107,3545,31350196,165,298313,119,6,0,0,0,1778834129,938031678
462948000,2026,5,15,8,35,30,55,24,457817,3,3,234,27,1274432375,367290854,97115,77189,976,1567,2331,-2509,-103,3425,31288554,161,302798,119,6,0,0,0,1778834130,67891296
462948125,2026,5,15,8,35,30,55,24,125457752,3,3,234,27,1274432341,367290881,97119,77194,975,1566,2361,-2434,-94,3391,31412336,162,317066,119,6,0,0,0,1778834130,188997572
462948250,2026,5,15,8,35,30,55,24,250457688,3,3,234,27,1274432308,367290906,97152,77227,974,1564,2307,-2389,-110,3321,31399334,163,323615,119,6,0,0,0,1778834130,314268200
462948375,2026,5,15,8,35,30,55,24,375457623,3,3,234,27,1274432275,367290932,97149,77224,973,1562,2301,-2373,-95,3306,31411474,162,310938,119,6,0,0,0,1778834130,440004447
462948500,2026,5,15,8,35,30,55,24,500457559,3,3,234,27,1274432243,367290958,97148,77223,972,1560,2292,-2310,-89,3254,31478470,161,314706,119,6,0,0,0,1778834130,563133559
462948625,2026,5,15,8,35,30,55,24,625457494,3,3,234,27,1274432210,367290985,97183,77258,971,1558,2324,-2379,-97,3326,31433260,162,308818,119,6,0,0,0,1778834130,687013690
462948750,2026,5,15,8,35,30,55,24,750457430,3,3,234,27,1274432177,367291011,97177,77252,970,1557,2364,-2359,-89,3340,31505168,163,307514,119,6,0,0,0,1778834130,810640397
462948875,2026,5,15,8,35,30,55,24,875457365,3,3,234,27,1274432144,367291038,97197,77272,969,1555,2361,-2396,-101,3364,31457392,162,304961,119,6,0,0,0,1778834130,936421537
462949000,2026,5,15,8,35,31,55,24,457301,3,3,234,27,1274432110,367291065,97217,77292,969,1553,2412,-2416,-107,3414,31495142,162,299255,119,6,0,0,0,1778834131,68089196
462949125,2026,5,15,8,35,31,55,24,125457236,3,3,234,27,1274432077,367291092,97231,77305,968,1551,2399,-2351,-109,3359,31557942,162,302946,119,6,0,0,0,1778834131,188107210
462949250,2026,5,15,8,35,31,55,24,250457172,3,3,234,27,1274432046,367291118,97219,77294,967,1549,2335,-2268,-90,3255,31584180,163,313088,119,6,0,0,0,1778834131,310733929
462949375,2026,5,15,8,35,31,55,24,375457107,3,3,234,27,1274432015,367291145,97244,77319,966,1548,2320,-2252,-93,3233,31584798,163,317278,119,6,0,0,0,1778834131,437570159
462949500,2026,5,15,8,35,31,55,24,500457043,3,3,234,27,1274431984,367291170,97245,77320,965,1546,2298,-2216,-89,3192,31603496,163,320436,119,6,0,0,0,1778834131,561870666
462949625,2026,5,15,8,35,31,55,24,625456978,3,3,234,27,1274431954,367291196,97251,77326,964,1544,2275,-2144,-94,3126,31669532,163,326499,119,6,0,0,0,1778834131,687817761
462949750,2026,5,15,8,35,31,55,24,750456914,3,3,234,27,1274431926,367291221,97266,77341,963,1543,2220,-2079,-97,3042,31687918,170,336691,119,6,0,0,0,1778834131,811328147
462949875,2026,5,15,8,35,31,55,24,875456849,3,3,234,27,1274431896,367291246,97251,77325,963,1541,2249,-2119,-79,3090,31670036,171,332524,119,6,0,0,0,1778834131,937480284
462950000,2026,5,15,8,35,32,55,24,456785,3,3,234,27,1274431866,367291272,97269,77344,962,1540,2240,-2136,-87,3095,31636440,171,331212,119,6,0,0,0,1778834132,67022946
462950125,2026,5,15,8,35,32,55,24,125456720,3,3,234,27,1274431837,367291297,97270,77345,961,1538,2226,-2086,-87,3051,31686694,171,337167,119,6,0,0,0,1778834132,184767375
462950250,2026,5,15,8,35,32,55,24,250456656,3,3,234,27,1274431806,367291324,97257,77332,960,1537,2340,-2175,-74,3195,31709740,172,324196,119,6,0,0,0,1778834132,312226063
462950375,2026,5,15,8,35,32,55,24,375456591,3,3,234,27,1274431775,367291351,97288,77363,960,1536,2394,-2204,-91,3254,31737150,172,321391,119,6,0,0,0,1778834132,437042011
462950500,2026,5,15,8,35,32,55,24,500456527,3,3,234,27,1274431745,367291378,97292,77367,959,1535,2415,-2176,-87,3250,31798414,172,332868,119,6,0,0,0,1778834132,562626042
462950625,2026,5,15,8,35,32,55,24,625456462,3,3,234,27,1274431713,367291406,97310,77385,959,1534,2470,-2252,-98,3343,31764656,172,325498,119,6,0,0,0,1778834132,687666921
462950750,2026,5,15,8,35,32,55,24,750456398,3,3,234,27,1274431681,367291435,97314,77389,958,1533,2511,-2266,-93,3383,31793022,173,321391,119,6,0,0,0,1778834132,810990683
462950875,2026,5,15,8,35,32,55,24,875456333,3,3,234,27,1274431650,367291462,97322,77397,958,1532,2480,-2233,-95,3337,31799124,173,327294,119,6,0,0,0,1778834132,936947660
462951000,2026,5,15,8,35,33,55,24,456269,3,3,234,27,1274431621,367291490,97337,77412,957,1531,2473,-2113,-103,3253,31949212,173,334935,119,6,0,0,0,1778834133,61196544
462951125,2026,5,15,8,35,33,55,24,125456204,3,3,234,27,1274431592,367291516,97342,77417,957,1530,2343,-2048,-94,3112,31884328,176,351745,119,6,0,0,0,1778834133,186916969
462951250,2026,5,15,8,35,33,55,24,250456140,3,3,234,27,1274431567,367291540,97347,77422,956,1529,2178,-1846,-83,2855,31972032,178,382666,119,6,0,0,0,1778834133,311799111
462951375,2026,5,15,8,35,33,55,24,375456075,3,3,234,27,1274431545,367291560,97341,77416,956,1528,1924,-1649,-81,2534,31940364,175,433962,119,6,0,0,0,1778834133,436938059
462951500,2026,5,15,8,35,33,55,24,500456011,3,3,234,27,1274431524,367291578,97339,77414,955,1528,1709,-1512,-75,2281,31850736,175,483986,119,6,0,0,0,1778834133,561089239
462951625,2026,5,15,8,35,33,55,24,625455946,3,3,234,27,1274431505,367291594,97349,77424,955,1527,1530,-1369,-73,2053,31817570,174,538275,119,6,0,0,0,1778834133,686129934
462951750,2026,5,15,8,35,33,55,24,750455882,3,3,234,27,1274431490,367291609,97350,77425,954,1526,1392,-1164,-71,1814,32011498,176,607738,119,6,0,0,0,1778834133,810204161
462951875,2026,5,15,8,35,33,55,24,875455817,3,3,234,27,1274431475,367291621,97355,77430,954,1526,1176,-1067,-68,1588,31778736,176,694289,119,6,0,0,0,1778834133,933898896
462952000,2026,5,15,8,35,34,55,24,455753,3,3,234,27,1274431463,367291632,97342,77417,954,1526,1040,-917,-48,1386,31859578,177,794970,119,6,0,0,0,1778834134,66941108
462952125,2026,5,15,8,35,34,55,24,125455688,3,3,234,27,1274431452,367291641,97341,77416,953,1525,879,-783,-45,1178,31830408,177,939256,119,6,0,0,0,1778834134,187958167
462952250,2026,5,15,8,35,34,55,24,250455624,3,3,234,27,1274431443,367291649,97356,77431,953,1525,758,-670,-51,1012,31852030,177,1093301,119,6,0,0,0,1778834134,312457769
462952375,2026,5,15,8,35,34,55,24,375455559,3,3,234,27,1274431436,367291657,97346,77421,953,1524,707,-546,-37,893,32230366,180,1226863,119,6,0,0,0,1778834134,436160802
462952500,2026,5,15,8,35,34,55,24,500455495,3,3,234,27,1274431430,367291662,97345,77420,952,1524,553,-447,-33,711,32103334,179,1542680,119,6,0,0,0,1778834134,560885880
462952625,2026,5,15,8,35,34,55,24,625455430,3,3,234,27,1274431425,367291665,97344,77419,952,1524,397,-339,-24,522,31950204,178,2126532,119,6,0,0,0,1778834134,688531561
462952750,2026,5,15,8,35,34,55,24,750455365,3,3,234,27,1274431423,367291667,97339,77414,952,1523,224,-211,-16,308,31667672,175,3612583,119,6,0,0,0,1778834134,813154573
462952875,2026,5,15,8,35,34,55,24,875455301,3,3,234,27,1274431420,367291669,97326,77401,951,1523,211,-188,-8,283,31838040,176,3908358,119,6,0,0,0,1778834134,939505425
462953000,2026,5,15,8,35,35,55,24,455236,3,3,234,27,1274431417,367291671,97360,77435,951,1522,181,-187,-32,260,31408832,174,4286857,119,6,0,0,0,1778834135,66761271
462953125,2026,5,15,8,35,35,55,24,125455172,3,3,234,27,1274431416,367291672,97341,77416,951,1522,170,-90,-19,192,31669338,185,5487168,119,6,0,0,0,1778834135,187487940
462953250,2026,5,15,8,35,35,55,24,250455107,3,3,234,27,1274431414,367291673,97347,77422,950,1522,125,-146,-22,192,31669338,172,5891024,119,6,0,0,0,1778834135,312067982
462953375,2026,5,15,8,35,35,55,24,375455043,3,3,234,27,1274431413,367291674,97352,77427,950,1521,90,-74,-17,116,31669338,179,9499294,119,6,0,0,0,1778834135,437077193
462953500,2026,5,15,8,35,35,55,24,500454978,3,3,234,27,1274431412,367291674,97343,77418,949,1521,48,-43,-10,64,31669338,175,17078524,119,6,0,0,0,1778834135,562611899
462953625,2026,5,15,8,35,35,55,24,625454914,3,3,234,27,1274431412,367291675,97352,77427,949,1520,59,-22,-13,63,31669338,188,16296036,119,6,0,0,0,1778834135,687769704
462953750,2026,5,15,8,35,35,55,24,750454849,3,3,234,27,1274431412,367291674,97334,77409,949,1520,-21,29,2,35,31669338,167,18000000,119,6,0,0,0,1778834135,809008992
462953875,2026,5,15,8,35,35,55,24,875454785,3,3,234,27,1274431412,367291674,97340,77415,948,1519,-24,6,-6,25,31669338,189,18000000,119,6,0,0,0,1778834135,935826517
462954000,2026,5,15,8,35,36,55,24,454720,3,3,234,27,1274431413,367291672,97343,77418,948,1519,-81,32,-16,87,31669338,186,11723962,119,6,0,0,0,1778834136,64671817
462954125,2026,5,15,8,35,36,55,24,125454656,3,3,234,27,1274431414,367291672,97358,77433,947,1519,-38,76,-22,85,31669338,164,13578968,119,6,0,0,0,1778834136,186038323
462954250,2026,5,15,8,35,36,55,24,250454591,3,3,234,27,1274431414,367291671,97352,77427,947,1518,-65,54,-17,84,31669338,177,12990942,119,6,0,0,0,1778834136,312049758
462954375,2026,5,15,8,35,36,55,24,375454526,3,3,234,27,1274431415,367291670,97340,77415,947,1518,-60,63,-9,87,31669338,170,12628524,119,6,0,0,0,1778834136,436766907
462954500,2026,5,15,8,35,36,55,24,500454462,3,3,234,27,1274431416,367291668,97339,77414,946,1517,-114,60,-21,128,31669338,181,8059209,119,6,0,0,0,1778834136,560506721
462954625,2026,5,15,8,35,36,55,24,625454397,3,3,234,27,1274431418,367291667,97339,77414,946,1517,-103,150,-24,182,31669338,165,6138571,119,6,0,0,0,1778834136,681990832
462954750,2026,5,15,8,35,36,55,24,750454333,3,3,234,27,1274431419,367291666,97322,77397,946,1517,-101,78,-7,127,31669338,176,8425046,119,6,0,0,0,1778834136,809864395
462954875,2026,5,15,8,35,36,55,24,875454269,3,3,234,27,1274431421,367291665,97311,77386,945,1516,-77,123,2,145,31669338,166,7764728,119,6,0,0,0,1778834136,935800386
462955000,2026,5,15,8,35,37,55,24,454204,3,3,234,27,1274431421,367291663,97324,77399,945,1516,-142,72,-13,160,31669338,182,6550314,119,6,0,0,0,1778834137,66693441
462955125,2026,5,15,8,35,37,55,24,125454139,3,3,234,27,1274431423,367291662,97328,77403,944,1516,-104,116,-14,155,31669338,169,7139313,119,6,0,0,0,1778834137,186853518
462955250,2026,5,15,8,35,37,55,24,250454075,3,3,234,27,1274431424,367291661,97319,77394,944,1515,-82,90,-6,122,31669338,170,9093820,119,6,0,0,0,1778834137,312554497
462955375,2026,5,15,8,35,37,55,24,375454011,3,3,234,27,1274431426,367291660,97300,77375,944,1515,-84,152,7,174,31669338,165,6519532,119,6,0,0,0,1778834137,436605937
462955500,2026,5,15,8,35,37,55,24,500453946,3,3,234,27,1274431426,367291658,97309,77384,943,1515,-120,57,-7,133,31669338,184,7802438,119,6,0,0,0,1778834137,557366463
462955625,2026,5,15,8,35,37,55,24,625453881,3,3,234,27,1274431428,367291657,97307,77382,943,1514,-109,95,-10,145,31669338,173,7532255,119,6,0,0,0,1778834137,687231933
462955750,2026,5,15,8,35,37,55,24,750453817,3,3,234,27,1274431429,367291656,97286,77361,943,1514,-104,98,7,143,31669338,172,7690673,119,6,0,0,0,1778834137,811202926
462955875,2026,5,15,8,35,37,55,24,875453752,3,3,234,27,1274431431,367291654,97292,77367,942,1514,-124,117,2,170,31669338,172,6429513,119,6,0,0,0,1778834137,937433953
462956000,2026,5,15,8,35,38,55,24,453688,3,3,234,27,1274431431,367291653,97282,77357,942,1514,-125,71,11,144,31669338,180,7319971,119,6,0,0,0,1778834138,66044774
462956125,2026,5,15,8,35,38,55,24,125453624,3,3,234,27,1274431433,367291652,97280,77355,942,1513,-94,112,5,146,31669338,169,7624347,119,6,0,0,0,1778834138,186928448
462956250,2026,5,15,8,35,38,55,24,250453559,3,3,234,27,1274431434,367291650,97280,77355,941,1513,-106,61,-2,122,31669338,181,8636852,119,6,0,0,0,1778834138,312856602
462956375,2026,5,15,8,35,38,55,24,375453495,3,3,234,27,1274431435,367291649,97259,77334,941,1513,-126,103,18,163,31669338,174,6644703,119,6,0,0,0,1778834138,434291844
462956500,2026,5,15,8,35,38,55,24,500453430,3,3,234,27,1274431437,367291648,97265,77340,941,1513,-89,114,5,144,31669338,169,7897216,119,6,0,0,0,1778834138,562609929
462956625,2026,5,15,8,35,38,55,24,625453366,3,3,234,27,1274431438,367291647,97255,77330,941,1513,-89,99,11,133,31669338,171,8500484,119,6,0,0,0,1778834138,687876197
462956750,2026,5,15,8,35,38,55,24,750453301,3,3,234,27,1274431439,367291645,97262,77337,940,1512,-94,67,0,115,31669338,177,9297794,119,6,0,0,0,1778834138,811626800
462956875,2026,5,15,8,35,38,55,24,875453236,3,3,234,27,1274431440,367291645,97250,77325,940,1512,-48,92,10,104,31669338,166,10915896,119,6,0,0,0,1778834138,936756076
462957000,2026,5,15,8,35,39,55,24,453172,3,3,234,27,1274431438,367291646,97263,77338,940,1512,59,-77,-1,97,31669338,169,11601404,119,6,0,0,0,1778834139,65881529
462957125,2026,5,15,8,35,39,55,24,125453108,3,3,234,27,1274431438,367291646,97233,77308,939,1512,11,-23,9,26,31669338,163,18000000,119,6,0,0,0,1778834139,186747398
462957250,2026,5,15,8,35,39,55,24,250453043,3,3,234,27,1274431439,367291645,97252,77327,939,1512,-27,65,-11,70,31669338,165,16251092,119,6,0,0,0,1778834139,311787406
462957375,2026,5,15,8,35,39,55,24,375452979,3,3,234,27,1274431439,367291645,97254,77329,939,1512,-8,36,-4,37,31669338,166,18000000,119,6,0,0,0,1778834139,437094184
462957500,2026,5,15,8,35,39,55,24,500452914,3,3,234,27,1274431438,367291645,97241,77316,939,1511,-2,-36,7,36,31669338,169,18000000,119,6,0,0,0,1778834139,560656938
462957625,2026,5,15,8,35,39,55,24,625452850,3,3,234,27,1274431438,367291645,97238,77313,938,1511,22,-5,2,23,31669338,190,18000000,119,6,0,0,0,1778834139,685705740
462957750,2026,5,15,8,35,39,55,24,750452785,3,3,234,27,1274431439,367291645,97212,77287,938,1511,21,37,15,42,31669338,187,18000000,119,6,0,0,0,1778834139,809729402
462957875,2026,5,15,8,35,39,55,24,875452721,3,3,234,26,1274431439,367291645,97204,77279,938,1511,-31,7,22,32,31669338,178,18000000,125,6,0,0,0,1778834139,935293006
462958000,2026,5,15,8,35,40,55,24,452656,3,3,234,27,1274431439,367291645,97219,77294,937,1510,25,27,9,37,31669338,181,18000000,119,6,0,0,0,1778834140,66496339
462958125,2026,5,15,8,35,40,55,24,125452592,3,3,234,27,1274431438,367291645,97212,77287,937,1510,18,-29,8,34,31669338,167,18000000,119,6,0,0,0,1778834140,187561601
462958250,2026,5,15,8,35,40,55,24,250452527,3,3,234,27,1274431438,367291644,97203,77278,937,1509,-20,-24,16,31,31669338,176,18000000,119,6,0,0,0,1778834140,310108952
462958375,2026,5,15,8,35,40,55,24,375452463,3,3,234,27,1274431438,367291644,97214,77289,936,1508,-2,38,8,38,31669338,165,18000000,119,6,0,0,0,1778834140,436818119
462958500,2026,5,15,8,35,40,55,24,500452398,3,3,234,27,1274431438,367291644,97201,77276,936,1508,-22,-2,13,22,31669338,183,18000000,119,6,0,0,0,1778834140,560605155
462958625,2026,5,15,8,35,40,55,24,625452334,3,3,234,27,1274431438,367291644,97214,77289,936,1507,37,19,10,42,31669338,188,18000000,119,6,0,0,0,1778834140,686718874
462958750,2026,5,15,8,35,40,55,24,750452269,3,3,234,27,1274431438,367291644,97224,77299,935,1507,24,11,3,27,31669338,191,18000000,119,6,0,0,0,1778834140,810405439
462958875,2026,5,15,8,35,40,55,24,875452205,3,3,234,27,1274431438,367291644,97217,77292,935,1506,-7,6,3,10,31669338,178,18000000,119,6,0,0,0,1778834140,937211822
462959000,2026,5,15,8,35,41,55,24,452140,3,3,234,27,1274431438,367291644,97227,77302,935,1506,8,3,-3,9,31669338,191,18000000,119,6,0,0,0,1778834141,65137442
462959125,2026,5,15,8,35,41,55,24,125452076,3,3,234,27,1274431439,367291643,97234,77309,935,1505,-8,23,-6,24,31669338,167,18000000,119,6,0,0,0,1778834141,182367482
462959250,2026,5,15,8,35,41,55,24,250452011,3,3,234,27,1274431439,367291643,97215,77290,934,1504,-10,-7,-1,12,31669338,189,18000000,119,6,0,0,0,1778834141,310777514
462959375,2026,5,15,8,35,41,55,24,375451947,3,3,234,27,1274431438,367291644,97211,77286,934,1504,61,-21,0,65,31669338,184,15588046,119,6,0,0,0,1778834141,435542890
462959500,2026,5,15,8,35,41,55,24,500451882,3,3,234,27,1274431439,367291643,97196,77271,934,1503,-45,38,16,59,31669338,175,17958288,119,6,0,0,0,1778834141,561695648
462959625,2026,5,15,8,35,41,55,24,625451818,3,3,234,27,1274431438,367291643,97213,77288,933,1503,-4,-22,2,23,31669338,174,18000000,119,6,0,0,0,1778834141,686644988
462959750,2026,5,15,8,35,41,55,24,750451753,3,3,234,27,1274431438,367291642,97213,77288,933,1502,-22,13,-1,25,31669338,179,18000000,119,6,0,0,0,1778834141,810351079
462959875,2026,5,15,8,35,41,55,24,875451689,3,3,234,27,1274431438,367291641,97212,77287,933,1501,-47,-9,-6,47,31669338,189,18000000,119,6,0,0,0,1778834141,934662132
462960000,2026,5,15,8,35,42,55,24,451624,3,3,234,27,1274431438,367291642,97199,77274,932,1501,46,4,7,46,31669338,192,18000000,119,6,0,0,0,1778834142,60354722
462960125,2026,5,15,8,35,42,55,24,125451560,3,3,234,27,1274431437,367291642,97193,77268,932,1500,13,-17,11,21,31669338,168,18000000,119,6,0,0,0,1778834142,185084250
462960250,2026,5,15,8,35,42,55,24,250451495,3,3,234,27,1274431437,367291642,97193,77268,932,1499,2,9,7,9,31669338,179,18000000,119,6,0,0,0,1778834142,310674421
462960375,2026,5,15,8,35,42,55,24,375451431,3,3,234,27,1274431437,367291641,97192,77267,931,1499,-42,-28,9,51,31669338,194,18000000,119,6,0,0,0,1778834142,436386475
462960500,2026,5,15,8,35,42,55,24,500451366,3,3,234,27,1274431436,367291642,97194,77269,931,1498,3,-37,-2,38,31669338,170,18000000,119,6,0,0,0,1778834142,559499333
462960625,2026,5,15,8,35,42,55,24,625451302,3,3,234,27,1274431437,367291641,97190,77265,931,1498,-4,17,-4,17,31669338,169,18000000,119,6,0,0,0,1778834142,685147767
462960750,2026,5,15,8,35,42,55,24,750451237,3,3,234,27,1274431437,367291641,97174,77249,931,1497,0,10,10,10,31669338,162,18000000,119,6,0,0,0,1778834142,808540715
462960875,2026,5,15,8,35,42,55,24,875451173,3,3,234,27,1274431437,367291642,97185,77260,931,1497,23,21,6,31,31669338,189,18000000,119,6,0,0,0,1778834142,932474613
462961000,2026,5,15,8,35,43,55,24,451108,3,3,234,27,1274431436,367291642,97193,77268,931,1496,12,-11,-1,16,31669338,185,18000000,119,6,0,0,0,1778834143,65268784
462961125,2026,5,15,8,35,43,55,24,125451044,3,3,234,27,1274431436,367291642,97193,77268,930,1496,41,-8,4,42,31669338,195,18000000,119,6,0,0,0,1778834143,186491725
462961250,2026,5,15,8,35,43,55,24,250450979,3,3,234,27,1274431436,367291641,97197,77272,930,1496,-42,-11,2,43,31669338,200,18000000,119,6,0,0,0,1778834143,311119312
462961375,2026,5,15,8,35,43,55,24,375450915,3,3,234,27,1274431436,367291641,97188,77263,930,1495,6,18,3,19,31669338,180,18000000,119,6,0,0,0,1778834143,435457042
462961500,2026,5,15,8,35,43,55,24,500450850,3,3,234,27,1274431435,367291642,97184,77259,930,1495,32,-30,3,44,31669338,184,18000000,119,6,0,0,0,1778834143,561184897
462961625,2026,5,15,8,35,43,55,24,625450786,3,3,234,27,1274431435,367291641,97178,77253,930,1494,-26,-2,6,26,31669338,193,18000000,119,6,0,0,0,1778834143,686458902
462961750,2026,5,15,8,35,43,55,24,750450721,3,3,234,27,1274431435,367291642,97182,77257,929,1493,65,-6,-4,66,31669338,194,14860068,119,6,0,0,0,1778834143,809897003
462961875,2026,5,15,8,35,43,55,24,875450657,3,3,234,27,1274431436,367291642,97155,77230,929,1492,10,45,14,47,31669338,174,18000000,119,6,0,0,0,1778834143,936266316
462962000,2026,5,15,8,35,44,55,24,450592,3,3,234,27,1274431435,367291642,97177,77252,929,1491,9,-33,-1,34,31669338,174,18000000,119,6,0,0,0,1778834144,65335635
462962125,2026,5,15,8,35,44,55,24,125450528,3,3,234,27,1274431435,367291641,97170,77245,928,1490,-41,3,0,41,31669338,197,18000000,119,6,0,0,0,1778834144,187164575
462962250,2026,5,15,8,35,44,55,24,250450463,3,3,234,27,1274431434,367291641,97164,77239,928,1489,1,-14,0,14,31669338,170,18000000,119,6,0,0,0,1778834144,310486458
462962375,2026,5,15,8,35,44,55,24,375450399,3,3,234,27,1274431435,367291641,97159,77234,928,1489,-10,46,1,47,31669338,169,18000000,119,6,0,0,0,1778834144,434906487
462962500,2026,5,15,8,35,44,55,24,500450334,3,3,234,27,1274431435,367291642,97156,77231,928,1488,47,18,11,51,31669338,194,18000000,119,6,0,0,0,1778834144,561133628
462962625,2026,5,15,8,35,44,55,24,625450270,3,3,234,27,1274431434,367291640,97173,77248,928,1488,-60,-26,-3,66,31669338,199,15676220,119,6,0,0,0,1778834144,685517821
462962750,2026,5,15,8,35,44,55,24,750450205,3,3,234,27,1274431434,367291641,97163,77238,928,1487,40,-10,0,41,31669338,201,18000000,119,6,0,0,0,1778834144,808526994
462962875,2026,5,15,8,35,44,55,24,875450141,3,3,234,27,1274431434,367291642,97155,77230,927,1486,33,-14,2,36,31669338,199,18000000,119,6,0,0,0,1778834144,935264892
462963000,2026,5,15,8,35,45,55,24,450076,3,3,234,27,1274431434,367291641,97165,77240,927,1486,-6,21,0,22,31669338,170,18000000,119,6,0,0,0,1778834145,65305083
462963125,2026,5,15,8,35,45,55,24,125450012,3,3,234,27,1274431434,367291641,97154,77229,927,1485,-1,-10,-1,11,31669338,174,18000000,119,6,0,0,0,1778834145,184469890
462963250,2026,5,15,8,35,45,55,24,250449947,3,3,234,27,1274431433,367291641,97164,77239,927,1484,-22,-26,-5,34,31669338,188,18000000,119,6,0,0,0,1778834145,309954233
462963375,2026,5,15,8,35,45,55,24,375449883,3,3,234,27,1274431434,367291641,97157,77232,927,1484,5,55,0,56,31669338,168,18000000,119,6,0,0,0,1778834145,435018969
462963500,2026,5,15,8,35,45,55,24,500449818,3,3,234,27,1274431433,367291641,97167,77242,926,1483,17,-6,-1,18,31669338,195,18000000,119,6,0,0,0,1778834145,558300335
462963625,2026,5,15,8,35,45,55,24,625449754,3,3,234,27,1274431432,367291641,97166,77241,926,1482,-12,-53,1,55,31669338,167,18000000,119,6,0,0,0,1778834145,680381432
462963750,2026,5,15,8,35,45,55,24,750449689,3,3,234,27,1274431433,367291641,97161,77236,926,1482,14,13,-9,19,31669338,181,18000000,119,6,0,0,0,1778834145,808949674
462963875,2026,5,15,8,35,45,55,24,875449625,3,3,234,27,1274431432,367291641,97142,77217,926,1481,21,-16,8,26,31669338,183,18000000,119,6,0,0,0,1778834145,933854418
462964000,2026,5,15,8,35,46,55,24,449560,3,3,234,27,1274431432,367291641,97161,77236,925,1480,19,18,-2,26,31669338,183,18000000,119,6,0,0,0,1778834146,64339079
462964125,2026,5,15,8,35,46,55,24,125449496,3,3,234,27,1274431432,367291641,97168,77243,925,1480,-7,9,-8,11,31669338,168,18000000,119,6,0,0,0,1778834146,187951562
462964250,2026,5,15,8,35,46,55,24,250449431,3,3,234,27,1274431432,367291641,97152,77227,925,1479,5,-5,5,7,31669338,186,18000000,119,6,0,0,0,1778834146,311299975
462964375,2026,5,15,8,35,46,55,24,375449367,3,3,234,27,1274431432,367291641,97147,77222,925,1478,40,9,3,41,31669338,197,18000000,119,6,0,0,0,1778834146,435422672
462964500,2026,5,15,8,35,46,55,24,500449302,3,3,234,27,1274431432,367291641,97158,77233,924,1478,-16,-6,-8,17,31669338,187,18000000,119,6,0,0,0,1778834146,556001923
462964625,2026,5,15,8,35,46,55,24,625449238,3,3,234,27,1274431431,367291641,97158,77233,924,1477,42,-10,-6,43,31669338,195,18000000,119,6,0,0,0,1778834146,685321366
462964750,2026,5,15,8,35,46,55,24,750449173,3,3,234,27,1274431431,367291641,97166,77241,924,1476,18,2,-12,19,31669338,185,18000000,119,6,0,0,0,1778834146,810972649
462964875,2026,5,15,8,35,46,55,24,875449109,3,3,234,27,1274431431,367291641,97149,77224,924,1476,-14,17,4,22,31669338,180,18000000,119,6,0,0,0,1778834146,936248481
462965000,2026,5,15,8,35,47,55,24,449044,3,3,234,27,1274431431,367291642,97159,77234,923,1475,42,-5,1,43,31669338,197,18000000,119,6,0,0,0,1778834147,65384541
462965125,2026,5,15,8,35,47,55,24,125448980,3,3,234,27,1274431430,367291641,97150,77225,923,1475,-12,-2,4,12,31669338,192,18000000,119,6,0,0,0,1778834147,186741153
462965250,2026,5,15,8,35,47,55,24,250448915,3,3,234,27,1274431430,367291641,97154,77229,923,1474,30,-9,-2,31,31669338,195,18000000,119,6,0,0,0,1778834147,311221137
462965375,2026,5,15,8,35,47,55,24,375448851,3,3,234,27,1274431430,367291641,97125,77200,923,1473,-8,-4,10,9,31669338,174,18000000,119,6,0,0,0,1778834147,434397812
462965500,2026,5,15,8,35,47,55,24,500448786,3,3,234,27,1274431430,367291641,97133,77208,922,1473,7,4,2,9,31669338,192,18000000,119,6,0,0,0,1778834147,562341981
462965625,2026,5,15,8,35,47,55,24,625448722,3,3,234,27,1274431429,367291640,97137,77212,922,1472,-28,-8,-1,29,31669338,196,18000000,119,6,0,0,0,1778834147,687248759
462965750,2026,5,15,8,35,47,55,24,750448657,3,3,234,27,1274431429,367291641,97110,77185,922,1472,49,21,15,53,31669338,188,18000000,119,6,0,0,0,1778834147,811634833
462965875,2026,5,15,8,35,47,55,24,875448593,3,3,234,27,1274431429,367291641,97114,77189,922,1471,6,-16,9,17,31669338,167,18000000,119,6,0,0,0,1778834147,935806341
462966000,2026,5,15,8,35,48,55,24,448528,3,3,234,27,1274431428,367291641,97121,77196,922,1470,-1,-5,6,5,31669338,184,18000000,119,6,0,0,0,1778834148,64816916
462966125,2026,5,15,8,35,48,55,24,125448464,3,3,234,27,1274431428,367291640,97127,77202,921,1470,-14,-33,-5,36,31669338,176,18000000,119,6,0,0,0,1778834148,187279114
462966250,2026,5,15,8,35,48,55,24,250448399,3,3,234,27,1274431428,367291640,97113,77188,921,1470,6,9,1,11,31669338,179,18000000,119,6,0,0,0,1778834148,312052263
462966375,2026,5,15,8,35,48,55,24,375448335,3,3,234,27,1274431428,367291640,97092,77167,921,1469,2,33,10,33,31669338,165,18000000,119,6,0,0,0,1778834148,437195210
462966500,2026,5,15,8,35,48,55,24,500448270,3,3,234,27,1274431427,367291640,97111,77186,921,1468,25,2,1,25,31669338,198,18000000,119,6,0,0,0,1778834148,562138872
462966625,2026,5,15,8,35,48,55,24,625448206,3,3,234,27,1274431427,367291640,97091,77166,921,1468,-29,-11,18,31,31669338,184,18000000,119,6,0,0,0,1778834148,686032518
462966750,2026,5,15,8,35,48,55,24,750448141,3,3,234,27,1274431426,367291640,97088,77163,921,1467,50,-5,8,51,31669338,197,18000000,119,6,0,0,0,1778834148,810066583
462966875,2026,5,15,8,35,48,55,24,875448077,3,3,234,27,1274431426,367291640,97096,77171,920,1467,23,-2,0,23,31669338,198,18000000,119,6,0,0,0,1778834148,935760895
462967000,2026,5,15,8,35,49,55,24,448013,3,3,234,27,1274431426,367291639,97084,77159,920,1466,-64,33,3,72,31669338,192,13730174,119,6,0,0,0,1778834149,65243083
462967125,2026,5,15,8,35,49,55,24,125447948,3,3,234,27,1274431425,367291640,97077,77152,920,1466,67,-21,10,70,31669338,195,13840530,119,6,0,0,0,1778834149,187179302
462967250,2026,5,15,8,35,49,55,24,250447884,3,3,234,27,1274431425,367291640,97063,77138,920,1465,11,0,18,11,31669338,161,18000000,119,6,0,0,0,1778834149,309271766
462967375,2026,5,15,8,35,49,55,24,375447819,3,3,234,27,1274431425,367291640,97065,77140,920,1464,33,6,5,33,31669338,195,18000000,119,6,0,0,0,1778834149,436149186
462967500,2026,5,15,8,35,49,55,24,500447755,3,3,234,27,1274431425,367291639,97068,77143,919,1464,-41,-9,-1,42,31669338,196,18000000,119,6,0,0,0,1778834149,560306491
462967625,2026,5,15,8,35,49,55,24,625447690,3,3,234,27,1274431424,367291639,97053,77128,919,1463,1,2,11,2,31669338,171,18000000,119,6,0,0,0,1778834149,684712106
462967750,2026,5,15,8,35,49,55,24,750447626,3,3,234,27,1274431424,367291640,97046,77121,919,1463,24,27,16,36,31669338,173,18000000,119,6,0,0,0,1778834149,808225806
462967875,2026,5,15,8,35,49,55,24,875447561,3,3,234,27,1274431424,367291639,97052,77127,919,1463,-34,-11,7,36,31669338,193,18000000,119,6,0,0,0,1778834149,934726042
462968000,2026,5,15,8,35,50,55,24,447497,3,3,234,27,1274431422,367291639,97048,77123,919,1462,13,-43,8,45,31669338,170,18000000,119,6,0,0,0,1778834150,63801293
462968125,2026,5,15,8,35,50,55,24,125447432,3,3,234,27,1274431423,367291638,97061,77136,919,1461,-32,40,-7,51,31669338,179,18000000,119,6,0,0,0,1778834150,181634219
462968250,2026,5,15,8,35,50,55,24,250447368,3,3,234,27,1274431422,367291639,97036,77111,919,1460,12,12,17,17,31669338,164,18000000,119,6,0,0,0,1778834150,309951479
462968375,2026,5,15,8,35,50,55,24,375447303,3,3,234,27,1274431422,367291638,97053,77128,918,1459,-28,-21,4,35,31669338,185,18000000,119,6,0,0,0,1778834150,434268188
462968500,2026,5,15,8,35,50,55,24,500447239,3,3,234,27,1274431421,367291639,97054,77129,918,1459,40,14,6,43,31669338,192,18000000,119,6,0,0,0,1778834150,561579920
462968625,2026,5,15,8,35,50,55,24,625447174,3,3,234,27,1274431421,367291638,97040,77115,918,1458,-28,-5,13,29,31669338,190,18000000,119,6,0,0,0,1778834150,684924372
462968750,2026,5,15,8,35,50,55,24,750447110,3,3,234,27,1274431421,367291638,97044,77119,918,1457,-18,9,0,20,31669338,191,18000000,119,6,0,0,0,1778834150,808164463
462968875,2026,5,15,8,35,50,55,24,875447045,3,3,234,27,1274431420,367291639,97048,77123,918,1456,51,-9,-2,52,31669338,197,18000000,119,6,0,0,0,1778834150,933890029
462969000,2026,5,15,8,35,51,55,24,446981,3,3,234,27,1274431420,367291638,97036,77111,917,1456,-1,32,8,32,31669338,166,18000000,119,6,0,0,0,1778834151,59903706
462969125,2026,5,15,8,35,51,55,24,125446916,3,3,234,27,1274431419,367291638,97052,77127,917,1455,-14,-41,-3,43,31669338,169,18000000,119,6,0,0,0,1778834151,184972485
462969250,2026,5,15,8,35,51,55,24,250446852,3,3,234,27,1274431418,367291638,97040,77115,917,1454,-12,-13,6,18,31669338,176,18000000,119,6,0,0,0,1778834151,310071456
462969375,2026,5,15,8,35,51,55,24,375446787,3,3,234,27,1274431418,367291638,97037,77112,917,1454,9,4,1,10,31669338,194,18000000,119,6,0,0,0,1778834151,435026752
