header.seq,header.stamp.secs,header.stamp.nsecs,header.frame_id,pose.position.x,pose.position.y,pose.position.z,pose.orientation.x,pose.orientation.y,pose.orientation.z,pose.orientation.w,bag_t.secs,bag_t.nsecs
2870,1778834033,624507599,gps,360979.8936583949,4065955.9212862784,98.023,0.0,0.0,0.0,0.0,1778834033,690674504
2871,1778834033,749507535,gps,360979.90240808437,4065955.9100471307,98.01,0.0,0.0,0.0,0.0,1778834033,815784577
2872,1778834033,874507470,gps,360979.89347807056,4065955.9101922815,98.005,0.0,0.0,0.0,0.0,1778834033,939685004
2873,1778834033,999507406,gps,360979.90240808437,4065955.9100471307,98.027,0.0,0.0,0.0,0.0,1778834034,66059167
2874,1778834034,124507341,gps,360979.89347807056,4065955.9101922815,98.026,0.0,0.0,0.0,0.0,1778834034,190554353
2875,1778834034,249507276,gps,360979.89329774614,4065955.899098288,98.017,0.0,0.0,0.0,0.0,1778834034,316218628
2876,1778834034,374507212,gps,360979.89329774614,4065955.899098288,98.029,0.0,0.0,0.0,0.0,1778834034,440722998
2877,1778834034,499507147,gps,360979.8929370974,4065955.876910296,98.032,0.0,0.0,0.0,0.0,1778834034,566098092
2878,1778834034,624507083,gps,360979.8929370974,4065955.876910296,98.043,0.0,0.0,0.0,0.0,1778834034,690635025
2879,1778834034,749507018,gps,360979.89311742183,4065955.8880042923,98.043,0.0,0.0,0.0,0.0,1778834034,815720975
2880,1778834034,874506954,gps,360979.90186711133,4065955.876765145,98.057,0.0,0.0,0.0,0.0,1778834034,938286202
2881,1778834034,999506890,gps,360979.8929370974,4065955.876910296,98.026,0.0,0.0,0.0,0.0,1778834035,71262853
2882,1778834035,124506824,gps,360979.90186711133,4065955.876765145,98.041,0.0,0.0,0.0,0.0,1778834035,192000179
2883,1778834035,249506760,gps,360979.90186711133,4065955.876765145,98.042,0.0,0.0,0.0,0.0,1778834035,317193340
2884,1778834035,374506695,gps,360979.8929370974,4065955.876910296,98.06700000000001,0.0,0.0,0.0,0.0,1778834035,440741532
2885,1778834035,499506631,gps,360979.901686787,4065955.8656711513,98.044,0.0,0.0,0.0,0.0,1778834035,566787235
2886,1778834035,624506566,gps,360979.901686787,4065955.8656711513,98.06,0.0,0.0,0.0,0.0,1778834035,692195514
2887,1778834035,749506502,gps,360979.901686787,4065955.8656711513,98.057,0.0,0.0,0.0,0.0,1778834035,815610866
2888,1778834035,874506437,gps,360979.9015064626,4065955.854577156,98.042,0.0,0.0,0.0,0.0,1778834035,939267714
2889,1778834035,999506374,gps,360979.901686787,4065955.8656711513,98.05,0.0,0.0,0.0,0.0,1778834036,69970406
2890,1778834036,124506308,gps,360979.90132613824,4065955.8434831607,98.055,0.0,0.0,0.0,0.0,1778834036,190726889
2891,1778834036,249506243,gps,360979.90132613824,4065955.8434831607,98.063,0.0,0.0,0.0,0.0,1778834036,315849862
2892,1778834036,374506179,gps,360979.8923961243,4065955.843628311,98.046,0.0,0.0,0.0,0.0,1778834036,439915766
2893,1778834036,499506114,gps,360979.9015064626,4065955.854577156,98.039,0.0,0.0,0.0,0.0,1778834036,565292913
2894,1778834036,624506050,gps,360979.90132613824,4065955.8434831607,98.056,0.0,0.0,0.0,0.0,1778834036,691056671
2895,1778834036,749505985,gps,360979.8922158,4065955.832534315,98.058,0.0,0.0,0.0,0.0,1778834036,813134937
2896,1778834036,874505921,gps,360979.8923961243,4065955.843628311,98.058,0.0,0.0,0.0,0.0,1778834036,939791843
2897,1778834036,999505857,gps,360979.8922158,4065955.832534315,98.053,0.0,0.0,0.0,0.0,1778834037,68581393
2898,1778834037,124505791,gps,360979.8922158,4065955.832534315,98.048,0.0,0.0,0.0,0.0,1778834037,191288807
2899,1778834037,249505727,gps,360979.8922158,4065955.832534315,98.059,0.0,0.0,0.0,0.0,1778834037,316166358
2900,1778834037,374505662,gps,360979.8920354757,4065955.82144032,98.065,0.0,0.0,0.0,0.0,1778834037,439801802
2901,1778834037,499505598,gps,360979.8918551513,4065955.8103463245,98.052,0.0,0.0,0.0,0.0,1778834037,565005624
2902,1778834037,624505533,gps,360979.8920354757,4065955.82144032,98.045,0.0,0.0,0.0,0.0,1778834037,686347591
2903,1778834037,749505469,gps,360979.8920354757,4065955.82144032,98.046,0.0,0.0,0.0,0.0,1778834037,814128643
2904,1778834037,874505404,gps,360979.88310546044,4065955.821585471,98.053,0.0,0.0,0.0,0.0,1778834037,940737067
2905,1778834037,999505341,gps,360979.88310546044,4065955.821585471,98.036,0.0,0.0,0.0,0.0,1778834038,70994928
2906,1778834038,124505275,gps,360979.8918551513,4065955.8103463245,98.044,0.0,0.0,0.0,0.0,1778834038,190997710
2907,1778834038,249505210,gps,360979.8918551513,4065955.8103463245,98.047,0.0,0.0,0.0,0.0,1778834038,315732550
2908,1778834038,374505146,gps,360979.8918551513,4065955.8103463245,98.042,0.0,0.0,0.0,0.0,1778834038,439724507
2909,1778834038,499505081,gps,360979.8918551513,4065955.8103463245,98.039,0.0,0.0,0.0,0.0,1778834038,560882214
2910,1778834038,624505017,gps,360979.8918551513,4065955.8103463245,98.051,0.0,0.0,0.0,0.0,1778834038,690314179
2911,1778834038,749504952,gps,360979.89167482697,4065955.7992523303,98.058,0.0,0.0,0.0,0.0,1778834038,815333891
2912,1778834038,874504888,gps,360979.89167482697,4065955.7992523303,98.049,0.0,0.0,0.0,0.0,1778834038,940202294
2913,1778834038,999504824,gps,360979.8827448117,4065955.7993974807,98.052,0.0,0.0,0.0,0.0,1778834039,70023710
2914,1778834039,124504759,gps,360979.89167482697,4065955.7992523303,98.047,0.0,0.0,0.0,0.0,1778834039,189861453
2915,1778834039,249504694,gps,360979.8827448117,4065955.7993974807,98.053,0.0,0.0,0.0,0.0,1778834039,315705417
2916,1778834039,374504629,gps,360979.89167482697,4065955.7992523303,98.049,0.0,0.0,0.0,0.0,1778834039,438169106
2917,1778834039,499504565,gps,360979.8827448117,4065955.7993974807,98.063,0.0,0.0,0.0,0.0,1778834039,564739422
2918,1778834039,624504500,gps,360979.8827448117,4065955.7993974807,98.055,0.0,0.0,0.0,0.0,1778834039,690137154
2919,1778834039,749504436,gps,360979.88256448734,4065955.788303484,98.048,0.0,0.0,0.0,0.0,1778834039,814132786
2920,1778834039,874504371,gps,360979.88256448734,4065955.788303484,98.06400000000001,0.0,0.0,0.0,0.0,1778834039,938635144
2921,1778834039,999504308,gps,360979.8736344734,4065955.788448634,98.053,0.0,0.0,0.0,0.0,1778834040,68675431
2922,1778834040,124504242,gps,360979.88256448734,4065955.788303484,98.06700000000001,0.0,0.0,0.0,0.0,1778834040,189937517
2923,1778834040,249504178,gps,360979.873454149,4065955.7773546404,98.084,0.0,0.0,0.0,0.0,1778834040,315798524
2924,1778834040,374504113,gps,360979.873454149,4065955.7773546404,98.066,0.0,0.0,0.0,0.0,1778834040,440418294
2925,1778834040,499504048,gps,360979.873454149,4065955.7773546404,98.086,0.0,0.0,0.0,0.0,1778834040,566069636
2926,1778834040,624503984,gps,360979.873454149,4065955.7773546404,98.081,0.0,0.0,0.0,0.0,1778834040,690015139
2927,1778834040,749503919,gps,360979.873454149,4065955.7773546404,98.093,0.0,0.0,0.0,0.0,1778834040,815513764
2928,1778834040,874503855,gps,360979.8732738247,4065955.766260646,98.10300000000001,0.0,0.0,0.0,0.0,1778834040,940265343
2929,1778834040,999503791,gps,360979.86434380943,4065955.7664057966,98.11200000000001,0.0,0.0,0.0,0.0,1778834041,70709646
2930,1778834041,124503726,gps,360979.8645241338,4065955.7774997912,98.09700000000001,0.0,0.0,0.0,0.0,1778834041,190455536
2931,1778834041,249503661,gps,360979.86434380943,4065955.7664057966,98.113,0.0,0.0,0.0,0.0,1778834041,313156422
2932,1778834041,374503597,gps,360979.86434380943,4065955.7664057966,98.119,0.0,0.0,0.0,0.0,1778834041,440050233
2933,1778834041,499503532,gps,360979.86434380943,4065955.7664057966,98.118,0.0,0.0,0.0,0.0,1778834041,564895828
2934,1778834041,624503467,gps,360979.864163485,4065955.7553117997,98.131,0.0,0.0,0.0,0.0,1778834041,689819574
2935,1778834041,749503403,gps,360979.864163485,4065955.7553117997,98.101,0.0,0.0,0.0,0.0,1778834041,814102310
2936,1778834041,874503338,gps,360979.864163485,4065955.7553117997,98.12,0.0,0.0,0.0,0.0,1778834041,939276905
2937,1778834041,999503275,gps,360979.864163485,4065955.7553117997,98.122,0.0,0.0,0.0,0.0,1778834042,69229857
2938,1778834042,124503209,gps,360979.864163485,4065955.7553117997,98.143,0.0,0.0,0.0,0.0,1778834042,186192662
2939,1778834042,249503145,gps,360979.864163485,4065955.7553117997,98.144,0.0,0.0,0.0,0.0,1778834042,315150699
2940,1778834042,374503080,gps,360979.864163485,4065955.7553117997,98.152,0.0,0.0,0.0,0.0,1778834042,438968488
2941,1778834042,499503015,gps,360979.86398316064,4065955.744217805,98.164,0.0,0.0,0.0,0.0,1778834042,564627210
2942,1778834042,624502951,gps,360979.8550531466,4065955.744362956,98.166,0.0,0.0,0.0,0.0,1778834042,690036953
2943,1778834042,749502886,gps,360979.8550531466,4065955.744362956,98.153,0.0,0.0,0.0,0.0,1778834042,815236164
2944,1778834042,874502822,gps,360979.8550531466,4065955.744362956,98.177,0.0,0.0,0.0,0.0,1778834042,940221345
2945,1778834042,999502758,gps,360979.8550531466,4065955.744362956,98.17,0.0,0.0,0.0,0.0,1778834043,66230304
2946,1778834043,124502693,gps,360979.8461231326,4065955.7445081063,98.191,0.0,0.0,0.0,0.0,1778834043,190428900
2947,1778834043,249502628,gps,360979.8461231326,4065955.7445081063,98.191,0.0,0.0,0.0,0.0,1778834043,317353109
2948,1778834043,374502563,gps,360979.8461231326,4065955.7445081063,98.182,0.0,0.0,0.0,0.0,1778834043,440538911
2949,1778834043,499502499,gps,360979.8459428082,4065955.7334141103,98.19800000000001,0.0,0.0,0.0,0.0,1778834043,565211292
2950,1778834043,624502434,gps,360979.8459428082,4065955.7334141103,98.191,0.0,0.0,0.0,0.0,1778834043,689983635
2951,1778834043,749502370,gps,360979.83701279294,4065955.7335592615,98.186,0.0,0.0,0.0,0.0,1778834043,814993623
2952,1778834043,874502305,gps,360979.8546924979,4065955.722174965,98.2,0.0,0.0,0.0,0.0,1778834043,938090456
2953,1778834043,999502242,gps,360979.8632618631,4065955.6998418234,98.187,0.0,0.0,0.0,0.0,1778834044,70694218
2954,1778834044,124502176,gps,360979.8895109347,4065955.666124386,98.19,0.0,0.0,0.0,0.0,1778834044,191148281
2955,1778834044,249502112,gps,360979.9243293708,4065955.6100738086,98.19500000000001,0.0,0.0,0.0,0.0,1778834044,317020546
2956,1778834044,374502047,gps,360979.9771881625,4065955.5648269244,98.20100000000001,0.0,0.0,0.0,0.0,1778834044,439317212
2957,1778834044,499501982,gps,360980.0120065996,4065955.5087763467,98.174,0.0,0.0,0.0,0.0,1778834044,564581315
2958,1778834044,624501918,gps,360980.05593537807,4065955.463674613,98.185,0.0,0.0,0.0,0.0,1778834044,690570106
2959,1778834044,749501853,gps,360980.0998641558,4065955.4185728803,98.20400000000001,0.0,0.0,0.0,0.0,1778834044,815134536
2960,1778834044,874501789,gps,360980.13504324236,4065955.384710295,98.2,0.0,0.0,0.0,0.0,1778834044,940018301
2961,1778834044,999501725,gps,360980.1611119921,4065955.3398988624,98.196,0.0,0.0,0.0,0.0,1778834045,69083054
2962,1778834045,124501660,gps,360980.2052210949,4065955.3058911255,98.205,0.0,0.0,0.0,0.0,1778834045,189703391
2963,1778834045,249501595,gps,360980.231289844,4065955.2610796937,98.227,0.0,0.0,0.0,0.0,1778834045,315962737
2964,1778834045,374501530,gps,360980.2577192411,4065955.2384562534,98.21900000000001,0.0,0.0,0.0,0.0,1778834045,438715164
2965,1778834045,499501466,gps,360980.2839683145,4065955.204738817,98.202,0.0,0.0,0.0,0.0,1778834045,564048744
2966,1778834045,624501401,gps,360980.31896708015,4065955.159782237,98.206,0.0,0.0,0.0,0.0,1778834045,689315715
2967,1778834045,749501337,gps,360980.3628958609,4065955.1146805044,98.223,0.0,0.0,0.0,0.0,1778834045,812249162
2968,1778834045,874501272,gps,360980.4155743343,4065955.0583396293,98.223,0.0,0.0,0.0,0.0,1778834045,939040219
2969,1778834045,999501209,gps,360980.47700249974,4065954.990759608,98.22,0.0,0.0,0.0,0.0,1778834046,69114164
2970,1778834046,124501143,gps,360980.54718035756,4065954.911940444,98.21300000000001,0.0,0.0,0.0,0.0,1778834046,189099347
2971,1778834046,249501078,gps,360980.61735821667,4065954.833121278,98.235,0.0,0.0,0.0,0.0,1778834046,315830788
2972,1778834046,374501014,gps,360980.7052157851,4065954.74291782,98.22200000000001,0.0,0.0,0.0,0.0,1778834046,439191599
2973,1778834046,499500949,gps,360980.7753936483,4065954.664098656,98.212,0.0,0.0,0.0,0.0,1778834046,564223877
2974,1778834046,624500885,gps,360980.8632512202,4065954.5738951988,98.217,0.0,0.0,0.0,0.0,1778834046,685799486
2975,1778834046,749500820,gps,360980.9419984558,4065954.472742898,98.22,0.0,0.0,0.0,0.0,1778834046,813683597
2976,1778834046,874500755,gps,360981.038605724,4065954.371300298,98.215,0.0,0.0,0.0,0.0,1778834046,938716738
2977,1778834046,999500692,gps,360981.14396268874,4065954.258618556,98.20700000000001,0.0,0.0,0.0,0.0,1778834047,69741454
2978,1778834047,124500626,gps,360981.2578890282,4065954.123603675,98.208,0.0,0.0,0.0,0.0,1778834047,190236058
2979,1778834047,249500562,gps,360981.37181537005,4065953.9885887965,98.193,0.0,0.0,0.0,0.0,1778834047,316974674
2980,1778834047,374500497,gps,360981.4946717327,4065953.85342877,98.196,0.0,0.0,0.0,0.0,1778834047,440218164
2981,1778834047,499500433,gps,360981.62627779343,4065953.7070296006,98.19500000000001,0.0,0.0,0.0,0.0,1778834047,560962947
2982,1778834047,624500368,gps,360981.7578838599,4065953.560630435,98.176,0.0,0.0,0.0,0.0,1778834047,690209710
2983,1778834047,749500303,gps,360981.90716964216,4065953.40284698,98.154,0.0,0.0,0.0,0.0,1778834047,815242973
2984,1778834047,874500239,gps,360982.03841507423,4065953.2342598266,98.172,0.0,0.0,0.0,0.0,1778834047,939902187
2985,1778834047,999500175,gps,360982.170021154,4065953.087860668,98.18,0.0,0.0,0.0,0.0,1778834048,70175844
2986,1778834048,124500110,gps,360982.3194872733,4065952.9411712145,98.154,0.0,0.0,0.0,0.0,1778834048,190363785
2987,1778834048,249500045,gps,360982.4418027038,4065952.772729218,98.175,0.0,0.0,0.0,0.0,1778834048,315389372
2988,1778834048,374499981,gps,360982.58233881625,4065952.626184918,98.139,0.0,0.0,0.0,0.0,1778834048,438105030
2989,1778834048,499499916,gps,360982.7314443098,4065952.4573074817,98.154,0.0,0.0,0.0,0.0,1778834048,567105206
2990,1778834048,624499851,gps,360982.8807301298,4065952.2995240446,98.13,0.0,0.0,0.0,0.0,1778834048,690507248
2991,1778834048,749499787,gps,360983.0296553151,4065952.1195526198,98.126,0.0,0.0,0.0,0.0,1778834048,815054537
2992,1778834048,874499722,gps,360983.18769084587,4065951.950530047,98.10900000000001,0.0,0.0,0.0,0.0,1778834048,938829483
2993,1778834048,999499659,gps,360983.3191166459,4065951.7930369116,98.111,0.0,0.0,0.0,0.0,1778834049,69002923
2994,1778834049,124499593,gps,360983.45947247033,4065951.63539863,98.098,0.0,0.0,0.0,0.0,1778834049,189705482
2995,1778834049,249499528,gps,360983.5821485801,4065951.4891446424,98.101,0.0,0.0,0.0,0.0,1778834049,315981839
2996,1778834049,375499463,gps,360983.71393503435,4065951.3538395045,98.09,0.0,0.0,0.0,0.0,1778834049,441980901
2997,1778834049,500499399,gps,360983.8369717918,4065951.22977351,98.07600000000001,0.0,0.0,0.0,0.0,1778834049,565173968
2998,1778834049,625499334,gps,360983.9598282329,4065951.094613521,98.052,0.0,0.0,0.0,0.0,1778834049,690952581
2999,1778834049,750499270,gps,360984.0826846791,4065950.9594535353,98.053,0.0,0.0,0.0,0.0,1778834049,815397288
3000,1778834049,875499205,gps,360984.2144711495,4065950.824148404,98.047,0.0,0.0,0.0,0.0,1778834049,940676175
3001,1778834050,499140,gps,360984.3462576228,4065950.6888432754,98.016,0.0,0.0,0.0,0.0,1778834050,70948337
3002,1778834050,125499076,gps,360984.49554350413,4065950.5310598696,97.995,0.0,0.0,0.0,0.0,1778834050,192296638
3003,1778834050,250499011,gps,360984.6537594104,4065950.37313132,97.996,0.0,0.0,0.0,0.0,1778834050,314360707
3004,1778834050,375498947,gps,360984.82036439056,4065950.1817756444,98.002,0.0,0.0,0.0,0.0,1778834050,440637254
3005,1778834050,500498882,gps,360984.9869693783,4065949.990419969,97.982,0.0,0.0,0.0,0.0,1778834050,565936761
3006,1778834050,625498817,gps,360985.1626847121,4065949.810013149,97.988,0.0,0.0,0.0,0.0,1778834050,691967452
3007,1778834050,750498753,gps,360985.3471497554,4065949.618367195,97.98100000000001,0.0,0.0,0.0,0.0,1778834050,815421208
3008,1778834050,875498688,gps,360985.54036451335,4065949.415482104,97.949,0.0,0.0,0.0,0.0,1778834050,940893802
3009,1778834051,498624,gps,360985.7337595958,4065949.2236910127,97.946,0.0,0.0,0.0,0.0,1778834051,70485046
3010,1778834051,125498559,gps,360985.9357240754,4065949.0095667923,97.94200000000001,0.0,0.0,0.0,0.0,1778834051,188237115
3011,1778834051,250498495,gps,360986.12875854544,4065948.795587721,97.923,0.0,0.0,0.0,0.0,1778834051,315834041
3012,1778834051,375498430,gps,360986.33090336097,4065948.5925575052,97.891,0.0,0.0,0.0,0.0,1778834051,440526580
3013,1778834051,500498365,gps,360986.51518814306,4065948.3898175824,97.894,0.0,0.0,0.0,0.0,1778834051,567030309
3014,1778834051,625498301,gps,360986.71733297873,4065948.186787377,97.883,0.0,0.0,0.0,0.0,1778834051,692881127
3015,1778834051,750498236,gps,360986.90161777777,4065947.9840474618,97.86200000000001,0.0,0.0,0.0,0.0,1778834051,815407292
3016,1778834051,875498172,gps,360987.0857222723,4065947.7702135555,97.86,0.0,0.0,0.0,0.0,1778834051,940529679
3017,1778834052,498107,gps,360987.2789371129,4065947.5673285075,97.84100000000001,0.0,0.0,0.0,0.0,1778834052,66234176
3018,1778834052,125498042,gps,360987.4812623005,4065947.3753923173,97.824,0.0,0.0,0.0,0.0,1778834052,192021737
3019,1778834052,250497978,gps,360987.65661711275,4065947.172797561,97.811,0.0,0.0,0.0,0.0,1778834052,316961178
3020,1778834052,375497913,gps,360987.8587620048,4065946.969767385,97.825,0.0,0.0,0.0,0.0,1778834052,442175903
3021,1778834052,500497849,gps,360988.0698369296,4065946.7665920714,97.81400000000001,0.0,0.0,0.0,0.0,1778834052,566345897
3022,1778834052,625497784,gps,360988.2898418879,4065946.563271623,97.809,0.0,0.0,0.0,0.0,1778834052,691147288
3023,1778834052,750497719,gps,360988.50091683306,4065946.3600963214,97.784,0.0,0.0,0.0,0.0,1778834052,815316094
3024,1778834052,875497655,gps,360988.72967152484,4065946.1455367473,97.752,0.0,0.0,0.0,0.0,1778834052,938893771
3025,1778834053,497590,gps,360988.94985682814,4065945.9533103122,97.76,0.0,0.0,0.0,0.0,1778834053,70323128
3026,1778834053,125497526,gps,360989.1607514925,4065945.7390410323,97.762,0.0,0.0,0.0,0.0,1778834053,192751545
3027,1778834053,250497461,gps,360989.3807565032,4065945.535720613,97.73100000000001,0.0,0.0,0.0,0.0,1778834053,317578166
3028,1778834053,375497397,gps,360989.5916511888,4065945.321451345,97.75,0.0,0.0,0.0,0.0,1778834053,440913331
3029,1778834053,500497332,gps,360989.8205862468,4065945.1179857976,97.73400000000001,0.0,0.0,0.0,0.0,1778834053,565364264
3030,1778834053,625497267,gps,360990.03166126437,4065944.914810537,97.72800000000001,0.0,0.0,0.0,0.0,1778834053,690951718
3031,1778834053,750497203,gps,360990.2516663185,4065944.7114901408,97.71000000000001,0.0,0.0,0.0,0.0,1778834053,814266099
3032,1778834053,875497138,gps,360990.4623807365,4065944.4861269007,97.697,0.0,0.0,0.0,0.0,1778834053,939822409
3033,1778834054,497074,gps,360990.67327547545,4065944.2718576617,97.697,0.0,0.0,0.0,0.0,1778834054,69912466
3034,1778834054,125497009,gps,360990.8931002508,4065944.057443289,97.677,0.0,0.0,0.0,0.0,1778834054,192019673
3035,1778834054,250496944,gps,360991.10435562953,4065943.865362051,97.674,0.0,0.0,0.0,0.0,1778834054,317901072
3036,1778834054,375496880,gps,360991.3066809914,4065943.673425956,97.669,0.0,0.0,0.0,0.0,1778834054,441173626
3037,1778834054,500496815,gps,360991.5004369519,4065943.503822995,97.672,0.0,0.0,0.0,0.0,1778834054,567867910
3038,1778834054,625496751,gps,360991.67687379045,4065943.367792297,97.665,0.0,0.0,0.0,0.0,1778834054,693605985
3039,1778834054,750496686,gps,360991.8449215323,4065943.2651887266,97.663,0.0,0.0,0.0,0.0,1778834054,814848990
3040,1778834054,875496622,gps,360992.0040392514,4065943.1627302966,97.666,0.0,0.0,0.0,0.0,1778834054,942098872
3041,1778834055,496557,gps,360992.14601814875,4065943.104938124,97.648,0.0,0.0,0.0,0.0,1778834055,71079948
3042,1778834055,125496493,gps,360992.2608463522,4065943.0253933747,97.643,0.0,0.0,0.0,0.0,1778834055,193215381
3043,1778834055,250496428,gps,360992.403005562,4065942.9786952026,97.616,0.0,0.0,0.0,0.0,1778834055,318319858
3044,1778834055,375496363,gps,360992.51801407535,4065942.910244452,97.646,0.0,0.0,0.0,0.0,1778834055,443382772
3045,1778834055,500496299,gps,360992.65106295305,4065942.852597424,97.61,0.0,0.0,0.0,0.0,1778834055,568126764
3046,1778834055,625496234,gps,360992.79322216765,4065942.8058992582,97.61,0.0,0.0,0.0,0.0,1778834055,690422351
3047,1778834055,750496170,gps,360992.9350207704,4065942.737013104,97.629,0.0,0.0,0.0,0.0,1778834055,818321408
3048,1778834055,875496105,gps,360993.0946794299,4065942.66783668,97.62,0.0,0.0,0.0,0.0,1778834055,942744019
3049,1778834056,496040,gps,360993.2721981478,4065942.5983699854,97.622,0.0,0.0,0.0,0.0,1778834056,73176725
3050,1778834056,125495976,gps,360993.45864689705,4065942.5287581603,97.58500000000001,0.0,0.0,0.0,0.0,1778834056,193579637
3051,1778834056,250495911,gps,360993.66259509395,4065942.4366680775,97.589,0.0,0.0,0.0,0.0,1778834056,318194024
3052,1778834056,375495847,gps,360993.90226340666,4065942.3439974585,97.572,0.0,0.0,0.0,0.0,1778834056,441038459
3053,1778834056,500495782,gps,360994.1419317242,4065942.2513268446,97.557,0.0,0.0,0.0,0.0,1778834056,562072766
3054,1778834056,625495718,gps,360994.390349771,4065942.147417109,97.572,0.0,0.0,0.0,0.0,1778834056,691917059
3055,1778834056,750495653,gps,360994.6385875193,4065942.0324133867,97.566,0.0,0.0,0.0,0.0,1778834056,816705570
3056,1778834056,875495589,gps,360994.88700557675,4065941.928503665,97.539,0.0,0.0,0.0,0.0,1778834056,941576129
3057,1778834057,495524,gps,360995.1531033949,4065941.813209689,97.539,0.0,0.0,0.0,0.0,1778834057,71903001
3058,1778834057,125495459,gps,360995.4281312482,4065941.6977705886,97.521,0.0,0.0,0.0,0.0,1778834057,192615206
3059,1778834057,250495395,gps,360995.7031591085,4065941.582331494,97.529,0.0,0.0,0.0,0.0,1778834057,317985298
3060,1778834057,375495330,gps,360995.9692569464,4065941.467037543,97.511,0.0,0.0,0.0,0.0,1778834057,439975123
3061,1778834057,500495266,gps,360996.24392421625,4065941.3294104794,97.498,0.0,0.0,0.0,0.0,1778834057,567743157
3062,1778834057,625495201,gps,360996.509841768,4065941.2030225513,97.495,0.0,0.0,0.0,0.0,1778834057,693488665
3063,1778834057,750495136,gps,360996.78450905456,4065941.065395505,97.468,0.0,0.0,0.0,0.0,1778834057,816899106
3064,1778834057,875495072,gps,360997.0679260774,4065940.9165293397,97.47200000000001,0.0,0.0,0.0,0.0,1778834057,941365906
3065,1778834058,495007,gps,360997.34259338153,4065940.7789023113,97.46300000000001,0.0,0.0,0.0,0.0,1778834058,71765209
3066,1778834058,125494943,gps,360997.6349404536,4065940.629891034,97.437,0.0,0.0,0.0,0.0,1778834058,191953604
3067,1778834058,250494878,gps,360997.9360372649,4065940.4696406433,97.424,0.0,0.0,0.0,0.0,1778834058,317894525
3068,1778834058,375494814,gps,360998.22820405755,4065940.3095353916,97.399,0.0,0.0,0.0,0.0,1778834058,442593726
3069,1778834058,500494749,gps,360998.52930089063,4065940.1492850217,97.401,0.0,0.0,0.0,0.0,1778834058,567589896
3070,1778834058,625494684,gps,360998.83914746693,4065939.977795536,97.384,0.0,0.0,0.0,0.0,1778834058,691649742
3071,1778834058,750494620,gps,360999.1400640241,4065939.806451194,97.371,0.0,0.0,0.0,0.0,1778834058,815697271
3072,1778834058,875494555,gps,360999.414010203,4065939.6244482556,97.349,0.0,0.0,0.0,0.0,1778834058,941188073
3073,1778834059,494491,gps,360999.66134659847,4065939.4539747084,97.35000000000001,0.0,0.0,0.0,0.0,1778834059,72452725
3074,1778834059,125494426,gps,360999.8636722523,4065939.2620388283,97.324,0.0,0.0,0.0,0.0,1778834059,193299169
3075,1778834059,250494361,gps,361000.0483181507,4065939.081487202,97.325,0.0,0.0,0.0,0.0,1778834059,315246547
3076,1778834059,375494297,gps,361000.20635425975,4065938.9124649633,97.286,0.0,0.0,0.0,0.0,1778834059,441990650
3077,1778834059,500494232,gps,361000.34671060723,4065938.754826978,97.312,0.0,0.0,0.0,0.0,1778834059,565914686
3078,1778834059,625494168,gps,361000.4688463041,4065938.5752912643,97.266,0.0,0.0,0.0,0.0,1778834059,691362435
3079,1778834059,750494103,gps,361000.6092026633,4065938.417653283,97.277,0.0,0.0,0.0,0.0,1778834059,815570483
3080,1778834059,875494038,gps,361000.7315186671,4065938.249211569,97.263,0.0,0.0,0.0,0.0,1778834059,941704504
3081,1778834060,493974,gps,361000.8625844114,4065938.0695307315,97.264,0.0,0.0,0.0,0.0,1778834060,70100278
3082,1778834060,125493909,gps,361001.01169052254,4065937.9006536375,97.247,0.0,0.0,0.0,0.0,1778834060,188467246
3083,1778834060,250493845,gps,361001.1606163441,4065937.72068255,97.22800000000001,0.0,0.0,0.0,0.0,1778834060,315886063
3084,1778834060,375493780,gps,361001.32722194237,4065937.5293272156,97.239,0.0,0.0,0.0,0.0,1778834060,440022592
3085,1778834060,500493716,gps,361001.5297279762,4065937.3484853706,97.239,0.0,0.0,0.0,0.0,1778834060,565813384
3086,1778834060,625493651,gps,361001.7415246412,4065937.189686392,97.202,0.0,0.0,0.0,0.0,1778834060,691622661
3087,1778834060,750493586,gps,361001.9888611522,4065937.019212919,97.238,0.0,0.0,0.0,0.0,1778834060,815630292
3088,1778834060,875493522,gps,361002.24512770725,4065936.8485943237,97.2,0.0,0.0,0.0,0.0,1778834060,941041900
3089,1778834061,493457,gps,361002.52800408064,4065936.6664463645,97.191,0.0,0.0,0.0,0.0,1778834061,65883483
3090,1778834061,125493393,gps,361002.81999079284,4065936.4952472835,97.177,0.0,0.0,0.0,0.0,1778834061,191362909
3091,1778834061,250493328,gps,361003.1205469639,4065936.301715099,97.183,0.0,0.0,0.0,0.0,1778834061,316661621
3092,1778834061,375493263,gps,361003.41181252914,4065936.0861400585,97.158,0.0,0.0,0.0,0.0,1778834061,441385794
3093,1778834061,500493199,gps,361003.71254901984,4065935.9037018907,97.164,0.0,0.0,0.0,0.0,1778834061,565710066
3094,1778834061,625493134,gps,361003.97738509194,4065935.7107502366,97.141,0.0,0.0,0.0,0.0,1778834061,690277336
3095,1778834061,750493069,gps,361004.21579165594,4065935.540421953,97.148,0.0,0.0,0.0,0.0,1778834061,813438133
3096,1778834061,875493005,gps,361004.4272278319,4065935.359435056,97.168,0.0,0.0,0.0,0.0,1778834061,937902613
3097,1778834062,492940,gps,361004.6299142719,4065935.1896872823,97.117,0.0,0.0,0.0,0.0,1778834062,70372178
3098,1778834062,125492876,gps,361004.814920941,4065935.031323756,97.104,0.0,0.0,0.0,0.0,1778834062,191652582
3099,1778834062,250492811,gps,361004.9909975806,4065934.8731053583,97.124,0.0,0.0,0.0,0.0,1778834062,315760213
3100,1778834062,375492746,gps,361005.1583244818,4065934.7261260813,97.104,0.0,0.0,0.0,0.0,1778834062,439548661
3101,1778834062,500492682,gps,361005.32565138885,4065934.5791468075,97.114,0.0,0.0,0.0,0.0,1778834062,564331473
3102,1778834062,625492617,gps,361005.48404826614,4065934.432312662,97.09100000000001,0.0,0.0,0.0,0.0,1778834062,690280939
3103,1778834062,750492553,gps,361005.669235257,4065934.2850431497,97.077,0.0,0.0,0.0,0.0,1778834062,814732132
3104,1778834062,875492488,gps,361005.8363818921,4065934.1269698925,97.078,0.0,0.0,0.0,0.0,1778834062,940549340
3105,1778834063,492423,gps,361006.021208316,4065933.9575124,97.065,0.0,0.0,0.0,0.0,1778834063,69776253
3106,1778834063,125492359,gps,361006.22371453315,4065933.7766706715,97.06700000000001,0.0,0.0,0.0,0.0,1778834063,189978308
3107,1778834063,250492294,gps,361006.4351507952,4065933.5956838266,97.027,0.0,0.0,0.0,0.0,1778834063,316221937
3108,1778834063,375492230,gps,361006.65497623774,4065933.381269881,97.009,0.0,0.0,0.0,0.0,1778834063,441687190
3109,1778834063,500492165,gps,361006.8928420554,4065933.177659693,96.99000000000001,0.0,0.0,0.0,0.0,1778834063,566799785
3110,1778834063,625492101,gps,361007.14802709536,4065932.940477288,96.97200000000001,0.0,0.0,0.0,0.0,1778834063,692027721
3111,1778834063,750492036,gps,361007.4030318622,4065932.692200896,96.959,0.0,0.0,0.0,0.0,1778834063,813595612
3112,1778834063,875491971,gps,361007.68446618377,4065932.4213011586,96.943,0.0,0.0,0.0,0.0,1778834063,940783911
3113,1778834064,491907,gps,361007.98358031356,4065932.1390171973,96.907,0.0,0.0,0.0,0.0,1778834064,71026965
3114,1778834064,125491842,gps,361008.2916245026,4065931.856588128,96.903,0.0,0.0,0.0,0.0,1778834064,192001118
3115,1778834064,250491778,gps,361008.60805789335,4065931.540731966,96.85000000000001,0.0,0.0,0.0,0.0,1778834064,317327020
3116,1778834064,375491713,gps,361008.9153809837,4065931.213926941,96.836,0.0,0.0,0.0,0.0,1778834064,442229123
3117,1778834064,500491648,gps,361009.2405641759,4065930.88683169,96.83200000000001,0.0,0.0,0.0,0.0,1778834064,566910283
3118,1778834064,625491584,gps,361009.5478873143,4065930.5600266913,96.806,0.0,0.0,0.0,0.0,1778834064,687546926
3119,1778834064,750491519,gps,361009.8553907592,4065930.244315698,96.786,0.0,0.0,0.0,0.0,1778834064,815389463
3120,1778834064,875491455,gps,361010.1446735798,4065929.906706964,96.786,0.0,0.0,0.0,0.0,1778834064,941248665
3121,1778834065,491390,gps,361010.4255672327,4065929.602525342,96.777,0.0,0.0,0.0,0.0,1778834065,71593285
3122,1778834065,125491325,gps,361010.71521066246,4065929.2871046164,96.774,0.0,0.0,0.0,0.0,1778834065,191833262
3123,1778834065,250491261,gps,361010.9959240742,4065928.9718290213,96.777,0.0,0.0,0.0,0.0,1778834065,316494433
3124,1778834065,375491196,gps,361011.2678877463,4065928.6677925447,96.765,0.0,0.0,0.0,0.0,1778834065,439996870
3125,1778834065,500491132,gps,361011.53110167675,4065928.3749951897,96.741,0.0,0.0,0.0,0.0,1778834065,560422672
3126,1778834065,625491067,gps,361011.75877573795,4065928.093872303,96.752,0.0,0.0,0.0,0.0,1778834065,690137369
3127,1778834065,750491002,gps,361011.9961009809,4065927.8569802837,96.754,0.0,0.0,0.0,0.0,1778834065,815295905
3128,1778834065,875490938,gps,361012.22485675605,4065927.642421377,96.748,0.0,0.0,0.0,0.0,1778834065,940271042
3129,1778834066,490873,gps,361012.43593273684,4065927.439246701,96.736,0.0,0.0,0.0,0.0,1778834066,70190081
3130,1778834066,125490808,gps,361012.620038318,4065927.2254133835,96.73400000000001,0.0,0.0,0.0,0.0,1778834066,190981353
3131,1778834066,250490744,gps,361012.81379507127,4065927.0558109316,96.736,0.0,0.0,0.0,0.0,1778834066,316353556
3132,1778834066,375490679,gps,361012.9984415094,4065926.8752596043,96.711,0.0,0.0,0.0,0.0,1778834066,438460619
3133,1778834066,500490615,gps,361013.1829076759,4065926.683614289,96.70400000000001,0.0,0.0,0.0,0.0,1778834066,564504316
3134,1778834066,625490550,gps,361013.3763038942,4065926.491823863,96.721,0.0,0.0,0.0,0.0,1778834066,690448193
3135,1778834066,750490485,gps,361013.5697001214,4065926.30003344,96.685,0.0,0.0,0.0,0.0,1778834066,814242899
3136,1778834066,875490421,gps,361013.77184612374,4065926.0970039144,96.688,0.0,0.0,0.0,0.0,1778834066,939549801
3137,1778834067,490356,gps,361013.98274190153,4065925.882735285,96.687,0.0,0.0,0.0,0.0,1778834067,69520040
3138,1778834067,125490292,gps,361014.21131750196,4065925.65708244,96.67,0.0,0.0,0.0,0.0,1778834067,189875556
3139,1778834067,250490227,gps,361014.4397128367,4065925.4203356076,96.656,0.0,0.0,0.0,0.0,1778834067,315278823
3140,1778834067,375490162,gps,361014.69489832013,4065925.1831534416,96.637,0.0,0.0,0.0,0.0,1778834067,440188709
3141,1778834067,500490098,gps,361014.95847303164,4065924.9125441886,96.638,0.0,0.0,0.0,0.0,1778834067,564198457
3142,1778834067,625490033,gps,361015.2309778066,4065924.6417898308,96.636,0.0,0.0,0.0,0.0,1778834067,689435139
3143,1778834067,750489969,gps,361015.5211624154,4065924.359651265,96.602,0.0,0.0,0.0,0.0,1778834067,812426417
3144,1778834067,875489904,gps,361015.7936672261,4065924.088896927,96.592,0.0,0.0,0.0,0.0,1778834067,939384301
3145,1778834068,489839,gps,361016.0927819186,4065923.8066132674,96.566,0.0,0.0,0.0,0.0,1778834068,69181645
3146,1778834068,125489775,gps,361016.39171635587,4065923.5132356267,96.543,0.0,0.0,0.0,0.0,1778834068,190117724
3147,1778834068,250489710,gps,361016.6727907201,4065923.2201482183,96.536,0.0,0.0,0.0,0.0,1778834068,311990222
3148,1778834068,375489646,gps,361016.9542256511,4065922.9492488084,96.499,0.0,0.0,0.0,0.0,1778834068,439167687
3149,1778834068,500489581,gps,361017.22691082675,4065922.6895885137,96.48,0.0,0.0,0.0,0.0,1778834068,564757815
3150,1778834068,625489516,gps,361017.4908462436,4065922.4411673327,96.46900000000001,0.0,0.0,0.0,0.0,1778834068,690438427
3151,1778834068,750489452,gps,361017.7458516293,4065922.192891268,96.461,0.0,0.0,0.0,0.0,1778834068,813983584
3152,1778834068,875489387,gps,361018.0187171262,4065921.944324995,96.444,0.0,0.0,0.0,0.0,1778834068,940220091
3153,1778834069,489323,gps,361018.2735422683,4065921.6849549552,96.444,0.0,0.0,0.0,0.0,1778834069,69200856
3154,1778834069,125489258,gps,361018.51032705535,4065921.4147811485,96.411,0.0,0.0,0.0,0.0,1778834069,187235356
3155,1778834069,250489193,gps,361018.78283205576,4065921.144026911,96.422,0.0,0.0,0.0,0.0,1778834069,315214335
3156,1778834069,375489129,gps,361019.06426712277,4065920.8731275755,96.388,0.0,0.0,0.0,0.0,1778834069,440393120
3157,1778834069,500489064,gps,361019.3453416667,4065920.5800402616,96.397,0.0,0.0,0.0,0.0,1778834069,565028641
3158,1778834069,625489000,gps,361019.616945367,4065920.253816085,96.391,0.0,0.0,0.0,0.0,1778834069,690036098
3159,1778834069,750488935,gps,361019.9423096621,4065919.937815263,96.385,0.0,0.0,0.0,0.0,1778834069,813326592
3160,1778834069,875488870,gps,361020.2587439311,4065919.6219595647,96.337,0.0,0.0,0.0,0.0,1778834069,939090556
3161,1778834070,488806,gps,361020.5837477367,4065919.283770782,96.33500000000001,0.0,0.0,0.0,0.0,1778834070,64984257
3162,1778834070,125488741,gps,361020.9085712981,4065918.934488019,96.32900000000001,0.0,0.0,0.0,0.0,1778834070,189237196
3163,1778834070,250488677,gps,361021.24214467057,4065918.573966168,96.333,0.0,0.0,0.0,0.0,1778834070,314753191
3164,1778834070,375488612,gps,361021.5671485545,4065918.235777427,96.311,0.0,0.0,0.0,0.0,1778834070,439645466
3165,1778834070,500488547,gps,361021.9191228912,4065917.908247376,96.281,0.0,0.0,0.0,0.0,1778834070,564283443
3166,1778834070,625488483,gps,361022.2525160799,4065917.5366315735,96.276,0.0,0.0,0.0,0.0,1778834070,689705442
3167,1778834070,750488418,gps,361022.57733977726,4065917.1873488794,96.229,0.0,0.0,0.0,0.0,1778834070,812874005
3168,1778834070,875488354,gps,361022.91984334437,4065916.8266819958,96.245,0.0,0.0,0.0,0.0,1778834070,937253881
3169,1778834071,488289,gps,361023.26288773667,4065916.499297109,96.212,0.0,0.0,0.0,0.0,1778834071,69352073
3170,1778834071,125488224,gps,361023.5877115154,4065916.1500144545,96.186,0.0,0.0,0.0,0.0,1778834071,191633107
3171,1778834071,250488160,gps,361023.90396579646,4065915.823064904,96.161,0.0,0.0,0.0,0.0,1778834071,316471658
3172,1778834071,375488095,gps,361024.2205806308,4065915.518303357,96.148,0.0,0.0,0.0,0.0,1778834071,439346053
3173,1778834071,500488031,gps,361024.5016555309,4065915.225216225,96.144,0.0,0.0,0.0,0.0,1778834071,563225856
3174,1778834071,625487966,gps,361024.77398065757,4065914.9433681997,96.123,0.0,0.0,0.0,0.0,1778834071,689717553
3175,1778834071,750487901,gps,361025.0196958967,4065914.6730494825,96.113,0.0,0.0,0.0,0.0,1778834071,813176464
3176,1778834071,875487837,gps,361025.24773130304,4065914.414114973,96.072,0.0,0.0,0.0,0.0,1778834071,938949725
3177,1778834072,487772,gps,361025.51148695,4065914.1546000615,96.075,0.0,0.0,0.0,0.0,1778834072,68158668
3178,1778834072,125487708,gps,361025.72166227154,4065913.8959557684,96.059,0.0,0.0,0.0,0.0,1778834072,190643087
3179,1778834072,250487643,gps,361025.9680986211,4065913.6700130566,96.034,0.0,0.0,0.0,0.0,1778834072,315073081
3180,1778834072,375487579,gps,361026.19649460586,4065913.43326656,96.019,0.0,0.0,0.0,0.0,1778834072,439961444
3181,1778834072,500487514,gps,361026.4245300817,4065913.174332083,96.042,0.0,0.0,0.0,0.0,1778834072,564628880
3182,1778834072,625487449,gps,361026.6616758913,4065912.9263465074,95.996,0.0,0.0,0.0,0.0,1778834072,691523690
3183,1778834072,750487385,gps,361026.8897113938,4065912.6674120426,96.0,0.0,0.0,0.0,0.0,1778834072,812534327
3184,1778834072,875487320,gps,361027.14435682714,4065912.3969482924,95.96600000000001,0.0,0.0,0.0,0.0,1778834072,939786144
3185,1778834073,487256,gps,361027.40775207337,4065912.115245458,95.97500000000001,0.0,0.0,0.0,0.0,1778834073,68987505
3186,1778834073,125487191,gps,361027.6798971371,4065911.8223035377,95.947,0.0,0.0,0.0,0.0,1778834073,189399496
3187,1778834073,250487126,gps,361027.960792019,4065911.5181225343,95.919,0.0,0.0,0.0,0.0,1778834073,314979446
3188,1778834073,375487062,gps,361028.2411461453,4065911.18065956,95.878,0.0,0.0,0.0,0.0,1778834073,439764772
3189,1778834073,500486997,gps,361028.55794156727,4065910.8869921765,95.849,0.0,0.0,0.0,0.0,1778834073,563866545
3190,1778834073,625486933,gps,361028.84758631454,4065910.5715721133,95.866,0.0,0.0,0.0,0.0,1778834073,685943372
3191,1778834073,750486868,gps,361029.11919070437,4065910.2453482626,95.848,0.0,0.0,0.0,0.0,1778834073,812803527
3192,1778834073,875486803,gps,361029.39169640245,4065909.9745943877,95.854,0.0,0.0,0.0,0.0,1778834073,938663450
3193,1778834074,486739,gps,361029.6193715541,4065909.693472015,95.842,0.0,0.0,0.0,0.0,1778834074,69235161
3194,1778834074,125486674,gps,361029.8390179457,4065909.467964715,95.81,0.0,0.0,0.0,0.0,1778834074,189993734
3195,1778834074,250486610,gps,361030.01401403995,4065909.243182905,95.824,0.0,0.0,0.0,0.0,1778834074,314137980
3196,1778834074,375486545,gps,361030.18937065755,4065909.040589084,95.789,0.0,0.0,0.0,0.0,1778834074,438419374
3197,1778834074,500486481,gps,361030.3475881828,4065908.882661437,95.768,0.0,0.0,0.0,0.0,1778834074,559315745
3198,1778834074,625486416,gps,361030.47008546634,4065908.725314177,95.777,0.0,0.0,0.0,0.0,1778834074,688355454
3199,1778834074,750486351,gps,361030.60205358354,4065908.601103803,95.766,0.0,0.0,0.0,0.0,1778834074,813025945
3200,1778834074,875486287,gps,361030.6890108817,4065908.455430926,95.762,0.0,0.0,0.0,0.0,1778834074,938619335
3201,1778834075,486222,gps,361030.776508951,4065908.34304003,95.775,0.0,0.0,0.0,0.0,1778834075,67494830
3202,1778834075,125486157,gps,361030.85507695784,4065908.2307942295,95.753,0.0,0.0,0.0,0.0,1778834075,189010518
3203,1778834075,250486093,gps,361030.9156045872,4065908.107744629,95.717,0.0,0.0,0.0,0.0,1778834075,314339975
3204,1778834075,375486028,gps,361030.99399234424,4065907.984404837,95.748,0.0,0.0,0.0,0.0,1778834075,437404264
3205,1778834075,500485964,gps,361031.08167067636,4065907.8831079365,95.712,0.0,0.0,0.0,0.0,1778834075,565549469
3206,1778834075,625485899,gps,361031.14183780155,4065907.737870352,95.721,0.0,0.0,0.0,0.0,1778834075,691222100
3207,1778834075,750485835,gps,361031.2196848007,4065907.581248582,95.71000000000001,0.0,0.0,0.0,0.0,1778834075,814694239
3208,1778834075,875485770,gps,361031.3245022476,4065907.4352855193,95.686,0.0,0.0,0.0,0.0,1778834075,939548956
3209,1778834076,485705,gps,361031.41055829753,4065907.2341426816,95.669,0.0,0.0,0.0,0.0,1778834076,68934163
3210,1778834076,125485641,gps,361031.5235847974,4065907.043658553,95.68,0.0,0.0,0.0,0.0,1778834076,189481321
3211,1778834076,250485576,gps,361031.6362507951,4065906.8309864383,95.611,0.0,0.0,0.0,0.0,1778834076,314437902
3212,1778834076,375485512,gps,361031.7665966719,4065906.6069301413,95.60300000000001,0.0,0.0,0.0,0.0,1778834076,439400922
3213,1778834076,500485447,gps,361031.8876519839,4065906.360830956,95.619,0.0,0.0,0.0,0.0,1778834076,563565734
3214,1778834076,625485383,gps,361032.01763736736,4065906.114586676,95.56700000000001,0.0,0.0,0.0,0.0,1778834076,688664559
3215,1778834076,750485318,gps,361032.1470819992,4065905.8350604186,95.556,0.0,0.0,0.0,0.0,1778834076,812293963
3216,1778834076,875485253,gps,361032.2943867695,4065905.5552439755,95.54,0.0,0.0,0.0,0.0,1778834076,938455918
3217,1778834077,485189,gps,361032.4413310435,4065905.2532395474,95.525,0.0,0.0,0.0,0.0,1778834077,67776821
3218,1778834077,125485124,gps,361032.5709559554,4065904.984807292,95.517,0.0,0.0,0.0,0.0,1778834077,190348526
3219,1778834077,250485060,gps,361032.7002203701,4065904.6941870507,95.513,0.0,0.0,0.0,0.0,1778834077,312260931
3220,1778834077,375484995,gps,361032.8389556194,4065904.436703699,95.509,0.0,0.0,0.0,0.0,1778834077,439094316
3221,1778834077,500484930,gps,361032.93322079617,4065904.191039812,95.486,0.0,0.0,0.0,0.0,1778834077,563398263
3222,1778834077,625484866,gps,361033.03695680224,4065903.9785128115,95.505,0.0,0.0,0.0,0.0,1778834077,689741719
3223,1778834077,750484801,gps,361033.1323035025,4065903.799412887,95.519,0.0,0.0,0.0,0.0,1778834077,814178145
3224,1778834077,875484737,gps,361033.2278304603,4065903.6314069587,95.48,0.0,0.0,0.0,0.0,1778834077,940530747
3225,1778834078,484672,gps,361033.33246774087,4065903.4743499313,95.508,0.0,0.0,0.0,0.0,1778834078,69409346
3226,1778834078,125484607,gps,361033.40138475446,4065903.3178732763,95.489,0.0,0.0,0.0,0.0,1778834078,186380672
3227,1778834078,250484543,gps,361033.4885224099,4065903.1832944234,95.471,0.0,0.0,0.0,0.0,1778834078,315496943
3228,1778834078,375484478,gps,361033.5754798167,4065903.03762158,95.474,0.0,0.0,0.0,0.0,1778834078,440949221
3229,1778834078,500484413,gps,361033.6442165884,4065902.8700509346,95.467,0.0,0.0,0.0,0.0,1778834078,565568959
3230,1778834078,625484349,gps,361033.7222439335,4065902.7245231844,95.456,0.0,0.0,0.0,0.0,1778834078,691252955
3231,1778834078,750484284,gps,361033.8265207325,4065902.545278177,95.45100000000001,0.0,0.0,0.0,0.0,1778834078,815290617
3232,1778834078,875484220,gps,361033.93079753604,4065902.3660331704,95.424,0.0,0.0,0.0,0.0,1778834078,939745418
3233,1778834079,484155,gps,361034.0438241615,4065902.175549079,95.381,0.0,0.0,0.0,0.0,1778834079,66140151
3234,1778834079,125484091,gps,361034.14774047286,4065901.9741160884,95.385,0.0,0.0,0.0,0.0,1778834079,190436600
3235,1778834079,250484026,gps,361034.2693366774,4065901.7612989214,95.386,0.0,0.0,0.0,0.0,1778834079,315274982
3236,1778834079,375483961,gps,361034.382363319,4065901.5708148372,95.348,0.0,0.0,0.0,0.0,1778834079,440457267
3237,1778834079,500483897,gps,361034.51325010654,4065901.3800405683,95.35000000000001,0.0,0.0,0.0,0.0,1778834079,564298263
3238,1778834079,625483832,gps,361034.6534274683,4065901.2113091983,95.333,0.0,0.0,0.0,0.0,1778834079,689193171
3239,1778834079,750483768,gps,361034.7937850869,4065901.053671825,95.315,0.0,0.0,0.0,0.0,1778834079,812676207
3240,1778834079,875483703,gps,361034.96057242143,4065900.873411193,95.298,0.0,0.0,0.0,0.0,1778834079,937112410
3241,1778834080,483638,gps,361035.11022062006,4065900.7378167203,95.31,0.0,0.0,0.0,0.0,1778834080,68936072
3242,1778834080,125483574,gps,361035.2684383961,4065900.5798891727,95.278,0.0,0.0,0.0,0.0,1778834080,189565977
3243,1778834080,250483509,gps,361035.4089762844,4065900.4333458026,95.293,0.0,0.0,0.0,0.0,1778834080,315160240
3244,1778834080,375483444,gps,361035.5671940716,4065900.2754182597,95.287,0.0,0.0,0.0,0.0,1778834080,439037614
3245,1778834080,500483380,gps,361035.73434193514,4065900.1173456307,95.266,0.0,0.0,0.0,0.0,1778834080,563195098
3246,1778834080,625483315,gps,361035.9189894493,4065899.936794837,95.253,0.0,0.0,0.0,0.0,1778834080,690063784
3247,1778834080,750483251,gps,361036.1036369725,4065899.756244049,95.25,0.0,0.0,0.0,0.0,1778834080,815261671
3248,1778834080,875483186,gps,361036.30578415084,4065899.5532150962,95.214,0.0,0.0,0.0,0.0,1778834080,940670030
3249,1778834081,483121,gps,361036.50811158534,4065899.361280143,95.224,0.0,0.0,0.0,0.0,1778834081,70471647
3250,1778834081,125483057,gps,361036.7191888542,4065899.158106113,95.194,0.0,0.0,0.0,0.0,1778834081,190670937
3251,1778834081,250482992,gps,361036.92133606167,4065898.955077176,95.18,0.0,0.0,0.0,0.0,1778834081,315112993
3252,1778834081,375482928,gps,361037.11455320567,4065898.752193335,95.186,0.0,0.0,0.0,0.0,1778834081,440776916
3253,1778834081,500482863,gps,361037.2900904615,4065898.5606936696,95.174,0.0,0.0,0.0,0.0,1778834081,567588503
3254,1778834081,625482798,gps,361037.44848856365,4065898.413860157,95.161,0.0,0.0,0.0,0.0,1778834081,692082615
3255,1778834081,750482734,gps,361037.5800964533,4065898.267461915,95.181,0.0,0.0,0.0,0.0,1778834081,812513049
3256,1778834081,875482669,gps,361037.7031347669,4065898.143396749,95.172,0.0,0.0,0.0,0.0,1778834081,940477293
3257,1778834082,482604,gps,361037.81724301167,4065898.0194766745,95.18,0.0,0.0,0.0,0.0,1778834082,70141836
3258,1778834082,125482540,gps,361037.9136713577,4065897.9069407713,95.19800000000001,0.0,0.0,0.0,0.0,1778834082,190171476
3259,1778834082,250482475,gps,361038.01939027116,4065897.8164477665,95.165,0.0,0.0,0.0,0.0,1778834082,316080482
3260,1778834082,375482411,gps,361038.11581862345,4065897.7039118647,95.169,0.0,0.0,0.0,0.0,1778834082,441056546
3261,1778834082,500482346,gps,361038.2124272223,4065897.6024699565,95.188,0.0,0.0,0.0,0.0,1778834082,565710288
3262,1778834082,625482281,gps,361038.3088555796,4065897.4899340593,95.18,0.0,0.0,0.0,0.0,1778834082,686988962
3263,1778834082,750482217,gps,361038.4320741601,4065897.3769628964,95.17,0.0,0.0,0.0,0.0,1778834082,814927973
3264,1778834082,875482152,gps,361038.55493225437,4065897.2418037513,95.177,0.0,0.0,0.0,0.0,1778834082,940890085
3265,1778834083,482087,gps,361038.6777903526,4065897.106644607,95.178,0.0,0.0,0.0,0.0,1778834083,70343198
3266,1778834083,125482023,gps,361038.82707818784,4065896.9488622174,95.165,0.0,0.0,0.0,0.0,1778834083,191284858
3267,1778834083,250481958,gps,361038.9851158582,4065896.7798407488,95.162,0.0,0.0,0.0,0.0,1778834083,316329427
3268,1778834083,375481893,gps,361039.1608334413,4065896.599435119,95.187,0.0,0.0,0.0,0.0,1778834083,440313089
3269,1778834083,500481829,gps,361039.3451206173,4065896.396696417,95.161,0.0,0.0,0.0,0.0,1778834083,560937120
3270,1778834083,625481764,gps,361039.5381576356,4065896.1827186416,95.143,0.0,0.0,0.0,0.0,1778834083,690555871
3271,1778834083,750481700,gps,361039.73994449386,4065895.957501791,95.155,0.0,0.0,0.0,0.0,1778834083,814958838
3272,1778834083,875481635,gps,361039.95977175795,4065895.743088765,95.154,0.0,0.0,0.0,0.0,1778834083,940698842
3273,1778834084,481570,gps,361040.1703084716,4065895.506632847,95.138,0.0,0.0,0.0,0.0,1778834084,69252101
3274,1778834084,125481506,gps,361040.38977527234,4065895.270031846,95.123,0.0,0.0,0.0,0.0,1778834084,190884252
3275,1778834084,250481441,gps,361040.60049225186,4065895.0446699318,95.138,0.0,0.0,0.0,0.0,1778834084,316206435
3276,1778834084,375481377,gps,361040.7847794976,4065894.8419312635,95.101,0.0,0.0,0.0,0.0,1778834084,438318058
3277,1778834084,500481312,gps,361040.96031691646,4065894.650431679,95.121,0.0,0.0,0.0,0.0,1778834084,565684089
3278,1778834084,625481247,gps,361041.1006747616,4065894.492794417,95.123,0.0,0.0,0.0,0.0,1778834084,691220722
3279,1778834084,750481183,gps,361041.23228277545,4065894.346396235,95.104,0.0,0.0,0.0,0.0,1778834084,815888867
3280,1778834084,875481118,gps,361041.3553211995,4065894.2223311244,95.10900000000001,0.0,0.0,0.0,0.0,1778834084,940635875
3281,1778834085,481053,gps,361041.45156939654,4065894.0987012717,95.095,0.0,0.0,0.0,0.0,1778834085,69265565
3282,1778834085,125480989,gps,361041.5481780765,4065893.9972594045,95.126,0.0,0.0,0.0,0.0,1778834085,190078566
3283,1778834085,250480924,gps,361041.61835700995,4065893.918440779,95.124,0.0,0.0,0.0,0.0,1778834085,315419753
3284,1778834085,375480860,gps,361041.68871618394,4065893.850716147,95.10600000000001,0.0,0.0,0.0,0.0,1778834085,440946101
3285,1778834085,500480795,gps,361041.7412152041,4065893.783281682,95.108,0.0,0.0,0.0,0.0,1778834085,567203113
3286,1778834085,625480730,gps,361041.7851446304,4065893.738180289,95.124,0.0,0.0,0.0,0.0,1778834085,690966930
3287,1778834085,750480666,gps,361041.8290740559,4065893.693078896,95.10900000000001,0.0,0.0,0.0,0.0,1778834085,815931516
3288,1778834085,875480601,gps,361041.86407340365,4065893.648122588,95.102,0.0,0.0,0.0,0.0,1778834085,941171989
3289,1778834086,480536,gps,361041.8994332334,4065893.625354266,95.119,0.0,0.0,0.0,0.0,1778834086,71043547
3290,1778834086,125480472,gps,361041.9258629852,4065893.602731028,95.113,0.0,0.0,0.0,0.0,1778834086,192010753
3291,1778834086,250480407,gps,361041.94336266007,4065893.5802528737,95.102,0.0,0.0,0.0,0.0,1778834086,314493211
3292,1778834086,375480343,gps,361041.96997265227,4065893.5687236288,95.098,0.0,0.0,0.0,0.0,1778834086,440777820
3293,1778834086,500480278,gps,361041.97872249037,4065893.5574845527,95.10000000000001,0.0,0.0,0.0,0.0,1778834086,565843995
3294,1778834086,625480213,gps,361041.99622216553,4065893.5350063983,95.10900000000001,0.0,0.0,0.0,0.0,1778834086,690565402
3295,1778834086,750480149,gps,361042.01390207955,4065893.523622237,95.09700000000001,0.0,0.0,0.0,0.0,1778834086,814865461
3296,1778834086,875480084,gps,361042.03158199496,4065893.512238076,95.09100000000001,0.0,0.0,0.0,0.0,1778834086,940809750
3297,1778834087,480020,gps,361042.0403318332,4065893.5009989995,95.08800000000001,0.0,0.0,0.0,0.0,1778834087,69780943
3298,1778834087,125479955,gps,361042.0580117474,4065893.4896148383,95.099,0.0,0.0,0.0,0.0,1778834087,186990786
3299,1778834087,250479890,gps,361042.07569166285,4065893.478230678,95.078,0.0,0.0,0.0,0.0,1778834087,315548582
3300,1778834087,375479826,gps,361042.0844415012,4065893.4669916,95.096,0.0,0.0,0.0,0.0,1778834087,440102474
3301,1778834087,500479761,gps,361042.09319133835,4065893.455752524,95.08800000000001,0.0,0.0,0.0,0.0,1778834087,565458840
3302,1778834087,625479696,gps,361042.110871254,4065893.4443683643,95.095,0.0,0.0,0.0,0.0,1778834087,690966264
3303,1778834087,750479632,gps,361042.11980133114,4065893.444223281,95.095,0.0,0.0,0.0,0.0,1778834087,815688602
3304,1778834087,875479567,gps,361042.110871254,4065893.4443683643,95.087,0.0,0.0,0.0,0.0,1778834087,940557587
3305,1778834088,479503,gps,361042.10230165673,4065893.4667014335,95.098,0.0,0.0,0.0,0.0,1778834088,66476487
3306,1778834088,125479438,gps,361042.09373205836,4065893.4890345046,95.101,0.0,0.0,0.0,0.0,1778834088,191061974
3307,1778834088,250479373,gps,361042.06730230583,4065893.511657742,95.10000000000001,0.0,0.0,0.0,0.0,1778834088,315916692
3308,1778834088,375479309,gps,361042.03212271514,4065893.5455200556,95.101,0.0,0.0,0.0,0.0,1778834088,440601982
3309,1778834088,500479244,gps,361042.0062336832,4065893.6014252733,95.114,0.0,0.0,0.0,0.0,1778834088,563898866
3310,1778834088,625479180,gps,361041.9535544183,4065893.6577657424,95.093,0.0,0.0,0.0,0.0,1778834088,689811908
3311,1778834088,750479115,gps,361041.892305559,4065893.736439282,95.096,0.0,0.0,0.0,0.0,1778834088,813620676
3312,1778834088,875479050,gps,361041.81319654477,4065893.8154029897,95.108,0.0,0.0,0.0,0.0,1778834088,937601548
3313,1778834089,478986,gps,361041.7253376958,4065893.905605775,95.10600000000001,0.0,0.0,0.0,0.0,1778834089,69704809
3314,1778834089,125478921,gps,361041.61979893496,4065894.007192723,95.114,0.0,0.0,0.0,0.0,1778834089,193183672
3315,1778834089,250478856,gps,361041.49658026313,4065894.1201638365,95.12,0.0,0.0,0.0,0.0,1778834089,317981930
3316,1778834089,375478792,gps,361041.3555014405,4065894.233425118,95.124,0.0,0.0,0.0,0.0,1778834089,441691794
3317,1778834089,500478727,gps,361041.21460286283,4065894.357780396,95.127,0.0,0.0,0.0,0.0,1778834089,566312900
3318,1778834089,625478663,gps,361041.05584413715,4065894.482425847,95.125,0.0,0.0,0.0,0.0,1778834089,690476835
3319,1778834089,750478598,gps,361040.90583525045,4065894.5958322226,95.133,0.0,0.0,0.0,0.0,1778834089,814757037
3320,1778834089,875478533,gps,361040.75582636753,4065894.7092386,95.129,0.0,0.0,0.0,0.0,1778834089,940591756
3321,1778834090,478469,gps,361040.62331715634,4065894.800166824,95.142,0.0,0.0,0.0,0.0,1778834090,70420365
3322,1778834090,125478404,gps,361040.5084878596,4065894.8797108857,95.133,0.0,0.0,0.0,0.0,1778834090,191088611
3323,1778834090,250478340,gps,361040.4204487932,4065894.9588196925,95.139,0.0,0.0,0.0,0.0,1778834090,316290031
3324,1778834090,375478275,gps,361040.33222948597,4065895.026834508,95.136,0.0,0.0,0.0,0.0,1778834090,438732059
3325,1778834090,500478210,gps,361040.2616900887,4065895.0834651585,95.155,0.0,0.0,0.0,0.0,1778834090,565970049
3326,1778834090,625478146,gps,361040.1909704511,4065895.1290018167,95.135,0.0,0.0,0.0,0.0,1778834090,691261636
3327,1778834090,750478081,gps,361040.12025081425,4065895.1745384764,95.153,0.0,0.0,0.0,0.0,1778834090,812835616
3328,1778834090,875478017,gps,361040.0584612535,4065895.219930049,95.149,0.0,0.0,0.0,0.0,1778834090,940123013
3329,1778834091,477952,gps,361039.99667169334,4065895.2653216235,95.151,0.0,0.0,0.0,0.0,1778834091,70145401
3330,1778834091,125477888,gps,361039.9257718144,4065895.2997642905,95.147,0.0,0.0,0.0,0.0,1778834091,190524628
3331,1778834091,250477823,gps,361039.8550521803,4065895.345300953,95.151,0.0,0.0,0.0,0.0,1778834091,315987702
3332,1778834091,375477758,gps,361039.80201245553,4065895.3794534495,95.137,0.0,0.0,0.0,0.0,1778834091,441901847
3333,1778834091,500477694,gps,361039.7486122437,4065895.3914179592,95.15,0.0,0.0,0.0,0.0,1778834091,565610294
3334,1778834091,625477629,gps,361039.71307218354,4065895.4030922977,95.153,0.0,0.0,0.0,0.0,1778834091,686630223
3335,1778834091,750477565,gps,361039.6868226864,4065895.436809535,95.145,0.0,0.0,0.0,0.0,1778834091,814023691
3336,1778834091,875477500,gps,361039.65128262655,4065895.4484838746,95.143,0.0,0.0,0.0,0.0,1778834091,939680109
3337,1778834092,477435,gps,361039.6068124916,4065895.460303298,95.134,0.0,0.0,0.0,0.0,1778834092,70358265
3338,1778834092,125477371,gps,361039.57145267655,4065895.4830716294,95.126,0.0,0.0,0.0,0.0,1778834092,191260991
3339,1778834092,250477306,gps,361039.51823270903,4065895.5061301347,95.14,0.0,0.0,0.0,0.0,1778834092,314761016
3340,1778834092,375477242,gps,361039.45590242324,4065895.518239734,95.139,0.0,0.0,0.0,0.0,1778834092,438532541
3341,1778834092,500477177,gps,361039.38482230605,4065895.5415884126,95.142,0.0,0.0,0.0,0.0,1778834092,560244646
3342,1778834092,625477113,gps,361039.3049923567,4065895.5761761717,95.138,0.0,0.0,0.0,0.0,1778834092,688671234
3343,1778834092,750477048,gps,361039.2160520891,4065895.5998150245,95.136,0.0,0.0,0.0,0.0,1778834092,813414213
3344,1778834092,875476983,gps,361039.12711182213,4065895.623453879,95.133,0.0,0.0,0.0,0.0,1778834092,940640001
3345,1778834093,476919,gps,361039.04692138627,4065895.6358536542,95.125,0.0,0.0,0.0,0.0,1778834093,69717225
3346,1778834093,125476854,gps,361038.96673095075,4065895.6482534306,95.116,0.0,0.0,0.0,0.0,1778834093,190923229
3347,1778834093,250476790,gps,361038.8954705916,4065895.6605081195,95.139,0.0,0.0,0.0,0.0,1778834093,314431054
3348,1778834093,375476725,gps,361038.8420703825,4065895.6724726353,95.119,0.0,0.0,0.0,0.0,1778834093,436851779
3349,1778834093,500476661,gps,361038.7886701748,4065895.684437151,95.125,0.0,0.0,0.0,0.0,1778834093,564725551
3350,1778834093,625476596,gps,361038.7442000421,4065895.6962565808,95.127,0.0,0.0,0.0,0.0,1778834093,690417290
3351,1778834093,750476531,gps,361038.70847973996,4065895.69683693,95.124,0.0,0.0,0.0,0.0,1778834093,813566552
3352,1778834093,875476467,gps,361038.7174098161,4065895.6966918423,95.129,0.0,0.0,0.0,0.0,1778834093,938337335
3353,1778834094,476402,gps,361038.73526996595,4065895.6964016682,95.10900000000001,0.0,0.0,0.0,0.0,1778834094,68319201
3354,1778834094,125476338,gps,361038.7263398911,4065895.6965467553,95.105,0.0,0.0,0.0,0.0,1778834094,189945209
3355,1778834094,250476273,gps,361038.7174098161,4065895.6966918423,95.118,0.0,0.0,0.0,0.0,1778834094,314390563
3356,1778834094,375476209,gps,361038.72652013553,4065895.7076407485,95.121,0.0,0.0,0.0,0.0,1778834094,439267773
3357,1778834094,500476144,gps,361038.73526996595,4065895.6964016682,95.115,0.0,0.0,0.0,0.0,1778834094,563312057
3358,1778834094,625476079,gps,361038.73545021046,4065895.707495662,95.116,0.0,0.0,0.0,0.0,1778834094,690127689
3359,1778834094,750476015,gps,361038.74438028655,4065895.707350574,95.11,0.0,0.0,0.0,0.0,1778834094,812650738
3360,1778834094,875475950,gps,361038.7533103615,4065895.707205487,95.122,0.0,0.0,0.0,0.0,1778834094,937912083
3361,1778834095,475886,gps,361038.753490606,4065895.71829948,95.11200000000001,0.0,0.0,0.0,0.0,1778834095,68115440
3362,1778834095,125475821,gps,361038.7622404377,4065895.7070604,95.129,0.0,0.0,0.0,0.0,1778834095,190109161
3363,1778834095,250475757,gps,361038.78028083185,4065895.7178642186,95.11,0.0,0.0,0.0,0.0,1778834095,312515515
3364,1778834095,375475692,gps,361038.79814098286,4065895.717574044,95.108,0.0,0.0,0.0,0.0,1778834095,439497950
3365,1778834095,500475627,gps,361038.84261111554,4065895.7057546154,95.125,0.0,0.0,0.0,0.0,1778834095,564524204
3366,1778834095,625475563,gps,361038.8872614925,4065895.7050291793,95.095,0.0,0.0,0.0,0.0,1778834095,691192530
3367,1778834095,750475498,gps,361038.94977202057,4065895.70401357,95.102,0.0,0.0,0.0,0.0,1778834095,815328286
3368,1778834095,875475434,gps,361039.03907277586,4065895.7025627014,95.09,0.0,0.0,0.0,0.0,1778834095,940412615
3369,1778834096,475369,gps,361039.12837352976,4065895.7011118326,95.096,0.0,0.0,0.0,0.0,1778834096,69877408
3370,1778834096,125475305,gps,361039.23571467865,4065895.710464785,95.092,0.0,0.0,0.0,0.0,1778834096,186643768
3371,1778834096,250475240,gps,361039.35198590206,4065895.719672652,95.08800000000001,0.0,0.0,0.0,0.0,1778834096,315603333
3372,1778834096,375475176,gps,361039.4775476883,4065895.7509234194,95.096,0.0,0.0,0.0,0.0,1778834096,439883278
3373,1778834096,500475111,gps,361039.59399915405,4065895.7712252834,95.096,0.0,0.0,0.0,0.0,1778834096,565227203
3374,1778834096,625475046,gps,361039.70152054576,4065895.7916722344,95.087,0.0,0.0,0.0,0.0,1778834096,691100822
3375,1778834096,750474982,gps,361039.80029210274,4065895.8233582675,95.089,0.0,0.0,0.0,0.0,1778834096,815288292
3376,1778834096,875474917,gps,361039.8808430234,4065895.833146485,95.098,0.0,0.0,0.0,0.0,1778834096,939773337
3377,1778834097,474853,gps,361039.93496420316,4065895.86555795,95.081,0.0,0.0,0.0,0.0,1778834097,66039041
3378,1778834097,125474788,gps,361039.9796145791,4065895.86483252,95.089,0.0,0.0,0.0,0.0,1778834097,190174864
3379,1778834097,250474724,gps,361040.024625442,4065895.8862950774,95.081,0.0,0.0,0.0,0.0,1778834097,315279623
3380,1778834097,375474659,gps,361040.06052598474,4065895.8968087276,95.065,0.0,0.0,0.0,0.0,1778834097,440550957
3381,1778834097,500474594,gps,361040.07856637804,4065895.9076125487,95.087,0.0,0.0,0.0,0.0,1778834097,565216674
3382,1778834097,625474530,gps,361040.09642652865,4065895.907322377,95.09400000000001,0.0,0.0,0.0,0.0,1778834097,690374116
3383,1778834097,750474465,gps,361040.11446692183,4065895.918126198,95.07000000000001,0.0,0.0,0.0,0.0,1778834097,814146832
3384,1778834097,875474401,gps,361040.132507315,4065895.9289300195,95.074,0.0,0.0,0.0,0.0,1778834097,936935832
3385,1778834098,474336,gps,361040.1773379333,4065895.939298584,95.08200000000001,0.0,0.0,0.0,0.0,1778834098,68404917
3386,1778834098,125474272,gps,361040.23127886857,4065895.960616057,95.07300000000001,0.0,0.0,0.0,0.0,1778834098,190232119
3387,1778834098,250474207,gps,361040.2764699715,4065895.993172609,95.061,0.0,0.0,0.0,0.0,1778834098,315098069
3388,1778834098,375474143,gps,361040.34827105777,4065896.0141999107,95.083,0.0,0.0,0.0,0.0,1778834098,439205037
3389,1778834098,500474078,gps,361040.4293627015,4065896.057270114,95.08500000000001,0.0,0.0,0.0,0.0,1778834098,564237090
3390,1778834098,625474014,gps,361040.5104543456,4065896.1003403193,95.06,0.0,0.0,0.0,0.0,1778834098,689452100
3391,1778834098,750473949,gps,361040.5915459889,4065896.1434105234,95.06700000000001,0.0,0.0,0.0,0.0,1778834098,814007089
3392,1778834098,875473884,gps,361040.66388779774,4065896.197719808,95.084,0.0,0.0,0.0,0.0,1778834098,939301066
3393,1778834099,473820,gps,361040.74497943936,4065896.2407900156,95.081,0.0,0.0,0.0,0.0,1778834099,68403367
3394,1778834099,125473755,gps,361040.7901705388,4065896.27334657,95.108,0.0,0.0,0.0,0.0,1778834099,189388250
3395,1778834099,250473691,gps,361040.83536163793,4065896.305903123,95.10300000000001,0.0,0.0,0.0,0.0,1778834099,314993465
3396,1778834099,375473626,gps,361040.8805527367,4065896.3384596785,95.107,0.0,0.0,0.0,0.0,1778834099,438257986
3397,1778834099,500473561,gps,361040.89859312796,4065896.3492635023,95.10900000000001,0.0,0.0,0.0,0.0,1778834099,564586888
3398,1778834099,625473497,gps,361040.92574383505,4065896.371016233,95.113,0.0,0.0,0.0,0.0,1778834099,690320057
3399,1778834099,750473432,gps,361040.9437842262,4065896.3818200566,95.124,0.0,0.0,0.0,0.0,1778834099,811937444
3400,1778834099,875473368,gps,361040.9528945433,4065896.392768965,95.133,0.0,0.0,0.0,0.0,1778834099,939088037
3401,1778834100,473303,gps,361040.9528945433,4065896.392768965,95.123,0.0,0.0,0.0,0.0,1778834100,68107604
3402,1778834100,125473239,gps,361040.9441447095,4065896.4040080435,95.116,0.0,0.0,0.0,0.0,1778834100,190145666
3403,1778834100,250473174,gps,361040.9528945433,4065896.392768965,95.114,0.0,0.0,0.0,0.0,1778834100,315299879
3404,1778834100,375473110,gps,361040.94396446785,4065896.3929140493,95.128,0.0,0.0,0.0,0.0,1778834100,441829655
3405,1778834100,500473045,gps,361040.9350343938,4065896.3930591345,95.144,0.0,0.0,0.0,0.0,1778834100,565229077
3406,1778834100,625472980,gps,361040.9259240767,4065896.3821102264,95.146,0.0,0.0,0.0,0.0,1778834100,686767407
3407,1778834100,750472916,gps,361040.8987733696,4065896.3603574946,95.129,0.0,0.0,0.0,0.0,1778834100,814868612
3408,1778834100,875472851,gps,361040.8625123453,4065896.327655855,95.145,0.0,0.0,0.0,0.0,1778834100,940199732
3409,1778834101,472787,gps,361040.8083911722,4065896.295244386,95.148,0.0,0.0,0.0,0.0,1778834101,69379441
3410,1778834101,125472722,gps,361040.7540897556,4065896.2517389227,95.126,0.0,0.0,0.0,0.0,1778834101,190912421
3411,1778834101,250472658,gps,361040.6728178734,4065896.1975747226,95.126,0.0,0.0,0.0,0.0,1778834101,315759766
3412,1778834101,375472593,gps,361040.6002958212,4065896.132171445,95.162,0.0,0.0,0.0,0.0,1778834101,439278449
3413,1778834101,500472528,gps,361040.5458141616,4065896.07757199,95.13,0.0,0.0,0.0,0.0,1778834101,560051613
3414,1778834101,625472464,gps,361040.48222218326,4065896.012023629,95.113,0.0,0.0,0.0,0.0,1778834101,691161720
3415,1778834101,750472399,gps,361040.4188104462,4065895.9575692597,95.121,0.0,0.0,0.0,0.0,1778834101,814569186
3416,1778834101,875472335,gps,361040.382369176,4065895.913773629,95.124,0.0,0.0,0.0,0.0,1778834101,940101926
3417,1778834102,472270,gps,361040.34610814904,4065895.8810719913,95.12,0.0,0.0,0.0,0.0,1778834102,69913616
3418,1778834102,125472206,gps,361040.3187771952,4065895.848225268,95.10900000000001,0.0,0.0,0.0,0.0,1778834102,189659767
3419,1778834102,250472141,gps,361040.2914462425,4065895.8153785453,95.12,0.0,0.0,0.0,0.0,1778834102,313840127
3420,1778834102,375472077,gps,361040.27340584924,4065895.804574722,95.11200000000001,0.0,0.0,0.0,0.0,1778834102,436337206
3421,1778834102,500472012,gps,361040.2551852134,4065895.782676907,95.115,0.0,0.0,0.0,0.0,1778834102,564921444
3422,1778834102,625471948,gps,361040.2460748962,4065895.7717279997,95.107,0.0,0.0,0.0,0.0,1778834102,688287865
3423,1778834102,750471883,gps,361040.2280345028,4065895.760924177,95.102,0.0,0.0,0.0,0.0,1778834102,812622062
3424,1778834102,875471818,gps,361040.2098138668,4065895.739026362,95.108,0.0,0.0,0.0,0.0,1778834102,937790775
3425,1778834103,471754,gps,361040.20945338166,4065895.7168383747,95.095,0.0,0.0,0.0,0.0,1778834103,67744510
3426,1778834103,125471689,gps,361040.20052330685,4065895.716983461,95.089,0.0,0.0,0.0,0.0,1778834103,189177070
3427,1778834103,250471625,gps,361040.20052330685,4065895.716983461,95.087,0.0,0.0,0.0,0.0,1778834103,314770176
3428,1778834103,375471560,gps,361040.20945338166,4065895.7168383747,95.084,0.0,0.0,0.0,0.0,1778834103,439234195
3429,1778834103,500471496,gps,361040.2185637003,4065895.7277872837,95.089,0.0,0.0,0.0,0.0,1778834103,562969066
3430,1778834103,625471431,gps,361040.23696457886,4065895.760779091,95.095,0.0,0.0,0.0,0.0,1778834103,688707972
3431,1778834103,750471367,gps,361040.27322560677,4065895.7934807288,95.09,0.0,0.0,0.0,0.0,1778834103,812764000
3432,1778834103,875471302,gps,361040.3094866356,4065895.826182367,95.099,0.0,0.0,0.0,0.0,1778834103,937611161
3433,1778834104,471238,gps,361040.3550382237,4065895.880926906,95.102,0.0,0.0,0.0,0.0,1778834104,67584222
3434,1778834104,125471173,gps,361040.40970012936,4065895.9466203526,95.102,0.0,0.0,0.0,0.0,1778834104,189696041
3435,1778834104,250471109,gps,361040.4647225174,4065896.0345017863,95.10600000000001,0.0,0.0,0.0,0.0,1778834104,312440507
3436,1778834104,375471044,gps,361040.5286749801,4065896.122238135,95.105,0.0,0.0,0.0,0.0,1778834104,439428768
3437,1778834104,500470980,gps,361040.59298792563,4065896.23216247,95.122,0.0,0.0,0.0,0.0,1778834104,564564926
3438,1778834104,625470915,gps,361040.6574811117,4065896.3531808006,95.129,0.0,0.0,0.0,0.0,1778834104,688965267
3439,1778834104,750470850,gps,361040.7219742959,4065896.4741991293,95.137,0.0,0.0,0.0,0.0,1778834104,813448760
3440,1778834104,875470786,gps,361040.76860732934,4065896.5955076288,95.132,0.0,0.0,0.0,0.0,1778834104,938815244
3441,1778834105,470721,gps,361040.8150601197,4065896.705722137,95.145,0.0,0.0,0.0,0.0,1778834105,68972915
3442,1778834105,125470657,gps,361040.8527630771,4065896.827175723,95.138,0.0,0.0,0.0,0.0,1778834105,185133487
3443,1778834105,250470592,gps,361040.88153595873,4065896.9487743946,95.173,0.0,0.0,0.0,0.0,1778834105,312878583
3444,1778834105,375470528,gps,361040.92798874597,4065897.058988902,95.161,0.0,0.0,0.0,0.0,1778834105,437999396
3445,1778834105,500470463,gps,361040.9569418677,4065897.1916815676,95.152,0.0,0.0,0.0,0.0,1778834105,563787672
3446,1778834105,625470399,gps,361040.97678467375,4065897.313425325,95.168,0.0,0.0,0.0,0.0,1778834105,688667799
3447,1778834105,750470334,gps,361040.9971682043,4065897.4684510604,95.175,0.0,0.0,0.0,0.0,1778834105,812838941
3448,1778834105,875470270,gps,361041.0175517342,4065897.6234767972,95.179,0.0,0.0,0.0,0.0,1778834105,937650806
3449,1778834106,470205,gps,361041.0113252848,4065897.790031783,95.18,0.0,0.0,0.0,0.0,1778834106,62997664
3450,1778834106,125470141,gps,361041.0052790787,4065897.9676807616,95.194,0.0,0.0,0.0,0.0,1778834106,187849537
3451,1778834106,250470076,gps,361040.98173321056,4065898.1678078943,95.183,0.0,0.0,0.0,0.0,1778834106,313991729
3452,1778834106,375470012,gps,361040.9492572706,4065898.368080115,95.197,0.0,0.0,0.0,0.0,1778834106,437984376
3453,1778834106,500469947,gps,361040.89017135755,4065898.579881583,95.206,0.0,0.0,0.0,0.0,1778834106,561817959
3454,1778834106,625469882,gps,361040.8134055451,4065898.8030672157,95.223,0.0,0.0,0.0,0.0,1778834106,685990080
3455,1778834106,750469818,gps,361040.7094890374,4065899.004500119,95.23700000000001,0.0,0.0,0.0,0.0,1778834106,810442083
3456,1778834106,875469753,gps,361040.58807287575,4065899.2284111795,95.272,0.0,0.0,0.0,0.0,1778834106,934355598
3457,1778834107,469689,gps,361040.4486163365,4065899.441518422,95.279,0.0,0.0,0.0,0.0,1778834107,65610950
3458,1778834107,125469624,gps,361040.28218934685,4065899.6439669295,95.281,0.0,0.0,0.0,0.0,1778834107,189320166
3459,1778834107,250469560,gps,361040.1064718077,4065899.8243725407,95.298,0.0,0.0,0.0,0.0,1778834107,312672901
3460,1778834107,375469495,gps,361039.92182420683,4065900.004923241,95.312,0.0,0.0,0.0,0.0,1778834107,437841252
3461,1778834107,500469430,gps,361039.7193164709,4065900.1857641176,95.34700000000001,0.0,0.0,0.0,0.0,1778834107,562327553
3462,1778834107,625469366,gps,361039.5076984298,4065900.355656094,95.32900000000001,0.0,0.0,0.0,0.0,1778834107,687784844
3463,1778834107,750469302,gps,361039.2694704303,4065900.5370773287,95.345,0.0,0.0,0.0,0.0,1778834107,812363205
3464,1778834107,875469237,gps,361039.0492828245,4065900.729302389,95.348,0.0,0.0,0.0,0.0,1778834107,937634879
3465,1778834108,469172,gps,361038.8108746004,4065900.899629645,95.357,0.0,0.0,0.0,0.0,1778834108,67692426
3466,1778834108,125469108,gps,361038.5728268757,4065901.0921448935,95.369,0.0,0.0,0.0,0.0,1778834108,187746318
3467,1778834108,250469043,gps,361038.35299979046,4065901.3065579613,95.36200000000001,0.0,0.0,0.0,0.0,1778834108,313279979
3468,1778834108,375468979,gps,361038.0881618794,4065901.499508486,95.381,0.0,0.0,0.0,0.0,1778834108,436774393
3469,1778834108,500468914,gps,361037.84136436356,4065901.7032628376,95.384,0.0,0.0,0.0,0.0,1778834108,561410950
3470,1778834108,625468850,gps,361037.6034969292,4065901.906872109,95.395,0.0,0.0,0.0,0.0,1778834108,687095443
3471,1778834108,750468785,gps,361037.3390195455,4065902.1220106473,95.414,0.0,0.0,0.0,0.0,1778834108,809056308
3472,1778834108,875468721,gps,361037.07472242333,4065902.3482431863,95.389,0.0,0.0,0.0,0.0,1778834108,936701880
3473,1778834109,468656,gps,361036.79256517714,4065902.5747659137,95.434,0.0,0.0,0.0,0.0,1778834109,65727501
3474,1778834109,125468592,gps,361036.51969851006,4065902.823331549,95.429,0.0,0.0,0.0,0.0,1778834109,187516719
3475,1778834109,250468527,gps,361036.22004165576,4065903.072332462,95.428,0.0,0.0,0.0,0.0,1778834109,312704356
3476,1778834109,375468463,gps,361035.9207453161,4065903.343521374,95.429,0.0,0.0,0.0,0.0,1778834109,437563016
3477,1778834109,500468398,gps,361035.6039493587,4065903.637188465,95.44200000000001,0.0,0.0,0.0,0.0,1778834109,561684657
3478,1778834109,625468334,gps,361035.2869731737,4065903.919761576,95.458,0.0,0.0,0.0,0.0,1778834109,684530032
3479,1778834109,750468269,gps,361034.97910732566,4065904.213283601,95.474,0.0,0.0,0.0,0.0,1778834109,810615667
3480,1778834109,875468204,gps,361034.6716020006,4065904.528993625,95.485,0.0,0.0,0.0,0.0,1778834109,937559316
3481,1778834110,468140,gps,361034.3373064995,4065904.845138937,95.482,0.0,0.0,0.0,0.0,1778834110,68616335
3482,1778834110,125468075,gps,361034.01194108836,4065905.1611391706,95.486,0.0,0.0,0.0,0.0,1778834110,189460971
3483,1778834110,250468011,gps,361033.6688958233,4065905.4885235974,95.523,0.0,0.0,0.0,0.0,1778834110,313860739
3484,1778834110,375467946,gps,361033.3349609013,4065905.8268569363,95.56,0.0,0.0,0.0,0.0,1778834110,437448207
3485,1778834110,500467882,gps,361033.0013865109,4065906.1873782803,95.548,0.0,0.0,0.0,0.0,1778834110,558605309
3486,1778834110,625467817,gps,361032.6951431016,4065906.580746335,95.54,0.0,0.0,0.0,0.0,1778834110,688540144
3487,1778834110,750467753,gps,361032.3892602266,4065906.9963023905,95.551,0.0,0.0,0.0,0.0,1778834110,812536092
3488,1778834110,875467688,gps,361032.0921271924,4065907.400619368,95.587,0.0,0.0,0.0,0.0,1778834110,937660727
3489,1778834111,467624,gps,361031.7864246317,4065907.8272694405,95.593,0.0,0.0,0.0,0.0,1778834111,67314063
3490,1778834111,125467559,gps,361031.46250146895,4065908.2320217285,95.61,0.0,0.0,0.0,0.0,1778834111,188502855
3491,1778834111,250467495,gps,361031.1116078949,4065908.626115321,95.618,0.0,0.0,0.0,0.0,1778834111,312705593
3492,1778834111,375467430,gps,361030.75052250316,4065908.942696071,95.642,0.0,0.0,0.0,0.0,1778834111,436142140
3493,1778834111,500467366,gps,361030.3529958669,4065909.2154812473,95.633,0.0,0.0,0.0,0.0,1778834111,564036985
3494,1778834111,625467301,gps,361029.93670784944,4065909.4330866686,95.679,0.0,0.0,0.0,0.0,1778834111,689020296
3495,1778834111,750467237,gps,361029.51130953466,4065909.6397432135,95.656,0.0,0.0,0.0,0.0,1778834111,812600881
3496,1778834111,875467172,gps,361029.0496502232,4065909.8136981903,95.72,0.0,0.0,0.0,0.0,1778834111,937368248
3497,1778834112,467108,gps,361028.61496136896,4065909.9983118926,95.687,0.0,0.0,0.0,0.0,1778834112,67538813
3498,1778834112,125467043,gps,361028.16205189435,4065910.161027826,95.721,0.0,0.0,0.0,0.0,1778834112,187740705
3499,1778834112,250466979,gps,361027.70914243604,4065910.3237437857,95.72800000000001,0.0,0.0,0.0,0.0,1778834112,312791445
3500,1778834112,375466914,gps,361027.27427337394,4065910.4972635633,95.717,0.0,0.0,0.0,0.0,1778834112,437279638
3501,1778834112,500466850,gps,361026.90191475116,4065910.669767663,95.73400000000001,0.0,0.0,0.0,0.0,1778834112,562352916
3502,1778834112,625466785,gps,361026.5656369043,4065910.863879365,95.732,0.0,0.0,0.0,0.0,1778834112,687607084
3503,1778834112,750466720,gps,361026.30079955014,4065911.056830275,95.767,0.0,0.0,0.0,0.0,1778834112,810544542
3504,1778834112,875466656,gps,361026.04489226814,4065911.2496360946,95.761,0.0,0.0,0.0,0.0,1778834112,936863686
3505,1778834113,466591,gps,361025.8155949133,4065911.4309126223,95.78,0.0,0.0,0.0,0.0,1778834113,67020953
3506,1778834113,125466527,gps,361025.5859370432,4065911.59000117,95.752,0.0,0.0,0.0,0.0,1778834113,187568813
3507,1778834113,250466462,gps,361025.3832496224,4065911.759748412,95.78,0.0,0.0,0.0,0.0,1778834113,310201251
3508,1778834113,375466398,gps,361025.18038194545,4065911.9184016674,95.798,0.0,0.0,0.0,0.0,1778834113,437160676
3509,1778834113,500466333,gps,361024.99555465695,4065912.087858716,95.81700000000001,0.0,0.0,0.0,0.0,1778834113,561875637
3510,1778834113,625466269,gps,361024.77482687874,4065912.246802184,95.79,0.0,0.0,0.0,0.0,1778834113,686979782
3511,1778834113,750466204,gps,361024.5721394883,4065912.416549447,95.818,0.0,0.0,0.0,0.0,1778834113,811398013
3512,1778834113,875466140,gps,361024.378742693,4065912.6083396,95.818,0.0,0.0,0.0,0.0,1778834113,937136685
3513,1778834114,466075,gps,361024.15837546845,4065912.7894710717,95.831,0.0,0.0,0.0,0.0,1778834114,66321104
3514,1778834114,125466011,gps,361023.92943872383,4065912.9929356426,95.84,0.0,0.0,0.0,0.0,1778834114,184921472
3515,1778834114,250465946,gps,361023.73658275104,4065913.218007792,95.85900000000001,0.0,0.0,0.0,0.0,1778834114,314406021
3516,1778834114,375465882,gps,361023.5440873178,4065913.4652679334,95.85000000000001,0.0,0.0,0.0,0.0,1778834114,439428318
3517,1778834114,500465817,gps,361023.3340923137,4065913.7350062765,95.91,0.0,0.0,0.0,0.0,1778834114,563446203
3518,1778834114,625465752,gps,361023.15124802606,4065914.0264973007,95.892,0.0,0.0,0.0,0.0,1778834114,689518887
3519,1778834114,750465688,gps,361022.950904169,4065914.3404665273,95.927,0.0,0.0,0.0,0.0,1778834114,813095207
3520,1778834114,875465623,gps,361022.7505603272,4065914.654435756,95.941,0.0,0.0,0.0,0.0,1778834114,937997942
3521,1778834115,465559,gps,361022.5503967684,4065914.979498984,95.95,0.0,0.0,0.0,0.0,1778834115,64770371
3522,1778834115,125465494,gps,361022.3505937578,4065915.3267502068,95.927,0.0,0.0,0.0,0.0,1778834115,188448666
3523,1778834115,250465430,gps,361022.13293065503,4065915.6742916447,95.994,0.0,0.0,0.0,0.0,1778834115,314352545
3524,1778834115,375465365,gps,361021.9245581598,4065916.043875972,95.95400000000001,0.0,0.0,0.0,0.0,1778834115,440157986
3525,1778834115,500465301,gps,361021.74315611355,4065916.424118981,95.97200000000001,0.0,0.0,0.0,0.0,1778834115,563632496
3526,1778834115,625465236,gps,361021.53532445896,4065916.8269853,96.024,0.0,0.0,0.0,0.0,1778834115,688293278
3527,1778834115,750465172,gps,361021.3367834145,4065917.251894506,95.989,0.0,0.0,0.0,0.0,1778834115,812293179
3528,1778834115,875465107,gps,361021.1018011051,4065917.6330081685,96.025,0.0,0.0,0.0,0.0,1778834115,935029380
3529,1778834116,465043,gps,361020.8669990862,4065918.025215832,96.025,0.0,0.0,0.0,0.0,1778834116,66963876
3530,1778834116,125464978,gps,361020.6320168192,4065918.406329508,96.035,0.0,0.0,0.0,0.0,1778834116,189207537
3531,1778834116,250464914,gps,361020.3241520027,4065918.699852098,96.057,0.0,0.0,0.0,0.0,1778834116,313350950
3532,1778834116,375464849,gps,361020.0341473097,4065918.993084481,96.056,0.0,0.0,0.0,0.0,1778834116,437008518
3533,1778834116,500464785,gps,361019.76146192837,4065919.252744681,96.047,0.0,0.0,0.0,0.0,1778834116,562266728
3534,1778834116,625464720,gps,361019.479846513,4065919.5125499964,96.04,0.0,0.0,0.0,0.0,1778834116,687127500
3535,1778834116,750464656,gps,361019.2153701307,4065919.727689129,96.08500000000001,0.0,0.0,0.0,0.0,1778834116,812261001
3536,1778834116,875464591,gps,361018.9689341348,4065919.9536320455,96.063,0.0,0.0,0.0,0.0,1778834116,938913468
3537,1778834117,464527,gps,361018.74035825446,4065920.1792847547,96.069,0.0,0.0,0.0,0.0,1778834117,68254012
3538,1778834117,125464462,gps,361018.5208927069,4065920.4158863537,96.057,0.0,0.0,0.0,0.0,1778834117,188983833
3539,1778834117,250464398,gps,361018.30160744523,4065920.6635819534,96.092,0.0,0.0,0.0,0.0,1778834117,314985166
3540,1778834117,375464333,gps,361018.0914325185,4065920.9222264444,96.07900000000001,0.0,0.0,0.0,0.0,1778834117,440210386
3541,1778834117,500464269,gps,361017.87232755445,4065921.1810160493,96.108,0.0,0.0,0.0,0.0,1778834117,565755819
3542,1778834117,625464204,gps,361017.64429255517,4065921.439950771,96.10600000000001,0.0,0.0,0.0,0.0,1778834117,690207037
3543,1778834117,750464140,gps,361017.38964769716,4065921.710414824,96.10600000000001,0.0,0.0,0.0,0.0,1778834117,811049555
3544,1778834117,875464075,gps,361017.16233382316,4065922.013725536,96.09700000000001,0.0,0.0,0.0,0.0,1778834117,938521224
3545,1778834118,464011,gps,361016.8989392244,4065922.29542871,96.107,0.0,0.0,0.0,0.0,1778834118,67133427
3546,1778834118,125463946,gps,361016.62679486925,4065922.588370998,96.105,0.0,0.0,0.0,0.0,1778834118,188148478
3547,1778834118,250463881,gps,361016.3460810359,4065922.903646394,96.151,0.0,0.0,0.0,0.0,1778834118,313849815
3548,1778834118,375463817,gps,361016.07447754603,4065923.2298706835,96.143,0.0,0.0,0.0,0.0,1778834118,439041865
3549,1778834118,500463752,gps,361015.82055389567,4065923.5447107637,96.175,0.0,0.0,0.0,0.0,1778834118,564135074
3550,1778834118,625463688,gps,361015.549130723,4065923.882029066,96.154,0.0,0.0,0.0,0.0,1778834118,685120043
3551,1778834118,750463623,gps,361015.25912637287,4065924.1752616246,96.223,0.0,0.0,0.0,0.0,1778834118,812341350
3552,1778834118,875463559,gps,361015.01431310404,4065924.5010506134,96.226,0.0,0.0,0.0,0.0,1778834118,937884354
3553,1778834119,463494,gps,361014.74234916276,4065924.8050869615,96.246,0.0,0.0,0.0,0.0,1778834119,68118336
3554,1778834119,125463430,gps,361014.5239655145,4065925.1082526357,96.256,0.0,0.0,0.0,0.0,1778834119,189677441
3555,1778834119,250463365,gps,361014.2962912803,4065925.3893754417,96.266,0.0,0.0,0.0,0.0,1778834119,313981564
3556,1778834119,375463301,gps,361014.09522691753,4065925.65896892,96.265,0.0,0.0,0.0,0.0,1778834119,438336757
3557,1778834119,500463236,gps,361013.9023714992,4065925.884041311,96.293,0.0,0.0,0.0,0.0,1778834119,559109269
3558,1778834119,625463172,gps,361013.6916560021,4065926.1094039367,96.257,0.0,0.0,0.0,0.0,1778834119,688658072
3559,1778834119,750463107,gps,361013.4984400468,4065926.312288348,96.303,0.0,0.0,0.0,0.0,1778834119,812617671
3560,1778834119,875463043,gps,361013.30576493865,4065926.5484547503,96.301,0.0,0.0,0.0,0.0,1778834119,938485577
3561,1778834120,462978,gps,361013.10343867866,4065926.7403902947,96.32000000000001,0.0,0.0,0.0,0.0,1778834120,68671090
3562,1778834120,125462913,gps,361012.9014729874,4065926.9545138306,96.34700000000001,0.0,0.0,0.0,0.0,1778834120,189870803
3563,1778834120,250462849,gps,361012.7086176305,4065927.1795862517,96.34700000000001,0.0,0.0,0.0,0.0,1778834120,314669608
3564,1778834120,375462784,gps,361012.4891524352,4065927.416188018,96.36200000000001,0.0,0.0,0.0,0.0,1778834120,437133233
3565,1778834120,500462720,gps,361012.2696872511,4065927.6527897916,96.355,0.0,0.0,0.0,0.0,1778834120,565063069
3566,1778834120,625462655,gps,361012.05058264243,4065927.911579559,96.39,0.0,0.0,0.0,0.0,1778834120,690025863
3567,1778834120,750462591,gps,361011.80468791927,4065928.1708046813,96.401,0.0,0.0,0.0,0.0,1778834120,814055015
3568,1778834120,875462526,gps,361011.5591537744,4065928.452217799,96.41,0.0,0.0,0.0,0.0,1778834120,938885794
3569,1778834121,462462,gps,361011.28682952235,4065928.7340662763,96.45100000000001,0.0,0.0,0.0,0.0,1778834121,68224871
3570,1778834121,125462397,gps,361011.0236156104,4065929.026863641,96.46600000000001,0.0,0.0,0.0,0.0,1778834121,189804618
3571,1778834121,250462332,gps,361010.742902201,4065929.3421392366,96.47800000000001,0.0,0.0,0.0,0.0,1778834121,314474575
3572,1778834121,375462268,gps,361010.44432872935,4065929.657705079,96.502,0.0,0.0,0.0,0.0,1778834121,440386954
3573,1778834121,500462203,gps,361010.1371858085,4065929.995604037,96.512,0.0,0.0,0.0,0.0,1778834121,564504180
3574,1778834121,625462139,gps,361009.84772270743,4065930.3221187764,96.526,0.0,0.0,0.0,0.0,1778834121,689597818
3575,1778834121,750462074,gps,361009.54021926445,4065930.6378297703,96.53,0.0,0.0,0.0,0.0,1778834121,813502318
3576,1778834121,875462010,gps,361009.2416458847,4065930.953395657,96.551,0.0,0.0,0.0,0.0,1778834121,937994715
3577,1778834122,461945,gps,361008.95164199546,4065931.246628446,96.54,0.0,0.0,0.0,0.0,1778834122,68941068
3578,1778834122,125461881,gps,361008.6878873873,4065931.506143904,96.54,0.0,0.0,0.0,0.0,1778834122,190906311
3579,1778834122,250461816,gps,361008.4328825475,4065931.754420256,96.574,0.0,0.0,0.0,0.0,1778834122,312785494
3580,1778834122,375461752,gps,361008.18662747426,4065931.9914575024,96.595,0.0,0.0,0.0,0.0,1778834122,438976945
3581,1778834122,500461687,gps,361007.9584127779,4065932.239298509,96.593,0.0,0.0,0.0,0.0,1778834122,563485623
3582,1778834122,625461623,gps,361007.72108777077,4065932.476190648,96.607,0.0,0.0,0.0,0.0,1778834122,689610943
3583,1778834122,750461558,gps,361007.4923322395,4065932.690749685,96.617,0.0,0.0,0.0,0.0,1778834122,813698128
3584,1778834122,875461494,gps,361007.2369668952,4065932.9168380867,96.61200000000001,0.0,0.0,0.0,0.0,1778834122,939954580
3585,1778834123,461429,gps,361006.99964192696,4065933.1537302462,96.60900000000001,0.0,0.0,0.0,0.0,1778834123,68632867
3586,1778834123,125461365,gps,361006.7265968233,4065933.3912029015,96.619,0.0,0.0,0.0,0.0,1778834123,185627397
3587,1778834123,250461300,gps,361006.47141180874,4065933.6283853217,96.668,0.0,0.0,0.0,0.0,1778834123,313923379
3588,1778834123,375461236,gps,361006.2071164821,4065933.854618877,96.652,0.0,0.0,0.0,0.0,1778834123,439806344
3589,1778834123,500461171,gps,361005.92532167636,4065934.103330678,96.665,0.0,0.0,0.0,0.0,1778834123,564686565
3590,1778834123,625461107,gps,361005.67031699495,4065934.3516071173,96.676,0.0,0.0,0.0,0.0,1778834123,689374131
3591,1778834123,750461042,gps,361005.3888828,4065934.6225069235,96.686,0.0,0.0,0.0,0.0,1778834123,814269337
3592,1778834123,875460977,gps,361005.0804782276,4065934.882748116,96.717,0.0,0.0,0.0,0.0,1778834123,939019627
3593,1778834124,460913,gps,361004.7901140343,4065935.1537930667,96.709,0.0,0.0,0.0,0.0,1778834124,64488460
3594,1778834124,125460849,gps,361004.48207008047,4065935.4362222725,96.718,0.0,0.0,0.0,0.0,1778834124,188356093
3595,1778834124,250460784,gps,361004.14759662666,4065935.741274851,96.756,0.0,0.0,0.0,0.0,1778834124,313563194
3596,1778834124,375460719,gps,361003.81312319683,4065936.0463274443,96.759,0.0,0.0,0.0,0.0,1778834124,437736288
3597,1778834124,500460655,gps,361003.46990004997,4065936.362619172,96.776,0.0,0.0,0.0,0.0,1778834124,560894456
3598,1778834124,625460590,gps,361003.11810748035,4065936.7012440274,96.767,0.0,0.0,0.0,0.0,1778834124,686541202
3599,1778834124,750460526,gps,361002.7657740592,4065937.006586917,96.778,0.0,0.0,0.0,0.0,1778834124,810800880
3600,1778834124,875460461,gps,361002.4225509885,4065937.3228786876,96.799,0.0,0.0,0.0,0.0,1778834124,934609598
3601,1778834125,460397,gps,361002.08807768364,4065937.6279313536,96.822,0.0,0.0,0.0,0.0,1778834125,66054551
3602,1778834125,125460332,gps,361001.8071845955,4065937.932113269,96.82300000000001,0.0,0.0,0.0,0.0,1778834125,187791560
3603,1778834125,250460268,gps,361001.53504126525,4065938.225056072,96.824,0.0,0.0,0.0,0.0,1778834125,312426591
3604,1778834125,375460203,gps,361001.27146739524,4065938.495665769,96.84100000000001,0.0,0.0,0.0,0.0,1778834125,436615120
3605,1778834125,500460139,gps,361001.00807383674,4065938.7773694694,96.828,0.0,0.0,0.0,0.0,1778834125,560837068
3606,1778834125,625460074,gps,361000.7712900944,4065939.047543799,96.854,0.0,0.0,0.0,0.0,1778834125,686438614
3607,1778834125,750460010,gps,361000.5255763355,4065939.317863263,96.842,0.0,0.0,0.0,0.0,1778834125,811308640
3608,1778834125,875459945,gps,361000.2711128589,4065939.5994218593,96.85600000000001,0.0,0.0,0.0,0.0,1778834125,937421843
3609,1778834126,459881,gps,361000.00753907213,4065939.8700315976,96.852,0.0,0.0,0.0,0.0,1778834126,65648552
3610,1778834126,125459816,gps,360999.7532559259,4065940.1626842055,96.897,0.0,0.0,0.0,0.0,1778834126,186698457
3611,1778834126,250459752,gps,360999.4811127386,4065940.455627078,96.883,0.0,0.0,0.0,0.0,1778834126,311824843
3612,1778834126,375459687,gps,360999.2004001379,4065940.770903083,96.901,0.0,0.0,0.0,0.0,1778834126,437295765
3613,1778834126,500459623,gps,360998.92843728815,4065941.0749399695,96.911,0.0,0.0,0.0,0.0,1778834126,563037112
3614,1778834126,625459558,gps,360998.6386143999,4065941.379267131,96.91,0.0,0.0,0.0,0.0,1778834126,688327819
3615,1778834126,750459494,gps,360998.37558161933,4065941.683158906,96.907,0.0,0.0,0.0,0.0,1778834126,809669104
3616,1778834126,875459429,gps,360998.08575877175,4065941.9874860854,96.926,0.0,0.0,0.0,0.0,1778834126,937785825
3617,1778834127,459365,gps,360997.81361570104,4065942.280429017,96.921,0.0,0.0,0.0,0.0,1778834127,66326262
3618,1778834127,125459300,gps,360997.5412923484,4065942.562277962,96.904,0.0,0.0,0.0,0.0,1778834127,188269174
3619,1778834127,250459236,gps,360997.26021928806,4065942.8553660437,96.904,0.0,0.0,0.0,0.0,1778834127,313554544
3620,1778834127,375459171,gps,360996.99682599906,4065943.1370698786,96.933,0.0,0.0,0.0,0.0,1778834127,438594580
3621,1778834127,500459107,gps,360996.73325242696,4065943.407679725,96.918,0.0,0.0,0.0,0.0,1778834127,562550425
3622,1778834127,625459043,gps,360996.4603882402,4065943.656246724,96.92,0.0,0.0,0.0,0.0,1778834127,683282798
3623,1778834127,750458978,gps,360996.2055644246,4065943.9156174604,96.922,0.0,0.0,0.0,0.0,1778834127,810704045
3624,1778834127,875458914,gps,360995.93306087516,4065944.1863724673,96.931,0.0,0.0,0.0,0.0,1778834127,936107215
3625,1778834128,458849,gps,360995.6605573431,4065944.457127483,96.93900000000001,0.0,0.0,0.0,0.0,1778834128,67465629
3626,1778834128,125458785,gps,360995.3878735247,4065944.7167885127,96.93900000000001,0.0,0.0,0.0,0.0,1778834128,188988918
3627,1778834128,250458720,gps,360995.0705395966,4065944.9771752236,96.93900000000001,0.0,0.0,0.0,0.0,1778834128,313081023
3628,1778834128,375458656,gps,360994.7444559664,4065945.2488010773,96.937,0.0,0.0,0.0,0.0,1778834128,437391717
3629,1778834128,500458591,gps,360994.436052103,4065945.509042677,96.976,0.0,0.0,0.0,0.0,1778834128,557593530
3630,1778834128,625458527,gps,360994.11014881846,4065945.7917625513,96.97800000000001,0.0,0.0,0.0,0.0,1778834128,688327993
3631,1778834128,750458462,gps,360993.7933558862,4065946.085431297,96.994,0.0,0.0,0.0,0.0,1778834128,812442723
3632,1778834128,875458397,gps,360993.4767432819,4065946.3901940496,97.008,0.0,0.0,0.0,0.0,1778834128,938301934
3633,1778834129,458333,gps,360993.1513809839,4065946.706195947,97.007,0.0,0.0,0.0,0.0,1778834129,68037469
3634,1778834129,125458268,gps,360992.8440590625,4065947.033001578,97.027,0.0,0.0,0.0,0.0,1778834129,188068199
3635,1778834129,250458204,gps,360992.51833619765,4065947.32681551,97.031,0.0,0.0,0.0,0.0,1778834129,312398887
3636,1778834129,375458139,gps,360992.18386363983,4065947.6318685897,97.06700000000001,0.0,0.0,0.0,0.0,1778834129,435522960
3637,1778834129,500458075,gps,360991.8670708423,4065947.9255374097,97.071,0.0,0.0,0.0,0.0,1778834129,563538278
3638,1778834129,625458010,gps,360991.54152835277,4065948.230445379,97.086,0.0,0.0,0.0,0.0,1778834129,689092931
3639,1778834129,750457946,gps,360991.22527652734,4065948.5573962103,97.08200000000001,0.0,0.0,0.0,0.0,1778834129,813011600
3640,1778834129,875457881,gps,360990.9175941292,4065948.8620139267,97.101,0.0,0.0,0.0,0.0,1778834129,938153836
3641,1778834130,457817,gps,360990.6097314418,4065949.155537659,97.11500000000001,0.0,0.0,0.0,0.0,1778834130,68160262
3642,1778834130,125457752,gps,360990.3109791075,4065949.460010258,97.119,0.0,0.0,0.0,0.0,1778834130,189193846
3643,1778834130,250457688,gps,360990.02079619304,4065949.7421497405,97.152,0.0,0.0,0.0,0.0,1778834130,314410846
3644,1778834130,375457623,gps,360989.73079360893,4065950.0353832263,97.149,0.0,0.0,0.0,0.0,1778834130,440132871
3645,1778834130,500457559,gps,360989.4497210656,4065950.328471584,97.148,0.0,0.0,0.0,0.0,1778834130,563280164
3646,1778834130,625457494,gps,360989.1598988334,4065950.6327990866,97.183,0.0,0.0,0.0,0.0,1778834130,687203079
3647,1778834130,750457430,gps,360988.86989630957,4065950.926032604,97.177,0.0,0.0,0.0,0.0,1778834130,810834392
3648,1778834130,875457365,gps,360988.58007411857,4065951.230360129,97.197,0.0,0.0,0.0,0.0,1778834130,936608070
3649,1778834131,457301,gps,360988.28132193035,4065951.5348328054,97.217,0.0,0.0,0.0,0.0,1778834131,68345820
3650,1778834131,125457236,gps,360987.9914997814,4065951.839160349,97.23100000000001,0.0,0.0,0.0,0.0,1778834131,188289555
3651,1778834131,250457172,gps,360987.7193573755,4065952.132103626,97.21900000000001,0.0,0.0,0.0,0.0,1778834131,310919272
3652,1778834131,375457107,gps,360987.4473953042,4065952.4361409075,97.244,0.0,0.0,0.0,0.0,1778834131,437744181
3653,1778834131,500457043,gps,360987.17507262167,4065952.717990206,97.245,0.0,0.0,0.0,0.0,1778834131,562065493
3654,1778834131,625456978,gps,360986.91186028905,4065953.0107883676,97.251,0.0,0.0,0.0,0.0,1778834131,687921730
3655,1778834131,750456914,gps,360986.66632769327,4065953.2922022566,97.266,0.0,0.0,0.0,0.0,1778834131,811467868
3656,1778834131,875456849,gps,360986.4029350817,4065953.57390644,97.251,0.0,0.0,0.0,0.0,1778834131,937676541
3657,1778834132,456785,gps,360986.13972280256,4065953.866704626,97.269,0.0,0.0,0.0,0.0,1778834132,67153422
3658,1778834132,125456720,gps,360985.88526024186,4065954.1482636826,97.27,0.0,0.0,0.0,0.0,1778834132,184907553
3659,1778834132,250456656,gps,360985.61329830025,4065954.4523010254,97.257,0.0,0.0,0.0,0.0,1778834132,312397031
3660,1778834132,375456591,gps,360985.34133637825,4065954.756338379,97.288,0.0,0.0,0.0,0.0,1778834132,437170312
3661,1778834132,500456527,gps,360985.0783044916,4065955.060230595,97.292,0.0,0.0,0.0,0.0,1778834132,562794915
3662,1778834132,625456462,gps,360984.79759291094,4065955.375507108,97.31,0.0,0.0,0.0,0.0,1778834132,687795582
3663,1778834132,750456398,gps,360984.5170616708,4065955.7018776247,97.31400000000001,0.0,0.0,0.0,0.0,1778834132,811138861
3664,1778834132,875456333,gps,360984.2450998286,4065956.005915015,97.322,0.0,0.0,0.0,0.0,1778834132,937086586
3665,1778834133,456269,gps,360983.99117835285,4065956.3207561183,97.337,0.0,0.0,0.0,0.0,1778834133,61467189
3666,1778834133,125456204,gps,360983.7368962574,4065956.6134092384,97.342,0.0,0.0,0.0,0.0,1778834133,187034809
3667,1778834133,250456140,gps,360983.51797359204,4065956.88329379,97.34700000000001,0.0,0.0,0.0,0.0,1778834133,311989318
3668,1778834133,375456075,gps,360983.32511970075,4065957.108366925,97.34100000000001,0.0,0.0,0.0,0.0,1778834133,437095682
3669,1778834133,500456011,gps,360983.1408351915,4065957.3111069277,97.339,0.0,0.0,0.0,0.0,1778834133,561162991
3670,1778834133,625455946,gps,360982.9740500755,4065957.4913686495,97.349,0.0,0.0,0.0,0.0,1778834133,686319223
3671,1778834133,750455882,gps,360982.84280469624,4065957.659955789,97.35000000000001,0.0,0.0,0.0,0.0,1778834133,810377642
3672,1778834133,875455817,gps,360982.71101835975,4065957.795260946,97.355,0.0,0.0,0.0,0.0,1778834133,933989568
3673,1778834134,455753,gps,360982.6058417426,4065957.9190366645,97.342,0.0,0.0,0.0,0.0,1778834134,67142890
3674,1778834134,125455688,gps,360982.509234498,4065958.0204792484,97.34100000000001,0.0,0.0,0.0,0.0,1778834134,188181317
3675,1778834134,250455624,gps,360982.43030695984,4065958.110537542,97.35600000000001,0.0,0.0,0.0,0.0,1778834134,312604899
3676,1778834134,375455559,gps,360982.3692394461,4065958.200305539,97.346,0.0,0.0,0.0,0.0,1778834134,436261286
3677,1778834134,500455495,gps,360982.316560981,4065958.2566464045,97.345,0.0,0.0,0.0,0.0,1778834134,561126018
3678,1778834134,625455430,gps,360982.2724518862,4065958.2906541303,97.34400000000001,0.0,0.0,0.0,0.0,1778834134,688699675
3679,1778834134,750455365,gps,360982.25495250523,4065958.3131324174,97.339,0.0,0.0,0.0,0.0,1778834134,813270981
3680,1778834134,875455301,gps,360982.2285231132,4065958.3357558525,97.32600000000001,0.0,0.0,0.0,0.0,1778834134,939716716
3681,1778834135,455236,gps,360982.20209372125,4065958.3583792867,97.36,0.0,0.0,0.0,0.0,1778834135,66862376
3682,1778834135,125455172,gps,360982.1933440303,4065958.369618431,97.34100000000001,0.0,0.0,0.0,0.0,1778834135,187676057
3683,1778834135,250455107,gps,360982.1756643283,4065958.381002722,97.34700000000001,0.0,0.0,0.0,0.0,1778834135,312216849
3684,1778834135,375455043,gps,360982.1669146386,4065958.3922418663,97.352,0.0,0.0,0.0,0.0,1778834135,437331853
3685,1778834135,500454978,gps,360982.1579846274,4065958.3923870153,97.343,0.0,0.0,0.0,0.0,1778834135,562864462
3686,1778834135,625454914,gps,360982.158164949,4065958.4034810085,97.352,0.0,0.0,0.0,0.0,1778834135,687918139
3687,1778834135,750454849,gps,360982.1579846274,4065958.3923870153,97.334,0.0,0.0,0.0,0.0,1778834135,809162223
3688,1778834135,875454785,gps,360982.1579846274,4065958.3923870153,97.34,0.0,0.0,0.0,0.0,1778834135,936004179
3689,1778834136,454720,gps,360982.1665539955,4065958.3700538757,97.343,0.0,0.0,0.0,0.0,1778834136,64861231
3690,1778834136,125454656,gps,360982.17548400664,4065958.369908728,97.358,0.0,0.0,0.0,0.0,1778834136,186222529
3691,1778834136,250454591,gps,360982.17530368513,4065958.358814732,97.352,0.0,0.0,0.0,0.0,1778834136,312228004
3692,1778834136,375454526,gps,360982.1840533761,4065958.3475755886,97.34,0.0,0.0,0.0,0.0,1778834136,436899356
3693,1778834136,500454462,gps,360982.19262274425,4065958.32524245,97.339,0.0,0.0,0.0,0.0,1778834136,560646925
3694,1778834136,625454397,gps,360982.2103024465,4065958.3138581575,97.339,0.0,0.0,0.0,0.0,1778834136,682136021
3695,1778834136,750454333,gps,360982.2190521376,4065958.302619016,97.322,0.0,0.0,0.0,0.0,1778834136,809956548
3696,1778834136,875454269,gps,360982.23673183855,4065958.2912347224,97.311,0.0,0.0,0.0,0.0,1778834136,935906016
3697,1778834137,454204,gps,360982.23637119564,4065958.2690467318,97.324,0.0,0.0,0.0,0.0,1778834137,66890408
3698,1778834137,125454139,gps,360982.25405089813,4065958.2576624416,97.328,0.0,0.0,0.0,0.0,1778834137,187011202
3699,1778834137,250454075,gps,360982.2628005892,4065958.2464232976,97.319,0.0,0.0,0.0,0.0,1778834137,312691120
3700,1778834137,375454011,gps,360982.2804802904,4065958.235039007,97.3,0.0,0.0,0.0,0.0,1778834137,436711437
3701,1778834137,500453946,gps,360982.2801196476,4065958.212851017,97.309,0.0,0.0,0.0,0.0,1778834137,557493376
3702,1778834137,625453881,gps,360982.2977993502,4065958.2014667233,97.307,0.0,0.0,0.0,0.0,1778834137,687400284
3703,1778834137,750453817,gps,360982.30654904153,4065958.1902275817,97.286,0.0,0.0,0.0,0.0,1778834137,811335104
3704,1778834137,875453752,gps,360982.32404842286,4065958.167749295,97.292,0.0,0.0,0.0,0.0,1778834137,937522394
3705,1778834138,453688,gps,360982.32386810146,4065958.1566553,97.282,0.0,0.0,0.0,0.0,1778834138,67939758
3706,1778834138,125453624,gps,360982.34154780296,4065958.145271007,97.28,0.0,0.0,0.0,0.0,1778834138,187114765
3707,1778834138,250453559,gps,360982.35011717305,4065958.12293787,97.28,0.0,0.0,0.0,0.0,1778834138,312993578
3708,1778834138,375453495,gps,360982.3588668632,4065958.1116987253,97.259,0.0,0.0,0.0,0.0,1778834138,434460837
3709,1778834138,500453430,gps,360982.3765465661,4065958.100314435,97.265,0.0,0.0,0.0,0.0,1778834138,562792276
3710,1778834138,625453366,gps,360982.3852962563,4065958.089075291,97.255,0.0,0.0,0.0,0.0,1778834138,688015997
3711,1778834138,750453301,gps,360982.39386562654,4065958.0667421534,97.262,0.0,0.0,0.0,0.0,1778834138,811811666
3712,1778834138,875453236,gps,360982.402795638,4065958.0665970054,97.25,0.0,0.0,0.0,0.0,1778834138,936960598
3713,1778834139,453172,gps,360982.385115935,4065958.077981295,97.263,0.0,0.0,0.0,0.0,1778834139,65984094
3714,1778834139,125453108,gps,360982.385115935,4065958.077981295,97.233,0.0,0.0,0.0,0.0,1778834139,187009056
3715,1778834139,250453043,gps,360982.39386562654,4065958.0667421534,97.252,0.0,0.0,0.0,0.0,1778834139,311988032
3716,1778834139,375452979,gps,360982.39386562654,4065958.0667421534,97.254,0.0,0.0,0.0,0.0,1778834139,437107833
3717,1778834139,500452914,gps,360982.3849356137,4065958.0668873005,97.241,0.0,0.0,0.0,0.0,1778834139,560877917
3718,1778834139,625452850,gps,360982.3849356137,4065958.0668873005,97.238,0.0,0.0,0.0,0.0,1778834139,685889460
3719,1778834139,750452785,gps,360982.39386562654,4065958.0667421534,97.212,0.0,0.0,0.0,0.0,1778834139,809903775
3720,1778834139,875452721,gps,360982.39386562654,4065958.0667421534,97.20400000000001,0.0,0.0,0.0,0.0,1778834139,935483679
3721,1778834140,452656,gps,360982.39386562654,4065958.0667421534,97.21900000000001,0.0,0.0,0.0,0.0,1778834140,66627052
3722,1778834140,125452592,gps,360982.3849356137,4065958.0668873005,97.212,0.0,0.0,0.0,0.0,1778834140,187778088
3723,1778834140,250452527,gps,360982.3847552925,4065958.0557933045,97.203,0.0,0.0,0.0,0.0,1778834140,310310816
3724,1778834140,375452463,gps,360982.3847552925,4065958.0557933045,97.214,0.0,0.0,0.0,0.0,1778834140,436902032
3725,1778834140,500452398,gps,360982.3847552925,4065958.0557933045,97.20100000000001,0.0,0.0,0.0,0.0,1778834140,560794484
3726,1778834140,625452334,gps,360982.3847552925,4065958.0557933045,97.214,0.0,0.0,0.0,0.0,1778834140,686909306
3727,1778834140,750452269,gps,360982.3847552925,4065958.0557933045,97.224,0.0,0.0,0.0,0.0,1778834140,810557923
3728,1778834140,875452205,gps,360982.3847552925,4065958.0557933045,97.217,0.0,0.0,0.0,0.0,1778834140,937439310
3729,1778834141,452140,gps,360982.3847552925,4065958.0557933045,97.227,0.0,0.0,0.0,0.0,1778834141,65293841
3730,1778834141,125452076,gps,360982.39350498404,4065958.044554162,97.23400000000001,0.0,0.0,0.0,0.0,1778834141,182487964
3731,1778834141,250452011,gps,360982.39350498404,4065958.044554162,97.215,0.0,0.0,0.0,0.0,1778834141,310792895
3732,1778834141,375451947,gps,360982.3847552925,4065958.0557933045,97.211,0.0,0.0,0.0,0.0,1778834141,435709080
3733,1778834141,500451882,gps,360982.39350498404,4065958.044554162,97.196,0.0,0.0,0.0,0.0,1778834141,561818812
3734,1778834141,625451818,gps,360982.3845749713,4065958.04469931,97.21300000000001,0.0,0.0,0.0,0.0,1778834141,686814746
3735,1778834141,750451753,gps,360982.38439465,4065958.0336053153,97.21300000000001,0.0,0.0,0.0,0.0,1778834141,810589517
3736,1778834141,875451689,gps,360982.3842143287,4065958.0225113193,97.212,0.0,0.0,0.0,0.0,1778834141,934853169
3737,1778834142,451624,gps,360982.38439465,4065958.0336053153,97.199,0.0,0.0,0.0,0.0,1778834142,60552120
3738,1778834142,125451560,gps,360982.37546463846,4065958.0337504637,97.193,0.0,0.0,0.0,0.0,1778834142,185245583
3739,1778834142,250451495,gps,360982.37546463846,4065958.0337504637,97.193,0.0,0.0,0.0,0.0,1778834142,310834960
3740,1778834142,375451431,gps,360982.3752843172,4065958.0226564673,97.19200000000001,0.0,0.0,0.0,0.0,1778834142,436611111
3741,1778834142,500451366,gps,360982.3665346269,4065958.0338956118,97.194,0.0,0.0,0.0,0.0,1778834142,559652800
3742,1778834142,625451302,gps,360982.3752843172,4065958.0226564673,97.19,0.0,0.0,0.0,0.0,1778834142,685379326
3743,1778834142,750451237,gps,360982.3752843172,4065958.0226564673,97.174,0.0,0.0,0.0,0.0,1778834142,808643711
3744,1778834142,875451173,gps,360982.37546463846,4065958.0337504637,97.185,0.0,0.0,0.0,0.0,1778834142,932674074
3745,1778834143,451108,gps,360982.3665346269,4065958.0338956118,97.193,0.0,0.0,0.0,0.0,1778834143,65457199
3746,1778834143,125451044,gps,360982.3665346269,4065958.0338956118,97.193,0.0,0.0,0.0,0.0,1778834143,186561063
3747,1778834143,250450979,gps,360982.36635430565,4065958.0228016153,97.197,0.0,0.0,0.0,0.0,1778834143,311252815
3748,1778834143,375450915,gps,360982.36635430565,4065958.0228016153,97.188,0.0,0.0,0.0,0.0,1778834143,435566745
3749,1778834143,500450850,gps,360982.35760461417,4065958.03404076,97.184,0.0,0.0,0.0,0.0,1778834143,561305623
3750,1778834143,625450786,gps,360982.35742429283,4065958.0229467633,97.178,0.0,0.0,0.0,0.0,1778834143,686603415
3751,1778834143,750450721,gps,360982.35760461417,4065958.03404076,97.182,0.0,0.0,0.0,0.0,1778834143,810042926
3752,1778834143,875450657,gps,360982.3665346269,4065958.0338956118,97.155,0.0,0.0,0.0,0.0,1778834143,936496310
3753,1778834144,450592,gps,360982.35760461417,4065958.03404076,97.177,0.0,0.0,0.0,0.0,1778834144,65446345
3754,1778834144,125450528,gps,360982.35742429283,4065958.0229467633,97.17,0.0,0.0,0.0,0.0,1778834144,187326637
3755,1778834144,250450463,gps,360982.3484942813,4065958.023091912,97.164,0.0,0.0,0.0,0.0,1778834144,310683125
3756,1778834144,375450399,gps,360982.35742429283,4065958.0229467633,97.159,0.0,0.0,0.0,0.0,1778834144,435053346
3757,1778834144,500450334,gps,360982.35760461417,4065958.03404076,97.156,0.0,0.0,0.0,0.0,1778834144,561359705
3758,1778834144,625450270,gps,360982.34831396,4065958.0119979163,97.173,0.0,0.0,0.0,0.0,1778834144,685765778
3759,1778834144,750450205,gps,360982.3484942813,4065958.023091912,97.163,0.0,0.0,0.0,0.0,1778834144,808746478
3760,1778834144,875450141,gps,360982.3486746026,4065958.034185908,97.155,0.0,0.0,0.0,0.0,1778834144,935400926
3761,1778834145,450076,gps,360982.3484942813,4065958.023091912,97.165,0.0,0.0,0.0,0.0,1778834145,65512602
3762,1778834145,125450012,gps,360982.3484942813,4065958.023091912,97.154,0.0,0.0,0.0,0.0,1778834145,184660907
3763,1778834145,250449947,gps,360982.3395642685,4065958.023237059,97.164,0.0,0.0,0.0,0.0,1778834145,310063702
3764,1778834145,375449883,gps,360982.3484942813,4065958.023091912,97.157,0.0,0.0,0.0,0.0,1778834145,435161329
3765,1778834145,500449818,gps,360982.3395642685,4065958.023237059,97.167,0.0,0.0,0.0,0.0,1778834145,558353958
3766,1778834145,625449754,gps,360982.33063425694,4065958.023382207,97.166,0.0,0.0,0.0,0.0,1778834145,680526632
3767,1778834145,750449689,gps,360982.3395642685,4065958.023237059,97.161,0.0,0.0,0.0,0.0,1778834145,809008049
3768,1778834145,875449625,gps,360982.33063425694,4065958.023382207,97.142,0.0,0.0,0.0,0.0,1778834145,934073935
3769,1778834146,449560,gps,360982.33063425694,4065958.023382207,97.161,0.0,0.0,0.0,0.0,1778834146,64578344
3770,1778834146,125449496,gps,360982.33063425694,4065958.023382207,97.168,0.0,0.0,0.0,0.0,1778834146,188007692
3771,1778834146,250449431,gps,360982.33063425694,4065958.023382207,97.152,0.0,0.0,0.0,0.0,1778834146,311562780
3772,1778834146,375449367,gps,360982.33063425694,4065958.023382207,97.147,0.0,0.0,0.0,0.0,1778834146,435588225
3773,1778834146,500449302,gps,360982.33063425694,4065958.023382207,97.158,0.0,0.0,0.0,0.0,1778834146,556157872
3774,1778834146,625449238,gps,360982.32170424535,4065958.0235273554,97.158,0.0,0.0,0.0,0.0,1778834146,685464030
3775,1778834146,750449173,gps,360982.32170424535,4065958.0235273554,97.166,0.0,0.0,0.0,0.0,1778834146,811165626
3776,1778834146,875449109,gps,360982.32170424535,4065958.0235273554,97.149,0.0,0.0,0.0,0.0,1778834146,936323722
3777,1778834147,449044,gps,360982.3218845667,4065958.0346213523,97.159,0.0,0.0,0.0,0.0,1778834147,65548780
3778,1778834147,125448980,gps,360982.3127742326,4065958.0236725034,97.15,0.0,0.0,0.0,0.0,1778834147,186944728
3779,1778834147,250448915,gps,360982.3127742326,4065958.0236725034,97.154,0.0,0.0,0.0,0.0,1778834147,311415937
3780,1778834147,375448851,gps,360982.3127742326,4065958.0236725034,97.125,0.0,0.0,0.0,0.0,1778834147,434442383
3781,1778834147,500448786,gps,360982.3127742326,4065958.0236725034,97.133,0.0,0.0,0.0,0.0,1778834147,562451516
3782,1778834147,625448722,gps,360982.30366389966,4065958.012723657,97.137,0.0,0.0,0.0,0.0,1778834147,687409366
3783,1778834147,750448657,gps,360982.30384422105,4065958.023817652,97.11,0.0,0.0,0.0,0.0,1778834147,811764775
3784,1778834147,875448593,gps,360982.30384422105,4065958.023817652,97.114,0.0,0.0,0.0,0.0,1778834147,936000182
3785,1778834148,448528,gps,360982.29491420824,4065958.0239627995,97.121,0.0,0.0,0.0,0.0,1778834148,65049534
3786,1778834148,125448464,gps,360982.29473388684,4065958.012868804,97.127,0.0,0.0,0.0,0.0,1778834148,187398266
3787,1778834148,250448399,gps,360982.29473388684,4065958.012868804,97.113,0.0,0.0,0.0,0.0,1778834148,312256912
3788,1778834148,375448335,gps,360982.29473388684,4065958.012868804,97.092,0.0,0.0,0.0,0.0,1778834148,437366162
3789,1778834148,500448270,gps,360982.2858038753,4065958.013013952,97.111,0.0,0.0,0.0,0.0,1778834148,562278103
3790,1778834148,625448206,gps,360982.2858038753,4065958.013013952,97.09100000000001,0.0,0.0,0.0,0.0,1778834148,686223371
3791,1778834148,750448141,gps,360982.2768738625,4065958.0131591004,97.08800000000001,0.0,0.0,0.0,0.0,1778834148,810314139
3792,1778834148,875448077,gps,360982.2768738625,4065958.0131591004,97.096,0.0,0.0,0.0,0.0,1778834148,935934865
3793,1778834149,448013,gps,360982.2766935411,4065958.002065106,97.084,0.0,0.0,0.0,0.0,1778834149,65489597
3794,1778834149,125447948,gps,360982.2679438509,4065958.0133042485,97.077,0.0,0.0,0.0,0.0,1778834149,187320603
3795,1778834149,250447884,gps,360982.2679438509,4065958.0133042485,97.063,0.0,0.0,0.0,0.0,1778834149,309462406
3796,1778834149,375447819,gps,360982.2679438509,4065958.0133042485,97.065,0.0,0.0,0.0,0.0,1778834149,436307411
3797,1778834149,500447755,gps,360982.26776352944,4065958.002210254,97.068,0.0,0.0,0.0,0.0,1778834149,560396654
3798,1778834149,625447690,gps,360982.2588335179,4065958.0023554014,97.053,0.0,0.0,0.0,0.0,1778834149,684915356
3799,1778834149,750447626,gps,360982.2590138393,4065958.0134493965,97.046,0.0,0.0,0.0,0.0,1778834149,808377872
3800,1778834149,875447561,gps,360982.2588335179,4065958.0023554014,97.052,0.0,0.0,0.0,0.0,1778834149,934833382
3801,1778834150,447497,gps,360982.2409734935,4065958.002645698,97.048,0.0,0.0,0.0,0.0,1778834150,63935756
3802,1778834150,125447432,gps,360982.24972318363,4065957.991406554,97.061,0.0,0.0,0.0,0.0,1778834150,181775162
3803,1778834150,250447368,gps,360982.2409734935,4065958.002645698,97.036,0.0,0.0,0.0,0.0,1778834150,310125160
3804,1778834150,375447303,gps,360982.24079317204,4065957.991551702,97.053,0.0,0.0,0.0,0.0,1778834150,434400012
3805,1778834150,500447239,gps,360982.2320434807,4065958.0027908464,97.054,0.0,0.0,0.0,0.0,1778834150,561751951
3806,1778834150,625447174,gps,360982.2318631592,4065957.9916968504,97.04,0.0,0.0,0.0,0.0,1778834150,685059054
3807,1778834150,750447110,gps,360982.2318631592,4065957.9916968504,97.044,0.0,0.0,0.0,0.0,1778834150,808328690
3808,1778834150,875447045,gps,360982.2231134691,4065958.0029359944,97.048,0.0,0.0,0.0,0.0,1778834150,934038433
3809,1778834151,446981,gps,360982.2229331476,4065957.9918419984,97.036,0.0,0.0,0.0,0.0,1778834151,59967620
3810,1778834151,125446916,gps,360982.21400313603,4065957.9919871464,97.052,0.0,0.0,0.0,0.0,1778834151,185209849
3811,1778834151,250446852,gps,360982.2050731232,4065957.992132295,97.04,0.0,0.0,0.0,0.0,1778834151,310125603
3812,1778834151,375446787,gps,360982.2050731232,4065957.992132295,97.037,0.0,0.0,0.0,0.0,1778834151,435213318
