iTOW,year,month,day,hour,min,sec,valid,tAcc,nano,fixType,flags,flags2,numSV,lon,lat,height,hMSL,hAcc,vAcc,velN,velE,velD,gSpeed,heading,sAcc,headAcc,pDOP,reserved1.len,headVeh,magDec,magAcc,bag_t.secs,bag_t.nsecs
462639625,2026,5,15,8,30,21,55,24,624617072,3,3,234,28,1274431069,367291506,98383,78458,680,1256,4,-22,10,23,14521998,172,18000000,115,6,0,0,0,1778833821,686209425
462639750,2026,5,15,8,30,21,55,24,749617008,3,3,234,28,1274431069,367291506,98387,78462,681,1258,-7,18,3,19,14521998,169,18000000,115,6,0,0,0,1778833821,814577628
462639875,2026,5,15,8,30,21,55,24,874616943,3,3,234,28,1274431068,367291506,98391,78466,682,1260,-18,-43,1,47,14521998,194,18000000,115,6,0,0,0,1778833821,939114999
462640000,2026,5,15,8,30,22,55,24,-383120,3,3,234,28,1274431070,367291506,98386,78461,683,1261,-1,41,-3,41,14521998,179,18000000,115,6,0,0,0,1778833822,69712539
462640125,2026,5,15,8,30,22,55,24,124616814,3,3,234,28,1274431069,367291506,98388,78463,684,1263,16,-14,8,22,14521998,165,18000000,115,6,0,0,0,1778833822,189947928
462640250,2026,5,15,8,30,22,55,24,249616750,3,3,234,28,1274431069,367291506,98372,78447,685,1265,6,17,18,18,14521998,174,18000000,115,6,0,0,0,1778833822,315294685
462640375,2026,5,15,8,30,22,55,24,374616685,3,3,234,28,1274431070,367291507,98384,78460,686,1267,27,10,2,28,14521998,189,18000000,115,6,0,0,0,1778833822,439033469
462640500,2026,5,15,8,30,22,55,24,499616621,3,3,234,28,1274431070,367291507,98375,78450,688,1269,34,-1,5,34,14521998,179,18000000,114,6,0,0,0,1778833822,560108422
462640625,2026,5,15,8,30,22,55,24,624616556,3,3,234,28,1274431069,367291507,98373,78449,689,1271,13,-18,14,22,14521998,164,18000000,114,6,0,0,0,1778833822,689106603
462640750,2026,5,15,8,30,22,55,24,749616492,3,3,234,28,1274431071,367291507,98378,78453,690,1273,-29,75,17,80,14521998,169,13539564,114,6,0,0,0,1778833822,814942065
462640875,2026,5,15,8,30,22,55,24,874616427,3,3,234,28,1274431070,367291507,98395,78471,691,1275,6,-6,-3,9,14521998,167,18000000,114,6,0,0,0,1778833822,939929161
462641000,2026,5,15,8,30,23,55,24,-383636,3,3,234,28,1274431070,367291507,98360,78435,692,1277,23,4,17,23,14521998,179,18000000,114,6,0,0,0,1778833823,70067341
462641125,2026,5,15,8,30,23,55,24,124616298,3,3,234,28,1274431071,367291508,98383,78458,693,1279,25,8,5,26,14521998,190,18000000,114,6,0,0,0,1778833823,189459053
462641250,2026,5,15,8,30,23,55,24,249616233,3,3,234,28,1274431070,367291507,98394,78469,694,1281,-20,-12,0,24,14521998,194,18000000,114,6,0,0,0,1778833823,315133276
462641375,2026,5,15,8,30,23,55,24,374616169,3,3,234,28,1274431070,367291507,98402,78478,695,1283,-36,1,-5,36,14521998,187,18000000,114,6,0,0,0,1778833823,437406483
462641500,2026,5,15,8,30,23,55,24,499616104,3,3,234,28,1274431070,367291507,98412,78487,696,1285,21,-34,-12,40,14521998,167,18000000,114,6,0,0,0,1778833823,564941605
462641625,2026,5,15,8,30,23,55,24,624616040,3,3,234,28,1274431069,367291507,98399,78474,697,1286,-30,-22,-7,38,14521998,197,18000000,114,6,0,0,0,1778833823,689511049
462641750,2026,5,15,8,30,23,55,24,749615975,3,3,234,28,1274431069,367291507,98411,78486,698,1288,-22,-24,-11,32,14521998,193,18000000,114,6,0,0,0,1778833823,813350184
462641875,2026,5,15,8,30,23,55,24,874615911,3,3,234,28,1274431070,367291507,98411,78487,699,1290,43,26,-8,50,14521998,197,18000000,114,6,0,0,0,1778833823,938233277
462642000,2026,5,15,8,30,24,55,24,-384153,3,3,234,28,1274431069,367291507,98400,78476,700,1292,4,-20,-3,20,14521998,173,18000000,114,6,0,0,0,1778833824,67330242
462642125,2026,5,15,8,30,24,55,24,124615781,3,3,234,28,1274431069,367291507,98423,78498,701,1294,15,-13,-17,20,14521998,164,18000000,114,6,0,0,0,1778833824,189326121
462642250,2026,5,15,8,30,24,55,24,249615717,3,3,234,28,1274431070,367291507,98416,78491,703,1296,-22,56,-10,60,14521998,173,18000000,114,6,0,0,0,1778833824,315811441
462642375,2026,5,15,8,30,24,55,24,374615652,3,3,234,28,1274431071,367291507,98430,78505,704,1298,-7,42,-19,43,14521998,180,18000000,114,6,0,0,0,1778833824,439190815
462642500,2026,5,15,8,30,24,55,24,499615588,3,3,234,28,1274431070,367291507,98434,78509,705,1300,21,-43,-21,48,14521998,173,18000000,114,6,0,0,0,1778833824,564286637
462642625,2026,5,15,8,30,24,55,24,624615523,3,3,234,28,1274431069,367291508,98437,78512,706,1302,21,-35,-18,40,14521998,172,18000000,114,6,0,0,0,1778833824,688701772
462642750,2026,5,15,8,30,24,55,24,749615459,3,3,234,28,1274431069,367291508,98430,78506,708,1305,-4,12,-3,13,14521998,182,18000000,114,6,0,0,0,1778833824,813407382
462642875,2026,5,15,8,30,24,55,24,874615394,3,3,234,28,1274431070,367291508,98421,78496,709,1307,-8,9,-1,12,14521998,174,18000000,114,6,0,0,0,1778833824,939266060
462643000,2026,5,15,8,30,25,55,24,-384669,3,3,234,28,1274431070,367291508,98419,78494,710,1309,3,2,2,4,14521998,202,18000000,114,6,0,0,0,1778833825,69667462
462643125,2026,5,15,8,30,25,55,24,124615265,3,3,234,28,1274431070,367291508,98411,78486,712,1311,20,-1,8,20,14521998,193,18000000,114,6,0,0,0,1778833825,190281143
462643250,2026,5,15,8,30,25,55,24,249615201,3,3,234,28,1274431070,367291508,98432,78507,713,1314,-5,-4,-10,7,14521998,194,18000000,114,6,0,0,0,1778833825,313319211
462643375,2026,5,15,8,30,25,55,24,374615136,3,3,234,28,1274431069,367291508,98433,78508,714,1316,11,-4,-3,12,14521998,180,18000000,114,6,0,0,0,1778833825,438288634
462643500,2026,5,15,8,30,25,55,24,499615072,3,3,234,28,1274431069,367291509,98425,78500,716,1318,45,-16,-3,47,14521998,184,18000000,114,6,0,0,0,1778833825,564015438
462643625,2026,5,15,8,30,25,55,24,624615007,3,3,234,28,1274431069,367291508,98432,78508,717,1320,-33,8,-4,33,14521998,186,18000000,114,6,0,0,0,1778833825,689674792
462643750,2026,5,15,8,30,25,55,24,749614942,3,3,234,28,1274431070,367291508,98443,78518,718,1322,-6,26,-8,26,14521998,184,18000000,114,6,0,0,0,1778833825,815211421
462643875,2026,5,15,8,30,25,55,24,874614878,3,3,234,28,1274431069,367291508,98458,78533,720,1324,-25,-25,-16,36,14521998,202,18000000,114,6,0,0,0,1778833825,940026267
462644000,2026,5,15,8,30,26,55,24,-385186,3,3,234,28,1274431068,367291508,98462,78538,721,1326,6,-55,-17,55,14521998,181,18000000,114,6,0,0,0,1778833826,69105295
462644125,2026,5,15,8,30,26,55,24,124614749,3,3,234,28,1274431068,367291508,98459,78534,722,1328,-12,-6,-13,13,14521998,189,18000000,114,6,0,0,0,1778833826,184774314
462644250,2026,5,15,8,30,26,55,24,249614684,3,3,234,28,1274431069,367291507,98457,78532,723,1330,-27,31,-11,41,14521998,174,18000000,114,6,0,0,0,1778833826,315831794
462644375,2026,5,15,8,30,26,55,24,374614620,3,3,234,28,1274431070,367291508,98476,78551,724,1332,3,27,-25,28,14521998,176,18000000,114,6,0,0,0,1778833826,439755919
462644500,2026,5,15,8,30,26,55,24,499614555,3,3,234,28,1274431069,367291507,98458,78533,726,1334,-23,-32,-10,39,14521998,205,18000000,114,6,0,0,0,1778833826,566343287
462644625,2026,5,15,8,30,26,55,24,624614491,3,3,234,28,1274431069,367291507,98450,78525,727,1336,-13,7,0,15,14521998,178,18000000,114,6,0,0,0,1778833826,690054521
462644750,2026,5,15,8,30,26,55,24,749614426,3,3,234,28,1274431069,367291508,98448,78523,728,1338,35,-12,-3,37,14521998,182,18000000,114,6,0,0,0,1778833826,813407885
462644875,2026,5,15,8,30,26,55,24,874614362,3,3,234,28,1274431068,367291508,98444,78520,729,1339,25,-37,-1,45,14521998,170,18000000,114,6,0,0,0,1778833826,937321130
462645000,2026,5,15,8,30,27,55,24,-385702,3,3,234,28,1274431068,367291508,98459,78534,730,1341,6,7,-5,9,14521998,199,18000000,114,6,0,0,0,1778833827,63895778
462645125,2026,5,15,8,30,27,55,24,124614232,3,3,234,28,1274431069,367291508,98452,78527,731,1343,-16,20,5,25,14521998,169,18000000,114,6,0,0,0,1778833827,189424280
462645250,2026,5,15,8,30,27,55,24,249614168,3,3,234,28,1274431069,367291508,98473,78548,733,1345,7,27,-3,28,14521998,199,18000000,114,6,0,0,0,1778833827,316175436
462645375,2026,5,15,8,30,27,55,24,374614103,3,3,234,28,1274431069,367291508,98467,78542,734,1347,53,33,2,63,14521998,217,15633210,114,6,0,0,0,1778833827,439998857
462645500,2026,5,15,8,30,27,55,24,499614039,3,3,234,28,1274431069,367291508,98456,78532,735,1349,-3,-12,4,13,14521998,198,18000000,114,6,0,0,0,1778833827,564966394
462645625,2026,5,15,8,30,27,55,24,624613974,3,3,234,28,1274431070,367291508,98481,78556,737,1351,-8,30,-14,31,14521998,174,18000000,114,6,0,0,0,1778833827,689026420
462645750,2026,5,15,8,30,27,55,24,749613910,3,3,234,28,1274431070,367291509,98482,78557,738,1352,57,9,-10,58,14521998,206,18000000,114,6,0,0,0,1778833827,814299001
462645875,2026,5,15,8,30,27,55,24,874613845,3,3,234,28,1274431069,367291508,98488,78563,739,1354,-34,-41,-7,53,14521998,217,18000000,114,6,0,0,0,1778833827,937112309
462646000,2026,5,15,8,30,28,55,24,-386219,3,3,234,28,1274431069,367291509,98475,78550,741,1356,33,11,-2,35,14521998,214,18000000,114,6,0,0,0,1778833828,69884181
462646125,2026,5,15,8,30,28,55,24,124613716,3,3,234,28,1274431070,367291508,98462,78537,742,1358,-22,37,7,43,14521998,175,18000000,114,6,0,0,0,1778833828,190096187
462646250,2026,5,15,8,30,28,55,24,249613651,3,3,234,28,1274431069,367291508,98500,78575,743,1360,-13,-27,-14,30,14521998,203,18000000,114,6,0,0,0,1778833828,315316928
462646375,2026,5,15,8,30,28,55,24,374613587,3,3,234,28,1274431070,367291509,98467,78542,744,1362,23,-1,5,23,14521998,197,18000000,114,6,0,0,0,1778833828,439362580
462646500,2026,5,15,8,30,28,55,24,499613522,3,3,234,28,1274431070,367291509,98477,78552,746,1363,9,10,1,13,14521998,210,18000000,114,6,0,0,0,1778833828,564715710
462646625,2026,5,15,8,30,28,55,24,624613458,3,3,234,28,1274431070,367291509,98461,78536,747,1365,2,-8,15,8,14521998,167,18000000,114,6,0,0,0,1778833828,689291939
462646750,2026,5,15,8,30,28,55,24,749613393,3,3,234,28,1274431070,367291509,98455,78530,748,1367,18,14,15,22,14521998,199,18000000,114,6,0,0,0,1778833828,814695635
462646875,2026,5,15,8,30,28,55,24,874613329,3,3,234,28,1274431070,367291509,98460,78536,749,1368,32,-3,4,32,14521998,193,18000000,114,6,0,0,0,1778833828,940021444
462647000,2026,5,15,8,30,29,55,24,-386735,3,3,234,28,1274431070,367291509,98440,78515,750,1370,-5,-12,15,13,14521998,176,18000000,114,6,0,0,0,1778833829,69689585
462647125,2026,5,15,8,30,29,55,24,124613200,3,3,234,28,1274431071,367291509,98449,78524,751,1372,0,14,11,14,14521998,179,18000000,114,6,0,0,0,1778833829,188684290
462647250,2026,5,15,8,30,29,55,24,249613135,3,3,234,28,1274431071,367291510,98445,78521,752,1373,22,-3,11,22,14521998,187,18000000,114,6,0,0,0,1778833829,314421331
462647375,2026,5,15,8,30,29,55,24,374613070,3,3,234,28,1274431071,367291509,98437,78512,753,1375,-19,14,14,24,14521998,171,18000000,114,6,0,0,0,1778833829,438407526
462647500,2026,5,15,8,30,29,55,24,499613006,3,3,234,28,1274431071,367291509,98452,78527,754,1377,-13,-17,3,21,14521998,206,18000000,114,6,0,0,0,1778833829,564735649
462647625,2026,5,15,8,30,29,55,24,624612941,3,3,234,28,1274431070,367291510,98441,78516,755,1378,27,-25,10,37,14521998,171,18000000,114,6,0,0,0,1778833829,688677555
462647750,2026,5,15,8,30,29,55,24,749612877,3,3,234,28,1274431071,367291509,98426,78501,756,1380,-22,10,17,24,14521998,170,18000000,114,6,0,0,0,1778833829,809477522
462647875,2026,5,15,8,30,29,55,24,874612812,3,3,234,28,1274431072,367291510,98431,78506,757,1382,21,54,9,58,14521998,195,17515808,114,6,0,0,0,1778833829,936754245
462648000,2026,5,15,8,30,30,55,24,-387251,3,3,234,28,1274431070,367291510,98445,78520,758,1383,5,-68,4,68,14521998,183,16128028,114,6,0,0,0,1778833830,66232888
462648125,2026,5,15,8,30,30,55,24,124612683,3,3,234,28,1274431071,367291511,98429,78504,759,1385,60,29,11,66,14521998,207,15170078,114,6,0,0,0,1778833830,189014272
462648250,2026,5,15,8,30,30,55,24,249612619,3,3,234,28,1274431071,367291511,98411,78486,761,1387,13,6,24,14,14521998,177,18000000,114,6,0,0,0,1778833830,315072877
462648375,2026,5,15,8,30,30,55,24,374612554,3,3,234,28,1274431071,367291510,98416,78491,762,1389,-9,-21,19,23,14521998,182,18000000,114,6,0,0,0,1778833830,439582258
462648500,2026,5,15,8,30,30,55,24,499612489,3,3,234,28,1274431071,367291511,98428,78503,763,1390,45,3,13,45,14521998,190,18000000,114,6,0,0,0,1778833830,564357005
462648625,2026,5,15,8,30,30,55,24,624612425,3,3,234,28,1274431071,367291511,98407,78483,764,1392,7,-16,25,17,14521998,165,18000000,114,6,0,0,0,1778833830,685936937
462648750,2026,5,15,8,30,30,55,24,749612360,3,3,234,28,1274431070,367291511,98416,78491,764,1393,-10,-27,13,29,14521998,188,18000000,114,6,0,0,0,1778833830,813499376
462648875,2026,5,15,8,30,30,55,24,874612296,3,3,234,28,1274431071,367291511,98416,78491,765,1395,31,23,20,39,14521998,195,18000000,114,6,0,0,0,1778833830,938379722
462649000,2026,5,15,8,30,31,55,24,-387768,3,3,234,28,1274431071,367291511,98426,78502,766,1397,-3,11,14,11,14521998,167,18000000,114,6,0,0,0,1778833831,68837193
462649125,2026,5,15,8,30,31,55,24,124612167,3,3,234,28,1274431072,367291512,98394,78469,767,1398,19,49,26,53,14521998,190,18000000,114,6,0,0,0,1778833831,188859724
462649250,2026,5,15,8,30,31,55,24,249612102,3,3,234,28,1274431071,367291511,98411,78486,768,1400,-19,-15,16,24,14521998,188,18000000,114,6,0,0,0,1778833831,314375162
462649375,2026,5,15,8,30,31,55,24,374612037,3,3,234,28,1274431071,367291511,98429,78504,769,1401,-35,-6,5,35,14521998,194,18000000,114,6,0,0,0,1778833831,437350481
462649500,2026,5,15,8,30,31,55,24,499611973,3,3,234,28,1274431072,367291510,98405,78480,770,1403,-51,61,14,79,14521998,172,14659250,114,6,0,0,0,1778833831,559009448
462649625,2026,5,15,8,30,31,55,24,624611908,3,3,234,28,1274431072,367291510,98401,78476,771,1405,-42,-4,20,42,14521998,186,18000000,114,6,0,0,0,1778833831,688130095
462649750,2026,5,15,8,30,31,55,24,749611844,3,3,234,28,1274431072,367291509,98422,78497,772,1406,-43,20,11,47,14521998,177,18000000,114,6,0,0,0,1778833831,814239179
462649875,2026,5,15,8,30,31,55,24,874611779,3,3,234,28,1274431073,367291509,98440,78515,773,1408,-39,18,-3,43,14521998,178,18000000,114,6,0,0,0,1778833831,939303122
462650000,2026,5,15,8,30,32,55,24,-388285,3,3,234,28,1274431073,367291508,98435,78510,774,1409,-93,42,0,102,14521998,182,11368202,114,6,0,0,0,1778833832,69625941
462650125,2026,5,15,8,30,32,55,24,124611650,3,3,234,28,1274431074,367291507,98418,78493,775,1411,-58,41,16,71,14521998,176,16830762,114,6,0,0,0,1778833832,188971122
462650250,2026,5,15,8,30,32,55,24,249611585,3,3,234,28,1274431074,367291506,98448,78523,776,1412,-70,36,0,78,14521998,179,14969192,114,6,0,0,0,1778833832,314928783
462650375,2026,5,15,8,30,32,55,24,374611521,3,3,234,28,1274431076,367291506,98420,78495,777,1414,-62,79,7,100,14521998,173,12051548,114,6,0,0,0,1778833832,436653105
462650500,2026,5,15,8,30,32,55,24,499611456,3,3,234,28,1274431076,367291505,98443,78518,778,1415,-90,41,-11,98,14521998,181,11834522,114,6,0,0,0,1778833832,564798674
462650625,2026,5,15,8,30,32,55,24,624611392,3,3,234,28,1274431078,367291503,98435,78510,779,1417,-159,109,0,193,14521998,177,6179259,114,6,0,0,0,1778833832,689305709
462650750,2026,5,15,8,30,32,55,24,749611327,3,3,234,28,1274431079,367291502,98420,78495,781,1419,-78,70,14,105,14521998,176,12330554,114,6,0,0,0,1778833832,812758856
462650875,2026,5,15,8,30,32,55,24,874611262,3,3,234,28,1274431079,367291501,98441,78516,782,1420,-96,22,-6,99,14521998,199,12419200,114,6,0,0,0,1778833832,937085907
462651000,2026,5,15,8,30,33,55,24,-388801,3,3,234,28,1274431080,367291500,98416,78492,784,1422,-119,75,6,141,14521998,180,9328730,114,6,0,0,0,1778833833,67489446
462651125,2026,5,15,8,30,33,55,24,124611133,3,3,234,28,1274431081,367291498,98454,78529,785,1424,-155,76,-18,172,14521998,187,7516806,114,6,0,0,0,1778833833,188216639
462651250,2026,5,15,8,30,33,55,24,249611069,3,3,234,28,1274431084,367291497,98418,78493,786,1426,-98,143,10,173,14521998,176,7667719,114,6,0,0,0,1778833833,314714215
462651375,2026,5,15,8,30,33,55,24,374611004,3,3,234,28,1274431083,367291495,98438,78513,788,1427,-110,18,1,112,14521998,201,10711568,114,6,0,0,0,1778833833,438966718
462651500,2026,5,15,8,30,33,55,24,499610940,3,3,234,28,1274431085,367291494,98417,78492,789,1429,-154,100,11,183,14521998,181,7150842,114,6,0,0,0,1778833833,563257816
462651625,2026,5,15,8,30,33,55,24,624610875,3,3,234,28,1274431087,367291493,98425,78500,791,1431,-91,96,5,132,14521998,176,10115544,114,6,0,0,0,1778833833,687759449
462651750,2026,5,15,8,30,33,55,24,749610810,3,3,234,28,1274431086,367291492,98442,78517,792,1433,-111,18,-6,113,14521998,201,10724090,114,6,0,0,0,1778833833,813172301
462651875,2026,5,15,8,30,33,55,24,874610746,3,3,234,28,1274431087,367291490,98430,78505,794,1435,-116,32,-6,120,14521998,196,10755956,114,6,0,0,0,1778833833,937845212
462652000,2026,5,15,8,30,34,55,24,-389318,3,3,234,28,1274431089,367291489,98407,78482,795,1437,-109,101,10,149,14521998,177,9372744,114,6,0,0,0,1778833834,68105011
462652125,2026,5,15,8,30,34,55,24,124610617,3,3,234,28,1274431091,367291489,98416,78491,797,1438,-90,101,5,135,14521998,179,10298310,114,6,0,0,0,1778833834,189237823
462652250,2026,5,15,8,30,34,55,24,249610552,3,3,234,28,1274431091,367291487,98402,78477,798,1440,-110,58,15,124,14521998,185,10837848,114,6,0,0,0,1778833834,312163687
462652375,2026,5,15,8,30,34,55,24,374610488,3,3,234,28,1274431091,367291486,98422,78497,800,1442,-103,27,-1,107,14521998,196,11680602,114,6,0,0,0,1778833834,437442856
462652500,2026,5,15,8,30,34,55,24,499610423,3,3,234,28,1274431094,367291485,98406,78481,801,1444,-87,118,10,146,14521998,176,8988416,114,6,0,0,0,1778833834,562381561
462652625,2026,5,15,8,30,34,55,24,624610359,3,3,234,28,1274431094,367291485,98396,78471,802,1446,-73,55,13,91,14521998,177,14336986,114,6,0,0,0,1778833834,688252685
462652750,2026,5,15,8,30,34,55,24,749610294,3,3,234,28,1274431095,367291484,98387,78462,804,1447,-45,65,20,79,14521998,174,16533496,114,6,0,0,0,1778833834,813363919
462652875,2026,5,15,8,30,34,55,24,874610230,3,3,234,28,1274431096,367291483,98399,78474,805,1449,-81,53,15,97,14521998,178,13292540,114,6,0,0,0,1778833834,939149988
462653000,2026,5,15,8,30,35,55,24,-389834,3,3,234,28,1274431096,367291482,98388,78463,806,1451,-84,51,26,98,14521998,177,12989756,114,6,0,0,0,1778833835,69574667
462653125,2026,5,15,8,30,35,55,24,124610100,3,3,234,28,1274431097,367291482,98380,78455,807,1452,-46,49,25,68,14521998,172,18000000,114,6,0,0,0,1778833835,185195799
462653250,2026,5,15,8,30,35,55,24,249610036,3,3,234,28,1274431097,367291482,98371,78446,808,1454,-51,29,33,59,14521998,176,18000000,114,6,0,0,0,1778833835,314960408
462653375,2026,5,15,8,30,35,55,24,374609971,3,3,234,28,1274431098,367291481,98380,78455,809,1456,-47,39,23,61,14521998,173,18000000,114,6,0,0,0,1778833835,438142249
462653500,2026,5,15,8,30,35,55,24,499609907,3,3,234,28,1274431098,367291480,98366,78441,810,1457,-65,31,31,72,14521998,179,17377174,114,6,0,0,0,1778833835,565252528
462653625,2026,5,15,8,30,35,55,24,624609842,3,3,234,28,1274431099,367291480,98353,78428,812,1459,-72,28,32,78,14521998,183,15898584,114,6,0,0,0,1778833835,690143440
462653750,2026,5,15,8,30,35,55,24,749609778,3,3,234,28,1274431100,367291480,98358,78433,813,1461,-21,54,25,58,14521998,175,18000000,114,6,0,0,0,1778833835,815395023
462653875,2026,5,15,8,30,35,55,24,874609713,3,3,234,28,1274431101,367291478,98358,78433,814,1463,-91,90,27,127,14521998,170,10164090,114,6,0,0,0,1778833835,939785433
462654000,2026,5,15,8,30,36,55,24,-390351,3,3,234,28,1274431103,367291477,98339,78414,815,1464,-85,107,42,137,14521998,169,9481976,114,6,0,0,0,1778833836,65099660
462654125,2026,5,15,8,30,36,55,24,124609584,3,3,234,28,1274431103,367291477,98340,78415,816,1466,-73,25,32,77,14521998,182,15886726,114,6,0,0,0,1778833836,190444130
462654250,2026,5,15,8,30,36,55,24,249609519,3,3,234,28,1274431104,367291475,98344,78419,817,1468,-94,84,27,126,14521998,171,10322228,114,6,0,0,0,1778833836,316863254
462654375,2026,5,15,8,30,36,55,24,374609455,3,3,234,28,1274431106,367291475,98332,78407,818,1470,-50,94,30,106,14521998,172,12132578,114,6,0,0,0,1778833836,441438514
462654500,2026,5,15,8,30,36,55,24,499609390,3,3,234,28,1274431107,367291473,98335,78410,819,1472,-170,110,31,203,14521998,176,6336085,114,6,0,0,0,1778833836,566997489
462654625,2026,5,15,8,30,36,55,24,624609326,3,3,234,28,1274431109,367291472,98336,78411,821,1474,-85,87,20,121,14521998,171,10814644,114,6,0,0,0,1778833836,690124772
462654750,2026,5,15,8,30,36,55,24,749609261,3,3,234,28,1274431111,367291471,98336,78411,822,1475,-81,127,16,150,14521998,172,8686874,114,6,0,0,0,1778833836,815414950
462654875,2026,5,15,8,30,36,55,24,874609196,3,3,234,28,1274431112,367291469,98337,78412,823,1477,-155,126,18,200,14521998,173,6515945,114,6,0,0,0,1778833836,938708902
462655000,2026,5,15,8,30,37,55,24,-390867,3,3,234,28,1274431114,367291468,98328,78403,824,1479,-135,131,23,188,14521998,171,6934965,114,6,0,0,0,1778833837,70388382
462655125,2026,5,15,8,30,37,55,24,124609067,3,3,234,28,1274431117,367291466,98324,78399,825,1481,-164,153,20,224,14521998,171,5769840,114,6,0,0,0,1778833837,191454240
462655250,2026,5,15,8,30,37,55,24,249609003,3,3,234,28,1274431118,367291464,98322,78397,826,1483,-170,113,18,205,14521998,176,6263996,114,6,0,0,0,1778833837,316940541
462655375,2026,5,15,8,30,37,55,24,374608938,3,3,234,28,1274431119,367291461,98310,78385,827,1485,-205,107,27,232,14521998,180,5428023,114,6,0,0,0,1778833837,439422807
462655500,2026,5,15,8,30,37,55,24,499608873,3,3,234,28,1274431123,367291460,98310,78385,828,1487,-173,188,26,255,14521998,171,5133725,114,6,0,0,0,1778833837,564956692
462655625,2026,5,15,8,30,37,55,24,624608809,3,3,234,28,1274431126,367291457,98311,78386,829,1489,-203,210,22,292,13402278,173,4472769,114,6,0,0,0,1778833837,689929168
462655750,2026,5,15,8,30,37,55,24,749608744,3,3,234,28,1274431128,367291455,98287,78362,830,1491,-206,172,31,268,13957922,174,4826719,114,6,0,0,0,1778833837,816097644
462655875,2026,5,15,8,30,37,55,24,874608680,3,3,234,28,1274431131,367291452,98273,78348,832,1493,-234,173,34,291,14349576,175,4436059,114,6,0,0,0,1778833837,941078407
462656000,2026,5,15,8,30,38,55,24,-391384,3,3,234,28,1274431133,367291450,98276,78351,833,1495,-229,172,32,287,14306508,175,4499152,114,6,0,0,0,1778833838,71352251
462656125,2026,5,15,8,30,38,55,24,124608551,3,3,234,28,1274431136,367291446,98296,78371,834,1497,-270,224,25,351,14037096,173,3690203,114,6,0,0,0,1778833838,190219643
462656250,2026,5,15,8,30,38,55,24,249608486,3,3,234,28,1274431139,367291444,98274,78349,835,1499,-240,227,33,330,13669106,172,3916234,114,6,0,0,0,1778833838,316354075
462656375,2026,5,15,8,30,38,55,24,374608421,3,3,234,28,1274431142,367291440,98262,78337,836,1501,-287,215,36,359,14316988,175,3573128,114,6,0,0,0,1778833838,441046720
462656500,2026,5,15,8,30,38,55,24,499608357,3,3,234,28,1274431146,367291437,98239,78314,837,1503,-289,231,49,370,14127398,173,3457987,114,6,0,0,0,1778833838,566937756
462656625,2026,5,15,8,30,38,55,24,624608292,3,3,234,28,1274431149,367291435,98280,78355,838,1504,-236,208,23,314,13861350,173,4086078,114,6,0,0,0,1778833838,691299824
462656750,2026,5,15,8,30,38,55,24,749608228,3,3,234,28,1274431152,367291431,98237,78312,839,1506,-317,252,46,405,14153592,174,3170223,114,6,0,0,0,1778833838,813106639
462656875,2026,5,15,8,30,38,55,24,874608163,3,3,234,28,1274431155,367291427,98253,78328,840,1508,-328,221,29,396,14598642,176,3212681,114,6,0,0,0,1778833838,939045990
462657000,2026,5,15,8,30,39,55,24,-391901,3,3,234,28,1274431158,367291424,98248,78323,841,1509,-273,231,39,357,13972972,173,3582639,114,6,0,0,0,1778833839,69157111
462657125,2026,5,15,8,30,39,55,24,124608034,3,3,234,28,1274431162,367291422,98263,78338,842,1511,-223,215,20,310,13605216,172,4166970,114,6,0,0,0,1778833839,189967434
462657250,2026,5,15,8,30,39,55,24,249607969,3,3,234,28,1274431163,367291419,98258,78333,843,1513,-208,141,25,251,13935880,176,5055662,114,6,0,0,0,1778833839,315314401
462657375,2026,5,15,8,30,39,55,24,374607905,3,3,234,28,1274431166,367291417,98227,78302,844,1515,-210,201,43,291,13620536,172,4454589,114,6,0,0,0,1778833839,439414386
462657500,2026,5,15,8,30,39,55,24,499607840,3,3,234,28,1274431169,367291413,98284,78359,845,1516,-260,193,10,324,14346016,176,3953602,114,6,0,0,0,1778833839,564430472
462657625,2026,5,15,8,30,39,55,24,624607775,3,3,234,28,1274431172,367291410,98266,78341,846,1518,-265,217,17,343,14068570,175,3741171,114,6,0,0,0,1778833839,686212476
462657750,2026,5,15,8,30,39,55,24,749607711,3,3,234,28,1274431176,367291407,98247,78322,847,1520,-316,262,28,411,14036808,176,3139202,114,6,0,0,0,1778833839,814234138
462657875,2026,5,15,8,30,39,55,24,874607646,3,3,234,28,1274431180,367291401,98231,78306,848,1522,-460,316,40,558,14545134,177,2297463,114,6,0,0,0,1778833839,939529600
462658000,2026,5,15,8,30,40,55,24,-392417,3,3,234,28,1274431187,367291394,98233,78308,849,1523,-538,462,36,710,13935776,174,1839317,114,6,0,0,0,1778833840,70067114
462658125,2026,5,15,8,30,40,55,24,124607517,3,3,234,28,1274431198,367291388,98230,78306,850,1525,-588,648,35,875,13222076,173,1491521,114,6,0,0,0,1778833840,190027264
462658250,2026,5,15,8,30,40,55,24,249607453,3,3,234,28,1274431205,367291378,98234,78310,851,1527,-722,566,28,917,14188192,177,1407529,114,6,0,0,0,1778833840,315496215
462658375,2026,5,15,8,30,40,55,24,374607388,3,3,234,28,1274431216,367291368,98220,78295,852,1529,-867,723,34,1129,14017752,177,1198620,114,6,0,0,0,1778833840,439752573
462658500,2026,5,15,8,30,40,55,24,499607323,3,3,234,28,1274431229,367291356,98216,78291,853,1530,-1003,871,34,1328,13903946,176,1030628,114,6,0,0,0,1778833840,561017918
462658625,2026,5,15,8,30,40,55,24,624607259,3,3,234,28,1274431242,367291343,98222,78297,854,1532,-1106,951,30,1458,13931150,176,900464,114,6,0,0,0,1778833840,688452245
462658750,2026,5,15,8,30,40,55,24,749607194,3,3,234,28,1274431258,367291330,98195,78270,855,1534,-1142,1091,43,1579,13631170,176,819602,114,6,0,0,0,1778833840,814677079
462658875,2026,5,15,8,30,40,55,24,874607130,3,3,234,28,1274431279,367291317,98214,78289,856,1536,-1166,1354,34,1787,13071706,175,723259,114,6,0,0,0,1778833840,939433101
462659000,2026,5,15,8,30,41,55,24,-392934,3,3,234,28,1274431298,367291303,98220,78295,857,1537,-1227,1398,28,1860,13126390,174,690834,114,6,0,0,0,1778833841,69242983
462659125,2026,5,15,8,30,41,55,24,124607000,3,3,234,28,1274431320,367291288,98206,78281,858,1539,-1286,1489,28,1967,13081438,174,644375,114,6,0,0,0,1778833841,188393702
462659250,2026,5,15,8,30,41,55,24,249606936,3,3,234,28,1274431343,367291275,98179,78254,858,1540,-1226,1634,51,2042,12688036,175,619306,114,6,0,0,0,1778833841,314430417
462659375,2026,5,15,8,30,41,55,24,374606871,3,3,234,28,1274431367,367291260,98174,78249,859,1542,-1235,1685,51,2089,12624800,175,607344,114,6,0,0,0,1778833841,437111227
462659500,2026,5,15,8,30,41,55,24,499606806,3,3,234,28,1274431391,367291244,98195,78270,860,1543,-1348,1714,35,2180,12817422,174,580122,114,6,0,0,0,1778833841,563920890
462659625,2026,5,15,8,30,41,55,24,624606742,3,3,234,28,1274431415,367291228,98185,78260,861,1545,-1394,1709,42,2206,12920294,174,573277,114,6,0,0,0,1778833841,689065002
462659750,2026,5,15,8,30,41,55,24,749606677,3,3,234,28,1274431437,367291213,98151,78226,861,1546,-1353,1621,53,2112,12984864,173,596994,114,6,0,0,0,1778833841,813449516
462659875,2026,5,15,8,30,41,55,24,874606613,3,3,234,28,1274431459,367291198,98152,78227,862,1547,-1348,1595,55,2089,13020280,174,604591,114,6,0,0,0,1778833841,938067575
462660000,2026,5,15,8,30,42,55,24,-393451,3,3,234,28,1274431481,367291184,98156,78231,863,1548,-1280,1557,41,2016,12941706,174,624014,114,6,0,0,0,1778833842,68558436
462660125,2026,5,15,8,30,42,55,24,124606484,3,3,234,28,1274431499,367291171,98145,78220,863,1549,-1156,1362,43,1787,13030984,174,691813,114,6,0,0,0,1778833842,188377056
462660250,2026,5,15,8,30,42,55,24,249606419,3,3,234,28,1274431520,367291158,98135,78210,864,1550,-1192,1461,49,1886,12921584,174,671565,114,6,0,0,0,1778833842,314723386
462660375,2026,5,15,8,30,42,55,24,374606354,3,3,234,28,1274431539,367291144,98143,78218,865,1551,-1212,1435,49,1878,13018484,177,679093,114,6,0,0,0,1778833842,439325804
462660500,2026,5,15,8,30,42,55,24,499606290,3,3,234,28,1274431558,367291132,98112,78187,866,1552,-1130,1363,62,1771,12965644,176,723407,114,6,0,0,0,1778833842,563942922
462660625,2026,5,15,8,30,42,55,24,624606225,3,3,234,28,1274431578,367291117,98094,78169,866,1554,-1274,1445,71,1926,13140090,176,676232,114,6,0,0,0,1778833842,688334459
462660750,2026,5,15,8,30,42,55,24,749606160,3,3,234,28,1274431598,367291100,98109,78184,867,1555,-1373,1424,67,1978,13395634,179,644841,114,6,0,0,0,1778833842,814075469
462660875,2026,5,15,8,30,42,55,24,874606096,3,3,234,28,1274431620,367291083,98085,78160,868,1556,-1458,1527,83,2112,13367508,176,600967,114,6,0,0,0,1778833842,939431951
462661000,2026,5,15,8,30,43,55,24,-393968,3,3,234,28,1274431643,367291066,98071,78146,869,1557,-1505,1650,76,2233,13236944,176,585803,114,6,0,0,0,1778833843,69898369
462661125,2026,5,15,8,30,43,55,24,124605967,3,3,234,28,1274431667,367291048,98052,78126,870,1558,-1597,1693,83,2327,13332106,176,563478,114,6,0,0,0,1778833843,189819490
462661250,2026,5,15,8,30,43,55,24,249605902,3,3,234,28,1274431693,367291030,98079,78154,870,1559,-1627,1779,60,2411,13243262,176,542653,114,6,0,0,0,1778833843,313297360
462661375,2026,5,15,8,30,43,55,24,374605837,3,3,234,28,1274431716,367291010,98051,78126,871,1560,-1673,1727,78,2405,13408068,176,541399,114,6,0,0,0,1778833843,438999738
462661500,2026,5,15,8,30,43,55,24,499605773,3,3,234,28,1274431741,367290992,98039,78114,872,1561,-1641,1749,75,2398,13317098,176,544365,114,6,0,0,0,1778833843,564114349
462661625,2026,5,15,8,30,43,55,24,624605708,3,3,234,28,1274431766,367290971,98026,78101,873,1562,-1781,1786,77,2522,13490744,176,519451,114,6,0,0,0,1778833843,689392698
462661750,2026,5,15,8,30,43,55,24,749605643,3,3,234,28,1274431793,367290951,98038,78113,874,1563,-1828,1896,72,2634,13395530,177,499186,114,6,0,0,0,1778833843,814848316
462661875,2026,5,15,8,30,43,55,24,874605579,3,3,234,28,1274431821,367290930,98005,78080,875,1564,-1865,1974,86,2716,13337498,177,506283,114,6,0,0,0,1778833843,939751458
462662000,2026,5,15,8,30,44,55,24,-394485,3,3,234,28,1274431850,367290907,97979,78054,876,1565,-1980,2051,85,2851,13398370,177,485138,114,6,0,0,0,1778833844,69356962
462662125,2026,5,15,8,30,44,55,24,124605450,3,3,234,28,1274431881,367290883,97974,78049,877,1567,-2087,2129,84,2981,13442746,179,467111,114,6,0,0,0,1778833844,186891758
462662250,2026,5,15,8,30,44,55,24,249605385,3,3,234,28,1274431913,367290858,97972,78047,878,1568,-2175,2244,87,3125,13410246,179,436389,114,6,0,0,0,1778833844,315225689
462662375,2026,5,15,8,30,44,55,24,374605320,3,3,234,28,1274431944,367290834,97960,78035,879,1569,-2164,2226,83,3104,13419174,178,435617,114,6,0,0,0,1778833844,439488237
462662500,2026,5,15,8,30,44,55,24,499605256,3,3,234,28,1274431977,367290809,97915,77990,879,1569,-2205,2303,98,3189,13376010,176,415335,114,6,0,0,0,1778833844,564942329
462662625,2026,5,15,8,30,44,55,24,624605191,3,3,234,28,1274432010,367290784,97910,77985,880,1570,-2220,2335,92,3221,13355234,174,400844,114,6,0,0,0,1778833844,689618923
462662750,2026,5,15,8,30,44,55,24,749605127,3,3,234,28,1274432043,367290759,97906,77981,880,1570,-2201,2361,88,3228,13299654,175,391812,114,6,0,0,0,1778833844,813253133
462662875,2026,5,15,8,30,44,55,24,874605062,3,3,234,28,1274432076,367290734,97891,77966,881,1571,-2217,2381,96,3254,13296120,175,386204,114,6,0,0,0,1778833844,938324474
462663000,2026,5,15,8,30,45,55,24,-395002,3,3,234,28,1274432108,367290709,97878,77953,881,1571,-2236,2297,89,3206,13423290,178,391643,114,6,0,0,0,1778833845,63959332
462663125,2026,5,15,8,30,45,55,24,124604933,3,3,234,28,1274432140,367290687,97880,77954,882,1572,-2037,2264,87,3046,13198486,176,411918,114,6,0,0,0,1778833845,189310290
462663250,2026,5,15,8,30,45,55,24,249604868,3,3,234,28,1274432171,367290664,97866,77940,882,1573,-2025,2233,91,3015,13220286,175,417388,114,6,0,0,0,1778833845,315181792
462663375,2026,5,15,8,30,45,55,24,374604803,3,3,234,28,1274432200,367290642,97870,77945,883,1573,-2010,2114,84,2917,13355600,175,430890,114,6,0,0,0,1778833845,440021302
462663500,2026,5,15,8,30,45,55,24,499604739,3,3,234,28,1274432228,367290619,97853,77928,883,1574,-2009,2044,91,2866,13450862,175,437283,114,6,0,0,0,1778833845,565043615
462663625,2026,5,15,8,30,45,55,24,624604674,3,3,234,28,1274432256,367290598,97871,77946,884,1574,-1928,2041,78,2808,13336478,176,450299,114,6,0,0,0,1778833845,689235749
462663750,2026,5,15,8,30,45,55,24,749604610,3,3,234,28,1274432283,367290576,97859,77934,885,1575,-1911,1948,79,2729,13444670,176,460822,114,6,0,0,0,1778833845,814760639
462663875,2026,5,15,8,30,45,55,24,874604545,3,3,234,28,1274432308,367290556,97870,77944,885,1575,-1826,1867,65,2612,13436754,176,446610,114,6,0,0,0,1778833845,938799937
462664000,2026,5,15,8,30,46,55,24,-395519,3,3,234,28,1274432333,367290536,97854,77929,885,1575,-1806,1793,67,2545,13520190,177,460597,114,6,0,0,0,1778833846,71038476
462664125,2026,5,15,8,30,46,55,24,124604416,3,3,234,28,1274432357,367290517,97854,77929,885,1575,-1719,1746,69,2450,13455340,176,480841,114,6,0,0,0,1778833846,190459564
462664250,2026,5,15,8,30,46,55,24,249604351,3,3,234,28,1274432381,367290499,97881,77956,886,1575,-1637,1699,50,2359,13393458,176,530470,114,6,0,0,0,1778833846,315429415
462664375,2026,5,15,8,30,46,55,24,374604286,3,3,234,28,1274432403,367290480,97847,77922,887,1576,-1626,1619,60,2295,13511886,177,550401,114,6,0,0,0,1778833846,439959846
462664500,2026,5,15,8,30,46,55,24,499604222,3,3,234,28,1274432426,367290461,97849,77924,887,1577,-1687,1660,56,2367,13546272,177,537032,114,6,0,0,0,1778833846,564182247
462664625,2026,5,15,8,30,46,55,24,624604157,3,3,234,28,1274432450,367290444,97831,77906,888,1578,-1600,1692,68,2328,13340964,176,552495,114,6,0,0,0,1778833846,689151070
462664750,2026,5,15,8,30,46,55,24,749604092,3,3,234,28,1274432475,367290425,97837,77912,888,1579,-1643,1779,62,2422,13271396,176,530910,114,6,0,0,0,1778833846,814806032
462664875,2026,5,15,8,30,46,55,24,874604028,3,3,234,28,1274432502,367290406,97820,77895,889,1579,-1732,1878,62,2555,13267346,176,500130,114,6,0,0,0,1778833846,939801034
462665000,2026,5,15,8,30,47,55,24,-396036,3,3,234,28,1274432528,367290384,97811,77885,890,1580,-1865,1874,57,2644,13486222,176,485021,114,6,0,0,0,1778833847,70658670
462665125,2026,5,15,8,30,47,55,24,124603899,3,3,234,28,1274432556,367290362,97799,77874,890,1581,-1935,1952,61,2749,13474750,175,469649,114,6,0,0,0,1778833847,190444443
462665250,2026,5,15,8,30,47,55,24,249603834,3,3,234,28,1274432586,367290339,97787,77862,891,1582,-2027,2099,66,2918,13399674,176,446083,114,6,0,0,0,1778833847,315917271
462665375,2026,5,15,8,30,47,55,24,374603769,3,3,234,28,1274432617,367290313,97811,77886,892,1583,-2198,2219,53,3123,13472134,176,411733,114,6,0,0,0,1778833847,439449344
462665500,2026,5,15,8,30,47,55,24,499603705,3,3,234,28,1274432649,367290288,97789,77864,892,1584,-2234,2253,67,3173,13476178,175,391083,114,6,0,0,0,1778833847,565343033
462665625,2026,5,15,8,30,47,55,24,624603640,3,3,234,28,1274432682,367290261,97756,77831,893,1584,-2338,2344,79,3311,13492958,177,372465,114,6,0,0,0,1778833847,690112586
462665750,2026,5,15,8,30,47,55,24,749603576,3,3,234,28,1274432717,367290234,97732,77807,893,1585,-2425,2436,87,3437,13486400,176,373075,114,6,0,0,0,1778833847,812008899
462665875,2026,5,15,8,30,47,55,24,874603511,3,3,234,28,1274432752,367290206,97747,77822,894,1586,-2469,2513,76,3523,13449566,178,372019,114,6,0,0,0,1778833847,938407983
462666000,2026,5,15,8,30,48,55,24,-396553,3,3,234,28,1274432786,367290178,97712,77786,895,1587,-2513,2456,94,3513,13565898,178,373279,114,6,0,0,0,1778833848,69108322
462666125,2026,5,15,8,30,48,55,24,124603382,3,3,234,28,1274432821,367290149,97723,77798,895,1588,-2551,2515,80,3583,13540500,176,358580,114,6,0,0,0,1778833848,191885255
462666250,2026,5,15,8,30,48,55,24,249603317,3,3,234,28,1274432857,367290121,97727,77802,896,1588,-2501,2518,67,3549,13480462,176,362525,114,6,0,0,0,1778833848,315595579
462666375,2026,5,15,8,30,48,55,24,374603253,3,3,234,28,1274432890,367290093,97689,77764,896,1589,-2507,2391,84,3464,13635290,174,347226,114,6,0,0,0,1778833848,438942813
462666500,2026,5,15,8,30,48,55,24,499603188,3,3,234,28,1274432922,367290065,97700,77774,897,1590,-2458,2351,70,3401,13628218,173,349392,114,6,0,0,0,1778833848,564105245
462666625,2026,5,15,8,30,48,55,24,624603123,3,3,234,28,1274432958,367290042,97677,77752,897,1590,-2205,2482,71,3320,13161358,175,363894,114,6,0,0,0,1778833848,685345252
462666750,2026,5,15,8,30,48,55,24,749603059,3,3,234,28,1274432994,367290020,97654,77729,898,1591,-2070,2534,77,3272,12925362,177,387210,114,6,0,0,0,1778833848,814037008
462666875,2026,5,15,8,30,48,55,24,874602994,3,3,234,28,1274433027,367289996,97660,77735,898,1591,-2081,2409,74,3184,13081544,175,398115,114,6,0,0,0,1778833848,938400616
462667000,2026,5,15,8,30,49,55,24,-397069,3,3,234,28,1274433062,367289974,97663,77738,898,1592,-2016,2448,70,3171,12946526,176,388123,114,6,0,0,0,1778833849,69194840
462667125,2026,5,15,8,30,49,55,24,124602865,3,3,234,28,1274433095,367289955,97621,77696,899,1592,-1828,2359,86,2984,12777628,175,407792,114,6,0,0,0,1778833849,189023989
462667250,2026,5,15,8,30,49,55,24,249602800,3,3,234,28,1274433127,367289934,97596,77671,899,1593,-1883,2328,91,2994,12897282,175,409262,114,6,0,0,0,1778833849,315073745
462667375,2026,5,15,8,30,49,55,24,374602736,3,3,234,28,1274433159,367289913,97601,77675,900,1593,-1834,2304,75,2945,12851006,175,418393,114,6,0,0,0,1778833849,438423246
462667500,2026,5,15,8,30,49,55,24,499602671,3,3,234,28,1274433190,367289893,97587,77661,900,1594,-1808,2225,78,2866,12909294,174,417434,114,6,0,0,0,1778833849,559141290
462667625,2026,5,15,8,30,49,55,24,624602607,3,3,234,28,1274433219,367289872,97580,77654,900,1594,-1854,2113,73,2811,13127214,176,435771,114,6,0,0,0,1778833849,688697412
462667750,2026,5,15,8,30,49,55,24,749602542,3,3,234,28,1274433250,367289853,97577,77652,901,1595,-1770,2184,73,2811,12902510,183,446362,114,6,0,0,0,1778833849,814999840
462667875,2026,5,15,8,30,49,55,24,874602477,3,3,234,28,1274433276,367289832,97574,77648,901,1596,-1811,1978,66,2682,13248498,187,474274,114,6,0,0,0,1778833849,939398138
462668000,2026,5,15,8,30,50,55,24,-397586,3,3,234,28,1274433302,367289814,97564,77639,902,1596,-1668,1887,64,2519,13147730,187,505765,114,6,0,0,0,1778833850,68571522
462668125,2026,5,15,8,30,50,55,24,124602348,3,3,234,28,1274433327,367289796,97538,77613,903,1597,-1625,1826,74,2445,13166768,189,503918,114,6,0,0,0,1778833850,188360279
462668250,2026,5,15,8,30,50,55,24,249602283,3,3,234,28,1274433351,367289779,97527,77602,903,1598,-1528,1722,70,2302,13159886,183,553104,114,6,0,0,0,1778833850,313517816
462668375,2026,5,15,8,30,50,55,24,374602219,3,3,234,28,1274433375,367289761,97507,77581,904,1599,-1608,1723,76,2356,13302024,184,548973,114,6,0,0,0,1778833850,436385375
462668500,2026,5,15,8,30,50,55,24,499602154,3,3,234,28,1274433400,367289743,97491,77566,905,1600,-1602,1792,89,2404,13179078,179,538806,114,6,0,0,0,1778833850,563539172
462668625,2026,5,15,8,30,50,55,24,624602090,3,3,234,28,1274433424,367289725,97490,77565,905,1601,-1633,1730,82,2379,13336060,179,543888,114,6,0,0,0,1778833850,688904490
462668750,2026,5,15,8,30,50,55,24,749602025,3,3,234,28,1274433450,367289705,97477,77551,906,1602,-1714,1818,80,2499,13332024,177,516672,114,6,0,0,0,1778833850,813444684
462668875,2026,5,15,8,30,50,55,24,874601960,3,3,234,28,1274433477,367289685,97459,77533,907,1603,-1761,1904,81,2594,13276566,177,499922,114,6,0,0,0,1778833850,937289106
462669000,2026,5,15,8,30,51,55,24,-398103,3,3,234,28,1274433505,367289663,97424,77498,907,1604,-1916,1955,90,2737,13441354,176,475461,114,6,0,0,0,1778833851,67520273
462669125,2026,5,15,8,30,51,55,24,124601831,3,3,234,28,1274433533,367289640,97418,77492,908,1605,-1982,2026,92,2835,13436702,176,458988,114,6,0,0,0,1778833851,188426630
462669250,2026,5,15,8,30,51,55,24,249601767,3,3,234,28,1274433564,367289617,97423,77497,908,1605,-2027,2156,84,2959,13323752,176,440566,114,6,0,0,0,1778833851,314772488
462669375,2026,5,15,8,30,51,55,24,374601702,3,3,234,28,1274433595,367289594,97384,77458,909,1606,-2053,2184,98,2998,13322460,176,435416,114,6,0,0,0,1778833851,438185006
462669500,2026,5,15,8,30,51,55,24,499601637,3,3,234,28,1274433625,367289570,97379,77454,910,1607,-2105,2171,85,3024,13411662,177,444729,114,6,0,0,0,1778833851,562352083
462669625,2026,5,15,8,30,51,55,24,624601573,3,3,234,28,1274433656,367289545,97381,77456,911,1608,-2207,2186,78,3107,13527944,176,431706,114,6,0,0,0,1778833851,687922543
462669750,2026,5,15,8,30,51,55,24,749601508,3,3,234,28,1274433688,367289521,97365,77440,911,1609,-2133,2250,86,3101,13347374,176,436396,114,6,0,0,0,1778833851,812434012
462669875,2026,5,15,8,30,51,55,24,874601444,3,3,234,28,1274433720,367289495,97343,77418,912,1610,-2226,2312,85,3210,13391390,176,418917,114,6,0,0,0,1778833851,938764494
462670000,2026,5,15,8,30,52,55,24,-398620,3,3,234,28,1274433752,367289468,97324,77398,913,1610,-2353,2274,91,3272,13597048,175,410453,114,6,0,0,0,1778833852,68203623
462670125,2026,5,15,8,30,52,55,24,124601314,3,3,234,28,1274433784,367289443,97324,77399,914,1611,-2255,2306,85,3225,13436494,177,413292,114,6,0,0,0,1778833852,189181450
462670250,2026,5,15,8,30,52,55,24,249601250,3,3,234,28,1274433817,367289416,97328,77402,914,1612,-2331,2349,73,3309,13477930,177,397759,114,6,0,0,0,1778833852,312105362
462670375,2026,5,15,8,30,52,55,24,374601185,3,3,234,28,1274433849,367289390,97307,77381,915,1613,-2357,2319,90,3306,13545608,178,396967,114,6,0,0,0,1778833852,438440376
462670500,2026,5,15,8,30,52,55,24,499601120,3,3,234,28,1274433881,367289362,97299,77373,916,1614,-2402,2286,87,3316,13642064,177,395956,114,6,0,0,0,1778833852,563312863
462670625,2026,5,15,8,30,52,55,24,624601056,3,3,234,28,1274433914,367289336,97291,77365,916,1615,-2315,2315,92,3274,13500688,176,403261,114,6,0,0,0,1778833852,688439325
462670750,2026,5,15,8,30,52,55,24,749600991,3,3,234,28,1274433947,367289312,97236,77310,917,1615,-2214,2370,114,3243,13304844,176,406964,114,6,0,0,0,1778833852,815021277
462670875,2026,5,15,8,30,52,55,24,874600927,3,3,234,28,1274433978,367289287,97244,77318,918,1616,-2240,2252,102,3176,13485152,176,423772,114,6,0,0,0,1778833852,939026944
462671000,2026,5,15,8,30,53,55,24,-399137,3,3,234,28,1274434012,367289262,97235,77309,919,1617,-2224,2350,101,3236,13342784,179,433145,114,6,0,0,0,1778833853,68425736
462671125,2026,5,15,8,30,53,55,24,124600797,3,3,234,28,1274434041,367289235,97230,77304,920,1618,-2269,2171,94,3141,13625938,180,446481,114,6,0,0,0,1778833853,184573145
462671250,2026,5,15,8,30,53,55,24,249600733,3,3,234,28,1274434071,367289210,97231,77305,920,1618,-2243,2160,84,3114,13607846,180,424279,114,6,0,0,0,1778833853,314315662
462671375,2026,5,15,8,30,53,55,24,374600668,3,3,234,28,1274434102,367289186,97195,77269,921,1618,-2185,2184,99,3089,13501562,179,438862,114,6,0,0,0,1778833853,438316881
462671500,2026,5,15,8,30,53,55,24,499600603,3,3,234,28,1274434131,367289163,97192,77267,922,1618,-2113,2134,99,3003,13472516,178,454668,114,6,0,0,0,1778833853,564078211
462671625,2026,5,15,8,30,53,55,24,624600539,3,3,234,28,1274434160,367289139,97170,77244,922,1618,-2079,2099,100,2955,13472260,178,463291,114,6,0,0,0,1778833853,689008584
462671750,2026,5,15,8,30,53,55,24,749600474,3,3,234,28,1274434190,367289116,97175,77249,923,1619,-2058,2096,93,2937,13447408,179,488149,114,6,0,0,0,1778833853,814491742
462671875,2026,5,15,8,30,53,55,24,874600410,3,3,234,28,1274434218,367289094,97145,77220,924,1620,-2030,2022,93,2865,13511472,181,510777,114,6,0,0,0,1778833853,938459903
462672000,2026,5,15,8,30,54,55,24,-399654,3,3,234,28,1274434248,367289072,97148,77222,925,1621,-1935,2069,83,2833,13308002,178,512391,114,6,0,0,0,1778833854,64397002
462672125,2026,5,15,8,30,54,55,24,124600280,3,3,234,28,1274434276,367289052,97135,77209,927,1622,-1870,2063,92,2784,13218002,179,520274,114,6,0,0,0,1778833854,188618411
462672250,2026,5,15,8,30,54,55,24,249600216,3,3,234,28,1274434303,367289030,97136,77210,928,1623,-1921,1971,92,2752,13426100,180,527179,114,6,0,0,0,1778833854,314734673
462672375,2026,5,15,8,30,54,55,24,374600151,3,3,234,28,1274434331,367289009,97113,77188,929,1625,-1876,1964,94,2716,13368844,186,531795,114,6,0,0,0,1778833854,439067491
462672500,2026,5,15,8,30,54,55,24,499600087,3,3,234,28,1274434359,367288988,97094,77169,930,1626,-1846,2012,96,2730,13252568,185,532193,114,6,0,0,0,1778833854,562721632
462672625,2026,5,15,8,30,54,55,24,624600022,3,3,234,28,1274434388,367288966,97100,77174,931,1627,-1936,2067,88,2832,13312152,185,513813,114,6,0,0,0,1778833854,688179522
462672750,2026,5,15,8,30,54,55,24,749599957,3,3,234,28,1274434418,367288944,97070,77145,932,1628,-1961,2074,97,2855,13339536,184,505789,114,6,0,0,0,1778833854,813101078
462672875,2026,5,15,8,30,54,55,24,874599893,3,3,234,28,1274434447,367288921,97033,77107,933,1629,-2019,2116,114,2925,13366478,185,511245,114,6,0,0,0,1778833854,935871538
462673000,2026,5,15,8,30,55,55,24,-400171,3,3,234,28,1274434481,367288896,97012,77086,934,1630,-2151,2291,116,3142,13319564,183,476714,114,6,0,0,0,1778833855,68500306
462673125,2026,5,15,8,30,55,55,24,124599764,3,3,234,28,1274434513,367288872,97018,77092,936,1631,-2166,2279,101,3144,13354256,183,476745,114,6,0,0,0,1778833855,189041441
462673250,2026,5,15,8,30,55,55,24,249599699,3,3,234,28,1274434547,367288845,96985,77059,937,1632,-2320,2422,115,3354,13377412,183,444687,114,6,0,0,0,1778833855,314094559
462673375,2026,5,15,8,30,55,55,24,374599634,3,3,234,28,1274434583,367288819,96971,77045,938,1633,-2339,2486,116,3413,13326438,183,437722,114,6,0,0,0,1778833855,437443918
462673500,2026,5,15,8,30,55,55,24,499599570,3,3,234,28,1274434620,367288791,96952,77026,939,1634,-2434,2620,124,3576,13288144,182,415793,114,6,0,0,0,1778833855,562389696
462673625,2026,5,15,8,30,55,55,24,624599505,3,3,234,28,1274434659,367288763,96957,77032,940,1635,-2452,2708,111,3653,13215864,183,415059,114,6,0,0,0,1778833855,689181658
462673750,2026,5,15,8,30,55,55,24,749599440,3,3,234,28,1274434697,367288733,96909,76983,942,1636,-2584,2716,124,3749,13357744,183,428789,114,6,0,0,0,1778833855,813464468
462673875,2026,5,15,8,30,55,55,24,874599376,3,3,234,28,1274434735,367288705,96900,76974,944,1638,-2571,2760,124,3772,13296910,184,436106,114,6,0,0,0,1778833855,938310150
462674000,2026,5,15,8,30,56,55,24,-400688,3,3,234,28,1274434776,367288676,96899,76973,946,1639,-2598,2867,110,3869,13218708,184,434832,114,6,0,0,0,1778833856,68385456
462674125,2026,5,15,8,30,56,55,24,124599247,3,3,234,28,1274434814,367288644,96860,76934,947,1640,-2715,2779,124,3885,13432662,186,435118,114,6,0,0,0,1778833856,188256903
462674250,2026,5,15,8,30,56,55,24,249599182,3,3,234,28,1274434854,367288613,96859,76933,949,1641,-2757,2834,115,3954,13421372,186,425575,114,6,0,0,0,1778833856,314343494
462674375,2026,5,15,8,30,56,55,24,374599117,3,3,234,28,1274434892,367288584,96846,76920,951,1642,-2642,2749,113,3813,13386470,186,437935,114,6,0,0,0,1778833856,438193025
462674500,2026,5,15,8,30,56,55,24,499599053,3,3,234,28,1274434929,367288554,96828,76902,953,1644,-2626,2678,114,3751,13444726,184,443179,114,6,0,0,0,1778833856,564387994
462674625,2026,5,15,8,30,56,55,24,624598988,3,3,234,28,1274434965,367288526,96794,76868,955,1645,-2548,2613,123,3649,13428224,185,459358,114,6,0,0,0,1778833856,689238023
462674750,2026,5,15,8,30,56,55,24,749598924,3,3,234,28,1274435001,367288498,96807,76881,957,1646,-2506,2578,103,3595,13419274,185,466225,114,6,0,0,0,1778833856,811260567
462674875,2026,5,15,8,30,56,55,24,874598859,3,3,234,28,1274435037,367288470,96761,76835,958,1648,-2489,2533,110,3551,13449592,186,454762,114,6,0,0,0,1778833856,938088301
462675000,2026,5,15,8,30,57,55,24,-401205,3,3,234,28,1274435073,367288445,96778,76852,960,1649,-2338,2552,97,3461,13249098,185,466532,114,6,0,0,0,1778833857,68221857
462675125,2026,5,15,8,30,57,55,24,124598730,3,3,234,28,1274435106,367288419,96774,76848,961,1650,-2292,2450,98,3355,13308214,185,476823,114,6,0,0,0,1778833857,188923106
462675250,2026,5,15,8,30,57,55,24,249598665,3,3,234,28,1274435141,367288393,96753,76827,963,1652,-2298,2480,106,3381,13281598,187,466134,114,6,0,0,0,1778833857,314431850
462675375,2026,5,15,8,30,57,55,24,374598600,3,3,234,28,1274435172,367288369,96755,76829,964,1653,-2147,2316,100,3159,13283168,187,507965,114,6,0,0,0,1778833857,438569676
462675500,2026,5,15,8,30,57,55,24,499598536,3,3,234,28,1274435205,367288349,96733,76807,966,1654,-1950,2312,103,3024,13014082,187,529561,114,6,0,0,0,1778833857,563331574
462675625,2026,5,15,8,30,57,55,24,624598471,3,3,234,28,1274435236,367288326,96684,76758,968,1656,-2029,2224,113,3011,13236758,187,531840,114,6,0,0,0,1778833857,684920174
462675750,2026,5,15,8,30,57,55,24,749598407,3,3,234,28,1274435266,367288303,96695,76769,969,1657,-2010,2208,104,2986,13232400,186,541203,114,6,0,0,0,1778833857,812993273
462675875,2026,5,15,8,30,57,55,24,874598342,3,3,234,28,1274435296,367288279,96656,76730,971,1658,-2084,2192,120,3024,13356382,186,530648,114,6,0,0,0,1778833857,937231165
462676000,2026,5,15,8,30,58,55,24,-401722,3,3,234,28,1274435330,367288257,96643,76717,973,1660,-2001,2300,121,3048,13103342,187,529058,114,6,0,0,0,1778833858,68407319
462676125,2026,5,15,8,30,58,55,24,124598213,3,3,234,28,1274435362,367288232,96664,76738,974,1661,-2125,2338,98,3160,13226108,185,507206,114,6,0,0,0,1778833858,189508932
462676250,2026,5,15,8,30,58,55,24,249598148,3,3,234,28,1274435393,367288205,96620,76693,976,1662,-2303,2257,111,3225,13558576,186,495549,114,6,0,0,0,1778833858,315222163
462676375,2026,5,15,8,30,58,55,24,374598084,3,3,234,28,1274435427,367288179,96645,76719,977,1664,-2322,2394,87,3335,13411512,186,502536,114,6,0,0,0,1778833858,437582434
462676500,2026,5,15,8,30,58,55,24,499598019,3,3,234,28,1274435465,367288152,96625,76699,979,1665,-2409,2561,95,3516,13325156,186,481728,114,6,0,0,0,1778833858,559210923
462676625,2026,5,15,8,30,58,55,24,624597954,3,3,234,28,1274435501,367288123,96595,76669,981,1666,-2498,2599,105,3604,13386788,187,471408,114,6,0,0,0,1778833858,688885384
462676750,2026,5,15,8,30,58,55,24,749597890,3,3,234,28,1274435538,367288096,96589,76663,983,1667,-2453,2604,93,3577,13328684,185,473457,114,6,0,0,0,1778833858,814055242
462676875,2026,5,15,8,30,58,55,24,874597825,3,3,234,28,1274435575,367288069,96577,76651,985,1669,-2414,2658,100,3591,13224394,193,478602,114,6,0,0,0,1778833858,938283846
462677000,2026,5,15,8,30,59,55,24,-402239,3,3,234,28,1274435609,367288040,96582,76656,987,1671,-2451,2538,89,3528,13400130,195,488876,114,6,0,0,0,1778833859,68571207
462677125,2026,5,15,8,30,59,55,24,124597696,3,3,234,28,1274435641,367288014,96528,76601,988,1673,-2393,2352,111,3355,13550310,197,483679,114,6,0,0,0,1778833859,188282557
462677250,2026,5,15,8,30,59,55,24,249597631,3,3,234,28,1274435674,367287987,96535,76609,990,1675,-2360,2347,93,3328,13516414,197,482310,114,6,0,0,0,1778833859,313383818
462677375,2026,5,15,8,30,59,55,24,374597567,3,3,234,28,1274435703,367287960,96533,76607,991,1676,-2376,2222,94,3253,13691950,189,489222,114,6,0,0,0,1778833859,436281841
462677500,2026,5,15,8,30,59,55,24,499597502,3,3,234,28,1274435733,367287933,96500,76574,993,1677,-2336,2125,94,3158,13771446,186,499986,114,6,0,0,0,1778833859,563402188
462677625,2026,5,15,8,30,59,55,24,624597437,3,3,234,28,1274435761,367287913,96495,76569,994,1679,-2018,2004,94,2844,13520074,182,558305,114,6,0,0,0,1778833859,688987646
462677750,2026,5,15,8,30,59,55,24,749597373,3,3,234,28,1274435789,367287891,96466,76540,995,1680,-1985,1994,101,2814,13486904,182,559396,114,6,0,0,0,1778833859,812453459
462677875,2026,5,15,8,30,59,55,24,874597308,3,3,234,28,1274435813,367287869,96439,76513,997,1681,-1921,1820,103,2647,13654836,183,599015,114,6,0,0,0,1778833859,936420961
462678000,2026,5,15,8,31,0,55,24,-402755,3,3,234,28,1274435838,367287850,96469,76543,998,1682,-1749,1800,73,2510,13418336,183,627158,114,6,0,0,0,1778833860,66645430
462678125,2026,5,15,8,31,0,55,24,124597179,3,3,234,28,1274435862,367287830,96454,76528,999,1683,-1757,1721,77,2460,13559674,184,634922,114,6,0,0,0,1778833860,187069759
462678250,2026,5,15,8,31,0,55,24,249597115,3,3,234,28,1274435885,367287814,96393,76466,1000,1684,-1571,1636,105,2269,13383616,182,690468,114,6,0,0,0,1778833860,312934935
462678375,2026,5,15,8,31,0,55,24,374597050,3,3,234,28,1274435906,367287796,96392,76466,1002,1686,-1553,1562,96,2202,13483154,183,694267,114,6,0,0,0,1778833860,437231766
462678500,2026,5,15,8,31,0,55,24,499596985,3,3,234,28,1274435925,367287779,96394,76468,1003,1687,-1519,1485,88,2125,13564218,181,715392,114,6,0,0,0,1778833860,561098649
462678625,2026,5,15,8,31,0,55,24,624596921,3,3,234,28,1274435947,367287759,96400,76474,1004,1688,-1640,1561,80,2264,13641024,182,669820,114,6,0,0,0,1778833860,686524290
462678750,2026,5,15,8,31,0,55,24,749596856,3,3,234,28,1274435971,367287744,96374,76448,1005,1689,-1505,1605,86,2200,13316584,182,704002,114,6,0,0,0,1778833860,811253975
462678875,2026,5,15,8,31,0,55,24,874596792,3,3,234,28,1274435996,367287728,96368,76442,1006,1690,-1464,1721,77,2259,13038856,182,686697,114,6,0,0,0,1778833860,936078288
462679000,2026,5,15,8,31,1,55,24,-403272,3,3,234,28,1274436019,367287709,96352,76426,1007,1691,-1587,1699,88,2325,13303256,181,653594,114,6,0,0,0,1778833861,65324654
462679125,2026,5,15,8,31,1,55,24,124596662,3,3,234,28,1274436046,367287689,96335,76409,1008,1692,-1704,1877,92,2535,13223838,182,593290,114,6,0,0,0,1778833861,187300811
462679250,2026,5,15,8,31,1,55,24,249596598,3,3,234,28,1274436075,367287669,96320,76394,1009,1693,-1747,1991,81,2649,13127494,182,583605,114,6,0,0,0,1778833861,309963117
462679375,2026,5,15,8,31,1,55,24,374596533,3,3,234,28,1274436105,367287649,96305,76378,1010,1694,-1804,2103,86,2770,13062358,180,558075,114,6,0,0,0,1778833861,436089795
462679500,2026,5,15,8,31,1,55,24,499596469,3,3,234,28,1274436134,367287624,96301,76374,1011,1695,-2039,2134,84,2951,13370050,180,519017,114,6,0,0,0,1778833861,560588754
462679625,2026,5,15,8,31,1,55,24,624596404,3,3,234,28,1274436166,367287603,96309,76383,1012,1696,-1949,2264,80,2987,13072374,181,513255,114,6,0,0,0,1778833861,686298567
462679750,2026,5,15,8,31,1,55,24,749596340,3,3,234,28,1274436199,367287579,96259,76333,1013,1696,-2054,2293,92,3079,13185302,183,504991,114,6,0,0,0,1778833861,811635970
462679875,2026,5,15,8,31,1,55,24,874596275,3,3,234,28,1274436228,367287554,96302,76375,1014,1697,-2104,2221,69,3060,13344692,185,502017,114,6,0,0,0,1778833861,936050421
462680000,2026,5,15,8,31,2,55,24,-403789,3,3,234,28,1274436259,367287529,96241,76314,1015,1698,-2191,2171,94,3084,13526556,186,496384,114,6,0,0,0,1778833862,66233906
462680125,2026,5,15,8,31,2,55,24,124596146,3,3,234,28,1274436290,367287505,96230,76304,1016,1699,-2151,2216,88,3088,13414130,186,498302,114,6,0,0,0,1778833862,182180699
462680250,2026,5,15,8,31,2,55,24,249596081,3,3,234,28,1274436321,367287481,96240,76314,1017,1699,-2093,2242,85,3067,13303274,180,489544,114,6,0,0,0,1778833862,312395490
462680375,2026,5,15,8,31,2,55,24,374596017,3,3,234,28,1274436350,367287457,96208,76282,1019,1700,-2139,2160,101,3040,13472912,179,533697,114,6,0,0,0,1778833862,435447958
462680500,2026,5,15,8,31,2,55,24,499595952,3,3,234,28,1274436381,367287431,96197,76270,1020,1701,-2204,2179,96,3099,13532878,183,541577,114,6,0,0,0,1778833862,562097877
462680625,2026,5,15,8,31,2,55,24,624595887,3,3,234,28,1274436412,367287407,96200,76274,1022,1701,-2188,2218,86,3116,13462118,184,541889,114,6,0,0,0,1778833862,687606162
462680750,2026,5,15,8,31,2,55,24,749595823,3,3,234,28,1274436443,367287381,96166,76240,1024,1702,-2220,2231,98,3147,13485558,183,541365,114,6,0,0,0,1778833862,812262627
462680875,2026,5,15,8,31,2,55,24,874595758,3,3,234,28,1274436475,367287355,96154,76228,1025,1702,-2308,2248,97,3222,13575446,182,503135,114,6,0,0,0,1778833862,936075761
462681000,2026,5,15,8,31,3,55,24,-404305,3,3,234,28,1274436507,367287328,96150,76224,1026,1703,-2314,2307,89,3267,13508356,178,477641,114,6,0,0,0,1778833863,61571160
462681125,2026,5,15,8,31,3,55,24,124595629,3,3,234,28,1274436539,367287302,96100,76173,1027,1703,-2364,2300,115,3299,13578590,178,470395,114,6,0,0,0,1778833863,188356325
462681250,2026,5,15,8,31,3,55,24,249595565,3,3,234,28,1274436574,367287273,96084,76158,1028,1703,-2508,2408,110,3477,13616336,177,442746,114,6,0,0,0,1778833863,313384717
462681375,2026,5,15,8,31,3,55,24,374595500,3,3,234,28,1274436606,367287244,96097,76170,1029,1704,-2485,2378,100,3440,13626646,177,448282,114,6,0,0,0,1778833863,438082155
462681500,2026,5,15,8,31,3,55,24,499595435,3,3,234,28,1274436646,367287222,96065,76138,1030,1704,-2225,2598,102,3420,13058220,179,449784,114,6,0,0,0,1778833863,561479931
462681625,2026,5,15,8,31,3,55,24,624595371,3,3,234,28,1274436679,367287196,96068,76141,1031,1704,-2235,2491,94,3347,13189624,178,456387,114,6,0,0,0,1778833863,687550295
462681750,2026,5,15,8,31,3,55,24,749595306,3,3,234,28,1274436713,367287171,96069,76143,1032,1704,-2172,2427,85,3257,13182440,177,463554,114,6,0,0,0,1778833863,811435408
462681875,2026,5,15,8,31,3,55,24,874595242,3,3,234,28,1274436744,367287147,96042,76116,1033,1704,-2131,2311,93,3143,13268230,178,482407,114,6,0,0,0,1778833863,934248185
462682000,2026,5,15,8,31,4,55,24,-404822,3,3,234,28,1274436779,367287125,96002,76075,1033,1705,-2068,2391,111,3161,13085102,179,474037,114,6,0,0,0,1778833864,66195811
462682125,2026,5,15,8,31,4,55,24,124595113,3,3,234,28,1274436811,367287102,96024,76097,1034,1705,-1997,2376,90,3104,13004882,180,488268,114,6,0,0,0,1778833864,188775520
462682250,2026,5,15,8,31,4,55,24,249595048,3,3,234,28,1274436842,367287078,96013,76087,1035,1705,-2054,2273,95,3064,13210732,179,492255,114,6,0,0,0,1778833864,313190243
462682375,2026,5,15,8,31,4,55,24,374594983,3,3,234,28,1274436871,367287056,96000,76073,1036,1706,-1965,2159,93,2919,13230142,179,520169,114,6,0,0,0,1778833864,435571402
462682500,2026,5,15,8,31,4,55,24,499594919,3,3,234,28,1274436901,367287034,96009,76083,1037,1706,-1944,2157,82,2904,13203256,179,514542,114,6,0,0,0,1778833864,561263800
462682625,2026,5,15,8,31,4,55,24,624594854,3,3,234,28,1274436926,367287011,96022,76096,1037,1707,-1980,1978,72,2798,13502318,178,530189,114,6,0,0,0,1778833864,686924658
462682750,2026,5,15,8,31,4,55,24,749594789,3,3,234,28,1274436956,367286992,95995,76068,1038,1707,-1800,2013,82,2701,13181008,180,544583,114,6,0,0,0,1778833864,812179547
462682875,2026,5,15,8,31,4,55,24,874594725,3,3,234,28,1274436978,367286969,95996,76069,1039,1707,-1870,1796,80,2593,13614898,176,568896,114,6,0,0,0,1778833864,936740054
462683000,2026,5,15,8,31,5,55,24,-405339,3,3,234,28,1274437004,367286949,96027,76101,1039,1708,-1823,1865,51,2608,13433300,178,563984,114,6,0,0,0,1778833865,66642206
462683125,2026,5,15,8,31,5,55,24,124594596,3,3,234,28,1274437027,367286928,95972,76046,1039,1708,-1814,1725,81,2503,13643472,177,560556,114,6,0,0,0,1778833865,186988655
462683250,2026,5,15,8,31,5,55,24,249594531,3,3,234,28,1274437053,367286909,95981,76055,1040,1708,-1710,1792,67,2477,13366710,175,560414,114,6,0,0,0,1778833865,312305560
462683375,2026,5,15,8,31,5,55,24,374594467,3,3,234,28,1274437077,367286889,95934,76007,1040,1708,-1787,1733,94,2489,13587656,174,555379,114,6,0,0,0,1778833865,436289990
462683500,2026,5,15,8,31,5,55,24,499594402,3,3,234,28,1274437103,367286869,95920,75994,1040,1708,-1801,1834,89,2571,13447630,176,558731,114,6,0,0,0,1778833865,561630248
462683625,2026,5,15,8,31,5,55,24,624594337,3,3,234,28,1274437127,367286848,95915,75989,1041,1708,-1801,1793,89,2541,13512238,175,557257,114,6,0,0,0,1778833865,687663513
462683750,2026,5,15,8,31,5,55,24,749594273,3,3,234,28,1274437153,367286825,95894,75968,1041,1708,-1927,1840,98,2665,13631174,172,492721,114,6,0,0,0,1778833865,809369327
462683875,2026,5,15,8,31,5,55,24,874594208,3,3,234,28,1274437179,367286802,95898,75971,1040,1708,-2000,1885,93,2748,13669980,172,470563,114,6,0,0,0,1778833865,935976026
462684000,2026,5,15,8,31,6,55,24,-405855,3,3,234,28,1274437208,367286778,95873,75946,1040,1708,-2083,2016,97,2898,13594276,172,444169,114,6,0,0,0,1778833866,65366739
462684125,2026,5,15,8,31,6,55,24,124594079,3,3,234,28,1274437236,367286751,95878,75952,1041,1708,-2262,2051,92,3053,13780116,173,448012,114,6,0,0,0,1778833866,189004247
462684250,2026,5,15,8,31,6,55,24,249594015,3,3,234,28,1274437267,367286725,95843,75917,1041,1708,-2295,2151,103,3145,13685422,172,443375,114,6,0,0,0,1778833866,314520440
462684375,2026,5,15,8,31,6,55,24,374593950,3,3,234,28,1274437298,367286698,95830,75903,1041,1708,-2383,2236,107,3268,13682170,173,400660,114,6,0,0,0,1778833866,438861979
462684500,2026,5,15,8,31,6,55,24,499593885,3,3,234,28,1274437330,367286670,95784,75858,1041,1709,-2459,2245,123,3329,13760746,172,387808,114,6,0,0,0,1778833866,562677859
462684625,2026,5,15,8,31,6,55,24,624593821,3,3,234,28,1274437362,367286640,95805,75878,1041,1708,-2549,2311,98,3441,13780634,173,373517,114,6,0,0,0,1778833866,684936734
462684750,2026,5,15,8,31,6,55,24,749593756,3,3,234,28,1274437395,367286614,95787,75861,1041,1708,-2370,2341,101,3331,13534746,172,386551,114,6,0,0,0,1778833866,813207187
462684875,2026,5,15,8,31,6,55,24,874593692,3,3,234,28,1274437430,367286589,95770,75844,1041,1708,-2280,2444,108,3343,13300560,172,385470,114,6,0,0,0,1778833866,939312271
462685000,2026,5,15,8,31,7,55,24,-406372,3,3,234,28,1274437463,367286563,95767,75840,1041,1708,-2297,2400,103,3322,13373900,171,387381,114,6,0,0,0,1778833867,68570492
462685125,2026,5,15,8,31,7,55,24,124593562,3,3,234,28,1274437496,367286537,95751,75824,1040,1708,-2268,2370,111,3280,13374898,172,390681,114,6,0,0,0,1778833867,189057889
462685250,2026,5,15,8,31,7,55,24,249593498,3,3,234,28,1274437529,367286511,95719,75792,1040,1708,-2268,2354,126,3269,13393852,173,390148,114,6,0,0,0,1778833867,314118479
462685375,2026,5,15,8,31,7,55,24,374593433,3,3,234,28,1274437558,367286485,95717,75791,1040,1708,-2311,2217,113,3202,13618190,173,398619,114,6,0,0,0,1778833867,437678219
462685500,2026,5,15,8,31,7,55,24,499593369,3,3,234,28,1274437589,367286458,95717,75790,1040,1709,-2302,2189,98,3177,13644548,173,402080,114,6,0,0,0,1778833867,558873695
462685625,2026,5,15,8,31,7,55,24,624593304,3,3,234,28,1274437618,367286434,95678,75751,1040,1709,-2233,2124,114,3082,13644276,173,413190,114,6,0,0,0,1778833867,688310873
462685750,2026,5,15,8,31,7,55,24,749593239,3,3,234,28,1274437647,367286407,95705,75779,1040,1709,-2272,2103,90,3096,13721684,172,413092,114,6,0,0,0,1778833867,813609428
462685875,2026,5,15,8,31,7,55,24,874593175,3,3,234,28,1274437678,367286382,95681,75754,1040,1709,-2257,2165,100,3128,13619196,173,406408,114,6,0,0,0,1778833867,937666131
462686000,2026,5,15,8,31,8,55,24,-406889,3,3,234,28,1274437707,367286356,95691,75764,1040,1709,-2242,2111,84,3079,13672274,173,412402,114,6,0,0,0,1778833868,68379343
462686125,2026,5,15,8,31,8,55,24,124593046,3,3,234,28,1274437737,367286331,95654,75727,1040,1709,-2254,2109,102,3087,13689438,172,411068,114,6,0,0,0,1778833868,187656495
462686250,2026,5,15,8,31,8,55,24,249592981,3,3,234,28,1274437767,367286305,95642,75715,1039,1709,-2293,2166,103,3154,13663844,174,402963,114,6,0,0,0,1778833868,313954377
462686375,2026,5,15,8,31,8,55,24,374592917,3,3,234,28,1274437798,367286279,95621,75695,1039,1709,-2331,2203,109,3207,13661662,174,399444,114,6,0,0,0,1778833868,436306904
462686500,2026,5,15,8,31,8,55,24,499592852,3,3,234,28,1274437831,367286251,95637,75711,1039,1709,-2443,2331,94,3377,13633846,173,376155,114,6,0,0,0,1778833868,564445992
462686625,2026,5,15,8,31,8,55,24,624592787,3,3,234,28,1274437864,367286222,95599,75672,1039,1709,-2508,2346,109,3434,13690962,173,369570,114,6,0,0,0,1778833868,689442143
462686750,2026,5,15,8,31,8,55,24,749592723,3,3,234,28,1274437899,367286191,95590,75664,1039,1709,-2677,2438,109,3621,13768406,174,349277,114,6,0,0,0,1778833868,812409166
462686875,2026,5,15,8,31,8,55,24,874592658,3,3,234,28,1274437935,367286161,95557,75630,1039,1709,-2699,2540,121,3706,13674558,174,342262,114,6,0,0,0,1778833868,937247922
462687000,2026,5,15,8,31,9,55,24,-407405,3,3,234,28,1274437971,367286128,95556,75630,1039,1709,-2828,2588,118,3834,13754068,175,330365,114,6,0,0,0,1778833869,67163701
462687125,2026,5,15,8,31,9,55,24,124592529,3,3,234,28,1274438008,367286095,95522,75596,1038,1709,-2902,2639,135,3923,13770984,173,323703,114,6,0,0,0,1778833869,189109900
462687250,2026,5,15,8,31,9,55,24,249592464,3,3,234,28,1274438047,367286061,95516,75589,1038,1708,-2971,2743,127,4044,13729262,173,314023,114,6,0,0,0,1778833869,315385139
462687375,2026,5,15,8,31,9,55,24,374592400,3,3,234,28,1274438084,367286026,95508,75581,1038,1708,-3034,2708,127,4067,13824932,173,311101,114,6,0,0,0,1778833869,441231066
462687500,2026,5,15,8,31,9,55,24,499592335,3,3,234,28,1274438122,367285992,95504,75577,1038,1708,-3000,2743,136,4065,13755896,174,311540,114,6,0,0,0,1778833869,565557417
462687625,2026,5,15,8,31,9,55,24,624592271,3,3,234,28,1274438159,367285958,95506,75579,1037,1708,-3006,2699,130,4040,13808584,174,311404,114,6,0,0,0,1778833869,689980846
462687750,2026,5,15,8,31,9,55,24,749592206,3,3,234,28,1274438197,367285923,95490,75563,1037,1708,-3044,2682,122,4057,13861252,174,310706,114,6,0,0,0,1778833869,814190857
462687875,2026,5,15,8,31,9,55,24,874592141,3,3,234,28,1274438233,367285891,95484,75557,1037,1707,-2931,2638,118,3943,13801682,173,317917,114,6,0,0,0,1778833869,939702874
462688000,2026,5,15,8,31,10,55,24,-407922,3,3,234,28,1274438269,367285859,95487,75560,1037,1707,-2831,2617,117,3855,13724994,174,326643,114,6,0,0,0,1778833870,70343617
462688125,2026,5,15,8,31,10,55,24,124592012,3,3,234,28,1274438303,367285828,95487,75561,1036,1707,-2735,2495,109,3702,13762282,173,338848,114,6,0,0,0,1778833870,190290706
462688250,2026,5,15,8,31,10,55,24,249591947,3,3,234,28,1274438338,367285799,95480,75553,1036,1707,-2583,2481,108,3582,13615546,174,351662,114,6,0,0,0,1778833870,314019589
462688375,2026,5,15,8,31,10,55,24,374591883,3,3,234,28,1274438373,367285773,95473,75546,1036,1706,-2423,2490,107,3474,13421758,172,360081,114,6,0,0,0,1778833870,439114148
462688500,2026,5,15,8,31,10,55,24,499591818,3,3,234,28,1274438410,367285750,95456,75529,1035,1706,-2125,2583,115,3345,12944540,173,371873,114,6,0,0,0,1778833870,562587957
462688625,2026,5,15,8,31,10,55,24,624591754,3,3,234,28,1274438447,367285726,95432,75505,1035,1705,-2135,2631,127,3388,12905910,168,366530,114,6,0,0,0,1778833870,688533961
462688750,2026,5,15,8,31,10,55,24,749591689,3,3,234,28,1274438483,367285702,95455,75528,1034,1705,-2084,2602,110,3334,12869874,168,369962,114,6,0,0,0,1778833870,814216055
462688875,2026,5,15,8,31,10,55,24,874591624,3,3,234,28,1274438520,367285678,95445,75519,1034,1704,-2128,2625,114,3379,12902094,168,365088,114,6,0,0,0,1778833870,940040183
462689000,2026,5,15,8,31,11,55,24,-408439,3,3,234,28,1274438555,367285653,95436,75510,1033,1704,-2189,2570,111,3376,13041372,167,364355,114,6,0,0,0,1778833871,69387371
462689125,2026,5,15,8,31,11,55,24,124591495,3,3,234,28,1274438591,367285628,95421,75494,1033,1703,-2191,2580,123,3385,13033794,167,358888,114,6,0,0,0,1778833871,186375255
462689250,2026,5,15,8,31,11,55,24,249591431,3,3,234,28,1274438629,367285603,95426,75499,1032,1703,-2182,2658,107,3439,12939396,167,353588,114,6,0,0,0,1778833871,315044932
462689375,2026,5,15,8,31,11,55,24,374591366,3,3,234,28,1274438664,367285578,95426,75499,1031,1702,-2175,2556,101,3356,13038850,167,362003,114,6,0,0,0,1778833871,440074558
462689500,2026,5,15,8,31,11,55,24,499591301,3,3,234,28,1274438698,367285553,95423,75496,1031,1701,-2163,2475,96,3287,13115050,167,370696,114,6,0,0,0,1778833871,564929728
462689625,2026,5,15,8,31,11,55,24,624591237,3,3,234,28,1274438732,367285529,95404,75477,1030,1701,-2114,2442,104,3229,13088574,168,378914,114,6,0,0,0,1778833871,690242269
462689750,2026,5,15,8,31,11,55,24,749591172,3,3,234,28,1274438765,367285504,95425,75498,1030,1700,-2173,2413,93,3248,13200014,167,374417,114,6,0,0,0,1778833871,814957675
462689875,2026,5,15,8,31,11,55,24,874591108,3,3,234,28,1274438797,367285480,95395,75468,1029,1700,-2118,2360,113,3171,13190416,167,382654,114,6,0,0,0,1778833871,938412849
462690000,2026,5,15,8,31,12,55,24,-408956,3,3,234,28,1274438826,367285454,95382,75455,1028,1699,-2208,2173,108,3098,13545134,168,390750,114,6,0,0,0,1778833872,63996117
462690125,2026,5,15,8,31,12,55,24,124590978,3,3,234,28,1274438856,367285429,95402,75475,1028,1698,-2184,2159,89,3071,13533636,168,393880,114,6,0,0,0,1778833872,189315404
462690250,2026,5,15,8,31,12,55,24,249590914,3,3,234,28,1274438886,367285404,95360,75433,1027,1698,-2201,2162,114,3085,13551282,166,394482,114,6,0,0,0,1778833872,315303533
462690375,2026,5,15,8,31,12,55,24,374590849,3,3,234,28,1274438914,367285380,95382,75455,1026,1697,-2129,2015,95,2932,13657778,167,416360,114,6,0,0,0,1778833872,440029306
462690500,2026,5,15,8,31,12,55,24,499590784,3,3,234,28,1274438941,367285356,95369,75442,1026,1696,-2084,1994,101,2885,13625768,167,422137,114,6,0,0,0,1778833872,564824725
462690625,2026,5,15,8,31,12,55,24,624590720,3,3,234,28,1274438969,367285333,95376,75449,1025,1695,-2080,1972,85,2866,13653692,167,426714,114,6,0,0,0,1778833872,689055112
462690750,2026,5,15,8,31,12,55,24,749590655,3,3,234,28,1274438995,367285309,95383,75456,1025,1694,-2043,1947,76,2822,13637844,167,431904,114,6,0,0,0,1778833872,814315631
462690875,2026,5,15,8,31,12,55,24,874590591,3,3,234,28,1274439022,367285287,95365,75438,1024,1694,-2009,1900,85,2765,13660082,166,443982,114,6,0,0,0,1778833872,938096316
462691000,2026,5,15,8,31,13,55,24,-409473,3,3,234,28,1274439048,367285265,95364,75437,1023,1693,-1921,1872,81,2682,13573356,167,455718,114,6,0,0,0,1778833873,70539118
462691125,2026,5,15,8,31,13,55,24,124590461,3,3,234,28,1274439074,367285245,95369,75442,1023,1692,-1784,1885,72,2595,13343578,166,469673,114,6,0,0,0,1778833873,191349260
462691250,2026,5,15,8,31,13,55,24,249590397,3,3,234,28,1274439099,367285226,95374,75447,1022,1691,-1731,1830,64,2519,13342156,166,485077,114,6,0,0,0,1778833873,316279334
462691375,2026,5,15,8,31,13,55,24,374590332,3,3,234,28,1274439123,367285206,95372,75445,1022,1690,-1690,1731,65,2420,13431754,166,506542,114,6,0,0,0,1778833873,439814318
462691500,2026,5,15,8,31,13,55,24,499590268,3,3,234,29,1274439147,367285188,95362,75435,1021,1689,-1648,1740,68,2397,13345672,166,504960,105,6,0,0,0,1778833873,564634883
462691625,2026,5,15,8,31,13,55,24,624590203,3,3,234,29,1274439171,367285169,95374,75447,1020,1688,-1670,1691,59,2377,13462870,166,514166,105,6,0,0,0,1778833873,689948305
462691750,2026,5,15,8,31,13,55,24,749590138,3,3,234,29,1274439196,367285150,95384,75457,1020,1687,-1645,1783,51,2425,13269406,166,504682,105,6,0,0,0,1778833873,816044716
462691875,2026,5,15,8,31,13,55,24,874590074,3,3,234,29,1274439222,367285133,95382,75455,1019,1687,-1541,1825,62,2389,13018216,166,510470,105,6,0,0,0,1778833873,939958077
462692000,2026,5,15,8,31,14,55,24,-409990,3,3,234,29,1274439248,367285113,95391,75464,1019,1686,-1674,1861,63,2503,13196876,166,490136,105,6,0,0,0,1778833874,69872395
462692125,2026,5,15,8,31,14,55,24,124589944,3,3,234,29,1274439276,367285094,95377,75450,1018,1685,-1682,1961,70,2584,13062550,166,474814,105,6,0,0,0,1778833874,189628286
462692250,2026,5,15,8,31,14,55,24,249589880,3,3,234,29,1274439306,367285074,95373,75446,1018,1684,-1766,2049,69,2705,13076126,167,451264,105,6,0,0,0,1778833874,316334308
462692375,2026,5,15,8,31,14,55,24,374589815,3,3,234,29,1274439335,367285052,95376,75449,1017,1684,-1858,2108,68,2810,13139080,171,434470,105,6,0,0,0,1778833874,439543812
462692500,2026,5,15,8,31,14,55,24,499589751,3,3,234,29,1274439366,367285030,95349,75422,1017,1683,-1925,2173,88,2903,13154062,170,420639,105,6,0,0,0,1778833874,565242533
462692625,2026,5,15,8,31,14,55,24,624589686,3,3,234,29,1274439396,367285008,95349,75422,1016,1682,-1952,2160,89,2912,13210438,171,418718,105,6,0,0,0,1778833874,689664201
462692750,2026,5,15,8,31,14,55,24,749589621,3,3,234,29,1274439426,367284983,95365,75438,1016,1682,-2067,2135,71,2972,13407172,171,411289,105,6,0,0,0,1778833874,812485530
462692875,2026,5,15,8,31,14,55,24,874589557,3,3,234,29,1274439455,367284960,95345,75418,1015,1681,-2057,2078,77,2924,13470268,167,419661,105,6,0,0,0,1778833874,938666419
462693000,2026,5,15,8,31,15,55,24,-410507,3,3,234,29,1274439484,367284938,95334,75407,1015,1680,-2021,2083,79,2902,13412962,167,422454,105,6,0,0,0,1778833875,68574150
462693125,2026,5,15,8,31,15,55,24,124589428,3,3,234,29,1274439512,367284914,95350,75422,1014,1679,-2034,2037,75,2879,13496886,166,404607,105,6,0,0,0,1778833875,190327037
462693250,2026,5,15,8,31,15,55,24,249589363,3,3,234,29,1274439540,367284892,95332,75405,1014,1678,-1986,1969,76,2796,13525576,166,412804,105,6,0,0,0,1778833875,315175985
462693375,2026,5,15,8,31,15,55,24,374589299,3,3,234,29,1274439566,367284870,95332,75405,1013,1677,-1963,1908,71,2738,13581514,166,423130,105,6,0,0,0,1778833875,440075933
462693500,2026,5,15,8,31,15,55,24,499589234,3,3,234,29,1274439594,367284848,95316,75389,1012,1676,-1946,1923,81,2736,13533378,166,422637,105,6,0,0,0,1778833875,564576725
462693625,2026,5,15,8,31,15,55,24,624589169,3,3,234,29,1274439619,367284825,95334,75407,1012,1675,-1974,1867,69,2717,13660070,166,424785,105,6,0,0,0,1778833875,686063220
462693750,2026,5,15,8,31,15,55,24,749589105,3,3,234,29,1274439646,367284802,95338,75411,1011,1674,-2027,1886,66,2769,13706054,166,417218,105,6,0,0,0,1778833875,813731054
462693875,2026,5,15,8,31,15,55,24,874589040,3,3,234,29,1274439674,367284779,95336,75408,1010,1673,-2023,1943,68,2805,13615496,166,410548,105,6,0,0,0,1778833875,939248315
462694000,2026,5,15,8,31,16,55,24,-411023,3,3,234,29,1274439701,367284754,95340,75413,1009,1671,-2122,1956,67,2886,13732358,166,394987,105,6,0,0,0,1778833876,69882546
462694125,2026,5,15,8,31,16,55,24,124588911,3,3,234,29,1274439728,367284730,95338,75411,1008,1669,-2123,1958,76,2888,13732050,166,370183,105,6,0,0,0,1778833876,191640382
462694250,2026,5,15,8,31,16,55,24,249588846,3,3,234,29,1274439756,367284705,95322,75395,1007,1667,-2174,1975,84,2937,13774772,167,362249,105,6,0,0,0,1778833876,316558315
462694375,2026,5,15,8,31,16,55,24,374588782,3,3,234,29,1274439784,367284680,95347,75420,1007,1665,-2208,1986,70,2970,13803520,167,359007,105,6,0,0,0,1778833876,439485080
462694500,2026,5,15,8,31,16,55,24,499588717,3,3,234,29,1274439812,367284654,95323,75395,1006,1663,-2293,2018,77,3055,13864940,167,350106,105,6,0,0,0,1778833876,561289401
462694625,2026,5,15,8,31,16,55,24,624588653,3,3,234,29,1274439840,367284628,95317,75390,1005,1661,-2260,2043,78,3047,13788840,166,350165,105,6,0,0,0,1778833876,690461033
462694750,2026,5,15,8,31,16,55,24,749588588,3,3,234,29,1274439867,367284603,95317,75390,1004,1660,-2219,1978,84,2973,13828686,166,358987,105,6,0,0,0,1778833876,816414435
462694875,2026,5,15,8,31,16,55,24,874588524,3,3,234,29,1274439893,367284578,95301,75374,1003,1658,-2205,1899,96,2910,13926816,166,366382,105,6,0,0,0,1778833876,941436329
462695000,2026,5,15,8,31,17,55,24,-411540,3,3,234,29,1274439921,367284551,95318,75391,1002,1656,-2272,1936,84,2985,13956320,166,356641,105,6,0,0,0,1778833877,71239434
462695125,2026,5,15,8,31,17,55,24,124588394,3,3,234,29,1274439947,367284525,95324,75397,1001,1654,-2277,1929,74,2984,13973476,166,357318,105,6,0,0,0,1778833877,190070816
462695250,2026,5,15,8,31,17,55,24,249588330,3,3,234,29,1274439974,367284501,95291,75364,1000,1652,-2191,1923,90,2915,13873506,166,366318,105,6,0,0,0,1778833877,316252281
462695375,2026,5,15,8,31,17,55,24,374588265,3,3,234,29,1274439999,367284477,95298,75371,999,1650,-2142,1812,84,2805,13977516,166,381895,105,6,0,0,0,1778833877,438191366
462695500,2026,5,15,8,31,17,55,24,499588201,3,3,234,29,1274440022,367284453,95298,75370,999,1649,-2068,1722,77,2691,14020324,166,397657,105,6,0,0,0,1778833877,566717418
462695625,2026,5,15,8,31,17,55,24,624588136,3,3,234,29,1274440044,367284433,95310,75383,998,1647,-1847,1605,62,2447,13900156,166,438567,105,6,0,0,0,1778833877,690622911
462695750,2026,5,15,8,31,17,55,24,749588072,3,3,234,29,1274440066,367284414,95312,75385,997,1645,-1704,1549,59,2303,13772014,167,465303,105,6,0,0,0,1778833877,815151901
462695875,2026,5,15,8,31,17,55,24,874588007,3,3,234,29,1274440089,367284399,95297,75370,996,1644,-1431,1614,75,2157,13155966,167,498748,105,6,0,0,0,1778833877,940037890
462696000,2026,5,15,8,31,18,55,24,-412057,3,3,234,29,1274440109,367284384,95302,75374,995,1642,-1322,1503,67,2002,13133350,167,536270,105,6,0,0,0,1778833878,69673679
462696125,2026,5,15,8,31,18,55,24,124587878,3,3,234,29,1274440128,367284370,95343,75416,995,1641,-1259,1381,36,1869,13233976,166,574693,105,6,0,0,0,1778833878,192241181
462696250,2026,5,15,8,31,18,55,24,249587813,3,3,234,29,1274440148,367284357,95332,75405,994,1640,-1197,1427,48,1863,12998914,168,609667,105,6,0,0,0,1778833878,317007361
462696375,2026,5,15,8,31,18,55,24,374587749,3,3,234,29,1274440170,367284344,95336,75409,993,1639,-1143,1527,43,1907,12681576,167,602596,105,6,0,0,0,1778833878,441286886
462696500,2026,5,15,8,31,18,55,24,499587684,3,3,234,29,1274440190,367284330,95351,75424,993,1638,-1183,1454,31,1874,12914682,167,609191,105,6,0,0,0,1778833878,566236840
462696625,2026,5,15,8,31,18,55,24,624587620,3,3,234,29,1274440210,367284317,95342,75414,992,1637,-1142,1422,40,1824,12875878,164,616248,105,6,0,0,0,1778833878,690434104
462696750,2026,5,15,8,31,18,55,24,749587555,3,3,234,29,1274440230,367284302,95343,75416,991,1636,-1233,1445,30,1900,13047464,164,590613,105,6,0,0,0,1778833878,815249159
462696875,2026,5,15,8,31,18,55,24,874587490,3,3,234,29,1274440249,367284288,95328,75401,990,1634,-1270,1421,47,1906,13178964,165,588058,105,6,0,0,0,1778833878,939966803
462697000,2026,5,15,8,31,19,55,24,-412573,3,3,234,29,1274440268,367284272,95320,75393,990,1633,-1363,1375,44,1936,13474876,165,580128,105,6,0,0,0,1778833879,70651575
462697125,2026,5,15,8,31,19,55,24,124587361,3,3,234,29,1274440285,367284256,95322,75395,989,1633,-1391,1240,36,1864,13827772,166,600343,105,6,0,0,0,1778833879,190448260
462697250,2026,5,15,8,31,19,55,24,249587297,3,3,234,29,1274440302,367284242,95339,75412,989,1632,-1237,1215,28,1734,13552400,166,655994,105,6,0,0,0,1778833879,313311892
462697375,2026,5,15,8,31,19,55,24,374587232,3,3,234,29,1274440315,367284230,95334,75406,988,1631,-1108,1042,39,1521,13675704,165,740727,105,6,0,0,0,1778833879,439723198
462697500,2026,5,15,8,31,19,55,24,499587168,3,3,234,29,1274440328,367284219,95338,75411,987,1630,-985,920,34,1348,13697160,165,831668,105,6,0,0,0,1778833879,565203027
462697625,2026,5,15,8,31,19,55,24,624587103,3,3,234,29,1274440338,367284209,95353,75426,987,1629,-877,778,20,1173,13844406,166,963718,105,6,0,0,0,1778833879,690704773
462697750,2026,5,15,8,31,19,55,24,749587039,3,3,234,29,1274440347,367284201,95349,75421,986,1628,-749,693,24,1020,13722978,166,1105270,105,6,0,0,0,1778833879,815392257
462697875,2026,5,15,8,31,19,55,24,874586974,3,3,234,29,1274440355,367284195,95354,75427,986,1627,-579,562,20,807,13586248,165,1407551,105,6,0,0,0,1778833879,940528265
462698000,2026,5,15,8,31,20,55,24,-413089,3,3,234,29,1274440362,367284188,95359,75431,985,1627,-600,511,18,788,13958034,167,1426336,105,6,0,0,0,1778833880,70461041
462698125,2026,5,15,8,31,20,55,24,124586845,3,3,234,29,1274440368,367284184,95369,75442,985,1626,-464,455,18,650,13556010,165,1750846,105,6,0,0,0,1778833880,187738782
462698250,2026,5,15,8,31,20,55,24,249586781,3,3,234,29,1274440371,367284179,95369,75441,984,1625,-384,316,19,497,14051590,167,2254852,105,6,0,0,0,1778833880,316290921
462698375,2026,5,15,8,31,20,55,24,374586716,3,3,234,29,1274440376,367284175,95365,75438,984,1624,-357,303,18,468,13968056,167,2396891,105,6,0,0,0,1778833880,440194777
462698500,2026,5,15,8,31,20,55,24,499586652,3,3,234,29,1274440379,367284174,95356,75429,983,1623,-220,242,24,327,13231794,165,3468522,105,6,0,0,0,1778833880,566381007
462698625,2026,5,15,8,31,20,55,24,624586587,3,3,234,29,1274440382,367284171,95368,75440,983,1622,-235,218,15,321,13715874,166,3510430,105,6,0,0,0,1778833880,690677451
462698750,2026,5,15,8,31,20,55,24,749586522,3,3,234,29,1274440384,367284169,95363,75436,982,1622,-200,184,18,271,13736162,166,4173829,105,6,0,0,0,1778833880,815634859
462698875,2026,5,15,8,31,20,55,24,874586458,3,3,234,29,1274440386,367284167,95365,75437,982,1621,-131,142,23,193,13714782,164,5900573,105,6,0,0,0,1778833880,940027298
462699000,2026,5,15,8,31,21,55,24,-413606,3,3,234,29,1274440388,367284166,95376,75448,981,1620,-116,155,13,194,13714782,163,5849587,105,6,0,0,0,1778833881,66150749
462699125,2026,5,15,8,31,21,55,24,124586329,3,3,234,29,1274440389,367284164,95376,75449,981,1620,-167,114,11,202,13714782,167,5527048,105,6,0,0,0,1778833881,191629838
462699250,2026,5,15,8,31,21,55,24,249586264,3,3,234,29,1274440391,367284162,95376,75449,980,1619,-137,98,5,168,13714782,167,6640650,105,6,0,0,0,1778833881,317478477
462699375,2026,5,15,8,31,21,55,24,374586200,3,3,234,29,1274440393,367284162,95376,75448,980,1618,-82,118,0,144,13714782,164,7851353,105,6,0,0,0,1778833881,441253722
462699500,2026,5,15,8,31,21,55,24,499586135,3,3,234,29,1274440393,367284160,95378,75450,979,1618,-127,82,4,151,13714782,169,7349743,105,6,0,0,0,1778833881,565554554
462699625,2026,5,15,8,31,21,55,24,624586071,3,3,234,29,1274440395,367284158,95380,75453,979,1617,-150,102,2,181,13714782,168,6162681,105,6,0,0,0,1778833881,693132713
462699750,2026,5,15,8,31,21,55,24,749586006,3,3,234,29,1274440397,367284157,95381,75454,979,1616,-106,109,4,152,13714782,165,7438761,105,6,0,0,0,1778833881,815293582
462699875,2026,5,15,8,31,21,55,24,874585942,3,3,234,29,1274440398,367284156,95363,75436,978,1615,-50,105,14,116,13714782,164,9649462,105,6,0,0,0,1778833881,938594551
462700000,2026,5,15,8,31,22,55,24,-414122,3,3,234,29,1274440399,367284155,95381,75453,978,1614,-113,73,-1,134,13714782,169,8290476,105,6,0,0,0,1778833882,71610965
462700125,2026,5,15,8,31,22,55,24,124585813,3,3,234,29,1274440400,367284153,95369,75442,977,1614,-147,102,13,179,13714782,166,6205041,105,6,0,0,0,1778833882,193468931
462700250,2026,5,15,8,31,22,55,24,249585748,3,3,234,29,1274440402,367284152,95380,75452,977,1613,-81,100,1,129,13714782,165,8780868,105,6,0,0,0,1778833882,318708815
462700375,2026,5,15,8,31,22,55,24,374585684,3,3,234,29,1274440404,367284151,95372,75445,976,1612,-84,107,1,136,13714782,165,8307695,105,6,0,0,0,1778833882,441361827
462700500,2026,5,15,8,31,22,55,24,499585619,3,3,234,29,1274440404,367284150,95368,75440,976,1611,-97,49,5,108,13714782,173,10155278,105,6,0,0,0,1778833882,566618889
462700625,2026,5,15,8,31,22,55,24,624585555,3,3,234,29,1274440406,367284149,95363,75435,975,1610,-112,98,7,148,13714782,167,7552797,105,6,0,0,0,1778833882,691292833
462700750,2026,5,15,8,31,22,55,24,749585490,3,3,234,29,1274440407,367284147,95363,75436,975,1609,-114,104,3,154,13714782,166,7325511,105,6,0,0,0,1778833882,817421731
462700875,2026,5,15,8,31,22,55,24,874585426,3,3,234,29,1274440409,367284146,95378,75451,974,1608,-89,76,-14,117,13714782,167,9612552,105,6,0,0,0,1778833882,941092968
462701000,2026,5,15,8,31,23,55,24,-414638,3,3,234,29,1274440410,367284145,95367,75439,974,1607,-106,88,-1,137,13714782,165,8146046,105,6,0,0,0,1778833883,71414407
462701125,2026,5,15,8,31,23,55,24,124585297,3,3,234,29,1274440412,367284143,95364,75437,973,1606,-119,126,4,173,13714782,164,6492438,105,6,0,0,0,1778833883,191249360
462701250,2026,5,15,8,31,23,55,24,249585232,3,3,234,29,1274440412,367284142,95358,75431,973,1605,-122,55,11,134,13714782,173,8116607,105,6,0,0,0,1778833883,316254253
462701375,2026,5,15,8,31,23,55,24,374585168,3,3,234,29,1274440414,367284141,95379,75452,972,1605,-78,105,-8,131,13714782,166,8651566,105,6,0,0,0,1778833883,440628716
462701500,2026,5,15,8,31,23,55,24,499585103,3,3,234,29,1274440416,367284139,95361,75434,972,1604,-140,132,3,192,13714782,167,5665459,105,6,0,0,0,1778833883,567191475
462701625,2026,5,15,8,31,23,55,24,624585039,3,3,234,29,1274440416,367284138,95373,75446,971,1603,-76,56,-3,94,13714782,167,11472894,105,6,0,0,0,1778833883,691472072
462701750,2026,5,15,8,31,23,55,24,749584974,3,3,234,29,1274440416,367284138,95358,75431,971,1602,-59,23,3,63,13714782,170,16624210,105,6,0,0,0,1778833883,814581824
462701875,2026,5,15,8,31,23,55,24,874584910,3,3,234,29,1274440416,367284138,95372,75444,970,1601,-9,13,-7,16,13714782,166,18000000,105,6,0,0,0,1778833883,940454636
462702000,2026,5,15,8,31,24,55,24,-415154,3,3,234,29,1274440416,367284139,95355,75427,970,1600,48,-23,6,54,13714782,169,18000000,105,6,0,0,0,1778833884,70431951
462702125,2026,5,15,8,31,24,55,24,124584781,3,3,234,29,1274440416,367284138,95360,75433,969,1599,-47,10,2,48,13714782,172,18000000,105,6,0,0,0,1778833884,190691406
462702250,2026,5,15,8,31,24,55,24,249584716,3,3,234,29,1274440417,367284138,95352,75425,968,1597,0,38,11,38,13714782,169,18000000,105,6,0,0,0,1778833884,316699342
462702375,2026,5,15,8,31,24,55,24,374584652,3,3,234,29,1274440417,367284138,95347,75420,968,1596,-1,36,14,36,13714782,167,18000000,105,6,0,0,0,1778833884,441581157
462702500,2026,5,15,8,31,24,55,24,499584587,3,3,234,29,1274440418,367284138,95343,75416,967,1595,39,21,13,44,13714782,179,18000000,105,6,0,0,0,1778833884,566562733
462702625,2026,5,15,8,31,24,55,24,624584523,3,3,234,29,1274440417,367284137,95352,75424,966,1594,-83,-30,-5,88,13714782,177,10789404,105,6,0,0,0,1778833884,687509881
462702750,2026,5,15,8,31,24,55,24,749584458,3,3,234,29,1274440418,367284137,95327,75400,966,1592,29,43,13,52,13714782,175,18000000,105,6,0,0,0,1778833884,815233299
462702875,2026,5,15,8,31,24,55,24,874584394,3,3,234,29,1274440418,367284137,95328,75400,965,1591,-19,19,13,27,13714782,157,18000000,105,6,0,0,0,1778833884,940766933
462703000,2026,5,15,8,31,25,55,24,-415670,3,3,234,29,1274440418,367284136,95328,75400,965,1590,-39,4,11,39,13714782,168,18000000,105,6,0,0,0,1778833885,70549267
462703125,2026,5,15,8,31,25,55,24,124584265,3,3,234,29,1274440418,367284136,95339,75412,964,1589,-31,-6,0,32,13714782,175,18000000,105,6,0,0,0,1778833885,192136440
462703250,2026,5,15,8,31,25,55,24,249584200,3,3,234,29,1274440419,367284136,95328,75401,963,1588,-30,45,4,54,13714782,163,18000000,105,6,0,0,0,1778833885,318570931
462703375,2026,5,15,8,31,25,55,24,374584136,3,3,234,29,1274440420,367284135,95315,75388,963,1587,-17,41,5,44,13714782,164,18000000,105,6,0,0,0,1778833885,441961336
462703500,2026,5,15,8,31,25,55,24,499584071,3,3,234,29,1274440420,367284135,95326,75398,962,1586,-43,7,1,44,13714782,170,18000000,105,6,0,0,0,1778833885,562670869
462703625,2026,5,15,8,31,25,55,24,624584007,3,3,234,29,1274440420,367284135,95305,75377,962,1585,11,-9,13,14,13714782,160,18000000,105,6,0,0,0,1778833885,692614029
462703750,2026,5,15,8,31,25,55,24,749583942,3,3,234,29,1274440422,367284135,95319,75391,961,1584,2,83,2,83,13714782,176,11880188,105,6,0,0,0,1778833885,817600584
462703875,2026,5,15,8,31,25,55,24,874583878,3,3,234,29,1274440423,367284134,95308,75381,961,1583,-51,41,3,65,13714782,164,16244296,105,6,0,0,0,1778833885,942432498
462704000,2026,5,15,8,31,26,55,24,-416186,3,3,234,29,1274440423,367284133,95302,75375,960,1582,-50,17,10,53,13714782,165,18000000,105,6,0,0,0,1778833886,72422124
462704125,2026,5,15,8,31,26,55,24,124583749,3,3,234,29,1274440423,367284133,95297,75370,959,1581,-15,31,15,34,13714782,162,18000000,105,6,0,0,0,1778833886,191274507
462704250,2026,5,15,8,31,26,55,24,249583684,3,3,234,29,1274440424,367284132,95289,75362,959,1580,-75,33,19,82,13714782,164,12842306,105,6,0,0,0,1778833886,317471004
462704375,2026,5,15,8,31,26,55,24,374583620,3,3,234,29,1274440425,367284132,95300,75373,959,1579,-45,53,8,70,13714782,165,15291988,105,6,0,0,0,1778833886,439566911
462704500,2026,5,15,8,31,26,55,24,499583555,3,3,234,29,1274440427,367284131,95304,75377,958,1577,-60,86,1,105,13714782,165,10076316,105,6,0,0,0,1778833886,567609006
462704625,2026,5,15,8,31,26,55,24,624583491,3,3,234,29,1274440427,367284130,95289,75362,958,1576,-67,18,9,70,13714782,167,14905098,105,6,0,0,0,1778833886,691702852
462704750,2026,5,15,8,31,26,55,24,749583426,3,3,234,29,1274440428,367284129,95309,75382,957,1575,-87,64,-4,108,13714782,165,9883696,105,6,0,0,0,1778833886,816599825
462704875,2026,5,15,8,31,26,55,24,874583362,3,3,234,29,1274440429,367284128,95297,75370,957,1574,-65,73,9,98,13714782,164,10887638,105,6,0,0,0,1778833886,941047227
462705000,2026,5,15,8,31,27,55,24,-416702,3,3,234,29,1274440430,367284128,95308,75381,956,1573,-26,73,8,77,13714782,170,13477422,105,6,0,0,0,1778833887,71506563
462705125,2026,5,15,8,31,27,55,24,124583233,3,3,234,29,1274440431,367284128,95297,75369,956,1572,-44,50,18,66,13714782,162,16197342,105,6,0,0,0,1778833887,191763016
462705250,2026,5,15,8,31,27,55,24,249583168,3,3,234,29,1274440433,367284126,95307,75380,955,1571,-80,98,10,126,13714782,165,8455740,105,6,0,0,0,1778833887,317579613
462705375,2026,5,15,8,31,27,55,24,374583104,3,3,234,29,1274440433,367284125,95313,75385,955,1570,-95,52,5,109,13714782,166,9757034,105,6,0,0,0,1778833887,442178789
462705500,2026,5,15,8,31,27,55,24,499583039,3,3,234,29,1274440435,367284125,95285,75357,954,1569,-88,61,20,107,13714782,162,9829010,105,6,0,0,0,1778833887,566959753
462705625,2026,5,15,8,31,27,55,24,624582975,3,3,234,29,1274440436,367284124,95307,75379,954,1568,-41,87,2,96,13714782,167,10842806,105,6,0,0,0,1778833887,690684067
462705750,2026,5,15,8,31,27,55,24,749582910,3,3,234,29,1274440437,367284123,95301,75373,953,1567,-116,67,3,134,13714782,167,7915742,105,6,0,0,0,1778833887,815191740
462705875,2026,5,15,8,31,27,55,24,874582846,3,3,234,29,1274440439,367284122,95297,75370,953,1566,-98,78,6,125,13714782,168,8518224,105,6,0,0,0,1778833887,940323401
462706000,2026,5,15,8,31,28,55,24,-417218,3,3,234,29,1274440440,367284121,95278,75351,952,1565,-63,66,16,91,13714782,165,11630718,105,6,0,0,0,1778833888,71475784
462706125,2026,5,15,8,31,28,55,24,124582717,3,3,234,29,1274440441,367284120,95290,75363,952,1564,-95,52,8,108,13714782,167,9857464,105,6,0,0,0,1778833888,192182668
462706250,2026,5,15,8,31,28,55,24,249582652,3,3,234,29,1274440442,367284119,95296,75369,952,1563,-89,68,4,112,13714782,167,9509020,105,6,0,0,0,1778833888,315479445
462706375,2026,5,15,8,31,28,55,24,374582587,3,3,234,29,1274440443,367284119,95295,75367,951,1562,-35,62,5,71,13714782,169,14867288,105,6,0,0,0,1778833888,441341144
462706500,2026,5,15,8,31,28,55,24,499582523,3,3,234,29,1274440444,367284118,95289,75362,951,1561,-66,65,8,93,13714782,167,11148096,105,6,0,0,0,1778833888,566462978
462706625,2026,5,15,8,31,28,55,24,624582458,3,3,234,29,1274440446,367284117,95275,75348,950,1560,-80,97,12,126,13714782,167,8183859,105,6,0,0,0,1778833888,690690011
462706750,2026,5,15,8,31,28,55,24,749582394,3,3,234,29,1274440447,367284116,95299,75372,950,1559,-121,73,-6,141,13714782,168,7372899,105,6,0,0,0,1778833888,816535079
462706875,2026,5,15,8,31,28,55,24,874582329,3,3,234,29,1274440448,367284116,95282,75355,949,1558,-43,66,9,79,13714782,168,12997086,105,6,0,0,0,1778833888,941456907
462707000,2026,5,15,8,31,29,55,24,-417734,3,3,234,29,1274440449,367284114,95300,75372,949,1557,-91,67,-4,113,13714782,167,9174632,105,6,0,0,0,1778833889,72024637
462707125,2026,5,15,8,31,29,55,24,124582200,3,3,234,29,1274440450,367284114,95288,75360,948,1556,-80,81,8,114,13714782,167,9025422,105,6,0,0,0,1778833889,187364227
462707250,2026,5,15,8,31,29,55,24,249582136,3,3,234,29,1274440452,367284113,95286,75359,948,1555,-70,70,8,99,13714782,166,10383308,105,6,0,0,0,1778833889,316781810
462707375,2026,5,15,8,31,29,55,24,374582071,3,3,234,29,1274440453,367284112,95301,75373,947,1554,-49,80,-1,94,13714782,166,10927158,105,6,0,0,0,1778833889,441369472
462707500,2026,5,15,8,31,29,55,24,499582007,3,3,234,29,1274440453,367284111,95299,75371,947,1553,-54,42,7,68,13714782,164,15144834,105,6,0,0,0,1778833889,567302878
462707625,2026,5,15,8,31,29,55,24,624581942,3,3,234,29,1274440455,367284110,95315,75387,946,1552,-111,82,-2,138,13714782,164,7470264,105,6,0,0,0,1778833889,692521809
462707750,2026,5,15,8,31,29,55,24,749581878,3,3,234,29,1274440456,367284109,95303,75375,946,1551,-69,52,2,86,13714782,164,12084464,105,6,0,0,0,1778833889,817345084
462707875,2026,5,15,8,31,29,55,24,874581813,3,3,234,29,1274440457,367284109,95302,75374,945,1550,-43,56,1,71,13714782,164,14699090,105,6,0,0,0,1778833889,941359545
462708000,2026,5,15,8,31,30,55,24,-418250,3,3,234,29,1274440458,367284108,95320,75393,945,1549,-40,55,-10,68,13714782,166,15100568,105,6,0,0,0,1778833890,67669270
462708125,2026,5,15,8,31,30,55,24,124581684,3,3,234,29,1274440458,367284108,95315,75388,944,1548,-49,45,3,67,13714782,162,15551684,105,6,0,0,0,1778833890,192403350
462708250,2026,5,15,8,31,30,55,24,249581620,3,3,234,29,1274440459,367284107,95317,75390,944,1547,-41,22,5,47,13714782,165,18000000,105,6,0,0,0,1778833890,316538536
462708375,2026,5,15,8,31,30,55,24,374581555,3,3,234,29,1274440460,367284107,95335,75408,943,1546,-3,68,-10,68,13714782,173,14562546,105,6,0,0,0,1778833890,440573500
462708500,2026,5,15,8,31,30,55,24,499581491,3,3,234,29,1274440460,367284107,95323,75396,943,1546,-49,-4,2,49,13714782,174,18000000,105,6,0,0,0,1778833890,565568418
462708625,2026,5,15,8,31,30,55,24,624581426,3,3,234,29,1274440459,367284106,95323,75396,942,1545,-45,-18,-2,49,13714782,178,18000000,105,6,0,0,0,1778833890,690260699
462708750,2026,5,15,8,31,30,55,24,749581362,3,3,234,29,1274440461,367284106,95324,75397,942,1544,-28,47,-2,55,13714782,169,18000000,105,6,0,0,0,1778833890,815217311
462708875,2026,5,15,8,31,30,55,24,874581297,3,3,234,29,1274440461,367284106,95326,75399,942,1543,-29,39,-2,48,13714782,167,18000000,105,6,0,0,0,1778833890,938288306
462709000,2026,5,15,8,31,31,55,24,-418766,3,3,234,29,1274440462,367284105,95326,75399,941,1542,-30,37,4,48,13714782,165,18000000,105,6,0,0,0,1778833891,70462009
462709125,2026,5,15,8,31,31,55,24,124581168,3,3,234,29,1274440462,367284104,95348,75421,941,1541,-63,11,-13,64,13714782,168,16358628,105,6,0,0,0,1778833891,193402952
462709250,2026,5,15,8,31,31,55,24,249581104,3,3,234,29,1274440464,367284105,95314,75387,940,1540,8,75,11,75,13714782,180,12791752,105,6,0,0,0,1778833891,319860245
462709375,2026,5,15,8,31,31,55,24,374581039,3,3,234,29,1274440464,367284104,95331,75403,940,1539,-78,51,-1,93,13714782,164,11276676,105,6,0,0,0,1778833891,442270059
462709500,2026,5,15,8,31,31,55,24,499580975,3,3,234,29,1274440466,367284104,95336,75409,939,1539,-41,99,0,107,13714782,171,9525462,105,6,0,0,0,1778833891,566610303
462709625,2026,5,15,8,31,31,55,24,624580910,3,3,234,29,1274440466,367284102,95343,75416,939,1538,-83,21,1,85,13714782,166,12233538,105,6,0,0,0,1778833891,691353756
462709750,2026,5,15,8,31,31,55,24,749580846,3,3,234,29,1274440467,367284101,95327,75400,938,1537,-98,69,12,120,13714782,163,8777192,105,6,0,0,0,1778833891,816625852
462709875,2026,5,15,8,31,31,55,24,874580781,3,3,234,29,1274440469,367284101,95333,75406,938,1536,-71,73,5,102,13714782,166,10259316,105,6,0,0,0,1778833891,941457140
462710000,2026,5,15,8,31,32,55,24,-419282,3,3,234,29,1274440471,367284101,95340,75412,937,1536,-22,100,3,103,13714782,175,9689774,105,6,0,0,0,1778833892,71593596
462710125,2026,5,15,8,31,32,55,24,124580652,3,3,234,29,1274440471,367284100,95337,75410,937,1535,-57,29,2,64,13714782,164,16295256,105,6,0,0,0,1778833892,193686360
462710250,2026,5,15,8,31,32,55,24,249580588,3,3,234,29,1274440471,367284101,95339,75412,937,1534,37,3,2,37,13714782,170,18000000,105,6,0,0,0,1778833892,319261405
462710375,2026,5,15,8,31,32,55,24,374580523,3,3,234,29,1274440469,367284102,95346,75419,936,1533,94,-83,0,126,13714782,170,8317469,105,6,0,0,0,1778833892,442448632
462710500,2026,5,15,8,31,32,55,24,499580459,3,3,234,29,1274440467,367284103,95347,75420,936,1532,100,-131,-5,165,13714782,173,6331435,105,6,0,0,0,1778833892,568429052
462710625,2026,5,15,8,31,32,55,24,624580394,3,3,234,29,1274440465,367284107,95348,75420,935,1532,231,-170,-6,287,32356782,170,3679080,105,6,0,0,0,1778833892,692530125
462710750,2026,5,15,8,31,32,55,24,749580330,3,3,234,29,1274440462,367284109,95347,75420,935,1531,233,-192,-5,302,32048882,169,3487703,105,6,0,0,0,1778833892,815601690
462710875,2026,5,15,8,31,32,55,24,874580265,3,3,234,29,1274440458,367284112,95359,75432,935,1530,256,-282,-13,381,31216640,170,2735384,105,6,0,0,0,1778833892,942350902
462711000,2026,5,15,8,31,33,55,24,-419799,3,3,234,29,1274440453,367284117,95374,75447,934,1529,350,-352,-19,496,31486236,172,2100718,105,6,0,0,0,1778833893,72561984
462711125,2026,5,15,8,31,33,55,24,124580136,3,3,234,29,1274440447,367284121,95366,75439,934,1529,379,-418,-3,564,31219704,173,1850470,105,6,0,0,0,1778833893,193034350
462711250,2026,5,15,8,31,33,55,24,249580071,3,3,234,29,1274440442,367284125,95378,75451,933,1528,355,-375,-12,516,31348240,171,2019340,105,6,0,0,0,1778833893,319204826
462711375,2026,5,15,8,31,33,55,24,374580007,3,3,234,29,1274440436,367284128,95369,75441,933,1527,299,-388,-6,489,30762438,168,2118718,105,6,0,0,0,1778833893,443485728
462711500,2026,5,15,8,31,33,55,24,499579942,3,3,234,29,1274440433,367284132,95389,75462,933,1527,298,-288,-15,414,31592928,166,2515984,105,6,0,0,0,1778833893,567329903
462711625,2026,5,15,8,31,33,55,24,624579878,3,3,234,29,1274440427,367284134,95373,75446,932,1526,234,-367,0,436,30246532,169,2353977,105,6,0,0,0,1778833893,688072611
462711750,2026,5,15,8,31,33,55,24,749579813,3,3,234,29,1274440423,367284137,95371,75444,932,1525,252,-330,0,415,30729682,167,2477804,105,6,0,0,0,1778833893,815824656
462711875,2026,5,15,8,31,33,55,24,874579749,3,3,234,29,1274440419,367284140,95393,75466,931,1525,232,-295,-13,375,30814402,166,2756354,105,6,0,0,0,1778833893,940604550
462712000,2026,5,15,8,31,34,55,24,-420315,3,3,234,29,1274440414,367284143,95404,75477,931,1524,230,-357,-15,424,30282082,167,2428838,105,6,0,0,0,1778833894,72323485
462712125,2026,5,15,8,31,34,55,24,124579620,3,3,234,29,1274440409,367284146,95408,75480,930,1523,263,-354,-15,441,30658586,167,2334131,105,6,0,0,0,1778833894,192716310
462712250,2026,5,15,8,31,34,55,24,249579555,3,3,234,29,1274440403,367284148,95396,75468,930,1522,223,-384,2,444,30011240,170,2295356,105,6,0,0,0,1778833894,319395064
462712375,2026,5,15,8,31,34,55,24,374579491,3,3,234,29,1274440399,367284151,95391,75463,929,1522,231,-348,9,417,30356822,167,2445108,105,6,0,0,0,1778833894,442405518
462712500,2026,5,15,8,31,34,55,24,499579426,3,3,234,29,1274440393,367284154,95398,75470,929,1521,266,-362,4,449,30623986,167,2280864,105,6,0,0,0,1778833894,562602411
462712625,2026,5,15,8,31,34,55,24,624579362,3,3,234,29,1274440388,367284157,95387,75459,928,1520,217,-366,16,425,30060240,166,2306881,105,6,0,0,0,1778833894,692189543
462712750,2026,5,15,8,31,34,55,24,749579297,3,3,234,29,1274440384,367284159,95420,75493,928,1519,211,-347,-8,407,30132486,165,2426815,105,6,0,0,0,1778833894,817757080
462712875,2026,5,15,8,31,34,55,24,874579233,3,3,234,29,1274440379,367284161,95407,75480,927,1518,159,-307,5,346,29739780,167,2850910,105,6,0,0,0,1778833894,942594083
462713000,2026,5,15,8,31,35,55,24,-420831,3,3,234,29,1274440374,367284163,95419,75492,927,1517,142,-343,-2,371,29247296,167,2618364,105,6,0,0,0,1778833895,72662120
462713125,2026,5,15,8,31,35,55,24,124579104,3,3,234,29,1274440370,367284165,95404,75477,926,1516,157,-304,5,342,29727970,164,2829253,105,6,0,0,0,1778833895,192499219
462713250,2026,5,15,8,31,35,55,24,249579039,3,3,234,29,1274440363,367284168,95407,75479,925,1515,246,-444,6,508,29892348,163,1900566,105,6,0,0,0,1778833895,316443401
462713375,2026,5,15,8,31,35,55,24,374578975,3,3,234,29,1274440358,367284170,95428,75500,925,1514,197,-403,-7,449,29603750,163,2156026,105,6,0,0,0,1778833895,439444220
462713500,2026,5,15,8,31,35,55,24,499578910,3,3,234,29,1274440350,367284173,95416,75488,924,1513,240,-527,-1,579,29445474,163,1668938,105,6,0,0,0,1778833895,567368243
462713625,2026,5,15,8,31,35,55,24,624578846,3,3,234,29,1274440342,367284176,95443,75516,923,1512,240,-552,-20,602,29352736,163,1603374,105,6,0,0,0,1778833895,692358343
462713750,2026,5,15,8,31,35,55,24,749578781,3,3,234,29,1274440332,367284180,95408,75481,923,1510,279,-660,13,716,29288834,161,1342041,105,6,0,0,0,1778833895,815700021
462713875,2026,5,15,8,31,35,55,24,874578717,3,3,234,29,1274440325,367284182,95433,75506,922,1509,255,-576,6,630,29389312,161,1510481,105,6,0,0,0,1778833895,940094703
462714000,2026,5,15,8,31,36,55,24,-421347,3,3,234,29,1274440317,367284184,95452,75524,921,1508,184,-546,-6,576,28865484,160,1648412,105,6,0,0,0,1778833896,70361221
462714125,2026,5,15,8,31,36,55,24,124578588,3,3,234,29,1274440311,367284186,95448,75521,921,1507,113,-483,-10,496,28316978,169,1941914,105,6,0,0,0,1778833896,191365074
462714250,2026,5,15,8,31,36,55,24,249578523,3,3,234,29,1274440305,367284187,95469,75542,920,1506,121,-445,-17,461,28522148,169,2106504,105,6,0,0,0,1778833896,317075112
462714375,2026,5,15,8,31,36,55,24,374578459,3,3,234,29,1274440300,367284189,95449,75521,919,1505,165,-348,4,385,29534670,165,2496161,105,6,0,0,0,1778833896,441710562
462714500,2026,5,15,8,31,36,55,24,499578394,3,3,234,29,1274440297,367284190,95474,75546,919,1503,110,-271,-10,292,29209168,163,3272747,105,6,0,0,0,1778833896,566646952
462714625,2026,5,15,8,31,36,55,24,624578330,3,3,234,29,1274440294,367284191,95480,75552,918,1502,58,-222,-11,230,28466358,164,4173595,105,6,0,0,0,1778833896,690782267
462714750,2026,5,15,8,31,36,55,24,749578265,3,3,234,29,1274440290,367284192,95465,75538,918,1501,65,-260,1,268,28405136,165,3583531,105,6,0,0,0,1778833896,815332517
462714875,2026,5,15,8,31,36,55,24,874578201,3,3,234,29,1274440287,367284194,95500,75573,917,1500,95,-275,-19,291,28901534,164,3317078,105,6,0,0,0,1778833896,940593734
462715000,2026,5,15,8,31,37,55,24,-421863,3,3,234,29,1274440282,367284195,95488,75561,916,1499,111,-324,-9,342,28891452,164,2792924,105,6,0,0,0,1778833897,71546443
462715125,2026,5,15,8,31,37,55,24,124578072,3,3,234,29,1274440278,367284196,95497,75570,916,1498,59,-287,-10,292,28159140,164,3262136,105,6,0,0,0,1778833897,191652913
462715250,2026,5,15,8,31,37,55,24,249578007,3,3,234,29,1274440276,367284197,95498,75571,915,1496,116,-204,1,235,29962604,166,4205452,105,6,0,0,0,1778833897,314659856
462715375,2026,5,15,8,31,37,55,24,374577943,3,3,234,29,1274440272,367284198,95510,75582,915,1495,53,-239,-6,245,28253504,165,4044982,105,6,0,0,0,1778833897,440402671
462715500,2026,5,15,8,31,37,55,24,499577878,3,3,234,29,1274440268,367284198,95524,75597,914,1494,34,-297,-10,299,27648186,165,3312201,105,6,0,0,0,1778833897,565412796
462715625,2026,5,15,8,31,37,55,24,624577814,3,3,234,29,1274440263,367284200,95528,75600,913,1493,116,-333,-16,352,28923348,161,2801869,105,6,0,0,0,1778833897,690548782
462715750,2026,5,15,8,31,37,55,24,749577749,3,3,234,29,1274440257,367284201,95536,75609,913,1492,79,-443,-19,450,28005820,161,2127182,105,6,0,0,0,1778833897,815480810
462715875,2026,5,15,8,31,37,55,24,874577685,3,3,234,29,1274440251,367284202,95537,75610,912,1491,84,-423,-6,432,28123660,161,2238049,105,6,0,0,0,1778833897,941315574
462716000,2026,5,15,8,31,38,55,24,-422379,3,3,234,29,1274440246,367284203,95544,75616,912,1490,93,-333,-8,346,28552754,161,2774299,105,6,0,0,0,1778833898,71675141
462716125,2026,5,15,8,31,38,55,24,124577556,3,3,234,29,1274440241,367284204,95554,75626,911,1488,76,-358,-13,366,28201158,163,2622736,105,6,0,0,0,1778833898,187584202
462716250,2026,5,15,8,31,38,55,24,249577491,3,3,234,29,1274440236,367284205,95560,75633,911,1487,39,-361,-9,363,27616692,164,2669099,105,6,0,0,0,1778833898,317349206
462716375,2026,5,15,8,31,38,55,24,374577427,3,3,234,29,1274440232,367284206,95550,75623,910,1487,52,-315,6,319,27929938,163,3025008,105,6,0,0,0,1778833898,440841069
462716500,2026,5,15,8,31,38,55,24,499577362,3,3,234,29,1274440229,367284206,95575,75648,910,1486,36,-244,-9,246,27847810,161,3923335,105,6,0,0,0,1778833898,566737797
462716625,2026,5,15,8,31,38,55,24,624577298,3,3,234,29,1274440225,367284208,95579,75652,909,1485,93,-287,-6,302,28791956,164,3238638,105,6,0,0,0,1778833898,691426131
462716750,2026,5,15,8,31,38,55,24,749577233,3,3,234,29,1274440222,367284207,95585,75657,909,1484,5,-212,-2,212,28432032,166,4570982,105,6,0,0,0,1778833898,816363380
462716875,2026,5,15,8,31,38,55,24,874577169,3,3,234,29,1274440220,367284208,95579,75651,908,1483,34,-183,11,186,28432032,166,5239669,105,6,0,0,0,1778833898,940314645
462717000,2026,5,15,8,31,39,55,24,-422895,3,3,234,29,1274440218,367284208,95607,75680,908,1482,7,-149,-6,149,28432032,166,6527234,105,6,0,0,0,1778833899,66348248
462717125,2026,5,15,8,31,39,55,24,124577040,3,3,234,29,1274440217,367284209,95605,75678,907,1481,48,-56,-1,73,28432032,164,13365638,105,6,0,0,0,1778833899,190460748
462717250,2026,5,15,8,31,39,55,24,249576975,3,3,234,29,1274440218,367284209,95618,75691,907,1480,-18,40,-9,43,28432032,164,18000000,105,6,0,0,0,1778833899,316251991
462717375,2026,5,15,8,31,39,55,24,374576911,3,3,234,29,1274440222,367284208,95614,75687,906,1479,-78,230,-7,243,10877374,164,4043285,105,6,0,0,0,1778833899,440729900
462717500,2026,5,15,8,31,39,55,24,499576847,3,3,234,29,1274440227,367284208,95623,75696,906,1478,-37,313,-3,315,9679262,166,3186420,105,6,0,0,0,1778833899,565616267
462717625,2026,5,15,8,31,39,55,24,624576782,3,3,234,29,1274440233,367284207,95609,75682,905,1478,-107,381,8,396,10569206,166,2555693,105,6,0,0,0,1778833899,690154078
462717750,2026,5,15,8,31,39,55,24,749576718,3,3,234,29,1274440240,367284206,95630,75703,905,1477,-108,504,-2,515,10207188,165,1957737,105,6,0,0,0,1778833899,814900217
462717875,2026,5,15,8,31,39,55,24,874576653,3,3,234,29,1274440252,367284205,95627,75700,905,1476,-92,738,5,743,9712356,165,1353216,105,6,0,0,0,1778833899,937622994
462718000,2026,5,15,8,31,40,55,24,-423410,3,3,234,29,1274440259,367284205,95639,75712,904,1475,-78,596,-2,601,9745078,166,1673348,105,6,0,0,0,1778833900,69981590
462718125,2026,5,15,8,31,40,55,24,124576524,3,3,234,29,1274440268,367284205,95630,75703,904,1474,-39,624,11,626,9353512,166,1604114,105,6,0,0,0,1778833900,192279395
462718250,2026,5,15,8,31,40,55,24,249576460,3,3,234,29,1274440275,367284205,95648,75721,903,1473,-22,526,5,526,9244688,167,1907363,105,6,0,0,0,1778833900,316744439
462718375,2026,5,15,8,31,40,55,24,374576395,3,3,234,29,1274440279,367284204,95659,75732,903,1473,-68,359,-3,366,10074734,167,2760113,105,6,0,0,0,1778833900,440389242
462718500,2026,5,15,8,31,40,55,24,499576331,3,3,234,29,1274440283,367284205,95655,75727,903,1472,35,307,0,309,8344010,169,3232103,105,6,0,0,0,1778833900,565722419
462718625,2026,5,15,8,31,40,55,24,624576266,3,3,234,29,1274440286,367284205,95678,75751,902,1471,-7,268,-10,268,9149762,167,3754082,105,6,0,0,0,1778833900,690681868
462718750,2026,5,15,8,31,40,55,24,749576202,3,3,234,29,1274440288,367284204,95677,75750,902,1471,-26,173,-3,175,9127108,169,5782992,105,6,0,0,0,1778833900,816622304
462718875,2026,5,15,8,31,40,55,24,874576137,3,3,234,29,1274440291,367284204,95678,75750,902,1470,-39,180,-1,184,9127108,167,5519707,105,6,0,0,0,1778833900,942005171
462719000,2026,5,15,8,31,41,55,24,-423926,3,3,234,29,1274440296,367284204,95684,75757,901,1469,-4,333,1,333,9063586,167,3004002,105,6,0,0,0,1778833901,71280298
462719125,2026,5,15,8,31,41,55,24,124576008,3,3,234,29,1274440301,367284205,95692,75765,901,1468,15,342,3,343,8755672,167,2925175,105,6,0,0,0,1778833901,191827505
462719250,2026,5,15,8,31,41,55,24,249575944,3,3,234,29,1274440307,367284205,95684,75757,901,1468,27,451,12,452,8659566,168,2210616,105,6,0,0,0,1778833901,317449623
462719375,2026,5,15,8,31,41,55,24,374575879,3,3,234,29,1274440315,367284206,95684,75756,900,1467,44,525,5,526,8524354,169,1887787,105,6,0,0,0,1778833901,441524311
462719500,2026,5,15,8,31,41,55,24,499575815,3,3,234,29,1274440323,367284206,95706,75778,900,1467,16,547,-15,548,8829718,168,1809195,105,6,0,0,0,1778833901,566409107
462719625,2026,5,15,8,31,41,55,24,624575750,3,3,234,29,1274440334,367284208,95673,75746,900,1466,118,717,15,727,8066435,168,1357081,105,6,0,0,0,1778833901,691564780
462719750,2026,5,15,8,31,41,55,24,749575686,3,3,234,29,1274440343,367284208,95695,75767,899,1465,17,651,-1,651,8851102,167,1517509,105,6,0,0,0,1778833901,815419958
462719875,2026,5,15,8,31,41,55,24,874575621,3,3,234,29,1274440352,367284210,95703,75775,899,1465,120,659,-8,670,7968423,167,1468996,105,6,0,0,0,1778833901,941747044
462720000,2026,5,15,8,31,42,55,24,-424442,3,3,234,29,1274440360,367284212,95686,75758,899,1464,110,601,12,611,7961461,166,1607456,105,6,0,0,0,1778833902,71699297
462720125,2026,5,15,8,31,42,55,24,124575492,3,3,234,29,1274440366,367284213,95705,75778,898,1464,128,476,-10,493,7497560,167,1983354,105,6,0,0,0,1778833902,192622526
462720250,2026,5,15,8,31,42,55,24,249575428,3,3,234,29,1274440371,367284214,95702,75774,898,1463,68,408,-6,414,8055006,167,2369317,105,6,0,0,0,1778833902,318380669
462720375,2026,5,15,8,31,42,55,24,374575364,3,3,234,29,1274440374,367284215,95721,75794,898,1462,42,234,-19,238,7985782,171,4097668,105,6,0,0,0,1778833902,442611094
462720500,2026,5,15,8,31,42,55,24,499575299,3,3,234,29,1274440376,367284215,95725,75798,897,1462,41,164,-22,169,7956824,171,5748109,105,6,0,0,0,1778833902,567502391
462720625,2026,5,15,8,31,42,55,24,624575235,3,3,234,29,1274440377,367284216,95725,75798,897,1461,46,91,-19,102,7956824,169,9252804,105,6,0,0,0,1778833902,688028356
462720750,2026,5,15,8,31,42,55,24,749575170,3,3,234,29,1274440378,367284217,95720,75793,897,1461,31,85,-8,90,7956824,169,10494182,105,6,0,0,0,1778833902,816278837
462720875,2026,5,15,8,31,42,55,24,874575106,3,3,234,29,1274440379,367284217,95716,75788,896,1460,15,67,-9,69,7956824,168,13816324,105,6,0,0,0,1778833902,940749527
462721000,2026,5,15,8,31,43,55,24,-424958,3,3,234,29,1274440380,367284218,95725,75798,896,1459,23,101,-14,104,7956824,169,9131916,105,6,0,0,0,1778833903,72350356
462721125,2026,5,15,8,31,43,55,24,124574977,3,3,234,29,1274440384,367284218,95741,75813,896,1459,39,199,-21,203,7956824,169,4660292,105,6,0,0,0,1778833903,192652523
462721250,2026,5,15,8,31,43,55,24,249574912,3,3,234,29,1274440387,367284220,95741,75814,895,1458,90,260,-19,275,7097020,179,3497015,105,6,0,0,0,1778833903,318523505
462721375,2026,5,15,8,31,43,55,24,374574848,3,3,234,29,1274440392,367284221,95755,75828,895,1458,99,325,-31,340,7299237,176,2813106,105,6,0,0,0,1778833903,441344365
462721500,2026,5,15,8,31,43,55,24,499574783,3,3,234,29,1274440398,367284223,95748,75820,895,1458,137,410,-14,432,7154525,183,2214689,105,6,0,0,0,1778833903,562314119
462721625,2026,5,15,8,31,43,55,24,624574719,3,3,234,29,1274440407,367284225,95758,75831,895,1458,158,542,-14,565,7379526,182,1694916,105,6,0,0,0,1778833903,692700736
462721750,2026,5,15,8,31,43,55,24,749574654,3,3,234,29,1274440415,367284229,95757,75829,895,1457,245,573,-5,623,6680534,184,1516972,105,6,0,0,0,1778833903,817654033
462721875,2026,5,15,8,31,43,55,24,874574590,3,3,234,29,1274440424,367284232,95735,75808,894,1457,251,636,15,684,6843148,184,1386804,105,6,0,0,0,1778833903,942366599
462722000,2026,5,15,8,31,44,55,24,-425474,3,3,234,29,1274440434,367284237,95741,75814,894,1457,362,701,13,789,6271337,179,1196107,105,6,0,0,0,1778833904,72442815
462722125,2026,5,15,8,31,44,55,24,124574461,3,3,234,29,1274440445,367284242,95756,75829,894,1457,401,773,-5,870,6256902,179,1090615,105,6,0,0,0,1778833904,192335092
462722250,2026,5,15,8,31,44,55,24,249574396,3,3,234,29,1274440455,367284246,95748,75820,894,1456,349,728,2,807,6436682,182,1196373,105,6,0,0,0,1778833904,318695196
462722375,2026,5,15,8,31,44,55,24,374574332,3,3,234,29,1274440464,367284250,95747,75820,894,1456,367,635,6,733,5996367,181,1298981,105,6,0,0,0,1778833904,440016074
462722500,2026,5,15,8,31,44,55,24,499574267,3,3,234,29,1274440471,367284254,95775,75847,894,1456,326,556,-11,645,5963988,183,1532136,105,6,0,0,0,1778833904,567799159
462722625,2026,5,15,8,31,44,55,24,624574203,3,3,234,29,1274440477,367284258,95766,75838,894,1456,331,457,-4,564,5411249,192,1731413,105,6,0,0,0,1778833904,693222935
462722750,2026,5,15,8,31,44,55,24,749574138,3,3,234,29,1274440482,367284260,95775,75848,894,1456,215,415,-9,467,6255991,189,2117947,105,6,0,0,0,1778833904,817255867
462722875,2026,5,15,8,31,44,55,24,874574074,3,3,234,29,1274440487,367284263,95783,75856,894,1456,247,363,-9,439,5571752,186,2219373,105,6,0,0,0,1778833904,941464118
462723000,2026,5,15,8,31,45,55,24,-425990,3,3,234,29,1274440493,367284267,95778,75851,894,1456,308,426,3,526,5415223,185,1846220,105,6,0,0,0,1778833905,71515080
462723125,2026,5,15,8,31,45,55,24,124573945,3,3,234,29,1274440499,367284271,95792,75865,894,1456,361,396,-8,536,4763084,186,1817706,105,6,0,0,0,1778833905,192188287
462723250,2026,5,15,8,31,45,55,24,249573880,3,3,234,29,1274440506,367284275,95796,75868,894,1456,340,460,-18,572,5359617,184,1702345,105,6,0,0,0,1778833905,316497086
462723375,2026,5,15,8,31,45,55,24,374573816,3,3,234,29,1274440514,367284281,95771,75844,893,1456,449,528,8,693,4964041,186,1394440,105,6,0,0,0,1778833905,440509817
462723500,2026,5,15,8,31,45,55,24,499573751,3,3,234,29,1274440522,367284287,95776,75849,893,1456,530,580,3,786,4758306,186,1231568,105,6,0,0,0,1778833905,565899814
462723625,2026,5,15,8,31,45,55,24,624573687,3,3,234,29,1274440530,367284293,95787,75860,893,1456,537,553,-4,771,4584714,185,1261442,105,6,0,0,0,1778833905,690795071
462723750,2026,5,15,8,31,45,55,24,749573622,3,3,234,29,1274440539,367284301,95792,75865,893,1456,623,637,-9,891,4561176,186,1090495,105,6,0,0,0,1778833905,815269987
462723875,2026,5,15,8,31,45,55,24,874573558,3,3,234,29,1274440547,367284308,95810,75883,893,1456,634,573,-23,855,4207950,185,1137033,105,6,0,0,0,1778833905,940190775
462724000,2026,5,15,8,31,46,55,24,-426506,3,3,234,29,1274440555,367284316,95798,75871,893,1455,662,544,-11,857,3945286,179,1127963,105,6,0,0,0,1778833906,70732379
462724125,2026,5,15,8,31,46,55,24,124573428,3,3,234,29,1274440562,367284324,95803,75875,893,1455,675,518,-18,851,3749990,187,1142671,105,6,0,0,0,1778833906,190575127
462724250,2026,5,15,8,31,46,55,24,249573364,3,3,234,29,1274440570,367284332,95796,75868,893,1455,697,526,-15,873,3702348,189,1122148,105,6,0,0,0,1778833906,313974698
462724375,2026,5,15,8,31,46,55,24,374573300,3,3,234,29,1274440575,367284340,95789,75862,893,1455,700,415,-11,813,3064768,184,1204569,105,6,0,0,0,1778833906,440004375
462724500,2026,5,15,8,31,46,55,24,499573235,3,3,234,29,1274440580,367284348,95786,75859,893,1455,636,335,-11,719,2777266,184,1357786,105,6,0,0,0,1778833906,565123389
462724625,2026,5,15,8,31,46,55,24,624573171,3,3,234,29,1274440582,367284352,95774,75846,893,1455,476,228,-6,527,2557035,184,1855690,105,6,0,0,0,1778833906,690172878
462724750,2026,5,15,8,31,46,55,24,749573106,3,3,234,29,1274440587,367284358,95789,75861,893,1455,469,316,-21,566,3400639,185,1718486,105,6,0,0,0,1778833906,815610575
462724875,2026,5,15,8,31,46,55,24,874573042,3,3,234,29,1274440590,367284363,95780,75853,893,1455,472,241,-7,530,2701091,190,1841969,105,6,0,0,0,1778833906,941345342
462725000,2026,5,15,8,31,47,55,24,-427022,3,3,234,29,1274440593,367284369,95771,75844,893,1455,481,212,-3,526,2378156,189,1854546,105,6,0,0,0,1778833907,71468674
462725125,2026,5,15,8,31,47,55,24,124572913,3,3,234,29,1274440596,367284374,95767,75840,893,1455,445,195,-1,486,2360812,189,2002800,105,6,0,0,0,1778833907,186726369
462725250,2026,5,15,8,31,47,55,24,249572848,3,3,234,29,1274440600,367284382,95758,75831,893,1455,572,244,6,622,2308118,190,1593362,105,6,0,0,0,1778833907,315134409
462725375,2026,5,15,8,31,47,55,24,374572783,3,3,234,29,1274440605,367284390,95760,75833,893,1455,648,301,6,715,2492519,190,1383573,105,6,0,0,0,1778833907,439633206
462725500,2026,5,15,8,31,47,55,24,499572719,3,3,234,29,1274440608,367284399,95762,75834,893,1455,742,244,2,781,1819959,192,1269908,105,6,0,0,0,1778833907,565094999
462725625,2026,5,15,8,31,47,55,24,624572655,3,3,234,29,1274440611,367284409,95746,75819,893,1455,824,232,8,856,1574660,192,1160245,105,6,0,0,0,1778833907,690699184
462725750,2026,5,15,8,31,47,55,24,749572590,3,3,234,29,1274440615,367284420,95762,75835,893,1455,928,249,-8,961,1500753,192,1032750,105,6,0,0,0,1778833907,814847268
462725875,2026,5,15,8,31,47,55,24,874572526,3,3,234,29,1274440617,367284432,95745,75817,893,1455,1014,176,5,1030,985097,190,970121,105,6,0,0,0,1778833907,939349450
462726000,2026,5,15,8,31,48,55,24,-427538,3,3,234,29,1274440620,367284446,95749,75821,893,1455,1138,175,-1,1152,873790,190,869926,105,6,0,0,0,1778833908,65589477
462726125,2026,5,15,8,31,48,55,24,124572397,3,3,234,29,1274440621,367284459,95726,75799,893,1455,1135,120,15,1141,602746,189,883933,105,6,0,0,0,1778833908,190533749
462726250,2026,5,15,8,31,48,55,24,249572332,3,3,234,29,1274440621,367284473,95734,75806,893,1454,1219,33,7,1220,155035,187,833559,105,6,0,0,0,1778833908,316212875
462726375,2026,5,15,8,31,48,55,24,374572267,3,3,234,29,1274440623,367284488,95734,75807,892,1454,1291,89,10,1295,395460,184,740730,105,6,0,0,0,1778833908,440574796
462726500,2026,5,15,8,31,48,55,24,499572203,3,3,234,29,1274440620,367284503,95746,75819,892,1453,1310,-120,0,1316,35475164,182,747584,105,6,0,0,0,1778833908,565627816
462726625,2026,5,15,8,31,48,55,24,624572139,3,3,234,29,1274440619,367284519,95721,75793,892,1453,1372,-126,10,1377,35476272,183,716448,105,6,0,0,0,1778833908,689860192
462726750,2026,5,15,8,31,48,55,24,749572074,3,3,234,29,1274440616,367284533,95747,75820,892,1453,1333,-193,-14,1347,35174232,178,714152,105,6,0,0,0,1778833908,814481365
462726875,2026,5,15,8,31,48,55,24,874572009,3,3,234,29,1274440611,367284547,95736,75808,892,1452,1218,-313,-5,1258,34560700,176,767982,105,6,0,0,0,1778833908,938271481
462727000,2026,5,15,8,31,49,55,24,-428054,3,3,234,29,1274440607,367284560,95750,75822,891,1451,1174,-316,-14,1216,34495236,173,783957,105,6,0,0,0,1778833909,70430171
462727125,2026,5,15,8,31,49,55,24,124571880,3,3,234,29,1274440602,367284572,95727,75800,891,1451,1082,-338,-1,1133,34263872,174,840657,105,6,0,0,0,1778833909,192371400
462727250,2026,5,15,8,31,49,55,24,249571816,3,3,234,29,1274440596,367284582,95750,75822,891,1450,966,-401,-22,1046,33742884,173,913988,105,6,0,0,0,1778833909,316606244
462727375,2026,5,15,8,31,49,55,24,374571751,3,3,234,29,1274440589,367284595,95755,75827,891,1449,1047,-473,-24,1149,33570212,173,828187,105,6,0,0,0,1778833909,439990663
462727500,2026,5,15,8,31,49,55,24,499571687,3,3,234,29,1274440582,367284606,95748,75821,890,1449,1017,-508,-20,1137,33346360,171,838654,105,6,0,0,0,1778833909,565726199
462727625,2026,5,15,8,31,49,55,24,624571622,3,3,234,29,1274440573,367284617,95745,75818,890,1448,980,-597,-14,1147,32865874,170,834231,105,6,0,0,0,1778833909,690711675
462727750,2026,5,15,8,31,49,55,24,749571558,3,3,234,29,1274440564,367284629,95749,75821,890,1448,1006,-653,-14,1199,32699592,170,800834,105,6,0,0,0,1778833909,816367461
462727875,2026,5,15,8,31,49,55,24,874571493,3,3,234,29,1274440553,367284640,95765,75838,889,1447,1006,-751,-30,1256,32324774,169,768281,105,6,0,0,0,1778833909,942600041
462728000,2026,5,15,8,31,50,55,24,-428570,3,3,234,29,1274440541,367284651,95757,75830,889,1446,994,-837,-19,1299,31991416,168,745530,105,6,0,0,0,1778833910,72729062
462728125,2026,5,15,8,31,50,55,24,124571364,3,3,234,29,1274440530,367284662,95758,75831,889,1446,967,-829,-26,1274,31940282,168,765534,105,6,0,0,0,1778833910,192152163
462728250,2026,5,15,8,31,50,55,24,249571300,3,3,234,29,1274440517,367284673,95741,75814,888,1445,967,-867,-17,1299,31811494,170,754358,105,6,0,0,0,1778833910,317572666
462728375,2026,5,15,8,31,50,55,24,374571235,3,3,234,29,1274440504,367284681,95767,75840,888,1445,807,-913,-29,1218,31150132,168,809756,105,6,0,0,0,1778833910,441976971
462728500,2026,5,15,8,31,50,55,24,499571171,3,3,234,29,1274440493,367284689,95763,75835,888,1444,705,-858,-24,1110,30939044,167,889814,105,6,0,0,0,1778833910,567548985
462728625,2026,5,15,8,31,50,55,24,624571106,3,3,234,29,1274440480,367284698,95777,75850,888,1443,761,-872,-37,1158,31113204,167,848628,105,6,0,0,0,1778833910,692722640
462728750,2026,5,15,8,31,50,55,24,749571042,3,3,234,29,1274440467,367284705,95775,75848,887,1443,701,-923,-36,1159,30724428,166,852236,105,6,0,0,0,1778833910,815219465
462728875,2026,5,15,8,31,50,55,24,874570977,3,3,234,29,1274440452,367284714,95770,75843,887,1442,751,-1017,-27,1264,30641982,166,782416,105,6,0,0,0,1778833910,941548595
462729000,2026,5,15,8,31,51,55,24,-429086,3,3,234,29,1274440437,367284723,95773,75845,887,1442,784,-1074,-32,1330,30614356,166,739055,105,6,0,0,0,1778833911,70674459
462729125,2026,5,15,8,31,51,55,24,124570848,3,3,234,29,1274440421,367284732,95775,75848,887,1441,797,-1129,-35,1382,30522960,166,719978,105,6,0,0,0,1778833911,192442227
462729250,2026,5,15,8,31,51,55,24,249570783,3,3,234,29,1274440404,367284742,95792,75865,886,1441,867,-1193,-47,1475,30598906,167,673948,105,6,0,0,0,1778833911,318270522
462729375,2026,5,15,8,31,51,55,24,374570719,3,3,234,29,1274440384,367284751,95786,75859,886,1440,862,-1327,-37,1582,30301874,167,630478,105,6,0,0,0,1778833911,441846925
462729500,2026,5,15,8,31,51,55,24,499570654,3,3,234,29,1274440363,367284761,95809,75881,886,1439,864,-1480,-48,1714,30026194,166,585689,105,6,0,0,0,1778833911,566855751
462729625,2026,5,15,8,31,51,55,24,624570590,3,3,234,29,1274440343,367284773,95806,75879,886,1439,990,-1396,-40,1711,30535162,167,582782,105,6,0,0,0,1778833911,688188964
462729750,2026,5,15,8,31,51,55,24,749570525,3,3,234,29,1274440321,367284784,95818,75891,886,1439,1009,-1545,-46,1846,30314440,176,553589,105,6,0,0,0,1778833911,815634243
462729875,2026,5,15,8,31,51,55,24,874570461,3,3,234,29,1274440297,367284797,95813,75886,885,1438,1087,-1650,-42,1976,30337600,177,520475,105,6,0,0,0,1778833911,940745917
462730000,2026,5,15,8,31,52,55,24,-429603,3,3,234,29,1274440274,367284811,95823,75896,885,1438,1202,-1628,-44,2024,30643564,172,503970,105,6,0,0,0,1778833912,71893816
462730125,2026,5,15,8,31,52,55,24,124570332,3,3,234,29,1274440252,367284825,95831,75904,885,1437,1213,-1605,-49,2012,30706742,172,512867,105,6,0,0,0,1778833912,192730557
462730250,2026,5,15,8,31,52,55,24,249570267,3,3,234,29,1274440229,367284840,95828,75900,885,1437,1299,-1629,-35,2083,30856858,172,495565,105,6,0,0,0,1778833912,318593818
462730375,2026,5,15,8,31,52,55,24,374570203,3,3,234,29,1274440205,367284854,95854,75926,885,1436,1292,-1653,-56,2098,30802200,172,494943,105,6,0,0,0,1778833912,441412246
462730500,2026,5,15,8,31,52,55,24,499570138,3,3,234,29,1274440182,367284869,95837,75910,885,1436,1327,-1649,-45,2117,30882600,170,472652,105,6,0,0,0,1778833912,562444638
462730625,2026,5,15,8,31,52,55,24,624570074,3,3,234,29,1274440159,367284883,95866,75939,884,1435,1252,-1671,-59,2088,30684942,170,469029,105,6,0,0,0,1778833912,693679685
462730750,2026,5,15,8,31,52,55,24,749570009,3,3,234,29,1274440137,367284896,95868,75941,884,1435,1176,-1597,-54,1983,30636066,170,492507,105,6,0,0,0,1778833912,817571403
462730875,2026,5,15,8,31,52,55,24,874569945,3,3,234,29,1274440114,367284908,95869,75942,884,1434,1109,-1597,-51,1944,30478470,169,502125,105,6,0,0,0,1778833912,942639972
462731000,2026,5,15,8,31,53,55,24,-430119,3,3,234,29,1274440092,367284918,95887,75959,884,1433,940,-1596,-55,1853,30048648,168,530139,105,6,0,0,0,1778833913,73337335
462731125,2026,5,15,8,31,53,55,24,124569816,3,3,234,29,1274440069,367284929,95904,75977,883,1433,972,-1624,-63,1893,30088432,168,518504,105,6,0,0,0,1778833913,191996841
462731250,2026,5,15,8,31,53,55,24,249569751,3,3,234,29,1274440045,367284941,95890,75962,883,1432,1016,-1666,-44,1952,30138278,168,507336,105,6,0,0,0,1778833913,317559509
462731375,2026,5,15,8,31,53,55,24,374569687,3,3,234,29,1274440021,367284952,95902,75975,883,1431,1011,-1689,-41,1968,30090380,169,514475,105,6,0,0,0,1778833913,438522246
462731500,2026,5,15,8,31,53,55,24,499569622,3,3,234,29,1274439996,367284964,95890,75963,883,1431,1047,-1764,-30,2051,30068984,171,504443,105,6,0,0,0,1778833913,565463576
462731625,2026,5,15,8,31,53,55,24,624569557,3,3,234,29,1274439971,367284977,95910,75982,883,1431,1111,-1793,-48,2109,30177946,171,478017,105,6,0,0,0,1778833913,692805901
462731750,2026,5,15,8,31,53,55,24,749569493,3,3,234,29,1274439943,367284990,95915,75987,882,1430,1178,-1915,-43,2248,30159186,170,441133,105,6,0,0,0,1778833913,815699838
462731875,2026,5,15,8,31,53,55,24,874569428,3,3,234,29,1274439916,367285006,95924,75997,882,1430,1306,-1925,-48,2326,30415914,170,423555,105,6,0,0,0,1778833913,941589011
462732000,2026,5,15,8,31,54,55,24,-430635,3,3,234,29,1274439891,367285022,95908,75981,882,1429,1416,-1823,-33,2308,30783550,172,425732,105,6,0,0,0,1778833914,70000543
462732125,2026,5,15,8,31,54,55,24,124569299,3,3,234,29,1274439864,367285039,95929,76001,882,1429,1467,-1877,-47,2382,30800630,171,430843,105,6,0,0,0,1778833914,190132769
462732250,2026,5,15,8,31,54,55,24,249569235,3,3,234,29,1274439836,367285055,95959,76032,882,1428,1451,-1961,-58,2439,30649476,171,422924,105,6,0,0,0,1778833914,316497866
462732375,2026,5,15,8,31,54,55,24,374569170,3,3,234,29,1274439808,367285074,95948,76021,882,1428,1604,-1993,-42,2558,30883214,172,401378,105,6,0,0,0,1778833914,440755745
462732500,2026,5,15,8,31,54,55,24,499569106,3,3,234,29,1274439782,367285092,95941,76014,882,1427,1587,-1924,-42,2494,30951070,170,399407,105,6,0,0,0,1778833914,565489668
462732625,2026,5,15,8,31,54,55,24,624569041,3,3,234,29,1274439753,367285111,95957,76030,882,1427,1618,-2008,-55,2579,30885020,171,406494,105,6,0,0,0,1778833914,690610237
462732750,2026,5,15,8,31,54,55,24,749568977,3,3,234,29,1274439725,367285129,95965,76038,881,1427,1615,-2032,-51,2596,30848230,172,403845,105,6,0,0,0,1778833914,814927993
462732875,2026,5,15,8,31,54,55,24,874568912,3,3,234,29,1274439697,367285149,95965,76038,881,1427,1730,-1999,-40,2644,31087532,172,398750,105,6,0,0,0,1778833914,939777069
462733000,2026,5,15,8,31,55,55,24,-431151,3,3,234,29,1274439667,367285170,95982,76054,881,1426,1832,-2070,-50,2764,31149892,171,379837,105,6,0,0,0,1778833915,70171030
462733125,2026,5,15,8,31,55,55,24,124568783,3,3,234,29,1274439636,367285192,95984,76057,881,1426,1899,-2187,-50,2897,31096966,170,362625,105,6,0,0,0,1778833915,190835863
462733250,2026,5,15,8,31,55,55,24,249568718,3,3,234,29,1274439604,367285214,96004,76076,881,1426,1945,-2222,-61,2953,31118706,171,367526,105,6,0,0,0,1778833915,314735109
462733375,2026,5,15,8,31,55,55,24,374568654,3,3,234,29,1274439573,367285236,96016,76089,881,1426,1954,-2225,-67,2961,31128786,170,358373,105,6,0,0,0,1778833915,440468021
462733500,2026,5,15,8,31,55,55,24,499568589,3,3,234,29,1274439541,367285260,96027,76100,881,1426,2042,-2280,-73,3061,31185808,171,337805,105,6,0,0,0,1778833915,565559886
462733625,2026,5,15,8,31,55,55,24,624568525,3,3,234,29,1274439509,367285284,96020,76093,881,1426,2104,-2271,-65,3096,31280538,165,330296,105,6,0,0,0,1778833915,690724409
462733750,2026,5,15,8,31,55,55,24,749568460,3,3,234,29,1274439477,367285307,96035,76108,881,1425,2081,-2312,-67,3110,31198222,164,339909,105,6,0,0,0,1778833915,816407360
462733875,2026,5,15,8,31,55,55,24,874568396,3,3,234,29,1274439445,367285331,96033,76106,881,1425,2107,-2306,-65,3124,31240774,164,330710,105,6,0,0,0,1778833915,941654405
462734000,2026,5,15,8,31,56,55,24,-431668,3,3,234,29,1274439413,367285354,96048,76121,881,1425,2058,-2247,-70,3048,31248668,164,345622,105,6,0,0,0,1778833916,72109431
462734125,2026,5,15,8,31,56,55,24,124568267,3,3,234,29,1274439383,367285378,96045,76118,880,1425,2106,-2201,-60,3046,31373676,164,349536,105,6,0,0,0,1778833916,188770544
462734250,2026,5,15,8,31,56,55,24,249568202,3,3,234,29,1274439353,367285402,96066,76139,880,1425,2096,-2174,-75,3020,31394776,165,352946,105,6,0,0,0,1778833916,317196095
462734375,2026,5,15,8,31,56,55,24,374568138,3,3,234,29,1274439322,367285426,96064,76137,880,1425,2131,-2215,-63,3074,31389104,165,344845,105,6,0,0,0,1778833916,440480302
462734500,2026,5,15,8,31,56,55,24,499568073,3,3,234,29,1274439291,367285450,96083,76156,880,1424,2111,-2215,-69,3060,31361130,164,347352,105,6,0,0,0,1778833916,566424642
462734625,2026,5,15,8,31,56,55,24,624568008,3,3,234,29,1274439261,367285474,96092,76165,880,1424,2130,-2173,-74,3043,31443084,165,349947,105,6,0,0,0,1778833916,690794595
462734750,2026,5,15,8,31,56,55,24,749567944,3,3,234,29,1274439231,367285498,96093,76166,880,1424,2090,-2148,-71,2997,31421652,166,356839,105,6,0,0,0,1778833916,815759952
462734875,2026,5,15,8,31,56,55,24,874567879,3,3,234,29,1274439201,367285522,96084,76157,880,1424,2130,-2132,-58,3014,31496844,165,354073,105,6,0,0,0,1778833916,940361910
462735000,2026,5,15,8,31,57,55,24,-432184,3,3,234,29,1274439172,367285545,96101,76174,880,1424,2102,-2095,-65,2968,31509078,165,358189,105,6,0,0,0,1778833917,65584243
462735125,2026,5,15,8,31,57,55,24,124567750,3,3,234,29,1274439142,367285570,96100,76173,880,1424,2126,-2134,-63,3012,31488194,165,352789,105,6,0,0,0,1778833917,190225726
462735250,2026,5,15,8,31,57,55,24,249567686,3,3,234,29,1274439111,367285596,96122,76195,880,1424,2261,-2212,-76,3163,31563192,165,336249,105,6,0,0,0,1778833917,316892086
462735375,2026,5,15,8,31,57,55,24,374567621,3,3,234,29,1274439081,367285620,96120,76193,880,1424,2185,-2175,-62,3082,31513182,165,345430,105,6,0,0,0,1778833917,442310425
462735500,2026,5,15,8,31,57,55,24,499567556,3,3,234,29,1274439050,367285645,96131,76204,880,1424,2210,-2198,-67,3117,31516168,165,340346,105,6,0,0,0,1778833917,566638707
462735625,2026,5,15,8,31,57,55,24,624567492,3,3,234,29,1274439019,367285671,96140,76213,880,1424,2307,-2197,-74,3186,31639542,166,333582,105,6,0,0,0,1778833917,693296408
462735750,2026,5,15,8,31,57,55,24,749567427,3,3,234,29,1274438988,367285696,96149,76222,880,1424,2229,-2219,-80,3145,31512680,165,340085,105,6,0,0,0,1778833917,815696688
462735875,2026,5,15,8,31,57,55,24,874567363,3,3,234,29,1274438959,367285721,96157,76230,880,1424,2234,-2126,-83,3084,31642526,166,345327,105,6,0,0,0,1778833917,939002812
462736000,2026,5,15,8,31,58,55,24,-432701,3,3,234,29,1274438929,367285746,96163,76236,880,1424,2224,-2136,-81,3084,31616632,167,344447,105,6,0,0,0,1778833918,71944610
462736125,2026,5,15,8,31,58,55,24,124567234,3,3,234,29,1274438901,367285770,96164,76237,880,1424,2160,-2080,-85,2999,31608646,167,356148,105,6,0,0,0,1778833918,191595771
462736250,2026,5,15,8,31,58,55,24,249567169,3,3,234,29,1274438872,367285793,96173,76247,880,1424,2076,-2062,-86,2926,31519582,166,367511,105,6,0,0,0,1778833918,316946237
462736375,2026,5,15,8,31,58,55,24,374567104,3,3,234,29,1274438843,367285818,96188,76261,880,1424,2136,-2068,-84,2973,31592630,168,368138,105,6,0,0,0,1778833918,440645741
462736500,2026,5,15,8,31,58,55,24,499567040,3,3,234,29,1274438815,367285841,96198,76271,880,1424,2070,-2042,-85,2908,31539928,167,376344,105,6,0,0,0,1778833918,566487167
462736625,2026,5,15,8,31,58,55,24,624566975,3,3,234,29,1274438786,367285865,96189,76262,880,1424,2112,-2060,-73,2951,31570826,169,364562,105,6,0,0,0,1778833918,690642128
462736750,2026,5,15,8,31,58,55,24,749566911,3,3,234,29,1274438758,367285889,96202,76275,880,1424,2113,-2017,-69,2921,31634358,169,366167,105,6,0,0,0,1778833918,815790649
462736875,2026,5,15,8,31,58,55,24,874566846,3,3,234,29,1274438729,367285914,96190,76264,880,1424,2180,-2069,-61,3005,31648838,167,355995,105,6,0,0,0,1778833918,941747179
462737000,2026,5,15,8,31,59,55,24,-433217,3,3,234,29,1274438698,367285938,96210,76283,881,1424,2164,-2204,-87,3089,31446718,166,356522,105,6,0,0,0,1778833919,71483331
462737125,2026,5,15,8,31,59,55,24,124566717,3,3,234,29,1274438669,367285961,96229,76302,881,1424,2077,-2116,-93,2965,31445784,166,373470,105,6,0,0,0,1778833919,191703178
462737250,2026,5,15,8,31,59,55,24,249566653,3,3,234,29,1274438639,367285986,96216,76289,881,1424,2146,-2114,-75,3012,31542390,167,368668,105,6,0,0,0,1778833919,316641430
462737375,2026,5,15,8,31,59,55,24,374566588,3,3,234,29,1274438610,367286009,96228,76301,881,1424,2133,-2087,-76,2985,31562756,167,390316,105,6,0,0,0,1778833919,440487642
462737500,2026,5,15,8,31,59,55,24,499566523,3,3,234,29,1274438580,367286031,96240,76314,881,1424,1979,-2148,-81,2921,31264830,168,401864,105,6,0,0,0,1778833919,566723724
462737625,2026,5,15,8,31,59,55,24,624566459,3,3,234,29,1274438549,367286055,96253,76326,882,1425,2103,-2183,-88,3031,31392654,168,386262,105,6,0,0,0,1778833919,691481770
462737750,2026,5,15,8,31,59,55,24,749566394,3,3,234,29,1274438518,367286079,96257,76330,882,1425,2105,-2239,-87,3073,31324016,168,382618,105,6,0,0,0,1778833919,813484934
462737875,2026,5,15,8,31,59,55,24,874566330,3,3,234,29,1274438488,367286102,96287,76360,882,1425,2096,-2194,-103,3035,31369082,168,390871,105,6,0,0,0,1778833919,939768439
462738000,2026,5,15,8,32,0,55,24,-433734,3,3,234,29,1274438456,367286127,96279,76352,882,1426,2160,-2231,-92,3106,31407828,168,380145,105,6,0,0,0,1778833920,69998160
462738125,2026,5,15,8,32,0,55,24,124566201,3,3,234,29,1274438425,367286152,96298,76371,883,1426,2169,-2233,-105,3113,31416518,168,377008,105,6,0,0,0,1778833920,190427099
462738250,2026,5,15,8,32,0,55,24,249566136,3,3,234,29,1274438392,367286175,96304,76377,883,1427,2096,-2361,-99,3157,31159720,166,373031,105,6,0,0,0,1778833920,316767791
462738375,2026,5,15,8,32,0,55,24,374566071,3,3,234,29,1274438360,367286198,96305,76378,883,1427,2071,-2288,-89,3086,31214798,167,384054,105,6,0,0,0,1778833920,440702665
462738500,2026,5,15,8,32,0,55,24,499566007,3,3,234,29,1274438328,367286221,96325,76398,884,1428,2066,-2300,-102,3092,31192546,167,381954,105,6,0,0,0,1778833920,566399741
462738625,2026,5,15,8,32,0,55,24,624565942,3,3,234,29,1274438296,367286245,96342,76415,884,1428,2109,-2295,-108,3116,31258228,167,379922,105,6,0,0,0,1778833920,687724614
462738750,2026,5,15,8,32,0,55,24,749565878,3,3,234,29,1274438263,367286268,96354,76428,884,1429,2053,-2340,-110,3113,31126554,168,382802,105,6,0,0,0,1778833920,815680652
462738875,2026,5,15,8,32,0,55,24,874565813,3,3,234,29,1274438231,367286293,96362,76435,885,1429,2115,-2304,-109,3127,31255526,167,378388,105,6,0,0,0,1778833920,940734319
462739000,2026,5,15,8,32,1,55,24,-434250,3,3,234,29,1274438197,367286317,96359,76432,885,1430,2154,-2456,-101,3267,31125686,168,370396,105,6,0,0,0,1778833921,70532601
462739125,2026,5,15,8,32,1,55,24,124565684,3,3,234,29,1274438162,367286341,96361,76434,885,1430,2126,-2487,-99,3272,31052612,168,373259,105,6,0,0,0,1778833921,192470405
462739250,2026,5,15,8,32,1,55,24,249565619,3,3,234,29,1274438128,367286367,96395,76468,886,1431,2272,-2441,-112,3335,31295154,169,363712,105,6,0,0,0,1778833921,317185060
462739375,2026,5,15,8,32,1,55,24,374565555,3,3,234,29,1274438094,367286396,96402,76475,886,1432,2455,-2441,-109,3462,31515324,169,348552,105,6,0,0,0,1778833921,440571382
462739500,2026,5,15,8,32,1,55,24,499565490,3,3,234,29,1274438060,367286424,96400,76473,886,1432,2484,-2503,-112,3526,31478648,168,342693,105,6,0,0,0,1778833921,562296546
462739625,2026,5,15,8,32,1,55,24,624565426,3,3,234,29,1274438023,367286452,96425,76498,887,1433,2477,-2585,-121,3580,31377436,168,338233,105,6,0,0,0,1778833921,693357678
462739750,2026,5,15,8,32,1,55,24,749565361,3,3,234,29,1274437988,367286482,96424,76497,887,1434,2579,-2565,-112,3638,31515196,169,334754,105,6,0,0,0,1778833921,817760003
462739875,2026,5,15,8,32,1,55,24,874565297,3,3,234,29,1274437954,367286511,96433,76507,887,1434,2546,-2498,-114,3567,31554472,168,339072,105,6,0,0,0,1778833921,942096336
462740000,2026,5,15,8,32,2,55,24,-434767,3,3,234,29,1274437919,367286540,96432,76505,888,1435,2560,-2496,-101,3575,31571654,169,340610,105,6,0,0,0,1778833922,72294256
462740125,2026,5,15,8,32,2,55,24,124565168,3,3,234,29,1274437885,367286568,96425,76498,888,1436,2500,-2471,-92,3515,31533308,168,345470,105,6,0,0,0,1778833922,192395949
462740250,2026,5,15,8,32,2,55,24,249565103,3,3,234,29,1274437853,367286595,96445,76518,889,1437,2411,-2327,-96,3351,31602424,168,366506,105,6,0,0,0,1778833922,318694565
462740375,2026,5,15,8,32,2,55,24,374565039,3,3,234,29,1274437823,367286621,96439,76512,889,1437,2340,-2233,-83,3234,31633988,168,380378,105,6,0,0,0,1778833922,439849358
462740500,2026,5,15,8,32,2,55,24,499564974,3,3,234,29,1274437795,367286645,96470,76544,889,1438,2208,-2062,-95,3021,31695496,168,405072,105,6,0,0,0,1778833922,568378074
462740625,2026,5,15,8,32,2,55,24,624564909,3,3,234,29,1274437768,367286670,96474,76547,890,1439,2136,-1986,-103,2916,31708776,170,423063,105,6,0,0,0,1778833922,693466028
462740750,2026,5,15,8,32,2,55,24,749564845,3,3,234,29,1274437740,367286692,96485,76559,890,1440,2034,-1993,-95,2848,31557764,169,432532,105,6,0,0,0,1778833922,818413906
462740875,2026,5,15,8,32,2,55,24,874564780,3,3,234,29,1274437713,367286713,96468,76541,891,1441,1903,-1938,-74,2716,31447306,169,453671,105,6,0,0,0,1778833922,941994436
462741000,2026,5,15,8,32,3,55,24,-435283,3,3,234,29,1274437687,367286733,96486,76560,891,1441,1790,-1896,-87,2608,31334146,169,469848,105,6,0,0,0,1778833923,72451292
462741125,2026,5,15,8,32,3,55,24,124564651,3,3,234,29,1274437661,367286754,96503,76576,892,1442,1850,-1866,-90,2627,31475596,169,465452,105,6,0,0,0,1778833923,193213504
462741250,2026,5,15,8,32,3,55,24,249564587,3,3,234,29,1274437635,367286775,96518,76591,892,1443,1836,-1904,-94,2645,31396046,169,466392,105,6,0,0,0,1778833923,318425861
462741375,2026,5,15,8,32,3,55,24,374564522,3,3,234,29,1274437607,367286796,96533,76607,893,1444,1846,-1965,-99,2696,31320546,168,458433,105,6,0,0,0,1778833923,442280919
462741500,2026,5,15,8,32,3,55,24,499564457,3,3,234,29,1274437579,367286818,96522,76596,893,1444,1957,-2011,-80,2806,31422372,169,441469,105,6,0,0,0,1778833923,567522413
462741625,2026,5,15,8,32,3,55,24,624564393,3,3,234,29,1274437551,367286842,96526,76599,894,1445,2019,-2024,-73,2859,31493552,169,431275,105,6,0,0,0,1778833923,693248738
462741750,2026,5,15,8,32,3,55,24,749564328,3,3,234,29,1274437521,367286865,96561,76634,894,1446,2060,-2104,-93,2944,31439632,168,416709,105,6,0,0,0,1778833923,816615672
462741875,2026,5,15,8,32,3,55,24,874564264,3,3,234,29,1274437492,367286890,96555,76629,895,1447,2139,-2121,-89,3012,31524518,169,411947,105,6,0,0,0,1778833923,941563295
462742000,2026,5,15,8,32,4,55,24,-435800,3,3,234,29,1274437461,367286913,96560,76633,895,1448,2114,-2167,-82,3028,31429918,169,409413,105,6,0,0,0,1778833924,72561079
462742125,2026,5,15,8,32,4,55,24,124564135,3,3,234,29,1274437430,367286940,96555,76629,896,1449,2247,-2264,-77,3189,31478656,169,387951,105,6,0,0,0,1778833924,193182920
462742250,2026,5,15,8,32,4,55,24,249564070,3,3,234,29,1274437398,367286965,96595,76668,896,1449,2277,-2292,-100,3231,31481572,167,373643,105,6,0,0,0,1778833924,316388650
462742375,2026,5,15,8,32,4,55,24,374564005,3,3,234,29,1274437366,367286991,96581,76654,896,1450,2285,-2286,-81,3232,31499092,169,381635,105,6,0,0,0,1778833924,441731070
462742500,2026,5,15,8,32,4,55,24,499563941,3,3,234,29,1274437334,367287017,96602,76676,897,1451,2311,-2281,-84,3247,31536334,169,394278,105,6,0,0,0,1778833924,566856978
462742625,2026,5,15,8,32,4,55,24,624563876,3,3,234,29,1274437302,367287044,96623,76696,898,1452,2379,-2283,-87,3297,31617626,171,388096,105,6,0,0,0,1778833924,692410895
462742750,2026,5,15,8,32,4,55,24,749563812,3,3,234,29,1274437269,367287070,96640,76714,898,1453,2330,-2369,-98,3323,31451936,170,382849,105,6,0,0,0,1778833924,817608215
462742875,2026,5,15,8,32,4,55,24,874563747,3,3,234,29,1274437235,367287097,96642,76715,899,1454,2352,-2422,-95,3376,31417038,170,380393,105,6,0,0,0,1778833924,942701305
462743000,2026,5,15,8,32,5,55,24,-436317,3,3,234,29,1274437202,367287123,96693,76766,900,1455,2301,-2355,-119,3292,31433216,172,397739,105,6,0,0,0,1778833925,71675040
462743125,2026,5,15,8,32,5,55,24,124563618,3,3,234,29,1274437170,367287150,96672,76745,901,1456,2335,-2355,-99,3316,31475676,172,395755,105,6,0,0,0,1778833925,187406627
462743250,2026,5,15,8,32,5,55,24,249563553,3,3,234,29,1274437137,367287176,96687,76761,901,1457,2321,-2343,-102,3298,31473320,171,400864,105,6,0,0,0,1778833925,316580555
462743375,2026,5,15,8,32,5,55,24,374563489,3,3,234,29,1274437102,367287203,96701,76775,902,1458,2383,-2460,-106,3425,31408862,170,379202,105,6,0,0,0,1778833925,440684874
462743500,2026,5,15,8,32,5,55,24,499563424,3,3,234,29,1274437068,367287231,96721,76795,903,1459,2460,-2449,-111,3471,31513334,174,409521,105,6,0,0,0,1778833925,566430880
462743625,2026,5,15,8,32,5,55,24,624563360,3,3,234,29,1274437034,367287258,96735,76808,904,1461,2450,-2442,-102,3459,31508516,174,421343,105,6,0,0,0,1778833925,692179311
462743750,2026,5,15,8,32,5,55,24,749563295,3,3,234,29,1274436999,367287288,96751,76825,905,1462,2556,-2490,-110,3568,31575146,169,408745,105,6,0,0,0,1778833925,815680727
462743875,2026,5,15,8,32,5,55,24,874563230,3,3,234,29,1274436962,367287316,96729,76803,906,1463,2511,-2602,-92,3616,31398300,169,402786,105,6,0,0,0,1778833925,939795588
462744000,2026,5,15,8,32,6,55,24,-436833,3,3,234,29,1274436928,367287346,96786,76859,907,1464,2593,-2505,-116,3605,31599436,171,402112,105,6,0,0,0,1778833926,65726547
462744125,2026,5,15,8,32,6,55,24,124563101,3,3,234,29,1274436891,367287374,96802,76876,908,1465,2550,-2549,-110,3606,31501366,171,402929,105,6,0,0,0,1778833926,190259935
462744250,2026,5,15,8,32,6,55,24,249563037,3,3,234,29,1274436856,367287406,96805,76878,909,1466,2714,-2582,-105,3746,31642908,171,388651,105,6,0,0,0,1778833926,316442976
462744375,2026,5,15,8,32,6,55,24,374562972,3,3,234,29,1274436819,367287434,96859,76933,911,1468,2613,-2596,-133,3684,31517880,171,395488,105,6,0,0,0,1778833926,440583598
462744500,2026,5,15,8,32,6,55,24,499562907,3,3,234,29,1274436782,367287463,96858,76931,912,1469,2564,-2618,-124,3665,31439924,171,398624,105,6,0,0,0,1778833926,565594641
462744625,2026,5,15,8,32,6,55,24,624562843,3,3,234,29,1274436747,367287493,96855,76929,913,1470,2621,-2564,-105,3667,31562114,172,397389,105,6,0,0,0,1778833926,690369825
462744750,2026,5,15,8,32,6,55,24,749562778,3,3,234,29,1274436713,367287520,96872,76946,914,1471,2506,-2472,-113,3520,31539130,171,416072,105,6,0,0,0,1778833926,815079969
462744875,2026,5,15,8,32,6,55,24,874562714,3,3,234,29,1274436678,367287547,96858,76931,915,1473,2391,-2470,-91,3438,31406770,173,424452,105,6,0,0,0,1778833926,938135158
462745000,2026,5,15,8,32,7,55,24,-437350,3,3,234,29,1274436649,367287573,96891,76964,916,1474,2316,-2227,-104,3213,31611828,174,454906,105,6,0,0,0,1778833927,70760830
462745125,2026,5,15,8,32,7,55,24,124562585,3,3,234,29,1274436619,367287597,96891,76965,917,1476,2209,-2154,-99,3085,31572080,174,480123,105,6,0,0,0,1778833927,192444107
462745250,2026,5,15,8,32,7,55,24,249562520,3,3,234,29,1274436588,367287620,96919,76993,918,1477,2096,-2136,-98,2992,31446786,174,494824,105,6,0,0,0,1778833927,316660233
462745375,2026,5,15,8,32,7,55,24,374562455,3,3,234,29,1274436559,367287642,96916,76989,919,1479,2000,-2095,-91,2896,31366450,174,510440,105,6,0,0,0,1778833927,440228675
462745500,2026,5,15,8,32,7,55,24,499562391,3,3,234,29,1274436530,367287664,96945,77019,921,1480,2018,-2100,-107,2912,31386118,174,511257,105,6,0,0,0,1778833927,564682572
462745625,2026,5,15,8,32,7,55,24,624562326,3,3,234,29,1274436500,367287688,96922,76996,922,1482,2047,-2132,-86,2956,31383116,174,501290,105,6,0,0,0,1778833927,689334310
462745750,2026,5,15,8,32,7,55,24,749562262,3,3,234,29,1274436470,367287711,96942,77016,923,1484,2046,-2152,-88,2969,31354760,175,497758,105,6,0,0,0,1778833927,814628073
462745875,2026,5,15,8,32,7,55,24,874562197,3,3,234,29,1274436440,367287733,96958,77032,924,1485,2021,-2168,-94,2964,31298520,174,496785,105,6,0,0,0,1778833927,940218199
462746000,2026,5,15,8,32,8,55,24,-437867,3,3,234,29,1274436408,367287758,96938,77012,925,1486,2167,-2246,-70,3121,31396902,173,499785,105,6,0,0,0,1778833928,70205324
462746125,2026,5,15,8,32,8,55,24,124562068,3,3,234,29,1274436376,367287785,96970,77043,927,1488,2311,-2302,-85,3262,31510570,172,484214,105,6,0,0,0,1778833928,190455026
462746250,2026,5,15,8,32,8,55,24,249562003,3,3,234,29,1274436343,367287810,96970,77043,928,1489,2248,-2348,-87,3251,31375468,173,483104,105,6,0,0,0,1778833928,315752828
462746375,2026,5,15,8,32,8,55,24,374561939,3,3,234,29,1274436309,367287835,97016,77090,929,1491,2259,-2362,-99,3269,31372922,172,453873,105,6,0,0,0,1778833928,440149987
462746500,2026,5,15,8,32,8,55,24,499561874,3,3,234,29,1274436277,367287861,97019,77093,930,1492,2324,-2308,-87,3275,31518726,172,450471,105,6,0,0,0,1778833928,565817056
462746625,2026,5,15,8,32,8,55,24,624561809,3,3,234,29,1274436244,367287888,97019,77093,931,1493,2376,-2402,-95,3378,31469184,172,433371,105,6,0,0,0,1778833928,690352857
462746750,2026,5,15,8,32,8,55,24,749561745,3,3,234,29,1274436209,367287915,97044,77118,932,1495,2374,-2483,-109,3436,31371000,172,428431,105,6,0,0,0,1778833928,812738394
462746875,2026,5,15,8,32,8,55,24,874561680,3,3,234,29,1274436174,367287941,97074,77148,934,1496,2359,-2491,-113,3431,31344694,175,440748,105,6,0,0,0,1778833928,939314424
462747000,2026,5,15,8,32,9,55,24,-438383,3,3,234,29,1274436141,367287967,97080,77154,935,1498,2315,-2383,-100,3323,31417098,177,460743,105,6,0,0,0,1778833929,69427309
462747125,2026,5,15,8,32,9,55,24,124561551,3,3,234,29,1274436105,367287991,97091,77165,936,1499,2236,-2515,-107,3365,31164684,176,449894,105,6,0,0,0,1778833929,189672978
462747250,2026,5,15,8,32,9,55,24,249561487,3,3,234,29,1274436069,367288015,97096,77170,937,1501,2187,-2506,-97,3326,31111372,176,456346,105,6,0,0,0,1778833929,315575479
462747375,2026,5,15,8,32,9,55,24,374561422,3,3,234,29,1274436032,367288037,97124,77198,939,1502,2102,-2587,-100,3333,30909586,176,459482,105,6,0,0,0,1778833929,440121799
462747500,2026,5,15,8,32,9,55,24,499561357,3,3,234,29,1274435995,367288062,97145,77219,940,1504,2154,-2639,-101,3407,30921354,176,450144,105,6,0,0,0,1778833929,565308766
462747625,2026,5,15,8,32,9,55,24,624561293,3,3,234,29,1274435956,367288086,97147,77221,941,1505,2189,-2715,-90,3488,30887730,177,436853,105,6,0,0,0,1778833929,687234638
462747750,2026,5,15,8,32,9,55,24,749561228,3,3,234,29,1274435919,367288111,97187,77261,942,1506,2212,-2647,-104,3450,30988826,177,436096,105,6,0,0,0,1778833929,813933486
462747875,2026,5,15,8,32,9,55,24,874561164,3,3,234,29,1274435883,367288137,97177,77251,943,1508,2288,-2651,-90,3501,31079366,178,430266,105,6,0,0,0,1778833929,939361619
462748000,2026,5,15,8,32,10,55,24,-438900,3,3,234,29,1274435846,367288163,97210,77284,944,1509,2307,-2646,-104,3510,31108490,177,427681,105,6,0,0,0,1778833930,69768752
462748125,2026,5,15,8,32,10,55,24,124561034,3,3,234,29,1274435808,367288190,97223,77297,946,1511,2371,-2710,-97,3601,31118146,176,419830,105,6,0,0,0,1778833930,191465517
462748250,2026,5,15,8,32,10,55,24,249560970,3,3,234,29,1274435770,367288217,97255,77329,947,1512,2402,-2693,-106,3609,31173298,178,422389,105,6,0,0,0,1778833930,315347525
462748375,2026,5,15,8,32,10,55,24,374560905,3,3,234,29,1274435733,367288246,97246,77320,948,1514,2494,-2718,-99,3689,31254462,176,413925,105,6,0,0,0,1778833930,439456123
462748500,2026,5,15,8,32,10,55,24,499560841,3,3,234,29,1274435693,367288274,97280,77353,949,1515,2563,-2807,-108,3801,31239810,176,400398,105,6,0,0,0,1778833930,560649829
462748625,2026,5,15,8,32,10,55,24,624560776,3,3,234,29,1274435657,367288306,97264,77338,951,1517,2692,-2704,-87,3816,31487314,178,396784,105,6,0,0,0,1778833930,690090839
462748750,2026,5,15,8,32,10,55,24,749560711,3,3,234,29,1274435617,367288337,97300,77373,952,1518,2738,-2796,-103,3913,31440086,183,387416,105,6,0,0,0,1778833930,814295826
462748875,2026,5,15,8,32,10,55,24,874560647,3,3,234,29,1274435577,367288368,97306,77380,953,1520,2810,-2844,-99,3998,31465394,184,379885,105,6,0,0,0,1778833930,939268612
462749000,2026,5,15,8,32,11,55,24,-439417,3,3,234,29,1274435539,367288400,97322,77396,954,1522,2830,-2808,-107,3987,31521728,184,380434,105,6,0,0,0,1778833931,70045968
462749125,2026,5,15,8,32,11,55,24,124560518,3,3,234,29,1274435497,367288434,97327,77401,956,1523,2923,-2917,-99,4129,31505448,184,365804,105,6,0,0,0,1778833931,189799785
462749250,2026,5,15,8,32,11,55,24,249560453,3,3,234,29,1274435459,367288467,97354,77428,957,1525,2955,-2820,-99,4085,31634120,185,369168,105,6,0,0,0,1778833931,315700050
462749375,2026,5,15,8,32,11,55,24,374560388,3,3,234,29,1274435418,367288499,97375,77449,958,1526,2935,-2895,-102,4123,31539428,184,369151,105,6,0,0,0,1778833931,438288495
462749500,2026,5,15,8,32,11,55,24,499560324,3,3,234,29,1274435378,367288532,97389,77463,959,1528,2889,-2876,-106,4076,31513124,184,371911,105,6,0,0,0,1778833931,565600159
462749625,2026,5,15,8,32,11,55,24,624560259,3,3,234,29,1274435340,367288565,97405,77479,960,1529,2932,-2754,-106,4022,31679718,178,378130,105,6,0,0,0,1778833931,692901165
462749750,2026,5,15,8,32,11,55,24,749560195,3,3,234,29,1274435305,367288595,97424,77498,961,1530,2763,-2614,-107,3803,31658260,177,396728,105,6,0,0,0,1778833931,816506475
462749875,2026,5,15,8,32,11,55,24,874560130,3,3,234,29,1274435270,367288622,97414,77488,962,1531,2509,-2513,-98,3550,31495416,177,424259,105,6,0,0,0,1778833931,940625862
462750000,2026,5,15,8,32,12,55,24,-439933,3,3,234,29,1274435235,367288644,97472,77546,963,1533,2187,-2433,-116,3272,31194770,177,464328,105,6,0,0,0,1778833932,69985132
462750125,2026,5,15,8,32,12,55,24,124560001,3,3,234,29,1274435206,367288667,97443,77517,964,1534,2053,-2183,-84,2997,31324504,177,503411,105,6,0,0,0,1778833932,190872360
462750250,2026,5,15,8,32,12,55,24,249559936,3,3,234,29,1274435178,367288686,97458,77532,966,1535,1835,-2024,-80,2732,31219304,177,556819,105,6,0,0,0,1778833932,317340411
462750375,2026,5,15,8,32,12,55,24,374559872,3,3,234,29,1274435154,367288705,97470,77544,967,1537,1752,-1820,-82,2526,31391148,178,607246,105,6,0,0,0,1778833932,441415470
462750500,2026,5,15,8,32,12,55,24,499559807,3,3,234,29,1274435132,367288722,97465,77539,968,1539,1584,-1643,-69,2282,31395038,179,667798,105,6,0,0,0,1778833932,567270638
462750625,2026,5,15,8,32,12,55,24,624559743,3,3,234,29,1274435109,367288737,97506,77580,969,1540,1470,-1646,-81,2207,31176524,178,689641,105,6,0,0,0,1778833932,690446755
462750750,2026,5,15,8,32,12,55,24,749559678,3,3,234,29,1274435089,367288754,97484,77558,970,1542,1473,-1491,-66,2096,31464348,177,725689,105,6,0,0,0,1778833932,816328941
462750875,2026,5,15,8,32,12,55,24,874559614,3,3,234,29,1274435069,367288770,97506,77580,971,1543,1424,-1459,-79,2039,31431170,177,749116,105,6,0,0,0,1778833932,941951064
462751000,2026,5,15,8,32,13,55,24,-440450,3,3,234,29,1274435048,367288786,97516,77590,972,1544,1421,-1501,-73,2067,31342574,177,730166,105,6,0,0,0,1778833933,72386195
462751125,2026,5,15,8,32,13,55,24,124559484,3,3,234,29,1274435027,367288802,97505,77579,973,1546,1463,-1518,-69,2108,31394530,174,720531,105,6,0,0,0,1778833933,192405009
462751250,2026,5,15,8,32,13,55,24,249559420,3,3,234,29,1274435006,367288819,97519,77593,974,1547,1503,-1489,-72,2116,31526732,175,713181,105,6,0,0,0,1778833933,316021451
462751375,2026,5,15,8,32,13,55,24,374559355,3,3,234,29,1274434986,367288839,97531,77605,975,1548,1627,-1512,-78,2221,31710088,174,659198,105,6,0,0,0,1778833933,442582202
462751500,2026,5,15,8,32,13,55,24,499559291,3,3,234,29,1274434962,367288857,97523,77597,976,1549,1648,-1621,-64,2311,31547440,172,633872,105,6,0,0,0,1778833933,567967138
462751625,2026,5,15,8,32,13,55,24,624559226,3,3,234,29,1274434938,367288875,97547,77621,977,1550,1654,-1681,-74,2359,31453702,175,625595,105,6,0,0,0,1778833933,692663025
462751750,2026,5,15,8,32,13,55,24,749559162,3,3,234,29,1274434913,367288895,97561,77635,978,1552,1770,-1760,-75,2496,31515544,177,593951,105,6,0,0,0,1778833933,817719486
462751875,2026,5,15,8,32,13,55,24,874559097,3,3,234,29,1274434885,367288915,97579,77653,979,1553,1775,-1899,-84,2600,31305792,175,569071,105,6,0,0,0,1778833933,942830900
462752000,2026,5,15,8,32,14,55,24,-440967,3,3,234,29,1274434860,367288938,97597,77671,979,1554,1915,-1868,-103,2675,31571750,176,545878,105,6,0,0,0,1778833934,73295484
462752125,2026,5,15,8,32,14,55,24,124558968,3,3,234,29,1274434833,367288962,97610,77684,980,1554,2051,-1917,-99,2808,31692658,175,502520,105,6,0,0,0,1778833934,188771112
462752250,2026,5,15,8,32,14,55,24,249558903,3,3,234,29,1274434804,367288985,97569,77644,981,1555,2071,-2033,-63,2902,31553444,175,484039,105,6,0,0,0,1778833934,318627580
462752375,2026,5,15,8,32,14,55,24,374558839,3,3,234,29,1274434776,367289009,97598,77672,981,1556,2106,-2019,-73,2918,31621476,174,478182,105,6,0,0,0,1778833934,442456822
462752500,2026,5,15,8,32,14,55,24,499558774,3,3,234,29,1274434749,367289033,97604,77678,982,1557,2162,-1987,-75,2937,31742040,175,484936,105,6,0,0,0,1778833934,568957573
462752625,2026,5,15,8,32,14,55,24,624558710,3,3,234,29,1274434718,367289057,97634,77708,983,1558,2144,-2097,-92,2999,31563522,174,476342,105,6,0,0,0,1778833934,692613782
462752750,2026,5,15,8,32,14,55,24,749558645,3,3,234,29,1274434688,367289082,97635,77709,983,1559,2206,-2148,-85,3079,31575924,174,456059,105,6,0,0,0,1778833934,818767761
462752875,2026,5,15,8,32,14,55,24,874558581,3,3,234,29,1274434657,367289107,97648,77722,984,1560,2251,-2198,-91,3146,31567660,174,441823,105,6,0,0,0,1778833934,942439265
462753000,2026,5,15,8,32,15,55,24,-441483,3,3,234,29,1274434626,367289132,97656,77731,984,1560,2227,-2215,-98,3141,31515626,173,441983,105,6,0,0,0,1778833935,68366033
462753125,2026,5,15,8,32,15,55,24,124558452,3,3,234,29,1274434596,367289157,97673,77748,985,1561,2226,-2183,-93,3118,31555904,173,452785,105,6,0,0,0,1778833935,192822012
462753250,2026,5,15,8,32,15,55,24,249558387,3,3,234,29,1274434564,367289183,97664,77738,986,1562,2282,-2255,-86,3208,31533572,174,443886,105,6,0,0,0,1778833935,316859403
462753375,2026,5,15,8,32,15,55,24,374558323,3,3,234,29,1274434533,367289209,97680,77755,986,1563,2280,-2230,-98,3189,31563872,174,437609,105,6,0,0,0,1778833935,441376987
462753500,2026,5,15,8,32,15,55,24,499558258,3,3,234,29,1274434500,367289231,97714,77788,987,1564,2144,-2284,-105,3133,31318436,173,446096,105,6,0,0,0,1778833935,565965749
462753625,2026,5,15,8,32,15,55,24,624558193,3,3,234,29,1274434469,367289256,97718,77792,987,1565,2169,-2222,-98,3105,31430670,175,446701,105,6,0,0,0,1778833935,690227773
462753750,2026,5,15,8,32,15,55,24,749558129,3,3,234,29,1274434436,367289281,97750,77825,988,1566,2222,-2302,-109,3199,31398326,175,441774,105,6,0,0,0,1778833935,815788622
462753875,2026,5,15,8,32,15,55,24,874558064,3,3,234,29,1274434403,367289305,97762,77836,988,1567,2192,-2304,-107,3180,31356316,174,443872,105,6,0,0,0,1778833935,938535208
462754000,2026,5,15,8,32,16,55,24,-441999,3,3,234,29,1274434369,367289330,97769,77843,989,1568,2248,-2401,-106,3290,31311782,174,418742,105,6,0,0,0,1778833936,70482847
462754125,2026,5,15,8,32,16,55,24,124557935,3,3,234,29,1274434336,367289356,97788,77862,989,1568,2252,-2403,-114,3293,31314584,174,420354,105,6,0,0,0,1778833936,191573763
462754250,2026,5,15,8,32,16,55,24,249557871,3,3,234,28,1274434301,367289382,97803,77877,990,1569,2307,-2437,-109,3356,31342632,172,412462,114,6,0,0,0,1778833936,317796006
462754375,2026,5,15,8,32,16,55,24,374557806,3,3,234,28,1274434267,367289408,97800,77874,990,1570,2294,-2416,-98,3332,31351818,173,425738,114,6,0,0,0,1778833936,440880045
462754500,2026,5,15,8,32,16,55,24,499557742,3,3,234,28,1274434235,367289433,97804,77878,991,1571,2280,-2360,-103,3281,31400844,174,432906,114,6,0,0,0,1778833936,565736454
462754625,2026,5,15,8,32,16,55,24,624557677,3,3,234,28,1274434200,367289459,97836,77911,991,1572,2295,-2460,-112,3364,31300934,173,412916,114,6,0,0,0,1778833936,691593780
462754750,2026,5,15,8,32,16,55,24,749557612,3,3,234,28,1274434168,367289484,97870,77945,992,1573,2242,-2308,-120,3218,31416070,173,430035,114,6,0,0,0,1778833936,817404367
462754875,2026,5,15,8,32,16,55,24,874557548,3,3,234,28,1274434135,367289509,97860,77935,992,1573,2251,-2347,-104,3252,31380454,173,431454,114,6,0,0,0,1778833936,941730262
462755000,2026,5,15,8,32,17,55,24,-442516,3,3,234,28,1274434102,367289534,97860,77935,993,1574,2229,-2343,-96,3234,31357824,173,436755,114,6,0,0,0,1778833937,71872503
462755125,2026,5,15,8,32,17,55,24,124557419,3,3,234,28,1274434070,367289559,97886,77960,993,1575,2202,-2294,-104,3180,31383170,173,436909,114,6,0,0,0,1778833937,190433991
462755250,2026,5,15,8,32,17,55,24,249557354,3,3,234,28,1274434037,367289584,97915,77989,994,1576,2272,-2344,-113,3265,31410584,179,427204,114,6,0,0,0,1778833937,316851268
462755375,2026,5,15,8,32,17,55,24,374557290,3,3,234,28,1274434006,367289611,97911,77985,994,1577,2296,-2261,-110,3223,31543538,180,442838,114,6,0,0,0,1778833937,440613951
462755500,2026,5,15,8,32,17,55,24,499557225,3,3,234,28,1274433973,367289636,97936,78010,995,1578,2280,-2319,-115,3252,31451286,179,450601,114,6,0,0,0,1778833937,566555584
462755625,2026,5,15,8,32,17,55,24,624557161,3,3,234,28,1274433939,367289662,97949,78023,996,1579,2309,-2381,-111,3317,31411570,179,443910,114,6,0,0,0,1778833937,691383499
462755750,2026,5,15,8,32,17,55,24,749557096,3,3,234,28,1274433906,367289688,97955,78030,996,1579,2314,-2362,-105,3307,31441042,179,433299,114,6,0,0,0,1778833937,813828056
462755875,2026,5,15,8,32,17,55,24,874557032,3,3,234,28,1274433873,367289716,97980,78054,997,1580,2437,-2369,-114,3398,31580858,179,409119,114,6,0,0,0,1778833937,940359833
462756000,2026,5,15,8,32,18,55,24,-443032,3,3,234,28,1274433836,367289742,97996,78070,997,1581,2376,-2517,-112,3462,31334666,179,397405,114,6,0,0,0,1778833938,70355571
462756125,2026,5,15,8,32,18,55,24,124556903,3,3,234,29,1274433801,367289768,98005,78079,997,1582,2343,-2516,-114,3437,31296090,180,411827,105,6,0,0,0,1778833938,190461340
462756250,2026,5,15,8,32,18,55,24,249556838,3,3,234,29,1274433768,367289794,98038,78112,998,1583,2326,-2376,-122,3325,31439322,180,425212,105,6,0,0,0,1778833938,316750770
462756375,2026,5,15,8,32,18,55,24,374556773,3,3,234,29,1274433735,367289819,98051,78125,998,1584,2251,-2348,-117,3252,31379084,182,434595,105,6,0,0,0,1778833938,440741784
462756500,2026,5,15,8,32,18,55,24,499556709,3,3,234,29,1274433703,367289843,98061,78135,999,1585,2181,-2242,-105,3128,31420132,182,450801,105,6,0,0,0,1778833938,565855246
462756625,2026,5,15,8,32,18,55,24,624556644,3,3,234,29,1274433672,367289867,98073,78148,999,1586,2174,-2241,-110,3122,31413328,183,449686,105,6,0,0,0,1778833938,686631234
462756750,2026,5,15,8,32,18,55,24,749556580,3,3,234,29,1274433643,367289891,98085,78159,999,1587,2095,-2140,-112,2995,31439486,182,471563,105,6,0,0,0,1778833938,815147911
462756875,2026,5,15,8,32,18,55,24,874556515,3,3,234,29,1274433612,367289914,98088,78163,1000,1588,2080,-2174,-105,3008,31373898,182,470967,105,6,0,0,0,1778833938,939963118
462757000,2026,5,15,8,32,19,55,24,-443548,3,3,234,29,1274433581,367289938,98088,78163,1000,1588,2129,-2175,-97,3043,31438766,182,463841,105,6,0,0,0,1778833939,70925365
462757125,2026,5,15,8,32,19,55,24,124556386,3,3,234,29,1274433550,367289962,98105,78180,1000,1589,2152,-2200,-104,3077,31436768,182,458463,105,6,0,0,0,1778833939,191518587
462757250,2026,5,15,8,32,19,55,24,249556322,3,3,234,29,1274433519,367289988,98113,78187,1001,1590,2238,-2246,-105,3171,31489270,183,444420,105,6,0,0,0,1778833939,316680966
462757375,2026,5,15,8,32,19,55,24,374556257,3,3,234,29,1274433486,367290014,98134,78209,1001,1591,2294,-2289,-110,3241,31506354,180,419286,105,6,0,0,0,1778833939,439567742
462757500,2026,5,15,8,32,19,55,24,499556192,3,3,234,29,1274433451,367290040,98155,78230,1001,1591,2324,-2426,-117,3359,31376772,179,402185,105,6,0,0,0,1778833939,560795215
462757625,2026,5,15,8,32,19,55,24,624556128,3,3,234,29,1274433418,367290067,98149,78224,1001,1592,2378,-2383,-104,3366,31493924,179,385340,105,6,0,0,0,1778833939,690113588
462757750,2026,5,15,8,32,19,55,24,749556063,3,3,234,29,1274433382,367290094,98173,78248,1001,1592,2420,-2514,-103,3489,31390590,177,371373,105,6,0,0,0,1778833939,814751582
462757875,2026,5,15,8,32,19,55,24,874555999,3,3,234,29,1274433346,367290123,98209,78284,1001,1592,2508,-2526,-120,3560,31479918,179,364272,105,6,0,0,0,1778833939,940568705
462758000,2026,5,15,8,32,20,55,24,-444065,3,3,234,29,1274433312,367290151,98189,78264,1001,1593,2514,-2521,-104,3561,31492368,179,366115,105,6,0,0,0,1778833940,70444308
462758125,2026,5,15,8,32,20,55,24,124555870,3,3,234,29,1274433275,367290181,98205,78279,1001,1594,2585,-2580,-103,3652,31505762,180,355683,105,6,0,0,0,1778833940,192814744
462758250,2026,5,15,8,32,20,55,24,249555805,3,3,234,29,1274433238,367290208,98241,78315,1001,1594,2502,-2595,-108,3605,31395082,178,355250,105,6,0,0,0,1778833940,318696869
462758375,2026,5,15,8,32,20,55,24,374555741,3,3,234,29,1274433202,367290237,98268,78342,1001,1594,2591,-2593,-112,3666,31497708,178,350220,105,6,0,0,0,1778833940,439744559
462758500,2026,5,15,8,32,20,55,24,499555676,3,3,234,29,1274433165,367290266,98300,78375,1000,1595,2565,-2602,-127,3654,31459848,178,348810,105,6,0,0,0,1778833940,565817137
462758625,2026,5,15,8,32,20,55,24,624555612,3,3,234,29,1274433130,367290294,98288,78363,1000,1595,2525,-2517,-102,3565,31508542,181,368083,105,6,0,0,0,1778833940,691666138
462758750,2026,5,15,8,32,20,55,24,749555547,3,3,234,29,1274433094,367290322,98315,78390,1000,1595,2498,-2523,-107,3551,31472018,179,362705,105,6,0,0,0,1778833940,816324381
462758875,2026,5,15,8,32,20,55,24,874555482,3,3,234,29,1274433060,367290348,98338,78413,1000,1595,2397,-2460,-121,3435,31425378,179,370206,105,6,0,0,0,1778833940,940573241
462759000,2026,5,15,8,32,21,55,24,-444581,3,3,234,28,1274433026,367290373,98329,78403,1000,1596,2304,-2420,-105,3342,31359150,178,383005,114,6,0,0,0,1778833941,70213725
462759125,2026,5,15,8,32,21,55,24,124555353,3,3,234,28,1274432990,367290399,98368,78443,1000,1596,2304,-2511,-110,3408,31253514,177,372404,114,6,0,0,0,1778833941,190748788
462759250,2026,5,15,8,32,21,55,24,249555289,3,3,234,28,1274432956,367290425,98351,78425,1000,1595,2333,-2440,-89,3375,31371718,171,375440,114,6,0,0,0,1778833941,317390338
462759375,2026,5,15,8,32,21,55,24,374555224,3,3,234,28,1274432920,367290452,98388,78462,999,1595,2415,-2491,-102,3469,31410876,170,358538,114,6,0,0,0,1778833941,441639670
462759500,2026,5,15,8,32,21,55,24,499555160,3,3,234,28,1274432884,367290479,98392,78466,999,1595,2409,-2570,-102,3522,31315180,170,349120,114,6,0,0,0,1778833941,566754026
462759625,2026,5,15,8,32,21,55,24,624555095,3,3,234,28,1274432849,367290506,98408,78483,999,1595,2371,-2484,-110,3434,31366972,169,359630,114,6,0,0,0,1778833941,690757301
462759750,2026,5,15,8,32,21,55,24,749555031,3,3,234,28,1274432813,367290533,98407,78482,998,1594,2418,-2582,-101,3537,31312562,171,356236,114,6,0,0,0,1778833941,816586507
462759875,2026,5,15,8,32,21,55,24,874554966,3,3,234,28,1274432778,367290561,98423,78498,998,1594,2442,-2518,-106,3508,31412330,172,363694,114,6,0,0,0,1778833941,940650756
462760000,2026,5,15,8,32,22,55,24,-445097,3,3,234,28,1274432742,367290586,98426,78500,998,1594,2354,-2505,-96,3437,31322652,169,361474,114,6,0,0,0,1778833942,71846588
462760125,2026,5,15,8,32,22,55,24,124554837,3,3,234,28,1274432706,367290613,98434,78509,998,1594,2394,-2519,-93,3475,31353640,170,356169,114,6,0,0,0,1778833942,191949270
462760250,2026,5,15,8,32,22,55,24,249554773,3,3,234,28,1274432670,367290640,98463,78538,997,1593,2372,-2574,-104,3500,31266988,169,347619,114,6,0,0,0,1778833942,314854476
462760375,2026,5,15,8,32,22,55,24,374554708,3,3,234,28,1274432634,367290666,98471,78545,997,1593,2360,-2529,-106,3460,31302004,171,357439,114,6,0,0,0,1778833942,440701854
462760500,2026,5,15,8,32,22,55,24,499554643,3,3,234,28,1274432598,367290694,98482,78557,996,1592,2471,-2556,-99,3555,31403480,172,346084,114,6,0,0,0,1778833942,565562247
462760625,2026,5,15,8,32,22,55,24,624554579,3,3,234,28,1274432562,367290720,98499,78574,996,1592,2378,-2531,-101,3473,31321630,178,349782,114,6,0,0,0,1778833942,690627758
462760750,2026,5,15,8,32,22,55,24,749554514,3,3,234,28,1274432527,367290747,98521,78596,995,1591,2392,-2484,-107,3448,31392128,179,353529,114,6,0,0,0,1778833942,815885473
462760875,2026,5,15,8,32,22,55,24,874554450,3,3,234,28,1274432491,367290774,98513,78588,995,1591,2431,-2549,-102,3523,31364258,178,341869,114,6,0,0,0,1778833942,940881646
462761000,2026,5,15,8,32,23,55,24,-445614,3,3,234,28,1274432455,367290802,98523,78597,995,1591,2448,-2584,-104,3559,31344474,179,343938,114,6,0,0,0,1778833943,70423001
462761125,2026,5,15,8,32,23,55,24,124554321,3,3,234,28,1274432417,367290829,98549,78624,994,1590,2451,-2609,-112,3580,31320698,178,337121,114,6,0,0,0,1778833943,188074139
462761250,2026,5,15,8,32,23,55,24,249554256,3,3,234,28,1274432381,367290858,98555,78630,994,1590,2508,-2570,-106,3591,31429512,178,335417,114,6,0,0,0,1778833943,317535541
462761375,2026,5,15,8,32,23,55,24,374554192,3,3,234,28,1274432346,367290884,98587,78662,994,1590,2404,-2540,-122,3497,31342170,177,345798,114,6,0,0,0,1778833943,441580413
462761500,2026,5,15,8,32,23,55,24,499554127,3,3,234,28,1274432312,367290910,98572,78647,993,1589,2360,-2453,-102,3404,31389378,177,360037,114,6,0,0,0,1778833943,567381936
462761625,2026,5,15,8,32,23,55,24,624554063,3,3,234,28,1274432279,367290936,98594,78669,993,1589,2320,-2388,-105,3330,31416576,179,370046,114,6,0,0,0,1778833943,691669878
462761750,2026,5,15,8,32,23,55,24,749553998,3,3,234,28,1274432245,367290961,98596,78671,992,1589,2274,-2376,-102,3288,31374482,178,366546,114,6,0,0,0,1778833943,816571479
462761875,2026,5,15,8,32,23,55,24,874553934,3,3,234,28,1274432214,367290987,98620,78694,992,1588,2273,-2253,-110,3201,31525050,178,373329,114,6,0,0,0,1778833943,940622518
462762000,2026,5,15,8,32,24,55,24,-446130,3,3,234,28,1274432184,367291011,98603,78678,992,1588,2161,-2188,-85,3076,31464222,177,389215,114,6,0,0,0,1778833944,66788541
462762125,2026,5,15,8,32,24,55,24,124553804,3,3,234,28,1274432153,367291035,98626,78701,991,1587,2142,-2187,-95,3061,31440008,178,399507,114,6,0,0,0,1778833944,190165856
462762250,2026,5,15,8,32,24,55,24,249553740,3,3,234,28,1274432122,367291059,98632,78707,991,1587,2140,-2213,-93,3079,31403798,178,399560,114,6,0,0,0,1778833944,315732625
462762375,2026,5,15,8,32,24,55,24,374553675,3,3,234,28,1274432091,367291083,98641,78715,990,1587,2181,-2216,-96,3109,31453944,176,388915,114,6,0,0,0,1778833944,440193580
462762500,2026,5,15,8,32,24,55,24,499553611,3,3,234,28,1274432059,367291109,98642,78717,990,1586,2275,-2297,-90,3233,31472556,177,371745,114,6,0,0,0,1778833944,564949799
462762625,2026,5,15,8,32,24,55,24,624553546,3,3,234,28,1274432028,367291134,98658,78732,990,1586,2244,-2243,-100,3173,31501144,179,378737,114,6,0,0,0,1778833944,690476147
462762750,2026,5,15,8,32,24,55,24,749553482,3,3,234,28,1274431995,367291160,98650,78725,989,1586,2268,-2297,-85,3228,31464170,177,375211,114,6,0,0,0,1778833944,816294822
462762875,2026,5,15,8,32,24,55,24,874553417,3,3,234,28,1274431961,367291187,98672,78747,989,1585,2376,-2408,-92,3383,31462456,177,358667,114,6,0,0,0,1778833944,938630732
462763000,2026,5,15,8,32,25,55,24,-446646,3,3,234,28,1274431926,367291215,98689,78764,989,1585,2460,-2457,-91,3477,31502676,178,345259,114,6,0,0,0,1778833945,72217784
462763125,2026,5,15,8,32,25,55,24,124553288,3,3,234,28,1274431892,367291243,98691,78765,988,1584,2457,-2475,-94,3487,31478082,178,342758,114,6,0,0,0,1778833945,192156800
462763250,2026,5,15,8,32,25,55,24,249553224,3,3,234,28,1274431858,367291271,98689,78764,988,1584,2462,-2442,-87,3468,31524266,178,346002,114,6,0,0,0,1778833945,316942374
462763375,2026,5,15,8,32,25,55,24,374553159,3,3,234,28,1274431824,367291298,98722,78797,988,1584,2482,-2407,-96,3457,31588294,178,346608,114,6,0,0,0,1778833945,441327891
462763500,2026,5,15,8,32,25,55,24,499553095,3,3,234,28,1274431790,367291326,98730,78805,987,1583,2459,-2427,-85,3455,31538054,177,350705,114,6,0,0,0,1778833945,567451348
462763625,2026,5,15,8,32,25,55,24,624553030,3,3,234,28,1274431756,367291353,98744,78819,987,1583,2430,-2409,-95,3422,31525768,178,349892,114,6,0,0,0,1778833945,690497274
462763750,2026,5,15,8,32,25,55,24,749552965,3,3,234,28,1274431723,367291382,98759,78833,987,1582,2494,-2414,-98,3471,31592846,177,346018,114,6,0,0,0,1778833945,815747469
462763875,2026,5,15,8,32,25,55,24,874552901,3,3,234,28,1274431688,367291409,98770,78845,986,1582,2452,-2469,-92,3480,31480186,178,346820,114,6,0,0,0,1778833945,941196121
462764000,2026,5,15,8,32,26,55,24,-447163,3,3,234,28,1274431656,367291436,98791,78866,986,1581,2438,-2348,-92,3385,31608764,178,352429,114,6,0,0,0,1778833946,70793281
462764125,2026,5,15,8,32,26,55,24,124552772,3,3,234,28,1274431626,367291462,98788,78862,986,1581,2306,-2212,-88,3196,31619514,179,377645,114,6,0,0,0,1778833946,191388297
462764250,2026,5,15,8,32,26,55,24,249552707,3,3,234,28,1274431597,367291483,98829,78904,985,1581,2067,-2073,-109,2928,31492186,178,410433,114,6,0,0,0,1778833946,317717507
462764375,2026,5,15,8,32,26,55,24,374552643,3,3,234,28,1274431573,367291505,98828,78903,985,1581,1929,-1818,-103,2650,31670420,179,456532,114,6,0,0,0,1778833946,441611735
462764500,2026,5,15,8,32,26,55,24,499552578,3,3,234,28,1274431555,367291521,98842,78917,985,1580,1583,-1449,-99,2146,31753714,181,559294,114,6,0,0,0,1778833946,567700561
462764625,2026,5,15,8,32,26,55,24,624552514,3,3,234,28,1274431541,367291532,98828,78903,984,1580,1178,-1077,-82,1596,31757260,181,753059,114,6,0,0,0,1778833946,691714098
462764750,2026,5,15,8,32,26,55,24,749552449,3,3,234,28,1274431532,367291540,98844,78919,984,1580,856,-761,-82,1145,31838034,182,1050605,114,6,0,0,0,1778833946,814396095
462764875,2026,5,15,8,32,26,55,24,874552385,3,3,234,28,1274431528,367291543,98851,78926,984,1580,504,-445,-83,672,31856932,183,1780870,114,6,0,0,0,1778833946,940861739
462765000,2026,5,15,8,32,27,55,24,-447679,3,3,234,28,1274431525,367291545,98837,78912,984,1581,261,-242,-63,356,31713982,182,3413110,114,6,0,0,0,1778833947,69706150
462765125,2026,5,15,8,32,27,55,24,124552255,3,3,234,28,1274431526,367291545,98827,78902,984,1581,106,4,-47,106,31763106,199,9607984,114,6,0,0,0,1778833947,190441095
462765250,2026,5,15,8,32,27,55,24,249552191,3,3,234,28,1274431528,367291543,98823,78897,983,1581,-80,89,-36,119,31763106,176,9988990,114,6,0,0,0,1778833947,315616448
462765375,2026,5,15,8,32,27,55,24,374552126,3,3,234,28,1274431527,367291544,98821,78896,983,1581,8,-46,-38,47,31763106,171,18000000,114,6,0,0,0,1778833947,440112414
462765500,2026,5,15,8,32,27,55,24,499552062,3,3,234,28,1274431526,367291544,98848,78923,983,1581,47,-41,-60,62,31763106,171,18000000,114,6,0,0,0,1778833947,564949974
462765625,2026,5,15,8,32,27,55,24,624551997,3,3,234,28,1274431527,367291543,98837,78912,983,1581,-69,44,-45,82,31763106,181,13909676,114,6,0,0,0,1778833947,685740517
462765750,2026,5,15,8,32,27,55,24,749551933,3,3,234,28,1274431527,367291543,98835,78910,982,1581,-13,24,-38,27,31763106,162,18000000,114,6,0,0,0,1778833947,814366838
462765875,2026,5,15,8,32,27,55,24,874551868,3,3,234,28,1274431528,367291544,98818,78893,982,1580,43,6,-27,44,31763106,192,18000000,114,6,0,0,0,1778833947,938621270
462766000,2026,5,15,8,32,28,55,24,-448195,3,3,234,28,1274431527,367291544,98836,78911,982,1580,11,-29,-37,31,31763106,168,18000000,114,6,0,0,0,1778833948,69402821
462766125,2026,5,15,8,32,28,55,24,124551739,3,3,234,28,1274431527,367291543,98815,78890,982,1580,-67,6,-25,67,31763106,202,15512612,114,6,0,0,0,1778833948,190076745
462766250,2026,5,15,8,32,28,55,24,249551675,3,3,234,28,1274431527,367291543,98812,78887,981,1580,-21,-5,-23,22,31763106,191,18000000,114,6,0,0,0,1778833948,315416104
462766375,2026,5,15,8,32,28,55,24,374551610,3,3,234,28,1274431527,367291543,98811,78886,981,1581,35,-2,-16,35,31763106,196,18000000,114,6,0,0,0,1778833948,438356271
462766500,2026,5,15,8,32,28,55,24,499551545,3,3,234,28,1274431527,367291543,98823,78898,981,1581,-20,-10,-24,22,31763106,191,18000000,114,6,0,0,0,1778833948,559672519
462766625,2026,5,15,8,32,28,55,24,624551481,3,3,234,28,1274431527,367291542,98818,78893,981,1581,-14,16,-17,21,31763106,170,18000000,114,6,0,0,0,1778833948,688608539
462766750,2026,5,15,8,32,28,55,24,749551416,3,3,234,28,1274431526,367291542,98815,78890,981,1581,-20,-37,-15,42,31763106,197,18000000,114,6,0,0,0,1778833948,813891702
462766875,2026,5,15,8,32,28,55,24,874551352,3,3,234,28,1274431526,367291542,98818,78893,980,1581,4,-21,-22,21,31763106,171,18000000,114,6,0,0,0,1778833948,939504010
462767000,2026,5,15,8,32,29,55,24,-448712,3,3,234,28,1274431526,367291542,98814,78889,980,1581,25,-10,-19,27,31763106,183,18000000,114,6,0,0,0,1778833949,69791778
462767125,2026,5,15,8,32,29,55,24,124551223,3,3,234,27,1274431527,367291543,98798,78873,980,1581,38,21,-9,43,31763106,208,18000000,117,6,0,0,0,1778833949,188686439
462767250,2026,5,15,8,32,29,55,24,249551158,3,3,234,27,1274431528,367291542,98789,78864,980,1581,-44,14,-11,46,31763106,198,18000000,117,6,0,0,0,1778833949,315575001
462767375,2026,5,15,8,32,29,55,24,374551094,3,3,234,27,1274431527,367291542,98782,78857,980,1581,3,-20,-6,20,31763106,176,18000000,117,6,0,0,0,1778833949,437431684
462767500,2026,5,15,8,32,29,55,24,499551029,3,3,234,27,1274431528,367291542,98792,78867,980,1581,31,19,-14,36,31763106,206,18000000,117,6,0,0,0,1778833949,565389868
462767625,2026,5,15,8,32,29,55,24,624550965,3,3,234,27,1274431528,367291542,98780,78855,980,1581,17,14,-10,22,31763106,200,18000000,117,6,0,0,0,1778833949,690640780
462767750,2026,5,15,8,32,29,55,24,749550900,3,3,234,27,1274431529,367291542,98773,78848,979,1581,1,20,-4,20,31763106,177,18000000,117,6,0,0,0,1778833949,814960731
462767875,2026,5,15,8,32,29,55,24,874550836,3,3,234,27,1274431529,367291542,98761,78836,979,1581,0,-12,3,12,31763106,174,18000000,117,6,0,0,0,1778833949,937934498
462768000,2026,5,15,8,32,30,55,24,-449228,3,3,234,27,1274431529,367291541,98771,78846,979,1581,-17,20,-7,27,31763106,176,18000000,117,6,0,0,0,1778833950,68498561
462768125,2026,5,15,8,32,30,55,24,124550706,3,3,234,27,1274431529,367291542,98759,78834,979,1581,48,4,-2,48,31763106,209,18000000,117,6,0,0,0,1778833950,189965406
462768250,2026,5,15,8,32,30,55,24,249550642,3,3,234,27,1274431529,367291541,98755,78830,979,1581,-12,-35,-1,37,31763106,191,18000000,117,6,0,0,0,1778833950,316887598
462768375,2026,5,15,8,32,30,55,24,374550577,3,3,234,27,1274431529,367291542,98765,78840,978,1581,25,33,-6,41,31763106,199,18000000,117,6,0,0,0,1778833950,439466930
462768500,2026,5,15,8,32,30,55,24,499550513,3,3,234,27,1274431530,367291542,98739,78814,978,1581,17,18,10,25,31763106,202,18000000,117,6,0,0,0,1778833950,564664559
462768625,2026,5,15,8,32,30,55,24,624550448,3,3,234,27,1274431529,367291541,98748,78823,978,1581,-26,-32,1,41,31763106,202,18000000,117,6,0,0,0,1778833950,689551806
462768750,2026,5,15,8,32,30,55,24,749550384,3,3,234,27,1274431530,367291541,98746,78821,978,1581,-21,8,-6,23,31763106,194,18000000,117,6,0,0,0,1778833950,814333100
462768875,2026,5,15,8,32,30,55,24,874550319,3,3,234,27,1274431529,367291540,98753,78828,978,1581,-16,-28,-8,32,31763106,198,18000000,117,6,0,0,0,1778833950,938709417
462769000,2026,5,15,8,32,31,55,24,-449744,3,3,234,27,1274431529,367291540,98757,78832,977,1581,13,-10,-11,17,31763106,176,18000000,117,6,0,0,0,1778833951,69668974
462769125,2026,5,15,8,32,31,55,24,124550190,3,3,234,27,1274431529,367291539,98737,78812,977,1581,-36,7,-5,36,31763106,202,18000000,117,6,0,0,0,1778833951,191935169
462769250,2026,5,15,8,32,31,55,24,249550126,3,3,234,27,1274431528,367291539,98741,78816,977,1581,-32,-30,-6,44,31763106,207,18000000,117,6,0,0,0,1778833951,313829058
462769375,2026,5,15,8,32,31,55,24,374550061,3,3,234,27,1274431529,367291539,98738,78813,977,1581,10,24,-10,26,31763106,186,18000000,117,6,0,0,0,1778833951,439899720
462769500,2026,5,15,8,32,31,55,24,499549997,3,3,234,27,1274431529,367291538,98717,78792,977,1581,-20,-2,-1,20,31763106,211,18000000,117,6,0,0,0,1778833951,563909405
462769625,2026,5,15,8,32,31,55,24,624549932,3,3,234,27,1274431529,367291538,98736,78811,977,1581,2,-3,-17,4,31763106,169,18000000,117,6,0,0,0,1778833951,689335481
462769750,2026,5,15,8,32,31,55,24,749549868,3,3,234,27,1274431530,367291538,98711,78786,976,1581,14,29,0,32,31763106,196,18000000,117,6,0,0,0,1778833951,814461718
462769875,2026,5,15,8,32,31,55,24,874549803,3,3,234,27,1274431530,367291538,98717,78792,976,1581,22,6,-9,23,31763106,204,18000000,117,6,0,0,0,1778833951,939806495
462770000,2026,5,15,8,32,32,55,24,-450260,3,3,234,27,1274431529,367291538,98702,78777,976,1581,-21,-53,1,57,31763106,192,18000000,117,6,0,0,0,1778833952,70002923
462770125,2026,5,15,8,32,32,55,24,124549674,3,3,234,27,1274431530,367291538,98705,78780,976,1582,10,42,-6,44,31763106,185,18000000,117,6,0,0,0,1778833952,186587894
462770250,2026,5,15,8,32,32,55,24,249549610,3,3,234,27,1274431530,367291538,98687,78762,976,1582,-14,8,1,16,31763106,190,18000000,117,6,0,0,0,1778833952,315712158
462770375,2026,5,15,8,32,32,55,24,374549545,3,3,234,27,1274431530,367291537,98685,78760,976,1582,4,10,2,10,31763106,191,18000000,117,6,0,0,0,1778833952,439800288
462770500,2026,5,15,8,32,32,55,24,499549481,3,3,234,27,1274431530,367291537,98670,78745,976,1582,6,-3,-1,7,31763106,197,18000000,117,6,0,0,0,1778833952,565418123
462770625,2026,5,15,8,32,32,55,24,624549416,3,3,234,28,1274431531,367291537,98670,78745,976,1582,4,26,1,26,31763106,183,18000000,107,6,0,0,0,1778833952,690515832
462770750,2026,5,15,8,32,32,55,24,749549352,3,3,234,28,1274431530,367291537,98667,78742,975,1582,17,-9,4,19,31763106,190,18000000,107,6,0,0,0,1778833952,814644585
462770875,2026,5,15,8,32,32,55,24,874549287,3,3,234,28,1274431530,367291537,98662,78737,975,1582,-8,-37,10,37,31763106,182,18000000,107,6,0,0,0,1778833952,938529504
462771000,2026,5,15,8,32,33,55,24,-450776,3,3,234,28,1274431530,367291537,98640,78715,975,1581,22,10,27,24,31763106,190,18000000,107,6,0,0,0,1778833953,64839432
462771125,2026,5,15,8,32,33,55,24,124549158,3,3,234,28,1274431530,367291537,98667,78742,975,1581,-26,6,5,27,31763106,198,18000000,107,6,0,0,0,1778833953,189378443
462771250,2026,5,15,8,32,33,55,24,249549093,3,3,234,28,1274431531,367291537,98635,78710,975,1581,5,2,21,6,31763106,175,18000000,107,6,0,0,0,1778833953,315733757
462771375,2026,5,15,8,32,33,55,24,374549029,3,3,234,28,1274431531,367291537,98643,78718,975,1581,30,-4,15,31,31763106,198,18000000,107,6,0,0,0,1778833953,439908400
462771500,2026,5,15,8,32,33,55,24,499548964,3,3,234,28,1274431531,367291537,98630,78705,974,1581,4,24,20,24,31763106,179,18000000,107,6,0,0,0,1778833953,563990807
462771625,2026,5,15,8,32,33,55,24,624548900,3,3,234,28,1274431530,367291537,98637,78712,974,1581,-4,-31,11,32,31763106,177,18000000,107,6,0,0,0,1778833953,689151208
462771750,2026,5,15,8,32,33,55,24,749548835,3,3,234,28,1274431532,367291537,98642,78717,974,1581,24,61,10,66,31763106,192,16843886,107,6,0,0,0,1778833953,813650474
462771875,2026,5,15,8,32,33,55,24,874548771,3,3,234,28,1274431532,367291537,98618,78693,974,1581,-9,0,23,9,31763106,164,18000000,107,6,0,0,0,1778833953,936755733
462772000,2026,5,15,8,32,34,55,24,-451293,3,3,234,28,1274431532,367291538,98595,78670,974,1581,20,4,36,20,31763106,177,18000000,107,6,0,0,0,1778833954,69541232
462772125,2026,5,15,8,32,34,55,24,124548642,3,3,234,28,1274431532,367291538,98608,78683,974,1581,25,1,22,25,31763106,192,18000000,107,6,0,0,0,1778833954,189847991
462772250,2026,5,15,8,32,34,55,24,249548577,3,3,234,28,1274431531,367291538,98599,78674,973,1580,-17,-24,21,29,31763106,181,18000000,107,6,0,0,0,1778833954,315924759
462772375,2026,5,15,8,32,34,55,24,374548513,3,3,234,28,1274431531,367291538,98606,78681,973,1580,26,-22,22,34,31763106,176,18000000,107,6,0,0,0,1778833954,439455596
462772500,2026,5,15,8,32,34,55,24,499548448,3,3,234,28,1274431532,367291538,98598,78673,973,1580,18,34,21,39,31763106,194,18000000,107,6,0,0,0,1778833954,564656397
462772625,2026,5,15,8,32,34,55,24,624548384,3,3,234,28,1274431533,367291538,98597,78672,973,1580,-1,41,16,41,31763106,178,18000000,107,6,0,0,0,1778833954,690282549
462772750,2026,5,15,8,32,34,55,24,749548319,3,3,234,28,1274431532,367291539,98600,78675,973,1580,31,-31,13,44,31763106,179,18000000,107,6,0,0,0,1778833954,814598678
462772875,2026,5,15,8,32,34,55,24,874548255,3,3,234,28,1274431533,367291540,98567,78642,973,1580,40,15,32,42,31763106,200,18000000,107,6,0,0,0,1778833954,940222033
462773000,2026,5,15,8,32,35,55,24,-451809,3,3,234,28,1274431533,367291539,98580,78655,973,1580,-29,48,20,56,31763106,174,18000000,107,6,0,0,0,1778833955,70323316
462773125,2026,5,15,8,32,35,55,24,124548126,3,3,234,28,1274431533,367291539,98578,78653,973,1580,-9,7,23,11,31763106,164,18000000,107,6,0,0,0,1778833955,189638855
462773250,2026,5,15,8,32,35,55,24,249548061,3,3,234,28,1274431533,367291539,98580,78655,972,1580,19,-9,19,21,31763106,180,18000000,107,6,0,0,0,1778833955,315688971
462773375,2026,5,15,8,32,35,55,24,374547997,3,3,234,28,1274431533,367291540,98568,78643,972,1580,20,-13,15,24,31763106,181,18000000,107,6,0,0,0,1778833955,439815344
462773500,2026,5,15,8,32,35,55,24,499547932,3,3,234,28,1274431534,367291539,98562,78637,972,1580,-11,19,15,21,31763106,171,18000000,107,6,0,0,0,1778833955,566004271
462773625,2026,5,15,8,32,35,55,24,624547868,3,3,234,28,1274431533,367291539,98562,78637,972,1580,-4,-11,16,12,31763106,165,18000000,107,6,0,0,0,1778833955,690273163
462773750,2026,5,15,8,32,35,55,24,749547803,3,3,234,28,1274431534,367291540,98551,78626,972,1580,7,20,21,21,31763106,182,18000000,107,6,0,0,0,1778833955,812398893
462773875,2026,5,15,8,32,35,55,24,874547739,3,3,234,28,1274431533,367291540,98571,78646,972,1580,15,-43,4,45,31763106,173,18000000,107,6,0,0,0,1778833955,938718521
462774000,2026,5,15,8,32,36,55,24,-452325,3,3,234,28,1274431533,367291540,98550,78625,972,1580,3,-5,21,6,31763106,169,18000000,107,6,0,0,0,1778833956,68695140
462774125,2026,5,15,8,32,36,55,24,124547610,3,3,234,28,1274431534,367291541,98537,78612,971,1580,33,40,30,51,31763106,197,18000000,107,6,0,0,0,1778833956,189664773
462774250,2026,5,15,8,32,36,55,24,249547545,3,3,234,28,1274431535,367291540,98551,78626,971,1579,-4,27,11,27,31763106,176,18000000,107,6,0,0,0,1778833956,315554420
462774375,2026,5,15,8,32,36,55,24,374547480,3,3,234,28,1274431534,367291540,98550,78625,971,1579,-24,-23,8,33,31763106,202,18000000,107,6,0,0,0,1778833956,440656223
462774500,2026,5,15,8,32,36,55,24,499547416,3,3,234,28,1274431534,367291541,98549,78624,971,1579,29,0,11,29,31763106,201,18000000,107,6,0,0,0,1778833956,564838736
462774625,2026,5,15,8,32,36,55,24,624547351,3,3,234,28,1274431534,367291541,98539,78614,971,1579,13,-1,20,13,31763106,177,18000000,107,6,0,0,0,1778833956,685962923
462774750,2026,5,15,8,32,36,55,24,749547287,3,3,234,28,1274431535,367291541,98527,78602,971,1579,-17,8,21,19,31763106,172,18000000,107,6,0,0,0,1778833956,814284841
462774875,2026,5,15,8,32,36,55,24,874547222,3,3,234,28,1274431534,367291541,98539,78614,971,1579,18,-24,7,29,31763106,174,18000000,107,6,0,0,0,1778833956,939758380
462775000,2026,5,15,8,32,37,55,24,-452841,3,3,234,28,1274431534,367291541,98555,78630,970,1579,29,3,3,29,31763106,209,18000000,107,6,0,0,0,1778833957,70101148
462775125,2026,5,15,8,32,37,55,24,124547093,3,3,234,28,1274431534,367291541,98541,78616,970,1579,4,7,12,8,31763106,194,18000000,107,6,0,0,0,1778833957,190586144
462775250,2026,5,15,8,32,37,55,24,249547029,3,3,234,28,1274431535,367291541,98543,78618,970,1579,0,17,11,17,31763106,177,18000000,107,6,0,0,0,1778833957,316997552
462775375,2026,5,15,8,32,37,55,24,374546964,3,3,234,28,1274431534,367291542,98569,78644,970,1579,12,-38,-9,40,31763106,175,18000000,107,6,0,0,0,1778833957,439781961
462775500,2026,5,15,8,32,37,55,24,499546900,3,3,234,28,1274431534,367291542,98551,78626,970,1579,-6,13,4,14,31763106,173,18000000,107,6,0,0,0,1778833957,560449236
462775625,2026,5,15,8,32,37,55,24,624546835,3,3,234,28,1274431534,367291542,98554,78629,970,1579,27,11,2,29,31763106,213,18000000,107,6,0,0,0,1778833957,689813866
462775750,2026,5,15,8,32,37,55,24,749546771,3,3,234,28,1274431533,367291543,98564,78639,970,1579,37,-52,0,63,31763106,175,18000000,107,6,0,0,0,1778833957,814755454
462775875,2026,5,15,8,32,37,55,24,874546706,3,3,234,28,1274431534,367291541,98549,78624,970,1579,-65,40,0,77,31763106,189,14885410,107,6,0,0,0,1778833957,940375538
462776000,2026,5,15,8,32,38,55,24,-453357,3,3,234,28,1274431534,367291542,98535,78610,970,1579,-12,17,6,21,31763106,176,18000000,107,6,0,0,0,1778833958,69697445
462776125,2026,5,15,8,32,38,55,24,124546577,3,3,234,28,1274431534,367291543,98533,78608,970,1579,52,-22,-3,57,31763106,195,18000000,107,6,0,0,0,1778833958,188888433
462776250,2026,5,15,8,32,38,55,24,249546513,3,3,234,28,1274431534,367291542,98547,78622,969,1579,-13,6,-12,14,31763106,182,18000000,107,6,0,0,0,1778833958,314684412
462776375,2026,5,15,8,32,38,55,24,374546448,3,3,234,28,1274431534,367291542,98541,78616,969,1579,-19,25,2,31,31763106,176,18000000,107,6,0,0,0,1778833958,436958947
462776500,2026,5,15,8,32,38,55,24,499546384,3,3,234,28,1274431534,367291542,98539,78614,969,1579,-6,-2,-1,6,31763106,212,18000000,107,6,0,0,0,1778833958,564669312
462776625,2026,5,15,8,32,38,55,24,624546319,3,3,234,28,1274431534,367291543,98551,78626,969,1579,38,-4,-11,39,31763106,199,18000000,107,6,0,0,0,1778833958,689870705
462776750,2026,5,15,8,32,38,55,24,749546255,3,3,234,28,1274431533,367291542,98556,78631,969,1579,-65,-19,-13,67,31763106,212,14870904,107,6,0,0,0,1778833958,813802393
462776875,2026,5,15,8,32,38,55,24,874546190,3,3,234,28,1274431533,367291542,98556,78631,969,1579,9,10,-11,13,31763106,184,18000000,107,6,0,0,0,1778833958,937676971
462777000,2026,5,15,8,32,39,55,24,-453874,3,3,234,28,1274431533,367291543,98567,78642,969,1579,16,-6,-11,17,31763106,185,18000000,107,6,0,0,0,1778833959,67902932
462777125,2026,5,15,8,32,39,55,24,124546061,3,3,234,28,1274431533,367291543,98556,78631,969,1579,19,21,-5,28,31763106,203,18000000,107,6,0,0,0,1778833959,190190221
462777250,2026,5,15,8,32,39,55,24,249545996,3,3,234,28,1274431533,367291543,98567,78642,969,1579,2,-29,-11,29,31763106,179,18000000,107,6,0,0,0,1778833959,314532273
462777375,2026,5,15,8,32,39,55,24,374545932,3,3,234,28,1274431532,367291543,98587,78662,969,1579,-39,10,-18,40,31763106,196,18000000,107,6,0,0,0,1778833959,438751991
462777500,2026,5,15,8,32,39,55,24,499545868,3,3,234,28,1274431532,367291543,98533,78608,969,1579,2,-46,9,46,31763106,177,18000000,107,6,0,0,0,1778833959,563888361
462777625,2026,5,15,8,32,39,55,24,624545803,3,3,234,28,1274431533,367291544,98565,78640,969,1579,12,46,-21,48,31763106,182,18000000,107,6,0,0,0,1778833959,688307012
462777750,2026,5,15,8,32,39,55,24,749545738,3,3,234,28,1274431532,367291544,98567,78642,969,1579,7,-39,-19,39,31763106,179,18000000,107,6,0,0,0,1778833959,813816016
462777875,2026,5,15,8,32,39,55,24,874545674,3,3,234,28,1274431532,367291544,98579,78654,969,1580,-7,-4,-19,8,31763106,179,18000000,107,6,0,0,0,1778833959,938637006
462778000,2026,5,15,8,32,40,55,24,-454390,3,3,234,28,1274431533,367291544,98567,78642,969,1580,-15,54,-8,56,31763106,175,18000000,107,6,0,0,0,1778833960,69517378
462778125,2026,5,15,8,32,40,55,24,124545545,3,3,234,28,1274431533,367291544,98577,78652,969,1580,5,-5,-16,7,31763106,171,18000000,107,6,0,0,0,1778833960,190075314
462778250,2026,5,15,8,32,40,55,24,249545480,3,3,234,28,1274431533,367291544,98587,78662,969,1580,-8,1,-18,8,31763106,177,18000000,107,6,0,0,0,1778833960,313808641
462778375,2026,5,15,8,32,40,55,24,374545416,3,3,234,28,1274431534,367291545,98559,78633,969,1580,22,28,-5,36,31763106,204,18000000,107,6,0,0,0,1778833960,439355392
462778500,2026,5,15,8,32,40,55,24,499545351,3,3,234,28,1274431534,367291544,98573,78648,969,1580,-34,-5,-16,34,31763106,207,18000000,107,6,0,0,0,1778833960,564717131
462778625,2026,5,15,8,32,40,55,24,624545287,3,3,234,28,1274431534,367291545,98568,78643,969,1580,25,7,-10,26,31763106,205,18000000,107,6,0,0,0,1778833960,689552784
462778750,2026,5,15,8,32,40,55,24,749545222,3,3,234,28,1274431534,367291545,98544,78619,969,1580,15,-8,9,17,31763106,187,18000000,107,6,0,0,0,1778833960,814315080
462778875,2026,5,15,8,32,40,55,24,874545158,3,3,234,28,1274431534,367291546,98547,78622,969,1580,30,30,11,43,31763106,209,18000000,107,6,0,0,0,1778833960,938850768
