header.seq,header.stamp.secs,header.stamp.nsecs,header.frame_id,status.status,status.service,latitude,longitude,altitude,position_covariance,position_covariance_type,bag_t.secs,bag_t.nsecs
1177,1778833821,624617072,gps,0,0,36.7291506,127.44310689999999,98.383,0.4624000000000001;0.0;0.0;0.0;0.4624000000000001;0.0;0.0;0.0;1.577536,2,1778833821,686209428
1178,1778833821,749617008,gps,0,0,36.7291506,127.44310689999999,98.387,0.4637610000000001;0.0;0.0;0.0;0.4637610000000001;0.0;0.0;0.0;1.582564,2,1778833821,814583087
1179,1778833821,874616943,gps,0,0,36.7291506,127.4431068,98.391,0.4651240000000001;0.0;0.0;0.0;0.4651240000000001;0.0;0.0;0.0;1.5876000000000001,2,1778833821,939125728
1180,1778833821,999616880,gps,0,0,36.7291506,127.443107,98.386,0.4664890000000001;0.0;0.0;0.0;0.4664890000000001;0.0;0.0;0.0;1.5901209999999997,2,1778833822,69720766
1181,1778833822,124616814,gps,0,0,36.7291506,127.44310689999999,98.388,0.46785600000000005;0.0;0.0;0.0;0.46785600000000005;0.0;0.0;0.0;1.5951689999999998,2,1778833822,189956737
1182,1778833822,249616750,gps,0,0,36.7291506,127.44310689999999,98.372,0.46922500000000006;0.0;0.0;0.0;0.46922500000000006;0.0;0.0;0.0;1.6002249999999998,2,1778833822,315303523
1183,1778833822,374616685,gps,0,0,36.7291507,127.443107,98.384,0.47059600000000007;0.0;0.0;0.0;0.47059600000000007;0.0;0.0;0.0;1.6052889999999997,2,1778833822,439034442
1184,1778833822,499616621,gps,0,0,36.7291507,127.443107,98.375,0.47334399999999993;0.0;0.0;0.0;0.47334399999999993;0.0;0.0;0.0;1.6103609999999997,2,1778833822,560122082
1185,1778833822,624616556,gps,0,0,36.7291507,127.44310689999999,98.373,0.47472099999999995;0.0;0.0;0.0;0.47472099999999995;0.0;0.0;0.0;1.6154409999999997,2,1778833822,689113121
1186,1778833822,749616492,gps,0,0,36.7291507,127.44310709999999,98.378,0.4760999999999999;0.0;0.0;0.0;0.4760999999999999;0.0;0.0;0.0;1.6205289999999997,2,1778833822,814949262
1187,1778833822,874616427,gps,0,0,36.7291507,127.443107,98.395,0.47748099999999993;0.0;0.0;0.0;0.47748099999999993;0.0;0.0;0.0;1.6256249999999999,2,1778833822,939939130
1188,1778833822,999616364,gps,0,0,36.7291507,127.443107,98.36,0.47886399999999996;0.0;0.0;0.0;0.47886399999999996;0.0;0.0;0.0;1.6307289999999999,2,1778833823,70067023
1189,1778833823,124616298,gps,0,0,36.7291508,127.44310709999999,98.383,0.4802489999999999;0.0;0.0;0.0;0.4802489999999999;0.0;0.0;0.0;1.6358409999999999,2,1778833823,189467853
1190,1778833823,249616233,gps,0,0,36.7291507,127.443107,98.394,0.48163599999999995;0.0;0.0;0.0;0.48163599999999995;0.0;0.0;0.0;1.640961,2,1778833823,315140980
1191,1778833823,374616169,gps,0,0,36.7291507,127.443107,98.402,0.4830249999999999;0.0;0.0;0.0;0.4830249999999999;0.0;0.0;0.0;1.6460889999999997,2,1778833823,437417767
1192,1778833823,499616104,gps,0,0,36.7291507,127.443107,98.412,0.48441599999999996;0.0;0.0;0.0;0.48441599999999996;0.0;0.0;0.0;1.6512249999999997,2,1778833823,564942097
1193,1778833823,624616040,gps,0,0,36.7291507,127.44310689999999,98.399,0.48580899999999994;0.0;0.0;0.0;0.48580899999999994;0.0;0.0;0.0;1.653796,2,1778833823,689526464
1194,1778833823,749615975,gps,0,0,36.7291507,127.44310689999999,98.411,0.4872039999999999;0.0;0.0;0.0;0.4872039999999999;0.0;0.0;0.0;1.6589440000000002,2,1778833823,813357451
1195,1778833823,874615911,gps,0,0,36.7291507,127.443107,98.411,0.48860099999999995;0.0;0.0;0.0;0.48860099999999995;0.0;0.0;0.0;1.6641000000000001,2,1778833823,938239914
1196,1778833823,999615847,gps,0,0,36.7291507,127.44310689999999,98.4,0.48999999999999994;0.0;0.0;0.0;0.48999999999999994;0.0;0.0;0.0;1.669264,2,1778833824,67337597
1197,1778833824,124615781,gps,0,0,36.7291507,127.44310689999999,98.423,0.4914009999999999;0.0;0.0;0.0;0.4914009999999999;0.0;0.0;0.0;1.674436,2,1778833824,189336894
1198,1778833824,249615717,gps,0,0,36.7291507,127.443107,98.416,0.49420899999999995;0.0;0.0;0.0;0.49420899999999995;0.0;0.0;0.0;1.679616,2,1778833824,315824142
1199,1778833824,374615652,gps,0,0,36.7291507,127.44310709999999,98.43,0.49561599999999995;0.0;0.0;0.0;0.49561599999999995;0.0;0.0;0.0;1.6848040000000002,2,1778833824,439196455
1200,1778833824,499615588,gps,0,0,36.7291507,127.443107,98.434,0.49702499999999994;0.0;0.0;0.0;0.49702499999999994;0.0;0.0;0.0;1.6900000000000002,2,1778833824,564299117
1201,1778833824,624615523,gps,0,0,36.7291508,127.44310689999999,98.437,0.49843599999999993;0.0;0.0;0.0;0.49843599999999993;0.0;0.0;0.0;1.6952040000000002,2,1778833824,688714973
1202,1778833824,749615459,gps,0,0,36.7291508,127.44310689999999,98.43,0.5012639999999999;0.0;0.0;0.0;0.5012639999999999;0.0;0.0;0.0;1.7030249999999998,2,1778833824,813424334
1203,1778833824,874615394,gps,0,0,36.7291508,127.443107,98.421,0.5026809999999999;0.0;0.0;0.0;0.5026809999999999;0.0;0.0;0.0;1.708249,2,1778833824,939273905
1204,1778833824,999615331,gps,0,0,36.7291508,127.443107,98.419,0.5041;0.0;0.0;0.0;0.5041;0.0;0.0;0.0;1.7134809999999998,2,1778833825,69675567
1205,1778833825,124615265,gps,0,0,36.7291508,127.443107,98.411,0.506944;0.0;0.0;0.0;0.506944;0.0;0.0;0.0;1.718721,2,1778833825,190291321
1206,1778833825,249615201,gps,0,0,36.7291508,127.443107,98.432,0.508369;0.0;0.0;0.0;0.508369;0.0;0.0;0.0;1.7265960000000002,2,1778833825,313333978
1207,1778833825,374615136,gps,0,0,36.7291508,127.44310689999999,98.433,0.5097959999999999;0.0;0.0;0.0;0.5097959999999999;0.0;0.0;0.0;1.731856,2,1778833825,438300299
1208,1778833825,499615072,gps,0,0,36.7291509,127.44310689999999,98.425,0.512656;0.0;0.0;0.0;0.512656;0.0;0.0;0.0;1.7371240000000001,2,1778833825,564022800
1209,1778833825,624615007,gps,0,0,36.7291508,127.44310689999999,98.432,0.5140889999999999;0.0;0.0;0.0;0.5140889999999999;0.0;0.0;0.0;1.7424000000000002,2,1778833825,689689318
1210,1778833825,749614942,gps,0,0,36.7291508,127.443107,98.443,0.515524;0.0;0.0;0.0;0.515524;0.0;0.0;0.0;1.7476840000000002,2,1778833825,815213239
1211,1778833825,874614878,gps,0,0,36.7291508,127.44310689999999,98.458,0.5184;0.0;0.0;0.0;0.5184;0.0;0.0;0.0;1.752976,2,1778833825,940032806
1212,1778833825,999614814,gps,0,0,36.7291508,127.4431068,98.462,0.519841;0.0;0.0;0.0;0.519841;0.0;0.0;0.0;1.7582760000000002,2,1778833826,69113977
1213,1778833826,124614749,gps,0,0,36.7291508,127.4431068,98.459,0.521284;0.0;0.0;0.0;0.521284;0.0;0.0;0.0;1.7635840000000003,2,1778833826,184783364
1214,1778833826,249614684,gps,0,0,36.7291507,127.44310689999999,98.45700000000001,0.522729;0.0;0.0;0.0;0.522729;0.0;0.0;0.0;1.7689000000000001,2,1778833826,315841778
1215,1778833826,374614620,gps,0,0,36.7291508,127.443107,98.476,0.524176;0.0;0.0;0.0;0.524176;0.0;0.0;0.0;1.7742240000000002,2,1778833826,439763304
1216,1778833826,499614555,gps,0,0,36.7291507,127.44310689999999,98.458,0.527076;0.0;0.0;0.0;0.527076;0.0;0.0;0.0;1.7795560000000001,2,1778833826,566351067
1217,1778833826,624614491,gps,0,0,36.7291507,127.44310689999999,98.45,0.5285289999999999;0.0;0.0;0.0;0.5285289999999999;0.0;0.0;0.0;1.7848960000000003,2,1778833826,690063257
1218,1778833826,749614426,gps,0,0,36.7291508,127.44310689999999,98.44800000000001,0.529984;0.0;0.0;0.0;0.529984;0.0;0.0;0.0;1.7902440000000002,2,1778833826,813427420
1219,1778833826,874614362,gps,0,0,36.7291508,127.4431068,98.444,0.5314409999999999;0.0;0.0;0.0;0.5314409999999999;0.0;0.0;0.0;1.792921,2,1778833826,937330390
1220,1778833826,999614298,gps,0,0,36.7291508,127.4431068,98.459,0.5328999999999999;0.0;0.0;0.0;0.5328999999999999;0.0;0.0;0.0;1.798281,2,1778833827,63903735
1221,1778833827,124614232,gps,0,0,36.7291508,127.44310689999999,98.452,0.534361;0.0;0.0;0.0;0.534361;0.0;0.0;0.0;1.8036489999999998,2,1778833827,189433162
1222,1778833827,249614168,gps,0,0,36.7291508,127.44310689999999,98.473,0.537289;0.0;0.0;0.0;0.537289;0.0;0.0;0.0;1.8090249999999999,2,1778833827,316175433
1223,1778833827,374614103,gps,0,0,36.7291508,127.44310689999999,98.467,0.538756;0.0;0.0;0.0;0.538756;0.0;0.0;0.0;1.814409,2,1778833827,440013283
1224,1778833827,499614039,gps,0,0,36.7291508,127.44310689999999,98.456,0.540225;0.0;0.0;0.0;0.540225;0.0;0.0;0.0;1.819801,2,1778833827,564978199
1225,1778833827,624613974,gps,0,0,36.7291508,127.443107,98.48100000000001,0.543169;0.0;0.0;0.0;0.543169;0.0;0.0;0.0;1.8252009999999999,2,1778833827,689036916
1226,1778833827,749613910,gps,0,0,36.7291509,127.443107,98.482,0.544644;0.0;0.0;0.0;0.544644;0.0;0.0;0.0;1.8279040000000002,2,1778833827,814298999
1227,1778833827,874613845,gps,0,0,36.7291508,127.44310689999999,98.488,0.546121;0.0;0.0;0.0;0.546121;0.0;0.0;0.0;1.8333160000000002,2,1778833827,937122091
1228,1778833827,999613781,gps,0,0,36.7291509,127.44310689999999,98.47500000000001,0.549081;0.0;0.0;0.0;0.549081;0.0;0.0;0.0;1.8387360000000001,2,1778833828,69891480
1229,1778833828,124613716,gps,0,0,36.7291508,127.443107,98.462,0.5505639999999999;0.0;0.0;0.0;0.5505639999999999;0.0;0.0;0.0;1.8441640000000004,2,1778833828,190106340
1230,1778833828,249613651,gps,0,0,36.7291508,127.44310689999999,98.5,0.552049;0.0;0.0;0.0;0.552049;0.0;0.0;0.0;1.8496000000000004,2,1778833828,315326087
1231,1778833828,374613587,gps,0,0,36.7291509,127.443107,98.467,0.553536;0.0;0.0;0.0;0.553536;0.0;0.0;0.0;1.8550440000000004,2,1778833828,439368902
1232,1778833828,499613522,gps,0,0,36.7291509,127.443107,98.477,0.556516;0.0;0.0;0.0;0.556516;0.0;0.0;0.0;1.857769,2,1778833828,564721727
1233,1778833828,624613458,gps,0,0,36.7291509,127.443107,98.461,0.558009;0.0;0.0;0.0;0.558009;0.0;0.0;0.0;1.863225,2,1778833828,689291936
1234,1778833828,749613393,gps,0,0,36.7291509,127.443107,98.455,0.559504;0.0;0.0;0.0;0.559504;0.0;0.0;0.0;1.868689,2,1778833828,814705209
1235,1778833828,874613329,gps,0,0,36.7291509,127.443107,98.46000000000001,0.561001;0.0;0.0;0.0;0.561001;0.0;0.0;0.0;1.8714240000000002,2,1778833828,940022818
1236,1778833828,999613265,gps,0,0,36.7291509,127.443107,98.44,0.5625;0.0;0.0;0.0;0.5625;0.0;0.0;0.0;1.8769000000000002,2,1778833829,69691893
1237,1778833829,124613200,gps,0,0,36.7291509,127.44310709999999,98.449,0.564001;0.0;0.0;0.0;0.564001;0.0;0.0;0.0;1.8823840000000003,2,1778833829,188689134
1238,1778833829,249613135,gps,0,0,36.729151,127.44310709999999,98.44500000000001,0.565504;0.0;0.0;0.0;0.565504;0.0;0.0;0.0;1.885129,2,1778833829,314421315
1239,1778833829,374613070,gps,0,0,36.7291509,127.44310709999999,98.437,0.567009;0.0;0.0;0.0;0.567009;0.0;0.0;0.0;1.890625,2,1778833829,438415172
1240,1778833829,499613006,gps,0,0,36.7291509,127.44310709999999,98.452,0.568516;0.0;0.0;0.0;0.568516;0.0;0.0;0.0;1.896129,2,1778833829,564743708
1241,1778833829,624612941,gps,0,0,36.729151,127.443107,98.441,0.570025;0.0;0.0;0.0;0.570025;0.0;0.0;0.0;1.8988839999999998,2,1778833829,688677561
1242,1778833829,749612877,gps,0,0,36.7291509,127.44310709999999,98.426,0.571536;0.0;0.0;0.0;0.571536;0.0;0.0;0.0;1.9043999999999996,2,1778833829,809486344
1243,1778833829,874612812,gps,0,0,36.729151,127.4431072,98.431,0.573049;0.0;0.0;0.0;0.573049;0.0;0.0;0.0;1.9099239999999997,2,1778833829,936763957
1244,1778833829,999612749,gps,0,0,36.729151,127.443107,98.44500000000001,0.574564;0.0;0.0;0.0;0.574564;0.0;0.0;0.0;1.912689,2,1778833830,66241239
1245,1778833830,124612683,gps,0,0,36.729151099999996,127.44310709999999,98.429,0.5760810000000001;0.0;0.0;0.0;0.5760810000000001;0.0;0.0;0.0;1.918225,2,1778833830,189019873
1246,1778833830,249612619,gps,0,0,36.729151099999996,127.44310709999999,98.411,0.579121;0.0;0.0;0.0;0.579121;0.0;0.0;0.0;1.923769,2,1778833830,315082520
1247,1778833830,374612554,gps,0,0,36.729151,127.44310709999999,98.416,0.580644;0.0;0.0;0.0;0.580644;0.0;0.0;0.0;1.929321,2,1778833830,439590405
1248,1778833830,499612489,gps,0,0,36.729151099999996,127.44310709999999,98.428,0.582169;0.0;0.0;0.0;0.582169;0.0;0.0;0.0;1.9320999999999997,2,1778833830,564364002
1249,1778833830,624612425,gps,0,0,36.729151099999996,127.44310709999999,98.407,0.583696;0.0;0.0;0.0;0.583696;0.0;0.0;0.0;1.9376639999999998,2,1778833830,685936693
1250,1778833830,749612360,gps,0,0,36.729151099999996,127.443107,98.416,0.583696;0.0;0.0;0.0;0.583696;0.0;0.0;0.0;1.940449,2,1778833830,813507176
1251,1778833830,874612296,gps,0,0,36.729151099999996,127.44310709999999,98.416,0.585225;0.0;0.0;0.0;0.585225;0.0;0.0;0.0;1.9460250000000001,2,1778833830,938389031
1252,1778833830,999612232,gps,0,0,36.729151099999996,127.44310709999999,98.426,0.586756;0.0;0.0;0.0;0.586756;0.0;0.0;0.0;1.9516090000000001,2,1778833831,68844718
1253,1778833831,124612167,gps,0,0,36.7291512,127.4431072,98.394,0.5882890000000001;0.0;0.0;0.0;0.5882890000000001;0.0;0.0;0.0;1.9544039999999998,2,1778833831,188872887
1254,1778833831,249612102,gps,0,0,36.729151099999996,127.44310709999999,98.411,0.589824;0.0;0.0;0.0;0.589824;0.0;0.0;0.0;1.9599999999999997,2,1778833831,314378872
1255,1778833831,374612037,gps,0,0,36.729151099999996,127.44310709999999,98.429,0.591361;0.0;0.0;0.0;0.591361;0.0;0.0;0.0;1.962801,2,1778833831,437363452
1256,1778833831,499611973,gps,0,0,36.729151,127.4431072,98.405,0.5929;0.0;0.0;0.0;0.5929;0.0;0.0;0.0;1.968409,2,1778833831,559020013
1257,1778833831,624611908,gps,0,0,36.729151,127.4431072,98.401,0.594441;0.0;0.0;0.0;0.594441;0.0;0.0;0.0;1.9740250000000001,2,1778833831,688140607
1258,1778833831,749611844,gps,0,0,36.7291509,127.4431072,98.422,0.5959840000000001;0.0;0.0;0.0;0.5959840000000001;0.0;0.0;0.0;1.9768359999999998,2,1778833831,814248588
1259,1778833831,874611779,gps,0,0,36.7291509,127.4431073,98.44,0.597529;0.0;0.0;0.0;0.597529;0.0;0.0;0.0;1.9824639999999998,2,1778833831,939316269
1260,1778833831,999611715,gps,0,0,36.7291508,127.4431073,98.435,0.599076;0.0;0.0;0.0;0.599076;0.0;0.0;0.0;1.985281,2,1778833832,69628545
1261,1778833832,124611650,gps,0,0,36.7291507,127.44310739999999,98.418,0.6006250000000001;0.0;0.0;0.0;0.6006250000000001;0.0;0.0;0.0;1.9909210000000002,2,1778833832,188980405
1262,1778833832,249611585,gps,0,0,36.7291506,127.44310739999999,98.44800000000001,0.602176;0.0;0.0;0.0;0.602176;0.0;0.0;0.0;1.9937439999999997,2,1778833832,314938397
1263,1778833832,374611521,gps,0,0,36.7291506,127.44310759999999,98.42,0.6037290000000001;0.0;0.0;0.0;0.6037290000000001;0.0;0.0;0.0;1.9993959999999997,2,1778833832,436660511
1264,1778833832,499611456,gps,0,0,36.729150499999996,127.44310759999999,98.443,0.605284;0.0;0.0;0.0;0.605284;0.0;0.0;0.0;2.002225,2,1778833832,564807024
1265,1778833832,624611392,gps,0,0,36.7291503,127.44310779999999,98.435,0.6068410000000001;0.0;0.0;0.0;0.6068410000000001;0.0;0.0;0.0;2.007889,2,1778833832,689322755
1266,1778833832,749611327,gps,0,0,36.7291502,127.4431079,98.42,0.6099610000000001;0.0;0.0;0.0;0.6099610000000001;0.0;0.0;0.0;2.013561,2,1778833832,812758546
1267,1778833832,874611262,gps,0,0,36.7291501,127.4431079,98.441,0.6115240000000001;0.0;0.0;0.0;0.6115240000000001;0.0;0.0;0.0;2.0164,2,1778833832,937092039
1268,1778833832,999611199,gps,0,0,36.72915,127.443108,98.416,0.6146560000000001;0.0;0.0;0.0;0.6146560000000001;0.0;0.0;0.0;2.022084,2,1778833833,67495620
1269,1778833833,124611133,gps,0,0,36.7291498,127.44310809999999,98.45400000000001,0.616225;0.0;0.0;0.0;0.616225;0.0;0.0;0.0;2.027776,2,1778833833,188223307
1270,1778833833,249611069,gps,0,0,36.7291497,127.4431084,98.418,0.617796;0.0;0.0;0.0;0.617796;0.0;0.0;0.0;2.033476,2,1778833833,314723165
1271,1778833833,374611004,gps,0,0,36.7291495,127.44310829999999,98.438,0.620944;0.0;0.0;0.0;0.620944;0.0;0.0;0.0;2.0363290000000003,2,1778833833,438973521
1272,1778833833,499610940,gps,0,0,36.7291494,127.4431085,98.417,0.6225210000000001;0.0;0.0;0.0;0.6225210000000001;0.0;0.0;0.0;2.042041,2,1778833833,563265502
1273,1778833833,624610875,gps,0,0,36.729149299999996,127.4431087,98.425,0.625681;0.0;0.0;0.0;0.625681;0.0;0.0;0.0;2.047761,2,1778833833,687773421
1274,1778833833,749610810,gps,0,0,36.729149199999995,127.44310859999999,98.44200000000001,0.627264;0.0;0.0;0.0;0.627264;0.0;0.0;0.0;2.0534890000000003,2,1778833833,813180448
1275,1778833833,874610746,gps,0,0,36.729149,127.4431087,98.43,0.6304360000000001;0.0;0.0;0.0;0.6304360000000001;0.0;0.0;0.0;2.059225,2,1778833833,937860535
1276,1778833833,999610682,gps,0,0,36.7291489,127.4431089,98.407,0.6320250000000001;0.0;0.0;0.0;0.6320250000000001;0.0;0.0;0.0;2.064969,2,1778833834,68112948
1277,1778833834,124610617,gps,0,0,36.7291489,127.4431091,98.416,0.635209;0.0;0.0;0.0;0.635209;0.0;0.0;0.0;2.067844,2,1778833834,189243241
1278,1778833834,249610552,gps,0,0,36.729148699999996,127.4431091,98.402,0.636804;0.0;0.0;0.0;0.636804;0.0;0.0;0.0;2.0736,2,1778833834,312173893
1279,1778833834,374610488,gps,0,0,36.729148599999995,127.4431091,98.422,0.6400000000000001;0.0;0.0;0.0;0.6400000000000001;0.0;0.0;0.0;2.079364,2,1778833834,437452148
1280,1778833834,499610423,gps,0,0,36.7291485,127.4431094,98.406,0.6416010000000001;0.0;0.0;0.0;0.6416010000000001;0.0;0.0;0.0;2.085136,2,1778833834,562388266
1281,1778833834,624610359,gps,0,0,36.7291485,127.4431094,98.396,0.6432040000000001;0.0;0.0;0.0;0.6432040000000001;0.0;0.0;0.0;2.090916,2,1778833834,688252689
1282,1778833834,749610294,gps,0,0,36.7291484,127.44310949999999,98.387,0.6464160000000001;0.0;0.0;0.0;0.6464160000000001;0.0;0.0;0.0;2.0938090000000003,2,1778833834,813364235
1283,1778833834,874610230,gps,0,0,36.7291483,127.4431096,98.399,0.6480250000000001;0.0;0.0;0.0;0.6480250000000001;0.0;0.0;0.0;2.0996010000000003,2,1778833834,939159385
1284,1778833834,999610166,gps,0,0,36.7291482,127.4431096,98.388,0.6496360000000001;0.0;0.0;0.0;0.6496360000000001;0.0;0.0;0.0;2.105401,2,1778833835,69581906
1285,1778833835,124610100,gps,0,0,36.7291482,127.4431097,98.38,0.6512490000000001;0.0;0.0;0.0;0.6512490000000001;0.0;0.0;0.0;2.108304,2,1778833835,185195788
1286,1778833835,249610036,gps,0,0,36.7291482,127.4431097,98.371,0.6528640000000001;0.0;0.0;0.0;0.6528640000000001;0.0;0.0;0.0;2.1141159999999997,2,1778833835,314972062
1287,1778833835,374609971,gps,0,0,36.729148099999996,127.44310979999999,98.38,0.6544810000000001;0.0;0.0;0.0;0.6544810000000001;0.0;0.0;0.0;2.119936,2,1778833835,438154958
1288,1778833835,499609907,gps,0,0,36.729147999999995,127.44310979999999,98.366,0.6561000000000001;0.0;0.0;0.0;0.6561000000000001;0.0;0.0;0.0;2.1228490000000004,2,1778833835,565260121
1289,1778833835,624609842,gps,0,0,36.729147999999995,127.4431099,98.35300000000001,0.659344;0.0;0.0;0.0;0.659344;0.0;0.0;0.0;2.1286810000000003,2,1778833835,690153002
1290,1778833835,749609778,gps,0,0,36.729147999999995,127.44310999999999,98.358,0.6609689999999999;0.0;0.0;0.0;0.6609689999999999;0.0;0.0;0.0;2.1345210000000003,2,1778833835,815400787
1291,1778833835,874609713,gps,0,0,36.7291478,127.4431101,98.358,0.662596;0.0;0.0;0.0;0.662596;0.0;0.0;0.0;2.140369,2,1778833835,939794022
1292,1778833835,999609649,gps,0,0,36.7291477,127.4431103,98.339,0.664225;0.0;0.0;0.0;0.664225;0.0;0.0;0.0;2.143296,2,1778833836,65106756
1293,1778833836,124609584,gps,0,0,36.7291477,127.4431103,98.34,0.6658559999999999;0.0;0.0;0.0;0.6658559999999999;0.0;0.0;0.0;2.149156,2,1778833836,190452303
1294,1778833836,249609519,gps,0,0,36.729147499999996,127.4431104,98.34400000000001,0.6674889999999999;0.0;0.0;0.0;0.6674889999999999;0.0;0.0;0.0;2.155024,2,1778833836,316875298
1295,1778833836,374609455,gps,0,0,36.729147499999996,127.4431106,98.33200000000001,0.6691239999999999;0.0;0.0;0.0;0.6691239999999999;0.0;0.0;0.0;2.1609,2,1778833836,441438177
1296,1778833836,499609390,gps,0,0,36.7291473,127.44311069999999,98.33500000000001,0.6707609999999999;0.0;0.0;0.0;0.6707609999999999;0.0;0.0;0.0;2.166784,2,1778833836,567012724
1297,1778833836,624609326,gps,0,0,36.7291472,127.4431109,98.336,0.6740409999999999;0.0;0.0;0.0;0.6740409999999999;0.0;0.0;0.0;2.172676,2,1778833836,690202360
1298,1778833836,749609261,gps,0,0,36.7291471,127.4431111,98.336,0.675684;0.0;0.0;0.0;0.675684;0.0;0.0;0.0;2.175625,2,1778833836,815424043
1299,1778833836,874609196,gps,0,0,36.729146899999996,127.44311119999999,98.337,0.677329;0.0;0.0;0.0;0.677329;0.0;0.0;0.0;2.1815290000000003,2,1778833836,938716568
1300,1778833836,999609133,gps,0,0,36.729146799999995,127.44311139999999,98.328,0.6789759999999999;0.0;0.0;0.0;0.6789759999999999;0.0;0.0;0.0;2.187441,2,1778833837,70396668
1301,1778833837,124609067,gps,0,0,36.7291466,127.44311169999999,98.324,0.6806249999999999;0.0;0.0;0.0;0.6806249999999999;0.0;0.0;0.0;2.1933610000000003,2,1778833837,191459677
1302,1778833837,249609003,gps,0,0,36.7291464,127.4431118,98.322,0.6822759999999999;0.0;0.0;0.0;0.6822759999999999;0.0;0.0;0.0;2.1992890000000003,2,1778833837,316942762
1303,1778833837,374608938,gps,0,0,36.7291461,127.44311189999999,98.31,0.6839289999999999;0.0;0.0;0.0;0.6839289999999999;0.0;0.0;0.0;2.2052250000000004,2,1778833837,439425856
1304,1778833837,499608873,gps,0,0,36.729146,127.4431123,98.31,0.685584;0.0;0.0;0.0;0.685584;0.0;0.0;0.0;2.2111690000000004,2,1778833837,564963600
1305,1778833837,624608809,gps,0,0,36.7291457,127.44311259999999,98.311,0.6872409999999999;0.0;0.0;0.0;0.6872409999999999;0.0;0.0;0.0;2.217121,2,1778833837,689937850
1306,1778833837,749608744,gps,0,0,36.7291455,127.4431128,98.287,0.6889;0.0;0.0;0.0;0.6889;0.0;0.0;0.0;2.2230810000000005,2,1778833837,816115832
1307,1778833837,874608680,gps,0,0,36.7291452,127.44311309999999,98.273,0.692224;0.0;0.0;0.0;0.692224;0.0;0.0;0.0;2.2290490000000003,2,1778833837,941081590
1308,1778833837,999608616,gps,0,0,36.729144999999995,127.4431133,98.276,0.693889;0.0;0.0;0.0;0.693889;0.0;0.0;0.0;2.2350250000000003,2,1778833838,71352779
1309,1778833838,124608551,gps,0,0,36.7291446,127.44311359999999,98.296,0.695556;0.0;0.0;0.0;0.695556;0.0;0.0;0.0;2.2410090000000005,2,1778833838,190230467
1310,1778833838,249608486,gps,0,0,36.729144399999996,127.4431139,98.274,0.697225;0.0;0.0;0.0;0.697225;0.0;0.0;0.0;2.2470010000000005,2,1778833838,316362892
1311,1778833838,374608421,gps,0,0,36.729144,127.4431142,98.262,0.698896;0.0;0.0;0.0;0.698896;0.0;0.0;0.0;2.253001,2,1778833838,441060970
1312,1778833838,499608357,gps,0,0,36.7291437,127.4431146,98.239,0.700569;0.0;0.0;0.0;0.700569;0.0;0.0;0.0;2.259009,2,1778833838,566945111
1313,1778833838,624608292,gps,0,0,36.7291435,127.4431149,98.28,0.702244;0.0;0.0;0.0;0.702244;0.0;0.0;0.0;2.262016,2,1778833838,691299826
1314,1778833838,749608228,gps,0,0,36.7291431,127.4431152,98.23700000000001,0.7039209999999999;0.0;0.0;0.0;0.7039209999999999;0.0;0.0;0.0;2.268036,2,1778833838,813108612
1315,1778833838,874608163,gps,0,0,36.7291427,127.44311549999999,98.253,0.7055999999999999;0.0;0.0;0.0;0.7055999999999999;0.0;0.0;0.0;2.274064,2,1778833838,939053074
1316,1778833838,999608099,gps,0,0,36.7291424,127.4431158,98.248,0.7072809999999999;0.0;0.0;0.0;0.7072809999999999;0.0;0.0;0.0;2.277081,2,1778833839,69234327
1317,1778833839,124608034,gps,0,0,36.7291422,127.44311619999999,98.263,0.7089639999999999;0.0;0.0;0.0;0.7089639999999999;0.0;0.0;0.0;2.2831209999999995,2,1778833839,189983084
1318,1778833839,249607969,gps,0,0,36.729141899999995,127.4431163,98.258,0.710649;0.0;0.0;0.0;0.710649;0.0;0.0;0.0;2.289169,2,1778833839,315322927
1319,1778833839,374607905,gps,0,0,36.7291417,127.4431166,98.227,0.712336;0.0;0.0;0.0;0.712336;0.0;0.0;0.0;2.295225,2,1778833839,439424656
1320,1778833839,499607840,gps,0,0,36.729141299999995,127.44311689999999,98.284,0.7140249999999999;0.0;0.0;0.0;0.7140249999999999;0.0;0.0;0.0;2.298256,2,1778833839,564442213
1321,1778833839,624607775,gps,0,0,36.729141,127.44311719999999,98.266,0.7157159999999999;0.0;0.0;0.0;0.7157159999999999;0.0;0.0;0.0;2.3043240000000003,2,1778833839,686217179
1322,1778833839,749607711,gps,0,0,36.729140699999995,127.4431176,98.247,0.717409;0.0;0.0;0.0;0.717409;0.0;0.0;0.0;2.3104,2,1778833839,814234099
1323,1778833839,874607646,gps,0,0,36.729140099999995,127.443118,98.23100000000001,0.719104;0.0;0.0;0.0;0.719104;0.0;0.0;0.0;2.316484,2,1778833839,939554583
1324,1778833839,999607583,gps,0,0,36.7291394,127.4431187,98.233,0.7208009999999999;0.0;0.0;0.0;0.7208009999999999;0.0;0.0;0.0;2.3195289999999997,2,1778833840,70074422
1325,1778833840,124607517,gps,0,0,36.7291388,127.44311979999999,98.23,0.7224999999999999;0.0;0.0;0.0;0.7224999999999999;0.0;0.0;0.0;2.3256249999999996,2,1778833840,190036257
1326,1778833840,249607453,gps,0,0,36.7291378,127.44312049999999,98.23400000000001,0.724201;0.0;0.0;0.0;0.724201;0.0;0.0;0.0;2.3317289999999997,2,1778833840,315506842
1327,1778833840,374607388,gps,0,0,36.7291368,127.4431216,98.22,0.725904;0.0;0.0;0.0;0.725904;0.0;0.0;0.0;2.3378409999999996,2,1778833840,439817710
1328,1778833840,499607323,gps,0,0,36.7291356,127.44312289999999,98.21600000000001,0.727609;0.0;0.0;0.0;0.727609;0.0;0.0;0.0;2.3409,2,1778833840,561028030
1329,1778833840,624607259,gps,0,0,36.7291343,127.4431242,98.22200000000001,0.729316;0.0;0.0;0.0;0.729316;0.0;0.0;0.0;2.347024,2,1778833840,688468695
1330,1778833840,749607194,gps,0,0,36.729133,127.44312579999999,98.19500000000001,0.7310249999999999;0.0;0.0;0.0;0.7310249999999999;0.0;0.0;0.0;2.3531560000000002,2,1778833840,814677610
1331,1778833840,874607130,gps,0,0,36.729131699999996,127.4431279,98.214,0.7327359999999999;0.0;0.0;0.0;0.7327359999999999;0.0;0.0;0.0;2.359296,2,1778833840,939444418
1332,1778833840,999607066,gps,0,0,36.7291303,127.4431298,98.22,0.734449;0.0;0.0;0.0;0.734449;0.0;0.0;0.0;2.3623689999999997,2,1778833841,69250200
1333,1778833841,124607000,gps,0,0,36.7291288,127.44313199999999,98.206,0.7361639999999999;0.0;0.0;0.0;0.7361639999999999;0.0;0.0;0.0;2.368521,2,1778833841,188498739
1334,1778833841,249606936,gps,0,0,36.7291275,127.4431343,98.179,0.7361639999999999;0.0;0.0;0.0;0.7361639999999999;0.0;0.0;0.0;2.3716,2,1778833841,314433295
1335,1778833841,374606871,gps,0,0,36.729126,127.4431367,98.174,0.737881;0.0;0.0;0.0;0.737881;0.0;0.0;0.0;2.377764,2,1778833841,437128980
1336,1778833841,499606806,gps,0,0,36.729124399999996,127.4431391,98.19500000000001,0.7395999999999999;0.0;0.0;0.0;0.7395999999999999;0.0;0.0;0.0;2.380849,2,1778833841,563922268
1337,1778833841,624606742,gps,0,0,36.7291228,127.4431415,98.185,0.741321;0.0;0.0;0.0;0.741321;0.0;0.0;0.0;2.387025,2,1778833841,689079191
1338,1778833841,749606677,gps,0,0,36.729121299999996,127.4431437,98.151,0.741321;0.0;0.0;0.0;0.741321;0.0;0.0;0.0;2.390116,2,1778833841,813459237
1339,1778833841,874606613,gps,0,0,36.7291198,127.44314589999999,98.152,0.7430439999999999;0.0;0.0;0.0;0.7430439999999999;0.0;0.0;0.0;2.3932089999999997,2,1778833841,938081041
1340,1778833841,999606549,gps,0,0,36.7291184,127.44314809999999,98.156,0.744769;0.0;0.0;0.0;0.744769;0.0;0.0;0.0;2.396304,2,1778833842,68583431
1341,1778833842,124606484,gps,0,0,36.729117099999996,127.4431499,98.145,0.744769;0.0;0.0;0.0;0.744769;0.0;0.0;0.0;2.3994009999999997,2,1778833842,188387632
1342,1778833842,249606419,gps,0,0,36.729115799999995,127.443152,98.135,0.7464959999999999;0.0;0.0;0.0;0.7464959999999999;0.0;0.0;0.0;2.4025000000000003,2,1778833842,314725135
1343,1778833842,374606354,gps,0,0,36.7291144,127.4431539,98.143,0.748225;0.0;0.0;0.0;0.748225;0.0;0.0;0.0;2.405601,2,1778833842,439343019
1344,1778833842,499606290,gps,0,0,36.7291132,127.4431558,98.11200000000001,0.749956;0.0;0.0;0.0;0.749956;0.0;0.0;0.0;2.408704,2,1778833842,563951760
1345,1778833842,624606225,gps,0,0,36.7291117,127.4431578,98.09400000000001,0.749956;0.0;0.0;0.0;0.749956;0.0;0.0;0.0;2.4149160000000003,2,1778833842,688334457
1346,1778833842,749606160,gps,0,0,36.72911,127.44315979999999,98.10900000000001,0.7516889999999999;0.0;0.0;0.0;0.7516889999999999;0.0;0.0;0.0;2.4180249999999996,2,1778833842,814075282
1347,1778833842,874606096,gps,0,0,36.7291083,127.443162,98.08500000000001,0.753424;0.0;0.0;0.0;0.753424;0.0;0.0;0.0;2.421136,2,1778833842,939445482
1348,1778833842,999606032,gps,0,0,36.7291066,127.44316429999999,98.071,0.755161;0.0;0.0;0.0;0.755161;0.0;0.0;0.0;2.4242489999999997,2,1778833843,69904197
1349,1778833843,124605967,gps,0,0,36.7291048,127.44316669999999,98.052,0.7569;0.0;0.0;0.0;0.7569;0.0;0.0;0.0;2.4273640000000003,2,1778833843,189827192
1350,1778833843,249605902,gps,0,0,36.729102999999995,127.4431693,98.07900000000001,0.7569;0.0;0.0;0.0;0.7569;0.0;0.0;0.0;2.430481,2,1778833843,313318066
1351,1778833843,374605837,gps,0,0,36.729101,127.4431716,98.051,0.758641;0.0;0.0;0.0;0.758641;0.0;0.0;0.0;2.4336,2,1778833843,439017928
1352,1778833843,499605773,gps,0,0,36.7290992,127.4431741,98.039,0.760384;0.0;0.0;0.0;0.760384;0.0;0.0;0.0;2.436721,2,1778833843,564121255
1353,1778833843,624605708,gps,0,0,36.7290971,127.4431766,98.026,0.762129;0.0;0.0;0.0;0.762129;0.0;0.0;0.0;2.4398440000000003,2,1778833843,689393429
1354,1778833843,749605643,gps,0,0,36.729095099999995,127.4431793,98.038,0.763876;0.0;0.0;0.0;0.763876;0.0;0.0;0.0;2.4429689999999997,2,1778833843,814848319
1355,1778833843,874605579,gps,0,0,36.729093,127.44318209999999,98.005,0.765625;0.0;0.0;0.0;0.765625;0.0;0.0;0.0;2.4460960000000003,2,1778833843,939761259
1356,1778833843,999605515,gps,0,0,36.7290907,127.443185,97.979,0.767376;0.0;0.0;0.0;0.767376;0.0;0.0;0.0;2.4492249999999998,2,1778833844,69362859
1357,1778833844,124605450,gps,0,0,36.7290883,127.4431881,97.974,0.769129;0.0;0.0;0.0;0.769129;0.0;0.0;0.0;2.455489,2,1778833844,186899234
1358,1778833844,249605385,gps,0,0,36.7290858,127.4431913,97.97200000000001,0.770884;0.0;0.0;0.0;0.770884;0.0;0.0;0.0;2.4586240000000004,2,1778833844,315231341
1359,1778833844,374605320,gps,0,0,36.7290834,127.4431944,97.96000000000001,0.772641;0.0;0.0;0.0;0.772641;0.0;0.0;0.0;2.4617609999999996,2,1778833844,439494892
1360,1778833844,499605256,gps,0,0,36.7290809,127.4431977,97.915,0.772641;0.0;0.0;0.0;0.772641;0.0;0.0;0.0;2.4617609999999996,2,1778833844,564946667
1361,1778833844,624605191,gps,0,0,36.7290784,127.44320099999999,97.91,0.7744;0.0;0.0;0.0;0.7744;0.0;0.0;0.0;2.4649,2,1778833844,689627185
1362,1778833844,749605127,gps,0,0,36.7290759,127.44320429999999,97.906,0.7744;0.0;0.0;0.0;0.7744;0.0;0.0;0.0;2.4649,2,1778833844,813253127
1363,1778833844,874605062,gps,0,0,36.7290734,127.4432076,97.891,0.776161;0.0;0.0;0.0;0.776161;0.0;0.0;0.0;2.468041,2,1778833844,938373193
1364,1778833844,999604998,gps,0,0,36.729070899999996,127.44321079999999,97.878,0.776161;0.0;0.0;0.0;0.776161;0.0;0.0;0.0;2.468041,2,1778833845,63959329
1365,1778833845,124604933,gps,0,0,36.7290687,127.443214,97.88,0.7779240000000001;0.0;0.0;0.0;0.7779240000000001;0.0;0.0;0.0;2.471184,2,1778833845,189322395
1366,1778833845,249604868,gps,0,0,36.7290664,127.4432171,97.866,0.7779240000000001;0.0;0.0;0.0;0.7779240000000001;0.0;0.0;0.0;2.474329,2,1778833845,315193303
1367,1778833845,374604803,gps,0,0,36.729064199999996,127.44322,97.87,0.779689;0.0;0.0;0.0;0.779689;0.0;0.0;0.0;2.474329,2,1778833845,440039802
1368,1778833845,499604739,gps,0,0,36.7290619,127.4432228,97.85300000000001,0.779689;0.0;0.0;0.0;0.779689;0.0;0.0;0.0;2.4774760000000002,2,1778833845,565053295
1369,1778833845,624604674,gps,0,0,36.7290598,127.44322559999999,97.871,0.781456;0.0;0.0;0.0;0.781456;0.0;0.0;0.0;2.4774760000000002,2,1778833845,689242402
1370,1778833845,749604610,gps,0,0,36.7290576,127.4432283,97.85900000000001,0.7832250000000001;0.0;0.0;0.0;0.7832250000000001;0.0;0.0;0.0;2.480625,2,1778833845,814765346
1371,1778833845,874604545,gps,0,0,36.729055599999995,127.4432308,97.87,0.7832250000000001;0.0;0.0;0.0;0.7832250000000001;0.0;0.0;0.0;2.480625,2,1778833845,938808326
1372,1778833845,999604481,gps,0,0,36.7290536,127.44323329999999,97.854,0.7832250000000001;0.0;0.0;0.0;0.7832250000000001;0.0;0.0;0.0;2.480625,2,1778833846,71075048
1373,1778833846,124604416,gps,0,0,36.7290517,127.44323569999999,97.854,0.7832250000000001;0.0;0.0;0.0;0.7832250000000001;0.0;0.0;0.0;2.480625,2,1778833846,190471291
1374,1778833846,249604351,gps,0,0,36.7290499,127.44323809999999,97.881,0.784996;0.0;0.0;0.0;0.784996;0.0;0.0;0.0;2.480625,2,1778833846,315431173
1375,1778833846,374604286,gps,0,0,36.729048,127.4432403,97.84700000000001,0.786769;0.0;0.0;0.0;0.786769;0.0;0.0;0.0;2.483776,2,1778833846,439964713
1376,1778833846,499604222,gps,0,0,36.7290461,127.44324259999999,97.849,0.786769;0.0;0.0;0.0;0.786769;0.0;0.0;0.0;2.486929,2,1778833846,564190467
1377,1778833846,624604157,gps,0,0,36.7290444,127.44324499999999,97.831,0.788544;0.0;0.0;0.0;0.788544;0.0;0.0;0.0;2.4900840000000004,2,1778833846,689158871
1378,1778833846,749604092,gps,0,0,36.7290425,127.4432475,97.837,0.788544;0.0;0.0;0.0;0.788544;0.0;0.0;0.0;2.493241,2,1778833846,814818454
1379,1778833846,874604028,gps,0,0,36.7290406,127.4432502,97.82000000000001,0.790321;0.0;0.0;0.0;0.790321;0.0;0.0;0.0;2.493241,2,1778833846,939810668
1380,1778833846,999603964,gps,0,0,36.7290384,127.4432528,97.811,0.7921;0.0;0.0;0.0;0.7921;0.0;0.0;0.0;2.4964000000000004,2,1778833847,70676253
1381,1778833847,124603899,gps,0,0,36.729036199999996,127.4432556,97.799,0.7921;0.0;0.0;0.0;0.7921;0.0;0.0;0.0;2.499561,2,1778833847,190444440
1382,1778833847,249603834,gps,0,0,36.7290339,127.4432586,97.787,0.7938810000000001;0.0;0.0;0.0;0.7938810000000001;0.0;0.0;0.0;2.502724,2,1778833847,315926101
1383,1778833847,374603769,gps,0,0,36.729031299999995,127.4432617,97.811,0.795664;0.0;0.0;0.0;0.795664;0.0;0.0;0.0;2.505889,2,1778833847,439449341
1384,1778833847,499603705,gps,0,0,36.7290288,127.44326489999999,97.789,0.795664;0.0;0.0;0.0;0.795664;0.0;0.0;0.0;2.509056,2,1778833847,565343109
1385,1778833847,624603640,gps,0,0,36.7290261,127.44326819999999,97.756,0.7974490000000001;0.0;0.0;0.0;0.7974490000000001;0.0;0.0;0.0;2.509056,2,1778833847,690116075
1386,1778833847,749603576,gps,0,0,36.729023399999996,127.4432717,97.732,0.7974490000000001;0.0;0.0;0.0;0.7974490000000001;0.0;0.0;0.0;2.512225,2,1778833847,812008730
1387,1778833847,874603511,gps,0,0,36.7290206,127.44327519999999,97.747,0.7992360000000001;0.0;0.0;0.0;0.7992360000000001;0.0;0.0;0.0;2.5153960000000004,2,1778833847,938421140
1388,1778833847,999603447,gps,0,0,36.7290178,127.4432786,97.712,0.801025;0.0;0.0;0.0;0.801025;0.0;0.0;0.0;2.518569,2,1778833848,69192653
1389,1778833848,124603382,gps,0,0,36.729014899999996,127.44328209999999,97.723,0.801025;0.0;0.0;0.0;0.801025;0.0;0.0;0.0;2.5217440000000004,2,1778833848,191894436
1390,1778833848,249603317,gps,0,0,36.7290121,127.44328569999999,97.727,0.8028160000000001;0.0;0.0;0.0;0.8028160000000001;0.0;0.0;0.0;2.5217440000000004,2,1778833848,315607788
1391,1778833848,374603253,gps,0,0,36.7290093,127.443289,97.68900000000001,0.8028160000000001;0.0;0.0;0.0;0.8028160000000001;0.0;0.0;0.0;2.524921,2,1778833848,438942765
1392,1778833848,499603188,gps,0,0,36.7290065,127.44329219999999,97.7,0.804609;0.0;0.0;0.0;0.804609;0.0;0.0;0.0;2.5281000000000002,2,1778833848,564115208
1393,1778833848,624603123,gps,0,0,36.7290042,127.44329579999999,97.677,0.804609;0.0;0.0;0.0;0.804609;0.0;0.0;0.0;2.5281000000000002,2,1778833848,685356929
1394,1778833848,749603059,gps,0,0,36.729002,127.4432994,97.654,0.806404;0.0;0.0;0.0;0.806404;0.0;0.0;0.0;2.531281,2,1778833848,814049246
1395,1778833848,874602994,gps,0,0,36.7289996,127.44330269999999,97.66,0.806404;0.0;0.0;0.0;0.806404;0.0;0.0;0.0;2.531281,2,1778833848,938410666
1396,1778833848,999602931,gps,0,0,36.7289974,127.4433062,97.663,0.806404;0.0;0.0;0.0;0.806404;0.0;0.0;0.0;2.5344640000000003,2,1778833849,69209218
1397,1778833849,124602865,gps,0,0,36.728995499999996,127.4433095,97.621,0.8082010000000001;0.0;0.0;0.0;0.8082010000000001;0.0;0.0;0.0;2.5344640000000003,2,1778833849,189031263
1398,1778833849,249602800,gps,0,0,36.7289934,127.44331269999999,97.596,0.8082010000000001;0.0;0.0;0.0;0.8082010000000001;0.0;0.0;0.0;2.537649,2,1778833849,315076877
1399,1778833849,374602736,gps,0,0,36.7289913,127.44331589999999,97.601,0.81;0.0;0.0;0.0;0.81;0.0;0.0;0.0;2.537649,2,1778833849,438423257
1400,1778833849,499602671,gps,0,0,36.728989299999995,127.44331899999999,97.587,0.81;0.0;0.0;0.0;0.81;0.0;0.0;0.0;2.540836,2,1778833849,559143338
1401,1778833849,624602607,gps,0,0,36.7289872,127.4433219,97.58,0.81;0.0;0.0;0.0;0.81;0.0;0.0;0.0;2.540836,2,1778833849,688702448
1402,1778833849,749602542,gps,0,0,36.7289853,127.44332499999999,97.577,0.811801;0.0;0.0;0.0;0.811801;0.0;0.0;0.0;2.544025,2,1778833849,815018056
1403,1778833849,874602477,gps,0,0,36.7289832,127.44332759999999,97.574,0.811801;0.0;0.0;0.0;0.811801;0.0;0.0;0.0;2.547216,2,1778833849,939403348
1404,1778833849,999602414,gps,0,0,36.728981399999995,127.44333019999999,97.56400000000001,0.813604;0.0;0.0;0.0;0.813604;0.0;0.0;0.0;2.547216,2,1778833850,68635989
1405,1778833850,124602348,gps,0,0,36.728979599999995,127.4433327,97.538,0.815409;0.0;0.0;0.0;0.815409;0.0;0.0;0.0;2.5504089999999997,2,1778833850,188368113
1406,1778833850,249602283,gps,0,0,36.7289779,127.4433351,97.527,0.815409;0.0;0.0;0.0;0.815409;0.0;0.0;0.0;2.5536040000000004,2,1778833850,313530358
1407,1778833850,374602219,gps,0,0,36.7289761,127.4433375,97.507,0.817216;0.0;0.0;0.0;0.817216;0.0;0.0;0.0;2.556801,2,1778833850,436401999
1408,1778833850,499602154,gps,0,0,36.7289743,127.44333999999999,97.491,0.819025;0.0;0.0;0.0;0.819025;0.0;0.0;0.0;2.5600000000000005,2,1778833850,563547122
1409,1778833850,624602090,gps,0,0,36.7289725,127.44334239999999,97.49000000000001,0.819025;0.0;0.0;0.0;0.819025;0.0;0.0;0.0;2.563201,2,1778833850,688908920
1410,1778833850,749602025,gps,0,0,36.728970499999996,127.443345,97.477,0.820836;0.0;0.0;0.0;0.820836;0.0;0.0;0.0;2.5664040000000004,2,1778833850,813449229
1411,1778833850,874601960,gps,0,0,36.7289685,127.44334769999999,97.459,0.8226490000000001;0.0;0.0;0.0;0.8226490000000001;0.0;0.0;0.0;2.569609,2,1778833850,937309289
1412,1778833850,999601897,gps,0,0,36.728966299999996,127.4433505,97.424,0.8226490000000001;0.0;0.0;0.0;0.8226490000000001;0.0;0.0;0.0;2.5728160000000004,2,1778833851,67529226
1413,1778833851,124601831,gps,0,0,36.728964,127.4433533,97.418,0.8244640000000001;0.0;0.0;0.0;0.8244640000000001;0.0;0.0;0.0;2.576025,2,1778833851,188433196
1414,1778833851,249601767,gps,0,0,36.7289617,127.4433564,97.423,0.8244640000000001;0.0;0.0;0.0;0.8244640000000001;0.0;0.0;0.0;2.576025,2,1778833851,314782517
1415,1778833851,374601702,gps,0,0,36.7289594,127.4433595,97.384,0.826281;0.0;0.0;0.0;0.826281;0.0;0.0;0.0;2.5792360000000003,2,1778833851,438195492
1416,1778833851,499601637,gps,0,0,36.728957,127.44336249999999,97.379,0.8281000000000001;0.0;0.0;0.0;0.8281000000000001;0.0;0.0;0.0;2.582449,2,1778833851,562359450
1417,1778833851,624601573,gps,0,0,36.7289545,127.44336559999999,97.381,0.829921;0.0;0.0;0.0;0.829921;0.0;0.0;0.0;2.5856640000000004,2,1778833851,687932707
1418,1778833851,749601508,gps,0,0,36.7289521,127.44336879999999,97.36500000000001,0.829921;0.0;0.0;0.0;0.829921;0.0;0.0;0.0;2.5888809999999998,2,1778833851,812439751
1419,1778833851,874601444,gps,0,0,36.7289495,127.443372,97.343,0.831744;0.0;0.0;0.0;0.831744;0.0;0.0;0.0;2.5921000000000003,2,1778833851,938759034
1420,1778833851,999601380,gps,0,0,36.728946799999996,127.44337519999999,97.324,0.8335690000000001;0.0;0.0;0.0;0.8335690000000001;0.0;0.0;0.0;2.5921000000000003,2,1778833852,68223634
1421,1778833852,124601314,gps,0,0,36.728944299999995,127.4433784,97.324,0.835396;0.0;0.0;0.0;0.835396;0.0;0.0;0.0;2.5953209999999998,2,1778833852,189188956
1422,1778833852,249601250,gps,0,0,36.7289416,127.44338169999999,97.328,0.835396;0.0;0.0;0.0;0.835396;0.0;0.0;0.0;2.5985440000000004,2,1778833852,312119922
1423,1778833852,374601185,gps,0,0,36.728939,127.4433849,97.307,0.8372250000000001;0.0;0.0;0.0;0.8372250000000001;0.0;0.0;0.0;2.601769,2,1778833852,438451461
1424,1778833852,499601120,gps,0,0,36.7289362,127.44338809999999,97.299,0.839056;0.0;0.0;0.0;0.839056;0.0;0.0;0.0;2.6049960000000003,2,1778833852,563322028
1425,1778833852,624601056,gps,0,0,36.7289336,127.4433914,97.291,0.839056;0.0;0.0;0.0;0.839056;0.0;0.0;0.0;2.608225,2,1778833852,688444940
1426,1778833852,749600991,gps,0,0,36.7289312,127.4433947,97.236,0.8408890000000001;0.0;0.0;0.0;0.8408890000000001;0.0;0.0;0.0;2.608225,2,1778833852,815033969
1427,1778833852,874600927,gps,0,0,36.7289287,127.4433978,97.244,0.842724;0.0;0.0;0.0;0.842724;0.0;0.0;0.0;2.6114560000000004,2,1778833852,939040234
1428,1778833852,999600863,gps,0,0,36.7289262,127.4434012,97.235,0.8445610000000001;0.0;0.0;0.0;0.8445610000000001;0.0;0.0;0.0;2.614689,2,1778833853,68447324
1429,1778833853,124600797,gps,0,0,36.7289235,127.4434041,97.23,0.8464;0.0;0.0;0.0;0.8464;0.0;0.0;0.0;2.6179240000000004,2,1778833853,184582295
1430,1778833853,249600733,gps,0,0,36.728921,127.44340709999999,97.23100000000001,0.8464;0.0;0.0;0.0;0.8464;0.0;0.0;0.0;2.6179240000000004,2,1778833853,314325540
1431,1778833853,374600668,gps,0,0,36.7289186,127.44341019999999,97.19500000000001,0.848241;0.0;0.0;0.0;0.848241;0.0;0.0;0.0;2.6179240000000004,2,1778833853,438326543
1432,1778833853,499600603,gps,0,0,36.7289163,127.4434131,97.19200000000001,0.8500840000000001;0.0;0.0;0.0;0.8500840000000001;0.0;0.0;0.0;2.6179240000000004,2,1778833853,564084206
1433,1778833853,624600539,gps,0,0,36.728913899999995,127.443416,97.17,0.8500840000000001;0.0;0.0;0.0;0.8500840000000001;0.0;0.0;0.0;2.6179240000000004,2,1778833853,689009260
1434,1778833853,749600474,gps,0,0,36.728911599999996,127.44341899999999,97.175,0.851929;0.0;0.0;0.0;0.851929;0.0;0.0;0.0;2.621161,2,1778833853,814492198
1435,1778833853,874600410,gps,0,0,36.7289094,127.4434218,97.145,0.8537760000000001;0.0;0.0;0.0;0.8537760000000001;0.0;0.0;0.0;2.6244000000000005,2,1778833853,938462967
1436,1778833853,999600346,gps,0,0,36.7289072,127.44342479999999,97.148,0.8556250000000001;0.0;0.0;0.0;0.8556250000000001;0.0;0.0;0.0;2.627641,2,1778833854,64403743
1437,1778833854,124600280,gps,0,0,36.7289052,127.44342759999999,97.135,0.8593290000000001;0.0;0.0;0.0;0.8593290000000001;0.0;0.0;0.0;2.6308840000000004,2,1778833854,188630244
1438,1778833854,249600216,gps,0,0,36.728902999999995,127.44343029999999,97.136,0.8611840000000001;0.0;0.0;0.0;0.8611840000000001;0.0;0.0;0.0;2.634129,2,1778833854,314754508
1439,1778833854,374600151,gps,0,0,36.7289009,127.4434331,97.113,0.8630410000000001;0.0;0.0;0.0;0.8630410000000001;0.0;0.0;0.0;2.640625,2,1778833854,439074672
1440,1778833854,499600087,gps,0,0,36.728898799999996,127.4434359,97.09400000000001,0.8649000000000001;0.0;0.0;0.0;0.8649000000000001;0.0;0.0;0.0;2.6438759999999997,2,1778833854,562729505
1441,1778833854,624600022,gps,0,0,36.7288966,127.4434388,97.10000000000001,0.8667610000000001;0.0;0.0;0.0;0.8667610000000001;0.0;0.0;0.0;2.647129,2,1778833854,688187286
1442,1778833854,749599957,gps,0,0,36.7288944,127.44344179999999,97.07000000000001,0.8686240000000001;0.0;0.0;0.0;0.8686240000000001;0.0;0.0;0.0;2.650384,2,1778833854,813112204
1443,1778833854,874599893,gps,0,0,36.728892099999996,127.4434447,97.033,0.8704890000000001;0.0;0.0;0.0;0.8704890000000001;0.0;0.0;0.0;2.653641,2,1778833854,935880296
1444,1778833854,999599829,gps,0,0,36.728889599999995,127.4434481,97.012,0.8723560000000001;0.0;0.0;0.0;0.8723560000000001;0.0;0.0;0.0;2.6569,2,1778833855,68510570
1445,1778833855,124599764,gps,0,0,36.728887199999996,127.44345129999999,97.018,0.8760960000000001;0.0;0.0;0.0;0.8760960000000001;0.0;0.0;0.0;2.660161,2,1778833855,189053844
1446,1778833855,249599699,gps,0,0,36.7288845,127.44345469999999,96.985,0.8779690000000001;0.0;0.0;0.0;0.8779690000000001;0.0;0.0;0.0;2.6634239999999996,2,1778833855,314101309
1447,1778833855,374599634,gps,0,0,36.7288819,127.44345829999999,96.971,0.8798439999999998;0.0;0.0;0.0;0.8798439999999998;0.0;0.0;0.0;2.666689,2,1778833855,437449414
1448,1778833855,499599570,gps,0,0,36.7288791,127.443462,96.952,0.8817209999999999;0.0;0.0;0.0;0.8817209999999999;0.0;0.0;0.0;2.6699559999999996,2,1778833855,562390022
1449,1778833855,624599505,gps,0,0,36.728876299999996,127.44346589999999,96.95700000000001,0.8835999999999999;0.0;0.0;0.0;0.8835999999999999;0.0;0.0;0.0;2.673225,2,1778833855,689197305
1450,1778833855,749599440,gps,0,0,36.7288733,127.4434697,96.909,0.8873639999999999;0.0;0.0;0.0;0.8873639999999999;0.0;0.0;0.0;2.6764959999999998,2,1778833855,813484553
1451,1778833855,874599376,gps,0,0,36.7288705,127.4434735,96.9,0.8911359999999999;0.0;0.0;0.0;0.8911359999999999;0.0;0.0;0.0;2.6830439999999998,2,1778833855,938324287
1452,1778833855,999599312,gps,0,0,36.7288676,127.4434776,96.899,0.8949159999999999;0.0;0.0;0.0;0.8949159999999999;0.0;0.0;0.0;2.686321,2,1778833856,68395668
1453,1778833856,124599247,gps,0,0,36.7288644,127.4434814,96.86,0.8968089999999999;0.0;0.0;0.0;0.8968089999999999;0.0;0.0;0.0;2.6895999999999995,2,1778833856,188256805
1454,1778833856,249599182,gps,0,0,36.7288613,127.4434854,96.85900000000001,0.9006009999999999;0.0;0.0;0.0;0.9006009999999999;0.0;0.0;0.0;2.692881,2,1778833856,314373634
1455,1778833856,374599117,gps,0,0,36.7288584,127.44348919999999,96.846,0.9044009999999999;0.0;0.0;0.0;0.9044009999999999;0.0;0.0;0.0;2.6961639999999996,2,1778833856,438193027
1456,1778833856,499599053,gps,0,0,36.7288554,127.4434929,96.828,0.9082089999999999;0.0;0.0;0.0;0.9082089999999999;0.0;0.0;0.0;2.702736,2,1778833856,564398033
1457,1778833856,624598988,gps,0,0,36.728852599999996,127.4434965,96.794,0.912025;0.0;0.0;0.0;0.912025;0.0;0.0;0.0;2.706025,2,1778833856,689247119
1458,1778833856,749598924,gps,0,0,36.7288498,127.4435001,96.807,0.9158489999999999;0.0;0.0;0.0;0.9158489999999999;0.0;0.0;0.0;2.709316,2,1778833856,811280966
1459,1778833856,874598859,gps,0,0,36.728847,127.4435037,96.761,0.9177639999999999;0.0;0.0;0.0;0.9177639999999999;0.0;0.0;0.0;2.7159039999999997,2,1778833856,938099458
1460,1778833856,999598795,gps,0,0,36.7288445,127.4435073,96.778,0.9216;0.0;0.0;0.0;0.9216;0.0;0.0;0.0;2.719201,2,1778833857,68230955
1461,1778833857,124598730,gps,0,0,36.7288419,127.4435106,96.774,0.9235209999999999;0.0;0.0;0.0;0.9235209999999999;0.0;0.0;0.0;2.7224999999999997,2,1778833857,188934956
1462,1778833857,249598665,gps,0,0,36.7288393,127.44351409999999,96.753,0.9273689999999999;0.0;0.0;0.0;0.9273689999999999;0.0;0.0;0.0;2.7291039999999995,2,1778833857,314455602
1463,1778833857,374598600,gps,0,0,36.7288369,127.44351719999999,96.755,0.9292959999999999;0.0;0.0;0.0;0.9292959999999999;0.0;0.0;0.0;2.732409,2,1778833857,438564701
1464,1778833857,499598536,gps,0,0,36.728834899999995,127.44352049999999,96.733,0.933156;0.0;0.0;0.0;0.933156;0.0;0.0;0.0;2.7357159999999996,2,1778833857,563351190
1465,1778833857,624598471,gps,0,0,36.7288326,127.44352359999999,96.684,0.937024;0.0;0.0;0.0;0.937024;0.0;0.0;0.0;2.742336,2,1778833857,684926801
1466,1778833857,749598407,gps,0,0,36.7288303,127.4435266,96.69500000000001,0.9389609999999999;0.0;0.0;0.0;0.9389609999999999;0.0;0.0;0.0;2.7456490000000002,2,1778833857,813003114
1467,1778833857,874598342,gps,0,0,36.7288279,127.44352959999999,96.656,0.9428409999999999;0.0;0.0;0.0;0.9428409999999999;0.0;0.0;0.0;2.7489639999999995,2,1778833857,937239247
1468,1778833857,999598278,gps,0,0,36.7288257,127.44353299999999,96.643,0.9467289999999999;0.0;0.0;0.0;0.9467289999999999;0.0;0.0;0.0;2.7556,2,1778833858,68408424
1469,1778833858,124598213,gps,0,0,36.7288232,127.4435362,96.664,0.948676;0.0;0.0;0.0;0.948676;0.0;0.0;0.0;2.758921,2,1778833858,189513614
1470,1778833858,249598148,gps,0,0,36.7288205,127.4435393,96.62,0.952576;0.0;0.0;0.0;0.952576;0.0;0.0;0.0;2.762244,2,1778833858,315229013
1471,1778833858,374598084,gps,0,0,36.728817899999996,127.4435427,96.645,0.954529;0.0;0.0;0.0;0.954529;0.0;0.0;0.0;2.768896,2,1778833858,437582436
1472,1778833858,499598019,gps,0,0,36.7288152,127.4435465,96.625,0.958441;0.0;0.0;0.0;0.958441;0.0;0.0;0.0;2.772225,2,1778833858,559215051
1473,1778833858,624597954,gps,0,0,36.7288123,127.4435501,96.595,0.962361;0.0;0.0;0.0;0.962361;0.0;0.0;0.0;2.775556,2,1778833858,688890894
1474,1778833858,749597890,gps,0,0,36.7288096,127.44355379999999,96.589,0.966289;0.0;0.0;0.0;0.966289;0.0;0.0;0.0;2.778889,2,1778833858,814134161
1475,1778833858,874597825,gps,0,0,36.728806899999995,127.4435575,96.577,0.970225;0.0;0.0;0.0;0.970225;0.0;0.0;0.0;2.785561,2,1778833858,938292248
1476,1778833858,999597761,gps,0,0,36.728804,127.4435609,96.58200000000001,0.974169;0.0;0.0;0.0;0.974169;0.0;0.0;0.0;2.792241,2,1778833859,68585041
1477,1778833859,124597696,gps,0,0,36.7288014,127.44356409999999,96.528,0.976144;0.0;0.0;0.0;0.976144;0.0;0.0;0.0;2.7989290000000002,2,1778833859,188284197
1478,1778833859,249597631,gps,0,0,36.7287987,127.44356739999999,96.535,0.9801;0.0;0.0;0.0;0.9801;0.0;0.0;0.0;2.805625,2,1778833859,313391402
1479,1778833859,374597567,gps,0,0,36.728795999999996,127.44357029999999,96.533,0.982081;0.0;0.0;0.0;0.982081;0.0;0.0;0.0;2.808976,2,1778833859,436290558
1480,1778833859,499597502,gps,0,0,36.7287933,127.4435733,96.5,0.986049;0.0;0.0;0.0;0.986049;0.0;0.0;0.0;2.812329,2,1778833859,563438512
1481,1778833859,624597437,gps,0,0,36.7287913,127.44357609999999,96.495,0.988036;0.0;0.0;0.0;0.988036;0.0;0.0;0.0;2.8190410000000004,2,1778833859,688995183
1482,1778833859,749597373,gps,0,0,36.7287891,127.44357889999999,96.46600000000001,0.990025;0.0;0.0;0.0;0.990025;0.0;0.0;0.0;2.8223999999999996,2,1778833859,812456178
1483,1778833859,874597308,gps,0,0,36.728786899999996,127.44358129999999,96.43900000000001,0.994009;0.0;0.0;0.0;0.994009;0.0;0.0;0.0;2.825761,2,1778833859,936429499
1484,1778833859,999597245,gps,0,0,36.728784999999995,127.4435838,96.46900000000001,0.996004;0.0;0.0;0.0;0.996004;0.0;0.0;0.0;2.8291239999999998,2,1778833860,66656570
1485,1778833860,124597179,gps,0,0,36.728783,127.4435862,96.45400000000001,0.998001;0.0;0.0;0.0;0.998001;0.0;0.0;0.0;2.8324890000000003,2,1778833860,187079788
1486,1778833860,249597115,gps,0,0,36.728781399999995,127.44358849999999,96.393,1.0;0.0;0.0;0.0;1.0;0.0;0.0;0.0;2.8358559999999997,2,1778833860,312944262
1487,1778833860,374597050,gps,0,0,36.728779599999996,127.4435906,96.392,1.004004;0.0;0.0;0.0;1.004004;0.0;0.0;0.0;2.842596,2,1778833860,437240335
1488,1778833860,499596985,gps,0,0,36.7287779,127.4435925,96.394,1.0060089999999997;0.0;0.0;0.0;1.0060089999999997;0.0;0.0;0.0;2.845969,2,1778833860,561110910
1489,1778833860,624596921,gps,0,0,36.728775899999995,127.44359469999999,96.4,1.008016;0.0;0.0;0.0;1.008016;0.0;0.0;0.0;2.849344,2,1778833860,686529587
1490,1778833860,749596856,gps,0,0,36.7287744,127.44359709999999,96.374,1.0100249999999997;0.0;0.0;0.0;1.0100249999999997;0.0;0.0;0.0;2.8527210000000003,2,1778833860,811270994
1491,1778833860,874596792,gps,0,0,36.7287728,127.4435996,96.368,1.012036;0.0;0.0;0.0;1.012036;0.0;0.0;0.0;2.8560999999999996,2,1778833860,936090067
1492,1778833860,999596728,gps,0,0,36.7287709,127.44360189999999,96.352,1.0140489999999998;0.0;0.0;0.0;1.0140489999999998;0.0;0.0;0.0;2.859481,2,1778833861,65335905
1493,1778833861,124596662,gps,0,0,36.7287689,127.4436046,96.33500000000001,1.016064;0.0;0.0;0.0;1.016064;0.0;0.0;0.0;2.8628639999999996,2,1778833861,187309640
1494,1778833861,249596598,gps,0,0,36.7287669,127.4436075,96.32000000000001,1.0180809999999998;0.0;0.0;0.0;1.0180809999999998;0.0;0.0;0.0;2.8662490000000003,2,1778833861,309971614
1495,1778833861,374596533,gps,0,0,36.7287649,127.44361049999999,96.305,1.0201;0.0;0.0;0.0;1.0201;0.0;0.0;0.0;2.869636,2,1778833861,436098427
1496,1778833861,499596469,gps,0,0,36.7287624,127.44361339999999,96.301,1.0221209999999998;0.0;0.0;0.0;1.0221209999999998;0.0;0.0;0.0;2.873025,2,1778833861,560594644
1497,1778833861,624596404,gps,0,0,36.7287603,127.4436166,96.309,1.024144;0.0;0.0;0.0;1.024144;0.0;0.0;0.0;2.876416,2,1778833861,686309683
1498,1778833861,749596340,gps,0,0,36.7287579,127.44361989999999,96.259,1.0261689999999999;0.0;0.0;0.0;1.0261689999999999;0.0;0.0;0.0;2.876416,2,1778833861,811636656
1499,1778833861,874596275,gps,0,0,36.7287554,127.4436228,96.302,1.028196;0.0;0.0;0.0;1.028196;0.0;0.0;0.0;2.8798090000000003,2,1778833861,936059510
1500,1778833861,999596211,gps,0,0,36.728752899999996,127.4436259,96.241,1.0302249999999997;0.0;0.0;0.0;1.0302249999999997;0.0;0.0;0.0;2.8832039999999997,2,1778833862,66249498
1501,1778833862,124596146,gps,0,0,36.7287505,127.44362899999999,96.23,1.032256;0.0;0.0;0.0;1.032256;0.0;0.0;0.0;2.886601,2,1778833862,182259458
1502,1778833862,249596081,gps,0,0,36.7287481,127.44363209999999,96.24000000000001,1.0342889999999998;0.0;0.0;0.0;1.0342889999999998;0.0;0.0;0.0;2.886601,2,1778833862,312396670
1503,1778833862,374596017,gps,0,0,36.7287457,127.443635,96.208,1.0383609999999999;0.0;0.0;0.0;1.0383609999999999;0.0;0.0;0.0;2.8899999999999997,2,1778833862,435447748
1504,1778833862,499595952,gps,0,0,36.728743099999996,127.4436381,96.197,1.0404;0.0;0.0;0.0;1.0404;0.0;0.0;0.0;2.8934010000000003,2,1778833862,562112127
1505,1778833862,624595887,gps,0,0,36.728740699999996,127.44364119999999,96.2,1.044484;0.0;0.0;0.0;1.044484;0.0;0.0;0.0;2.8934010000000003,2,1778833862,687611745
1506,1778833862,749595823,gps,0,0,36.7287381,127.44364429999999,96.166,1.048576;0.0;0.0;0.0;1.048576;0.0;0.0;0.0;2.896804,2,1778833862,812280150
1507,1778833862,874595758,gps,0,0,36.7287355,127.4436475,96.154,1.050625;0.0;0.0;0.0;1.050625;0.0;0.0;0.0;2.896804,2,1778833862,936085539
1508,1778833862,999595695,gps,0,0,36.728732799999996,127.44365069999999,96.15,1.052676;0.0;0.0;0.0;1.052676;0.0;0.0;0.0;2.9002090000000003,2,1778833863,61571158
1509,1778833863,124595629,gps,0,0,36.7287302,127.4436539,96.10000000000001,1.0547289999999998;0.0;0.0;0.0;1.0547289999999998;0.0;0.0;0.0;2.9002090000000003,2,1778833863,188361982
1510,1778833863,249595565,gps,0,0,36.728727299999996,127.44365739999999,96.084,1.056784;0.0;0.0;0.0;1.056784;0.0;0.0;0.0;2.9002090000000003,2,1778833863,313390511
1511,1778833863,374595500,gps,0,0,36.7287244,127.4436606,96.09700000000001,1.058841;0.0;0.0;0.0;1.058841;0.0;0.0;0.0;2.903616,2,1778833863,438090371
1512,1778833863,499595435,gps,0,0,36.7287222,127.44366459999999,96.065,1.0609;0.0;0.0;0.0;1.0609;0.0;0.0;0.0;2.903616,2,1778833863,561504103
1513,1778833863,624595371,gps,0,0,36.7287196,127.4436679,96.068,1.0629609999999998;0.0;0.0;0.0;1.0629609999999998;0.0;0.0;0.0;2.903616,2,1778833863,687551765
1514,1778833863,749595306,gps,0,0,36.7287171,127.44367129999999,96.069,1.065024;0.0;0.0;0.0;1.065024;0.0;0.0;0.0;2.903616,2,1778833863,811444204
1515,1778833863,874595242,gps,0,0,36.7287147,127.44367439999999,96.042,1.0670889999999997;0.0;0.0;0.0;1.0670889999999997;0.0;0.0;0.0;2.903616,2,1778833863,934251489
1516,1778833863,999595178,gps,0,0,36.7287125,127.4436779,96.002,1.0670889999999997;0.0;0.0;0.0;1.0670889999999997;0.0;0.0;0.0;2.9070250000000004,2,1778833864,66204632
1517,1778833864,124595113,gps,0,0,36.7287102,127.44368109999999,96.024,1.069156;0.0;0.0;0.0;1.069156;0.0;0.0;0.0;2.9070250000000004,2,1778833864,188783580
1518,1778833864,249595048,gps,0,0,36.728707799999995,127.44368419999999,96.013,1.0712249999999999;0.0;0.0;0.0;1.0712249999999999;0.0;0.0;0.0;2.9070250000000004,2,1778833864,313197106
1519,1778833864,374594983,gps,0,0,36.7287056,127.44368709999999,96.0,1.073296;0.0;0.0;0.0;1.073296;0.0;0.0;0.0;2.910436,2,1778833864,435583188
1520,1778833864,499594919,gps,0,0,36.7287034,127.4436901,96.009,1.0753689999999998;0.0;0.0;0.0;1.0753689999999998;0.0;0.0;0.0;2.910436,2,1778833864,561283918
1521,1778833864,624594854,gps,0,0,36.728701099999995,127.44369259999999,96.022,1.0753689999999998;0.0;0.0;0.0;1.0753689999999998;0.0;0.0;0.0;2.9138490000000004,2,1778833864,686941885
1522,1778833864,749594789,gps,0,0,36.7286992,127.4436956,95.995,1.077444;0.0;0.0;0.0;1.077444;0.0;0.0;0.0;2.9138490000000004,2,1778833864,812177840
1523,1778833864,874594725,gps,0,0,36.728696899999996,127.4436978,95.996,1.0795209999999997;0.0;0.0;0.0;1.0795209999999997;0.0;0.0;0.0;2.9138490000000004,2,1778833864,936750442
1524,1778833864,999594661,gps,0,0,36.7286949,127.4437004,96.027,1.0795209999999997;0.0;0.0;0.0;1.0795209999999997;0.0;0.0;0.0;2.917264,2,1778833865,66642211
1525,1778833865,124594596,gps,0,0,36.7286928,127.44370269999999,95.97200000000001,1.0795209999999997;0.0;0.0;0.0;1.0795209999999997;0.0;0.0;0.0;2.917264,2,1778833865,186997772
1526,1778833865,249594531,gps,0,0,36.7286909,127.44370529999999,95.98100000000001,1.0816000000000001;0.0;0.0;0.0;1.0816000000000001;0.0;0.0;0.0;2.917264,2,1778833865,312317396
1527,1778833865,374594467,gps,0,0,36.7286889,127.44370769999999,95.934,1.0816000000000001;0.0;0.0;0.0;1.0816000000000001;0.0;0.0;0.0;2.917264,2,1778833865,436310430
1528,1778833865,499594402,gps,0,0,36.7286869,127.44371029999999,95.92,1.0816000000000001;0.0;0.0;0.0;1.0816000000000001;0.0;0.0;0.0;2.917264,2,1778833865,561637343
1529,1778833865,624594337,gps,0,0,36.728684799999996,127.44371269999999,95.915,1.083681;0.0;0.0;0.0;1.083681;0.0;0.0;0.0;2.917264,2,1778833865,687670558
1530,1778833865,749594273,gps,0,0,36.7286825,127.4437153,95.894,1.083681;0.0;0.0;0.0;1.083681;0.0;0.0;0.0;2.917264,2,1778833865,809379891
1531,1778833865,874594208,gps,0,0,36.7286802,127.4437179,95.898,1.0816000000000001;0.0;0.0;0.0;1.0816000000000001;0.0;0.0;0.0;2.917264,2,1778833865,935979342
1532,1778833865,999594145,gps,0,0,36.7286778,127.4437208,95.873,1.0816000000000001;0.0;0.0;0.0;1.0816000000000001;0.0;0.0;0.0;2.917264,2,1778833866,65369604
1533,1778833866,124594079,gps,0,0,36.7286751,127.4437236,95.878,1.083681;0.0;0.0;0.0;1.083681;0.0;0.0;0.0;2.917264,2,1778833866,189017223
1534,1778833866,249594015,gps,0,0,36.7286725,127.4437267,95.843,1.083681;0.0;0.0;0.0;1.083681;0.0;0.0;0.0;2.917264,2,1778833866,314525709
1535,1778833866,374593950,gps,0,0,36.7286698,127.4437298,95.83,1.083681;0.0;0.0;0.0;1.083681;0.0;0.0;0.0;2.917264,2,1778833866,438861986
1536,1778833866,499593885,gps,0,0,36.728667,127.443733,95.784,1.083681;0.0;0.0;0.0;1.083681;0.0;0.0;0.0;2.920681,2,1778833866,562686831
1537,1778833866,624593821,gps,0,0,36.728663999999995,127.44373619999999,95.805,1.083681;0.0;0.0;0.0;1.083681;0.0;0.0;0.0;2.917264,2,1778833866,684948128
1538,1778833866,749593756,gps,0,0,36.7286614,127.44373949999999,95.787,1.083681;0.0;0.0;0.0;1.083681;0.0;0.0;0.0;2.917264,2,1778833866,813218104
1539,1778833866,874593692,gps,0,0,36.7286589,127.443743,95.77,1.083681;0.0;0.0;0.0;1.083681;0.0;0.0;0.0;2.917264,2,1778833866,939313411
1540,1778833866,999593628,gps,0,0,36.7286563,127.4437463,95.767,1.083681;0.0;0.0;0.0;1.083681;0.0;0.0;0.0;2.917264,2,1778833867,68579146
1541,1778833867,124593562,gps,0,0,36.728653699999995,127.44374959999999,95.751,1.0816000000000001;0.0;0.0;0.0;1.0816000000000001;0.0;0.0;0.0;2.917264,2,1778833867,189061373
1542,1778833867,249593498,gps,0,0,36.7286511,127.44375289999999,95.71900000000001,1.0816000000000001;0.0;0.0;0.0;1.0816000000000001;0.0;0.0;0.0;2.917264,2,1778833867,314135563
1543,1778833867,374593433,gps,0,0,36.7286485,127.44375579999999,95.717,1.0816000000000001;0.0;0.0;0.0;1.0816000000000001;0.0;0.0;0.0;2.917264,2,1778833867,437686141
1544,1778833867,499593369,gps,0,0,36.728645799999995,127.44375889999999,95.717,1.0816000000000001;0.0;0.0;0.0;1.0816000000000001;0.0;0.0;0.0;2.920681,2,1778833867,558881217
1545,1778833867,624593304,gps,0,0,36.728643399999996,127.44376179999999,95.678,1.0816000000000001;0.0;0.0;0.0;1.0816000000000001;0.0;0.0;0.0;2.920681,2,1778833867,688318291
1546,1778833867,749593239,gps,0,0,36.7286407,127.44376469999999,95.705,1.0816000000000001;0.0;0.0;0.0;1.0816000000000001;0.0;0.0;0.0;2.920681,2,1778833867,813615617
1547,1778833867,874593175,gps,0,0,36.7286382,127.44376779999999,95.681,1.0816000000000001;0.0;0.0;0.0;1.0816000000000001;0.0;0.0;0.0;2.920681,2,1778833867,937678256
1548,1778833867,999593111,gps,0,0,36.7286356,127.44377069999999,95.691,1.0816000000000001;0.0;0.0;0.0;1.0816000000000001;0.0;0.0;0.0;2.920681,2,1778833868,68383611
1549,1778833868,124593046,gps,0,0,36.728633099999996,127.4437737,95.654,1.0816000000000001;0.0;0.0;0.0;1.0816000000000001;0.0;0.0;0.0;2.920681,2,1778833868,187664078
1550,1778833868,249592981,gps,0,0,36.7286305,127.4437767,95.642,1.0795209999999997;0.0;0.0;0.0;1.0795209999999997;0.0;0.0;0.0;2.920681,2,1778833868,313964419
1551,1778833868,374592917,gps,0,0,36.7286279,127.44377979999999,95.621,1.0795209999999997;0.0;0.0;0.0;1.0795209999999997;0.0;0.0;0.0;2.920681,2,1778833868,436315750
1552,1778833868,499592852,gps,0,0,36.728625099999995,127.44378309999999,95.637,1.0795209999999997;0.0;0.0;0.0;1.0795209999999997;0.0;0.0;0.0;2.920681,2,1778833868,564454756
1553,1778833868,624592787,gps,0,0,36.7286222,127.4437864,95.599,1.0795209999999997;0.0;0.0;0.0;1.0795209999999997;0.0;0.0;0.0;2.920681,2,1778833868,689446592
1554,1778833868,749592723,gps,0,0,36.728619099999996,127.4437899,95.59,1.0795209999999997;0.0;0.0;0.0;1.0795209999999997;0.0;0.0;0.0;2.920681,2,1778833868,812416431
1555,1778833868,874592658,gps,0,0,36.728616099999996,127.4437935,95.557,1.0795209999999997;0.0;0.0;0.0;1.0795209999999997;0.0;0.0;0.0;2.920681,2,1778833868,937258165
1556,1778833868,999592595,gps,0,0,36.7286128,127.4437971,95.556,1.0795209999999997;0.0;0.0;0.0;1.0795209999999997;0.0;0.0;0.0;2.920681,2,1778833869,67179490
1557,1778833869,124592529,gps,0,0,36.7286095,127.44380079999999,95.522,1.077444;0.0;0.0;0.0;1.077444;0.0;0.0;0.0;2.920681,2,1778833869,189117600
1558,1778833869,249592464,gps,0,0,36.7286061,127.4438047,95.516,1.077444;0.0;0.0;0.0;1.077444;0.0;0.0;0.0;2.917264,2,1778833869,315396274
1559,1778833869,374592400,gps,0,0,36.728602599999995,127.4438084,95.508,1.077444;0.0;0.0;0.0;1.077444;0.0;0.0;0.0;2.917264,2,1778833869,441268656
1560,1778833869,499592335,gps,0,0,36.7285992,127.4438122,95.504,1.077444;0.0;0.0;0.0;1.077444;0.0;0.0;0.0;2.917264,2,1778833869,565567617
1561,1778833869,624592271,gps,0,0,36.7285958,127.44381589999999,95.506,1.0753689999999998;0.0;0.0;0.0;1.0753689999999998;0.0;0.0;0.0;2.917264,2,1778833869,689985373
1562,1778833869,749592206,gps,0,0,36.728592299999995,127.44381969999999,95.49,1.0753689999999998;0.0;0.0;0.0;1.0753689999999998;0.0;0.0;0.0;2.917264,2,1778833869,814196988
1563,1778833869,874592141,gps,0,0,36.7285891,127.44382329999999,95.48400000000001,1.0753689999999998;0.0;0.0;0.0;1.0753689999999998;0.0;0.0;0.0;2.9138490000000004,2,1778833869,939709540
1564,1778833869,999592078,gps,0,0,36.7285859,127.44382689999999,95.48700000000001,1.0753689999999998;0.0;0.0;0.0;1.0753689999999998;0.0;0.0;0.0;2.9138490000000004,2,1778833870,70349428
1565,1778833870,124592012,gps,0,0,36.7285828,127.44383029999999,95.48700000000001,1.073296;0.0;0.0;0.0;1.073296;0.0;0.0;0.0;2.9138490000000004,2,1778833870,190303619
1566,1778833870,249591947,gps,0,0,36.7285799,127.4438338,95.48,1.073296;0.0;0.0;0.0;1.073296;0.0;0.0;0.0;2.9138490000000004,2,1778833870,314035790
1567,1778833870,374591883,gps,0,0,36.7285773,127.4438373,95.473,1.073296;0.0;0.0;0.0;1.073296;0.0;0.0;0.0;2.910436,2,1778833870,439119426
1568,1778833870,499591818,gps,0,0,36.728575,127.44384099999999,95.456,1.0712249999999999;0.0;0.0;0.0;1.0712249999999999;0.0;0.0;0.0;2.910436,2,1778833870,562590753
1569,1778833870,624591754,gps,0,0,36.7285726,127.4438447,95.432,1.0712249999999999;0.0;0.0;0.0;1.0712249999999999;0.0;0.0;0.0;2.9070250000000004,2,1778833870,688536431
1570,1778833870,749591689,gps,0,0,36.7285702,127.4438483,95.455,1.069156;0.0;0.0;0.0;1.069156;0.0;0.0;0.0;2.9070250000000004,2,1778833870,814223563
1571,1778833870,874591624,gps,0,0,36.7285678,127.44385199999999,95.44500000000001,1.069156;0.0;0.0;0.0;1.069156;0.0;0.0;0.0;2.903616,2,1778833870,940055038
1572,1778833870,999591561,gps,0,0,36.7285653,127.4438555,95.436,1.0670889999999997;0.0;0.0;0.0;1.0670889999999997;0.0;0.0;0.0;2.903616,2,1778833871,69389675
1573,1778833871,124591495,gps,0,0,36.7285628,127.4438591,95.421,1.0670889999999997;0.0;0.0;0.0;1.0670889999999997;0.0;0.0;0.0;2.9002090000000003,2,1778833871,186388767
1574,1778833871,249591431,gps,0,0,36.7285603,127.4438629,95.426,1.065024;0.0;0.0;0.0;1.065024;0.0;0.0;0.0;2.9002090000000003,2,1778833871,315054231
1575,1778833871,374591366,gps,0,0,36.7285578,127.44386639999999,95.426,1.0629609999999998;0.0;0.0;0.0;1.0629609999999998;0.0;0.0;0.0;2.896804,2,1778833871,440074557
1576,1778833871,499591301,gps,0,0,36.7285553,127.44386979999999,95.423,1.0629609999999998;0.0;0.0;0.0;1.0629609999999998;0.0;0.0;0.0;2.8934010000000003,2,1778833871,564937943
1577,1778833871,624591237,gps,0,0,36.7285529,127.4438732,95.404,1.0609;0.0;0.0;0.0;1.0609;0.0;0.0;0.0;2.8934010000000003,2,1778833871,690296424
1578,1778833871,749591172,gps,0,0,36.728550399999996,127.44387649999999,95.425,1.0609;0.0;0.0;0.0;1.0609;0.0;0.0;0.0;2.8899999999999997,2,1778833871,814964895
1579,1778833871,874591108,gps,0,0,36.728547999999996,127.4438797,95.395,1.058841;0.0;0.0;0.0;1.058841;0.0;0.0;0.0;2.8899999999999997,2,1778833871,938426412
1580,1778833871,999591044,gps,0,0,36.7285454,127.4438826,95.382,1.056784;0.0;0.0;0.0;1.056784;0.0;0.0;0.0;2.886601,2,1778833872,64006583
1581,1778833872,124590978,gps,0,0,36.7285429,127.44388559999999,95.402,1.056784;0.0;0.0;0.0;1.056784;0.0;0.0;0.0;2.8832039999999997,2,1778833872,189326351
1582,1778833872,249590914,gps,0,0,36.7285404,127.4438886,95.36,1.0547289999999998;0.0;0.0;0.0;1.0547289999999998;0.0;0.0;0.0;2.8832039999999997,2,1778833872,315313888
1583,1778833872,374590849,gps,0,0,36.728538,127.4438914,95.382,1.052676;0.0;0.0;0.0;1.052676;0.0;0.0;0.0;2.8798090000000003,2,1778833872,440032371
1584,1778833872,499590784,gps,0,0,36.7285356,127.4438941,95.369,1.052676;0.0;0.0;0.0;1.052676;0.0;0.0;0.0;2.876416,2,1778833872,564835853
1585,1778833872,624590720,gps,0,0,36.728533299999995,127.4438969,95.376,1.050625;0.0;0.0;0.0;1.050625;0.0;0.0;0.0;2.873025,2,1778833872,689056726
1586,1778833872,749590655,gps,0,0,36.728530899999996,127.4438995,95.383,1.050625;0.0;0.0;0.0;1.050625;0.0;0.0;0.0;2.869636,2,1778833872,814325043
1587,1778833872,874590591,gps,0,0,36.7285287,127.4439022,95.365,1.048576;0.0;0.0;0.0;1.048576;0.0;0.0;0.0;2.869636,2,1778833872,938107865
1588,1778833872,999590527,gps,0,0,36.7285265,127.4439048,95.364,1.0465289999999998;0.0;0.0;0.0;1.0465289999999998;0.0;0.0;0.0;2.8662490000000003,2,1778833873,70539145
1589,1778833873,124590461,gps,0,0,36.7285245,127.4439074,95.369,1.0465289999999998;0.0;0.0;0.0;1.0465289999999998;0.0;0.0;0.0;2.8628639999999996,2,1778833873,191363660
1590,1778833873,249590397,gps,0,0,36.7285226,127.4439099,95.374,1.044484;0.0;0.0;0.0;1.044484;0.0;0.0;0.0;2.859481,2,1778833873,316287015
1591,1778833873,374590332,gps,0,0,36.728520599999996,127.4439123,95.372,1.044484;0.0;0.0;0.0;1.044484;0.0;0.0;0.0;2.8560999999999996,2,1778833873,439868772
1592,1778833873,499590268,gps,0,0,36.728518799999996,127.4439147,95.36200000000001,1.0424409999999997;0.0;0.0;0.0;1.0424409999999997;0.0;0.0;0.0;2.8527210000000003,2,1778833873,564641729
1593,1778833873,624590203,gps,0,0,36.728516899999995,127.4439171,95.374,1.0404;0.0;0.0;0.0;1.0404;0.0;0.0;0.0;2.849344,2,1778833873,689950005
1594,1778833873,749590138,gps,0,0,36.728515,127.4439196,95.384,1.0404;0.0;0.0;0.0;1.0404;0.0;0.0;0.0;2.845969,2,1778833873,816053510
1595,1778833873,874590074,gps,0,0,36.728513299999996,127.44392219999999,95.382,1.0383609999999999;0.0;0.0;0.0;1.0383609999999999;0.0;0.0;0.0;2.845969,2,1778833873,940046779
1596,1778833873,999590010,gps,0,0,36.7285113,127.44392479999999,95.391,1.0383609999999999;0.0;0.0;0.0;1.0383609999999999;0.0;0.0;0.0;2.842596,2,1778833874,69881721
1597,1778833874,124589944,gps,0,0,36.7285094,127.4439276,95.377,1.036324;0.0;0.0;0.0;1.036324;0.0;0.0;0.0;2.8392250000000003,2,1778833874,189636654
1598,1778833874,249589880,gps,0,0,36.7285074,127.44393059999999,95.373,1.036324;0.0;0.0;0.0;1.036324;0.0;0.0;0.0;2.8358559999999997,2,1778833874,316344336
1599,1778833874,374589815,gps,0,0,36.7285052,127.4439335,95.376,1.0342889999999998;0.0;0.0;0.0;1.0342889999999998;0.0;0.0;0.0;2.8358559999999997,2,1778833874,439543813
1600,1778833874,499589751,gps,0,0,36.728502999999996,127.4439366,95.349,1.0342889999999998;0.0;0.0;0.0;1.0342889999999998;0.0;0.0;0.0;2.8324890000000003,2,1778833874,565261194
1601,1778833874,624589686,gps,0,0,36.7285008,127.4439396,95.349,1.032256;0.0;0.0;0.0;1.032256;0.0;0.0;0.0;2.8291239999999998,2,1778833874,689673392
1602,1778833874,749589621,gps,0,0,36.7284983,127.4439426,95.365,1.032256;0.0;0.0;0.0;1.032256;0.0;0.0;0.0;2.8291239999999998,2,1778833874,812485532
1603,1778833874,874589557,gps,0,0,36.728496,127.4439455,95.345,1.0302249999999997;0.0;0.0;0.0;1.0302249999999997;0.0;0.0;0.0;2.825761,2,1778833874,938666421
1604,1778833874,999589493,gps,0,0,36.728493799999995,127.4439484,95.334,1.0302249999999997;0.0;0.0;0.0;1.0302249999999997;0.0;0.0;0.0;2.8223999999999996,2,1778833875,68583516
1605,1778833875,124589428,gps,0,0,36.728491399999996,127.4439512,95.35000000000001,1.028196;0.0;0.0;0.0;1.028196;0.0;0.0;0.0;2.8190410000000004,2,1778833875,190351040
1606,1778833875,249589363,gps,0,0,36.7284892,127.44395399999999,95.33200000000001,1.028196;0.0;0.0;0.0;1.028196;0.0;0.0;0.0;2.8156839999999996,2,1778833875,315182219
1607,1778833875,374589299,gps,0,0,36.728487,127.44395659999999,95.33200000000001,1.0261689999999999;0.0;0.0;0.0;1.0261689999999999;0.0;0.0;0.0;2.812329,2,1778833875,440081325
1608,1778833875,499589234,gps,0,0,36.7284848,127.4439594,95.316,1.024144;0.0;0.0;0.0;1.024144;0.0;0.0;0.0;2.808976,2,1778833875,564585121
1609,1778833875,624589169,gps,0,0,36.7284825,127.44396189999999,95.334,1.024144;0.0;0.0;0.0;1.024144;0.0;0.0;0.0;2.805625,2,1778833875,686066006
1610,1778833875,749589105,gps,0,0,36.7284802,127.4439646,95.33800000000001,1.0221209999999998;0.0;0.0;0.0;1.0221209999999998;0.0;0.0;0.0;2.802276,2,1778833875,813738210
1611,1778833875,874589040,gps,0,0,36.7284779,127.44396739999999,95.336,1.0201;0.0;0.0;0.0;1.0201;0.0;0.0;0.0;2.7989290000000002,2,1778833875,939254612
1612,1778833875,999588977,gps,0,0,36.7284754,127.44397009999999,95.34,1.0180809999999998;0.0;0.0;0.0;1.0180809999999998;0.0;0.0;0.0;2.792241,2,1778833876,69897002
1613,1778833876,124588911,gps,0,0,36.728473,127.4439728,95.33800000000001,1.016064;0.0;0.0;0.0;1.016064;0.0;0.0;0.0;2.785561,2,1778833876,191656008
1614,1778833876,249588846,gps,0,0,36.7284705,127.44397559999999,95.322,1.0140489999999998;0.0;0.0;0.0;1.0140489999999998;0.0;0.0;0.0;2.778889,2,1778833876,316566529
1615,1778833876,374588782,gps,0,0,36.728468,127.44397839999999,95.34700000000001,1.0140489999999998;0.0;0.0;0.0;1.0140489999999998;0.0;0.0;0.0;2.772225,2,1778833876,439494677
1616,1778833876,499588717,gps,0,0,36.7284654,127.4439812,95.32300000000001,1.012036;0.0;0.0;0.0;1.012036;0.0;0.0;0.0;2.765569,2,1778833876,561290624
1617,1778833876,624588653,gps,0,0,36.728462799999996,127.443984,95.31700000000001,1.0100249999999997;0.0;0.0;0.0;1.0100249999999997;0.0;0.0;0.0;2.758921,2,1778833876,690484625
1618,1778833876,749588588,gps,0,0,36.7284603,127.4439867,95.31700000000001,1.008016;0.0;0.0;0.0;1.008016;0.0;0.0;0.0;2.7556,2,1778833876,816414395
1619,1778833876,874588524,gps,0,0,36.7284578,127.4439893,95.301,1.0060089999999997;0.0;0.0;0.0;1.0060089999999997;0.0;0.0;0.0;2.7489639999999995,2,1778833876,941443931
1620,1778833876,999588460,gps,0,0,36.7284551,127.44399209999999,95.318,1.004004;0.0;0.0;0.0;1.004004;0.0;0.0;0.0;2.742336,2,1778833877,71246683
1621,1778833877,124588394,gps,0,0,36.728452499999996,127.44399469999999,95.324,1.0020009999999997;0.0;0.0;0.0;1.0020009999999997;0.0;0.0;0.0;2.7357159999999996,2,1778833877,190081994
1622,1778833877,249588330,gps,0,0,36.728450099999996,127.4439974,95.291,1.0;0.0;0.0;0.0;1.0;0.0;0.0;0.0;2.7291039999999995,2,1778833877,316259137
1623,1778833877,374588265,gps,0,0,36.7284477,127.4439999,95.298,0.998001;0.0;0.0;0.0;0.998001;0.0;0.0;0.0;2.7224999999999997,2,1778833877,438195085
1624,1778833877,499588201,gps,0,0,36.7284453,127.4440022,95.298,0.998001;0.0;0.0;0.0;0.998001;0.0;0.0;0.0;2.719201,2,1778833877,566727547
1625,1778833877,624588136,gps,0,0,36.728443299999995,127.4440044,95.31,0.996004;0.0;0.0;0.0;0.996004;0.0;0.0;0.0;2.712609,2,1778833877,690622942
1626,1778833877,749588072,gps,0,0,36.7284414,127.4440066,95.312,0.994009;0.0;0.0;0.0;0.994009;0.0;0.0;0.0;2.706025,2,1778833877,815155584
1627,1778833877,874588007,gps,0,0,36.7284399,127.4440089,95.297,0.992016;0.0;0.0;0.0;0.992016;0.0;0.0;0.0;2.702736,2,1778833877,940049256
1628,1778833877,999587943,gps,0,0,36.7284384,127.4440109,95.302,0.990025;0.0;0.0;0.0;0.990025;0.0;0.0;0.0;2.6961639999999996,2,1778833878,69674210
1629,1778833878,124587878,gps,0,0,36.728437,127.4440128,95.343,0.990025;0.0;0.0;0.0;0.990025;0.0;0.0;0.0;2.692881,2,1778833878,192279263
1630,1778833878,249587813,gps,0,0,36.7284357,127.44401479999999,95.33200000000001,0.988036;0.0;0.0;0.0;0.988036;0.0;0.0;0.0;2.6895999999999995,2,1778833878,317007360
1631,1778833878,374587749,gps,0,0,36.7284344,127.44401699999999,95.336,0.986049;0.0;0.0;0.0;0.986049;0.0;0.0;0.0;2.686321,2,1778833878,441292541
1632,1778833878,499587684,gps,0,0,36.728432999999995,127.444019,95.351,0.986049;0.0;0.0;0.0;0.986049;0.0;0.0;0.0;2.6830439999999998,2,1778833878,566236653
1633,1778833878,624587620,gps,0,0,36.7284317,127.44402099999999,95.342,0.9840639999999999;0.0;0.0;0.0;0.9840639999999999;0.0;0.0;0.0;2.679769,2,1778833878,690451540
1634,1778833878,749587555,gps,0,0,36.7284302,127.44402299999999,95.343,0.982081;0.0;0.0;0.0;0.982081;0.0;0.0;0.0;2.6764959999999998,2,1778833878,815256568
1635,1778833878,874587490,gps,0,0,36.728428799999996,127.44402489999999,95.328,0.9801;0.0;0.0;0.0;0.9801;0.0;0.0;0.0;2.6699559999999996,2,1778833878,939981473
1636,1778833878,999587427,gps,0,0,36.7284272,127.44402679999999,95.32000000000001,0.9801;0.0;0.0;0.0;0.9801;0.0;0.0;0.0;2.666689,2,1778833879,70664478
1637,1778833879,124587361,gps,0,0,36.7284256,127.44402849999999,95.322,0.978121;0.0;0.0;0.0;0.978121;0.0;0.0;0.0;2.666689,2,1778833879,190454745
1638,1778833879,249587297,gps,0,0,36.7284242,127.4440302,95.339,0.978121;0.0;0.0;0.0;0.978121;0.0;0.0;0.0;2.6634239999999996,2,1778833879,313396462
1639,1778833879,374587232,gps,0,0,36.728423,127.4440315,95.334,0.976144;0.0;0.0;0.0;0.976144;0.0;0.0;0.0;2.660161,2,1778833879,439732557
1640,1778833879,499587168,gps,0,0,36.7284219,127.44403279999999,95.33800000000001,0.974169;0.0;0.0;0.0;0.974169;0.0;0.0;0.0;2.6569,2,1778833879,565211052
1641,1778833879,624587103,gps,0,0,36.728420899999996,127.4440338,95.35300000000001,0.974169;0.0;0.0;0.0;0.974169;0.0;0.0;0.0;2.653641,2,1778833879,690722223
1642,1778833879,749587039,gps,0,0,36.7284201,127.44403469999999,95.349,0.972196;0.0;0.0;0.0;0.972196;0.0;0.0;0.0;2.650384,2,1778833879,815398796
1643,1778833879,874586974,gps,0,0,36.7284195,127.4440355,95.354,0.972196;0.0;0.0;0.0;0.972196;0.0;0.0;0.0;2.647129,2,1778833879,940540977
1644,1778833879,999586911,gps,0,0,36.7284188,127.4440362,95.35900000000001,0.970225;0.0;0.0;0.0;0.970225;0.0;0.0;0.0;2.647129,2,1778833880,70519336
1645,1778833880,124586845,gps,0,0,36.728418399999995,127.44403679999999,95.369,0.970225;0.0;0.0;0.0;0.970225;0.0;0.0;0.0;2.6438759999999997,2,1778833880,187756689
1646,1778833880,249586781,gps,0,0,36.7284179,127.44403709999999,95.369,0.968256;0.0;0.0;0.0;0.968256;0.0;0.0;0.0;2.640625,2,1778833880,316292031
1647,1778833880,374586716,gps,0,0,36.7284175,127.44403759999999,95.365,0.968256;0.0;0.0;0.0;0.968256;0.0;0.0;0.0;2.637376,2,1778833880,440215380
1648,1778833880,499586652,gps,0,0,36.7284174,127.4440379,95.35600000000001,0.966289;0.0;0.0;0.0;0.966289;0.0;0.0;0.0;2.634129,2,1778833880,566396088
1649,1778833880,624586587,gps,0,0,36.7284171,127.4440382,95.368,0.966289;0.0;0.0;0.0;0.966289;0.0;0.0;0.0;2.6308840000000004,2,1778833880,690692172
1650,1778833880,749586522,gps,0,0,36.7284169,127.4440384,95.363,0.964324;0.0;0.0;0.0;0.964324;0.0;0.0;0.0;2.6308840000000004,2,1778833880,815642099
1651,1778833880,874586458,gps,0,0,36.7284167,127.4440386,95.365,0.964324;0.0;0.0;0.0;0.964324;0.0;0.0;0.0;2.627641,2,1778833880,940045798
1652,1778833880,999586394,gps,0,0,36.728416599999996,127.4440388,95.376,0.962361;0.0;0.0;0.0;0.962361;0.0;0.0;0.0;2.6244000000000005,2,1778833881,66150642
1653,1778833881,124586329,gps,0,0,36.7284164,127.4440389,95.376,0.962361;0.0;0.0;0.0;0.962361;0.0;0.0;0.0;2.6244000000000005,2,1778833881,191629836
1654,1778833881,249586264,gps,0,0,36.7284162,127.4440391,95.376,0.9603999999999999;0.0;0.0;0.0;0.9603999999999999;0.0;0.0;0.0;2.621161,2,1778833881,317488486
1655,1778833881,374586200,gps,0,0,36.7284162,127.4440393,95.376,0.9603999999999999;0.0;0.0;0.0;0.9603999999999999;0.0;0.0;0.0;2.6179240000000004,2,1778833881,441260496
1656,1778833881,499586135,gps,0,0,36.728415999999996,127.4440393,95.378,0.958441;0.0;0.0;0.0;0.958441;0.0;0.0;0.0;2.6179240000000004,2,1778833881,565567289
1657,1778833881,624586071,gps,0,0,36.7284158,127.44403949999999,95.38,0.958441;0.0;0.0;0.0;0.958441;0.0;0.0;0.0;2.614689,2,1778833881,693133095
1658,1778833881,749586006,gps,0,0,36.7284157,127.44403969999999,95.381,0.958441;0.0;0.0;0.0;0.958441;0.0;0.0;0.0;2.6114560000000004,2,1778833881,815304077
1659,1778833881,874585942,gps,0,0,36.7284156,127.4440398,95.363,0.956484;0.0;0.0;0.0;0.956484;0.0;0.0;0.0;2.608225,2,1778833881,938607279
1660,1778833881,999585878,gps,0,0,36.7284155,127.44403989999999,95.381,0.956484;0.0;0.0;0.0;0.956484;0.0;0.0;0.0;2.6049960000000003,2,1778833882,71614497
1661,1778833882,124585813,gps,0,0,36.7284153,127.44404,95.369,0.954529;0.0;0.0;0.0;0.954529;0.0;0.0;0.0;2.6049960000000003,2,1778833882,193479962
1662,1778833882,249585748,gps,0,0,36.7284152,127.44404019999999,95.38,0.954529;0.0;0.0;0.0;0.954529;0.0;0.0;0.0;2.601769,2,1778833882,318719636
1663,1778833882,374585684,gps,0,0,36.7284151,127.44404039999999,95.372,0.952576;0.0;0.0;0.0;0.952576;0.0;0.0;0.0;2.5985440000000004,2,1778833882,441368893
1664,1778833882,499585619,gps,0,0,36.728415,127.44404039999999,95.368,0.952576;0.0;0.0;0.0;0.952576;0.0;0.0;0.0;2.5953209999999998,2,1778833882,566629244
1665,1778833882,624585555,gps,0,0,36.7284149,127.4440406,95.363,0.9506249999999999;0.0;0.0;0.0;0.9506249999999999;0.0;0.0;0.0;2.5921000000000003,2,1778833882,691304745
1666,1778833882,749585490,gps,0,0,36.7284147,127.44404069999999,95.363,0.9506249999999999;0.0;0.0;0.0;0.9506249999999999;0.0;0.0;0.0;2.5888809999999998,2,1778833882,817432321
1667,1778833882,874585426,gps,0,0,36.7284146,127.44404089999999,95.378,0.948676;0.0;0.0;0.0;0.948676;0.0;0.0;0.0;2.5856640000000004,2,1778833882,941093345
1668,1778833882,999585362,gps,0,0,36.7284145,127.444041,95.367,0.948676;0.0;0.0;0.0;0.948676;0.0;0.0;0.0;2.582449,2,1778833883,71423415
1669,1778833883,124585297,gps,0,0,36.7284143,127.4440412,95.364,0.9467289999999999;0.0;0.0;0.0;0.9467289999999999;0.0;0.0;0.0;2.5792360000000003,2,1778833883,191249361
1670,1778833883,249585232,gps,0,0,36.728414199999996,127.4440412,95.358,0.9467289999999999;0.0;0.0;0.0;0.9467289999999999;0.0;0.0;0.0;2.576025,2,1778833883,316259012
1671,1778833883,374585168,gps,0,0,36.728414099999995,127.44404139999999,95.379,0.944784;0.0;0.0;0.0;0.944784;0.0;0.0;0.0;2.576025,2,1778833883,440629327
1672,1778833883,499585103,gps,0,0,36.7284139,127.44404159999999,95.361,0.944784;0.0;0.0;0.0;0.944784;0.0;0.0;0.0;2.5728160000000004,2,1778833883,567191619
1673,1778833883,624585039,gps,0,0,36.7284138,127.44404159999999,95.373,0.9428409999999999;0.0;0.0;0.0;0.9428409999999999;0.0;0.0;0.0;2.569609,2,1778833883,691481693
1674,1778833883,749584974,gps,0,0,36.7284138,127.44404159999999,95.358,0.9428409999999999;0.0;0.0;0.0;0.9428409999999999;0.0;0.0;0.0;2.5664040000000004,2,1778833883,814590706
1675,1778833883,874584910,gps,0,0,36.7284138,127.44404159999999,95.372,0.9409;0.0;0.0;0.0;0.9409;0.0;0.0;0.0;2.563201,2,1778833883,940467234
1676,1778833883,999584846,gps,0,0,36.7284139,127.44404159999999,95.355,0.9409;0.0;0.0;0.0;0.9409;0.0;0.0;0.0;2.5600000000000005,2,1778833884,70438167
1677,1778833884,124584781,gps,0,0,36.7284138,127.44404159999999,95.36,0.9389609999999999;0.0;0.0;0.0;0.9389609999999999;0.0;0.0;0.0;2.556801,2,1778833884,190696130
1678,1778833884,249584716,gps,0,0,36.7284138,127.4440417,95.352,0.937024;0.0;0.0;0.0;0.937024;0.0;0.0;0.0;2.5504089999999997,2,1778833884,316708824
1679,1778833884,374584652,gps,0,0,36.7284138,127.4440417,95.34700000000001,0.937024;0.0;0.0;0.0;0.937024;0.0;0.0;0.0;2.547216,2,1778833884,441593263
1680,1778833884,499584587,gps,0,0,36.7284138,127.4440418,95.343,0.935089;0.0;0.0;0.0;0.935089;0.0;0.0;0.0;2.544025,2,1778833884,566562553
1681,1778833884,624584523,gps,0,0,36.7284137,127.4440417,95.352,0.933156;0.0;0.0;0.0;0.933156;0.0;0.0;0.0;2.540836,2,1778833884,687509779
1682,1778833884,749584458,gps,0,0,36.7284137,127.4440418,95.327,0.933156;0.0;0.0;0.0;0.933156;0.0;0.0;0.0;2.5344640000000003,2,1778833884,815454911
1683,1778833884,874584394,gps,0,0,36.7284137,127.4440418,95.328,0.931225;0.0;0.0;0.0;0.931225;0.0;0.0;0.0;2.531281,2,1778833884,940777460
1684,1778833884,999584330,gps,0,0,36.728413599999996,127.4440418,95.328,0.931225;0.0;0.0;0.0;0.931225;0.0;0.0;0.0;2.5281000000000002,2,1778833885,70551666
1685,1778833885,124584265,gps,0,0,36.728413599999996,127.4440418,95.339,0.9292959999999999;0.0;0.0;0.0;0.9292959999999999;0.0;0.0;0.0;2.524921,2,1778833885,192140085
1686,1778833885,249584200,gps,0,0,36.728413599999996,127.44404189999999,95.328,0.9273689999999999;0.0;0.0;0.0;0.9273689999999999;0.0;0.0;0.0;2.5217440000000004,2,1778833885,318581837
1687,1778833885,374584136,gps,0,0,36.728413499999995,127.444042,95.315,0.9273689999999999;0.0;0.0;0.0;0.9273689999999999;0.0;0.0;0.0;2.518569,2,1778833885,441981051
1688,1778833885,499584071,gps,0,0,36.728413499999995,127.444042,95.32600000000001,0.9254439999999999;0.0;0.0;0.0;0.9254439999999999;0.0;0.0;0.0;2.5153960000000004,2,1778833885,562671092
1689,1778833885,624584007,gps,0,0,36.728413499999995,127.444042,95.305,0.9254439999999999;0.0;0.0;0.0;0.9254439999999999;0.0;0.0;0.0;2.512225,2,1778833885,692617436
1690,1778833885,749583942,gps,0,0,36.728413499999995,127.4440422,95.319,0.9235209999999999;0.0;0.0;0.0;0.9235209999999999;0.0;0.0;0.0;2.509056,2,1778833885,817606759
1691,1778833885,874583878,gps,0,0,36.7284134,127.44404229999999,95.308,0.9235209999999999;0.0;0.0;0.0;0.9235209999999999;0.0;0.0;0.0;2.505889,2,1778833885,942439759
1692,1778833885,999583814,gps,0,0,36.7284133,127.44404229999999,95.302,0.9216;0.0;0.0;0.0;0.9216;0.0;0.0;0.0;2.502724,2,1778833886,72427638
1693,1778833886,124583749,gps,0,0,36.7284133,127.44404229999999,95.297,0.919681;0.0;0.0;0.0;0.919681;0.0;0.0;0.0;2.499561,2,1778833886,191277757
1694,1778833886,249583684,gps,0,0,36.7284132,127.4440424,95.289,0.919681;0.0;0.0;0.0;0.919681;0.0;0.0;0.0;2.4964000000000004,2,1778833886,317485864
1695,1778833886,374583620,gps,0,0,36.7284132,127.4440425,95.3,0.919681;0.0;0.0;0.0;0.919681;0.0;0.0;0.0;2.493241,2,1778833886,439570972
1696,1778833886,499583555,gps,0,0,36.7284131,127.4440427,95.304,0.9177639999999999;0.0;0.0;0.0;0.9177639999999999;0.0;0.0;0.0;2.486929,2,1778833886,567626250
1697,1778833886,624583491,gps,0,0,36.728412999999996,127.4440427,95.289,0.9177639999999999;0.0;0.0;0.0;0.9177639999999999;0.0;0.0;0.0;2.483776,2,1778833886,691713019
1698,1778833886,749583426,gps,0,0,36.728412899999995,127.44404279999999,95.309,0.9158489999999999;0.0;0.0;0.0;0.9158489999999999;0.0;0.0;0.0;2.480625,2,1778833886,816601984
1699,1778833886,874583362,gps,0,0,36.7284128,127.4440429,95.297,0.9158489999999999;0.0;0.0;0.0;0.9158489999999999;0.0;0.0;0.0;2.4774760000000002,2,1778833886,941056930
1700,1778833886,999583298,gps,0,0,36.7284128,127.444043,95.308,0.913936;0.0;0.0;0.0;0.913936;0.0;0.0;0.0;2.474329,2,1778833887,71512021
1701,1778833887,124583233,gps,0,0,36.7284128,127.44404309999999,95.297,0.913936;0.0;0.0;0.0;0.913936;0.0;0.0;0.0;2.471184,2,1778833887,191773538
1702,1778833887,249583168,gps,0,0,36.7284126,127.44404329999999,95.307,0.912025;0.0;0.0;0.0;0.912025;0.0;0.0;0.0;2.468041,2,1778833887,317630141
1703,1778833887,374583104,gps,0,0,36.7284125,127.44404329999999,95.313,0.912025;0.0;0.0;0.0;0.912025;0.0;0.0;0.0;2.4649,2,1778833887,442178791
1704,1778833887,499583039,gps,0,0,36.7284125,127.44404349999999,95.285,0.9101159999999999;0.0;0.0;0.0;0.9101159999999999;0.0;0.0;0.0;2.4617609999999996,2,1778833887,566959755
1705,1778833887,624582975,gps,0,0,36.728412399999996,127.4440436,95.307,0.9101159999999999;0.0;0.0;0.0;0.9101159999999999;0.0;0.0;0.0;2.4586240000000004,2,1778833887,690684064
1706,1778833887,749582910,gps,0,0,36.728412299999995,127.4440437,95.301,0.9082089999999999;0.0;0.0;0.0;0.9082089999999999;0.0;0.0;0.0;2.455489,2,1778833887,815198836
1707,1778833887,874582846,gps,0,0,36.7284122,127.4440439,95.297,0.9082089999999999;0.0;0.0;0.0;0.9082089999999999;0.0;0.0;0.0;2.452356,2,1778833887,940338776
1708,1778833887,999582782,gps,0,0,36.7284121,127.44404399999999,95.278,0.9063039999999999;0.0;0.0;0.0;0.9063039999999999;0.0;0.0;0.0;2.4492249999999998,2,1778833888,71480772
1709,1778833888,124582717,gps,0,0,36.728412,127.4440441,95.29,0.9063039999999999;0.0;0.0;0.0;0.9063039999999999;0.0;0.0;0.0;2.4460960000000003,2,1778833888,192184849
1710,1778833888,249582652,gps,0,0,36.7284119,127.4440442,95.296,0.9063039999999999;0.0;0.0;0.0;0.9063039999999999;0.0;0.0;0.0;2.4429689999999997,2,1778833888,315486118
1711,1778833888,374582587,gps,0,0,36.7284119,127.44404429999999,95.295,0.9044009999999999;0.0;0.0;0.0;0.9044009999999999;0.0;0.0;0.0;2.4398440000000003,2,1778833888,441355148
1712,1778833888,499582523,gps,0,0,36.728411799999996,127.4440444,95.289,0.9044009999999999;0.0;0.0;0.0;0.9044009999999999;0.0;0.0;0.0;2.436721,2,1778833888,566520290
1713,1778833888,624582458,gps,0,0,36.728411699999995,127.4440446,95.275,0.9025;0.0;0.0;0.0;0.9025;0.0;0.0;0.0;2.4336,2,1778833888,690698682
1714,1778833888,749582394,gps,0,0,36.7284116,127.44404469999999,95.299,0.9025;0.0;0.0;0.0;0.9025;0.0;0.0;0.0;2.430481,2,1778833888,816535852
1715,1778833888,874582329,gps,0,0,36.7284116,127.4440448,95.282,0.9006009999999999;0.0;0.0;0.0;0.9006009999999999;0.0;0.0;0.0;2.4273640000000003,2,1778833888,941464419
1716,1778833888,999582266,gps,0,0,36.7284114,127.4440449,95.3,0.9006009999999999;0.0;0.0;0.0;0.9006009999999999;0.0;0.0;0.0;2.4242489999999997,2,1778833889,72033103
1717,1778833889,124582200,gps,0,0,36.7284114,127.44404499999999,95.288,0.898704;0.0;0.0;0.0;0.898704;0.0;0.0;0.0;2.421136,2,1778833889,187371371
1718,1778833889,249582136,gps,0,0,36.7284113,127.44404519999999,95.286,0.898704;0.0;0.0;0.0;0.898704;0.0;0.0;0.0;2.4180249999999996,2,1778833889,316794647
1719,1778833889,374582071,gps,0,0,36.7284112,127.4440453,95.301,0.8968089999999999;0.0;0.0;0.0;0.8968089999999999;0.0;0.0;0.0;2.4149160000000003,2,1778833889,441378593
1720,1778833889,499582007,gps,0,0,36.728411099999995,127.4440453,95.299,0.8968089999999999;0.0;0.0;0.0;0.8968089999999999;0.0;0.0;0.0;2.411809,2,1778833889,567312566
1721,1778833889,624581942,gps,0,0,36.728411,127.44404549999999,95.315,0.8949159999999999;0.0;0.0;0.0;0.8949159999999999;0.0;0.0;0.0;2.408704,2,1778833889,692534515
1722,1778833889,749581878,gps,0,0,36.7284109,127.4440456,95.303,0.8949159999999999;0.0;0.0;0.0;0.8949159999999999;0.0;0.0;0.0;2.405601,2,1778833889,817352846
1723,1778833889,874581813,gps,0,0,36.7284109,127.44404569999999,95.302,0.893025;0.0;0.0;0.0;0.893025;0.0;0.0;0.0;2.4025000000000003,2,1778833889,941371111
1724,1778833889,999581750,gps,0,0,36.7284108,127.4440458,95.32000000000001,0.893025;0.0;0.0;0.0;0.893025;0.0;0.0;0.0;2.3994009999999997,2,1778833890,67675260
1725,1778833890,124581684,gps,0,0,36.7284108,127.4440458,95.315,0.8911359999999999;0.0;0.0;0.0;0.8911359999999999;0.0;0.0;0.0;2.396304,2,1778833890,192412121
1726,1778833890,249581620,gps,0,0,36.7284107,127.44404589999999,95.31700000000001,0.8911359999999999;0.0;0.0;0.0;0.8911359999999999;0.0;0.0;0.0;2.3932089999999997,2,1778833890,316558882
1727,1778833890,374581555,gps,0,0,36.7284107,127.444046,95.33500000000001,0.889249;0.0;0.0;0.0;0.889249;0.0;0.0;0.0;2.390116,2,1778833890,440582997
1728,1778833890,499581491,gps,0,0,36.7284107,127.444046,95.32300000000001,0.889249;0.0;0.0;0.0;0.889249;0.0;0.0;0.0;2.390116,2,1778833890,565576510
1729,1778833890,624581426,gps,0,0,36.7284106,127.44404589999999,95.32300000000001,0.8873639999999999;0.0;0.0;0.0;0.8873639999999999;0.0;0.0;0.0;2.387025,2,1778833890,690271952
1730,1778833890,749581362,gps,0,0,36.7284106,127.4440461,95.324,0.8873639999999999;0.0;0.0;0.0;0.8873639999999999;0.0;0.0;0.0;2.3839360000000003,2,1778833890,815221379
1731,1778833890,874581297,gps,0,0,36.7284106,127.4440461,95.32600000000001,0.8873639999999999;0.0;0.0;0.0;0.8873639999999999;0.0;0.0;0.0;2.380849,2,1778833890,938294819
1732,1778833890,999581234,gps,0,0,36.728410499999995,127.44404619999999,95.32600000000001,0.8854809999999999;0.0;0.0;0.0;0.8854809999999999;0.0;0.0;0.0;2.377764,2,1778833891,70474190
1733,1778833891,124581168,gps,0,0,36.7284104,127.44404619999999,95.348,0.8854809999999999;0.0;0.0;0.0;0.8854809999999999;0.0;0.0;0.0;2.374681,2,1778833891,193408310
1734,1778833891,249581104,gps,0,0,36.728410499999995,127.44404639999999,95.31400000000001,0.8835999999999999;0.0;0.0;0.0;0.8835999999999999;0.0;0.0;0.0;2.3716,2,1778833891,319860226
1735,1778833891,374581039,gps,0,0,36.7284104,127.44404639999999,95.331,0.8835999999999999;0.0;0.0;0.0;0.8835999999999999;0.0;0.0;0.0;2.368521,2,1778833891,442281963
1736,1778833891,499580975,gps,0,0,36.7284104,127.4440466,95.336,0.8817209999999999;0.0;0.0;0.0;0.8817209999999999;0.0;0.0;0.0;2.368521,2,1778833891,566626567
1737,1778833891,624580910,gps,0,0,36.7284102,127.4440466,95.343,0.8817209999999999;0.0;0.0;0.0;0.8817209999999999;0.0;0.0;0.0;2.365444,2,1778833891,691356003
1738,1778833891,749580846,gps,0,0,36.7284101,127.4440467,95.327,0.8798439999999998;0.0;0.0;0.0;0.8798439999999998;0.0;0.0;0.0;2.3623689999999997,2,1778833891,816646293
1739,1778833891,874580781,gps,0,0,36.7284101,127.44404689999999,95.333,0.8798439999999998;0.0;0.0;0.0;0.8798439999999998;0.0;0.0;0.0;2.359296,2,1778833891,941461512
1740,1778833891,999580718,gps,0,0,36.7284101,127.44404709999999,95.34,0.8779690000000001;0.0;0.0;0.0;0.8779690000000001;0.0;0.0;0.0;2.359296,2,1778833892,71604537
1741,1778833892,124580652,gps,0,0,36.72841,127.44404709999999,95.337,0.8779690000000001;0.0;0.0;0.0;0.8779690000000001;0.0;0.0;0.0;2.356225,2,1778833892,193688278
1742,1778833892,249580588,gps,0,0,36.7284101,127.44404709999999,95.339,0.8779690000000001;0.0;0.0;0.0;0.8779690000000001;0.0;0.0;0.0;2.3531560000000002,2,1778833892,319266370
1743,1778833892,374580523,gps,0,0,36.7284102,127.44404689999999,95.346,0.8760960000000001;0.0;0.0;0.0;0.8760960000000001;0.0;0.0;0.0;2.3500889999999997,2,1778833892,442460499
1744,1778833892,499580459,gps,0,0,36.7284103,127.4440467,95.34700000000001,0.8760960000000001;0.0;0.0;0.0;0.8760960000000001;0.0;0.0;0.0;2.347024,2,1778833892,568434993
1745,1778833892,624580394,gps,0,0,36.7284107,127.4440465,95.348,0.8742250000000001;0.0;0.0;0.0;0.8742250000000001;0.0;0.0;0.0;2.347024,2,1778833892,692540535
1746,1778833892,749580330,gps,0,0,36.7284109,127.44404619999999,95.34700000000001,0.8742250000000001;0.0;0.0;0.0;0.8742250000000001;0.0;0.0;0.0;2.3439609999999997,2,1778833892,815623514
1747,1778833892,874580265,gps,0,0,36.7284112,127.4440458,95.35900000000001,0.8742250000000001;0.0;0.0;0.0;0.8742250000000001;0.0;0.0;0.0;2.3409,2,1778833892,942365906
1748,1778833892,999580201,gps,0,0,36.728411699999995,127.4440453,95.374,0.8723560000000001;0.0;0.0;0.0;0.8723560000000001;0.0;0.0;0.0;2.3378409999999996,2,1778833893,72561981
1749,1778833893,124580136,gps,0,0,36.7284121,127.44404469999999,95.366,0.8723560000000001;0.0;0.0;0.0;0.8723560000000001;0.0;0.0;0.0;2.3378409999999996,2,1778833893,193043597
1750,1778833893,249580071,gps,0,0,36.7284125,127.4440442,95.378,0.8704890000000001;0.0;0.0;0.0;0.8704890000000001;0.0;0.0;0.0;2.334784,2,1778833893,319204846
1751,1778833893,374580007,gps,0,0,36.7284128,127.4440436,95.369,0.8704890000000001;0.0;0.0;0.0;0.8704890000000001;0.0;0.0;0.0;2.3317289999999997,2,1778833893,443492975
1752,1778833893,499579942,gps,0,0,36.7284132,127.44404329999999,95.389,0.8704890000000001;0.0;0.0;0.0;0.8704890000000001;0.0;0.0;0.0;2.3317289999999997,2,1778833893,567414556
1753,1778833893,624579878,gps,0,0,36.7284134,127.4440427,95.373,0.8686240000000001;0.0;0.0;0.0;0.8686240000000001;0.0;0.0;0.0;2.328676,2,1778833893,688083386
1754,1778833893,749579813,gps,0,0,36.7284137,127.44404229999999,95.371,0.8686240000000001;0.0;0.0;0.0;0.8686240000000001;0.0;0.0;0.0;2.3256249999999996,2,1778833893,815859873
1755,1778833893,874579749,gps,0,0,36.728414,127.44404189999999,95.393,0.8667610000000001;0.0;0.0;0.0;0.8667610000000001;0.0;0.0;0.0;2.3256249999999996,2,1778833893,940613189
1756,1778833893,999579685,gps,0,0,36.7284143,127.44404139999999,95.404,0.8667610000000001;0.0;0.0;0.0;0.8667610000000001;0.0;0.0;0.0;2.322576,2,1778833894,72329137
1757,1778833894,124579620,gps,0,0,36.7284146,127.44404089999999,95.408,0.8649000000000001;0.0;0.0;0.0;0.8649000000000001;0.0;0.0;0.0;2.3195289999999997,2,1778833894,192716425
1758,1778833894,249579555,gps,0,0,36.728414799999996,127.4440403,95.396,0.8649000000000001;0.0;0.0;0.0;0.8649000000000001;0.0;0.0;0.0;2.316484,2,1778833894,319395062
1759,1778833894,374579491,gps,0,0,36.7284151,127.44403989999999,95.391,0.8630410000000001;0.0;0.0;0.0;0.8630410000000001;0.0;0.0;0.0;2.316484,2,1778833894,442413410
1760,1778833894,499579426,gps,0,0,36.728415399999996,127.4440393,95.398,0.8630410000000001;0.0;0.0;0.0;0.8630410000000001;0.0;0.0;0.0;2.3134409999999996,2,1778833894,562623965
1761,1778833894,624579362,gps,0,0,36.7284157,127.4440388,95.387,0.8611840000000001;0.0;0.0;0.0;0.8611840000000001;0.0;0.0;0.0;2.3104,2,1778833894,692202282
1762,1778833894,749579297,gps,0,0,36.7284159,127.4440384,95.42,0.8611840000000001;0.0;0.0;0.0;0.8611840000000001;0.0;0.0;0.0;2.3073609999999998,2,1778833894,817768995
1763,1778833894,874579233,gps,0,0,36.7284161,127.4440379,95.407,0.8593290000000001;0.0;0.0;0.0;0.8593290000000001;0.0;0.0;0.0;2.3043240000000003,2,1778833894,942600854
1764,1778833894,999579169,gps,0,0,36.7284163,127.4440374,95.419,0.8593290000000001;0.0;0.0;0.0;0.8593290000000001;0.0;0.0;0.0;2.3012889999999997,2,1778833895,72668050
1765,1778833895,124579104,gps,0,0,36.7284165,127.444037,95.404,0.8574760000000001;0.0;0.0;0.0;0.8574760000000001;0.0;0.0;0.0;2.298256,2,1778833895,192500319
1766,1778833895,249579039,gps,0,0,36.7284168,127.4440363,95.407,0.8556250000000001;0.0;0.0;0.0;0.8556250000000001;0.0;0.0;0.0;2.295225,2,1778833895,316465391
1767,1778833895,374578975,gps,0,0,36.728417,127.4440358,95.428,0.8556250000000001;0.0;0.0;0.0;0.8556250000000001;0.0;0.0;0.0;2.292196,2,1778833895,439449672
1768,1778833895,499578910,gps,0,0,36.7284173,127.444035,95.416,0.8537760000000001;0.0;0.0;0.0;0.8537760000000001;0.0;0.0;0.0;2.289169,2,1778833895,567369737
1769,1778833895,624578846,gps,0,0,36.7284176,127.44403419999999,95.443,0.851929;0.0;0.0;0.0;0.851929;0.0;0.0;0.0;2.286144,2,1778833895,692358345
1770,1778833895,749578781,gps,0,0,36.728418,127.44403319999999,95.408,0.851929;0.0;0.0;0.0;0.851929;0.0;0.0;0.0;2.2801,2,1778833895,815724239
1771,1778833895,874578717,gps,0,0,36.7284182,127.44403249999999,95.433,0.8500840000000001;0.0;0.0;0.0;0.8500840000000001;0.0;0.0;0.0;2.277081,2,1778833895,940103262
1772,1778833895,999578653,gps,0,0,36.728418399999995,127.4440317,95.452,0.848241;0.0;0.0;0.0;0.848241;0.0;0.0;0.0;2.274064,2,1778833896,70362288
1773,1778833896,124578588,gps,0,0,36.7284186,127.44403109999999,95.44800000000001,0.848241;0.0;0.0;0.0;0.848241;0.0;0.0;0.0;2.2710489999999997,2,1778833896,191380132
1774,1778833896,249578523,gps,0,0,36.7284187,127.4440305,95.46900000000001,0.8464;0.0;0.0;0.0;0.8464;0.0;0.0;0.0;2.268036,2,1778833896,317075103
1775,1778833896,374578459,gps,0,0,36.7284189,127.44403,95.449,0.8445610000000001;0.0;0.0;0.0;0.8445610000000001;0.0;0.0;0.0;2.2650249999999996,2,1778833896,441718055
1776,1778833896,499578394,gps,0,0,36.728418999999995,127.44402969999999,95.474,0.8445610000000001;0.0;0.0;0.0;0.8445610000000001;0.0;0.0;0.0;2.259009,2,1778833896,566655316
1777,1778833896,624578330,gps,0,0,36.728419099999996,127.44402939999999,95.48,0.842724;0.0;0.0;0.0;0.842724;0.0;0.0;0.0;2.256004,2,1778833896,690793295
1778,1778833896,749578265,gps,0,0,36.7284192,127.444029,95.465,0.842724;0.0;0.0;0.0;0.842724;0.0;0.0;0.0;2.253001,2,1778833896,815350085
1779,1778833896,874578201,gps,0,0,36.7284194,127.44402869999999,95.5,0.8408890000000001;0.0;0.0;0.0;0.8408890000000001;0.0;0.0;0.0;2.25,2,1778833896,940600817
1780,1778833896,999578137,gps,0,0,36.7284195,127.44402819999999,95.488,0.839056;0.0;0.0;0.0;0.839056;0.0;0.0;0.0;2.2470010000000005,2,1778833897,71554842
1781,1778833897,124578072,gps,0,0,36.728419599999995,127.4440278,95.497,0.839056;0.0;0.0;0.0;0.839056;0.0;0.0;0.0;2.244004,2,1778833897,191660398
1782,1778833897,249578007,gps,0,0,36.728419699999996,127.4440276,95.498,0.8372250000000001;0.0;0.0;0.0;0.8372250000000001;0.0;0.0;0.0;2.238016,2,1778833897,314688138
1783,1778833897,374577943,gps,0,0,36.7284198,127.4440272,95.51,0.8372250000000001;0.0;0.0;0.0;0.8372250000000001;0.0;0.0;0.0;2.2350250000000003,2,1778833897,440412178
1784,1778833897,499577878,gps,0,0,36.7284198,127.44402679999999,95.524,0.835396;0.0;0.0;0.0;0.835396;0.0;0.0;0.0;2.232036,2,1778833897,565423821
1785,1778833897,624577814,gps,0,0,36.72842,127.44402629999999,95.528,0.8335690000000001;0.0;0.0;0.0;0.8335690000000001;0.0;0.0;0.0;2.2290490000000003,2,1778833897,690552831
1786,1778833897,749577749,gps,0,0,36.7284201,127.4440257,95.536,0.8335690000000001;0.0;0.0;0.0;0.8335690000000001;0.0;0.0;0.0;2.226064,2,1778833897,815483437
1787,1778833897,874577685,gps,0,0,36.728420199999995,127.44402509999999,95.537,0.831744;0.0;0.0;0.0;0.831744;0.0;0.0;0.0;2.2230810000000005,2,1778833897,941357343
1788,1778833897,999577621,gps,0,0,36.728420299999996,127.44402459999999,95.544,0.831744;0.0;0.0;0.0;0.831744;0.0;0.0;0.0;2.2201,2,1778833898,71683456
1789,1778833898,124577556,gps,0,0,36.7284204,127.4440241,95.554,0.829921;0.0;0.0;0.0;0.829921;0.0;0.0;0.0;2.214144,2,1778833898,187584201
1790,1778833898,249577491,gps,0,0,36.7284205,127.4440236,95.56,0.829921;0.0;0.0;0.0;0.829921;0.0;0.0;0.0;2.2111690000000004,2,1778833898,317347737
1791,1778833898,374577427,gps,0,0,36.7284206,127.44402319999999,95.55,0.8281000000000001;0.0;0.0;0.0;0.8281000000000001;0.0;0.0;0.0;2.2111690000000004,2,1778833898,440848631
1792,1778833898,499577362,gps,0,0,36.7284206,127.4440229,95.575,0.8281000000000001;0.0;0.0;0.0;0.8281000000000001;0.0;0.0;0.0;2.208196,2,1778833898,566743524
1793,1778833898,624577298,gps,0,0,36.728420799999995,127.44402249999999,95.57900000000001,0.826281;0.0;0.0;0.0;0.826281;0.0;0.0;0.0;2.2052250000000004,2,1778833898,691437147
1794,1778833898,749577233,gps,0,0,36.7284207,127.44402219999999,95.58500000000001,0.826281;0.0;0.0;0.0;0.826281;0.0;0.0;0.0;2.2022559999999998,2,1778833898,816370101
1795,1778833898,874577169,gps,0,0,36.728420799999995,127.44402199999999,95.57900000000001,0.8244640000000001;0.0;0.0;0.0;0.8244640000000001;0.0;0.0;0.0;2.1992890000000003,2,1778833898,940332154
1796,1778833898,999577105,gps,0,0,36.728420799999995,127.44402179999999,95.607,0.8244640000000001;0.0;0.0;0.0;0.8244640000000001;0.0;0.0;0.0;2.196324,2,1778833899,66355085
1797,1778833899,124577040,gps,0,0,36.728420899999996,127.4440217,95.605,0.8226490000000001;0.0;0.0;0.0;0.8226490000000001;0.0;0.0;0.0;2.1933610000000003,2,1778833899,190473461
1798,1778833899,249576975,gps,0,0,36.728420899999996,127.44402179999999,95.618,0.8226490000000001;0.0;0.0;0.0;0.8226490000000001;0.0;0.0;0.0;2.1904,2,1778833899,316262057
1799,1778833899,374576911,gps,0,0,36.728420799999995,127.44402219999999,95.614,0.820836;0.0;0.0;0.0;0.820836;0.0;0.0;0.0;2.187441,2,1778833899,440737459
1800,1778833899,499576847,gps,0,0,36.728420799999995,127.44402269999999,95.623,0.820836;0.0;0.0;0.0;0.820836;0.0;0.0;0.0;2.184484,2,1778833899,565623614
1801,1778833899,624576782,gps,0,0,36.7284207,127.4440233,95.60900000000001,0.819025;0.0;0.0;0.0;0.819025;0.0;0.0;0.0;2.184484,2,1778833899,690157009
1802,1778833899,749576718,gps,0,0,36.7284206,127.444024,95.63,0.819025;0.0;0.0;0.0;0.819025;0.0;0.0;0.0;2.1815290000000003,2,1778833899,814900200
1803,1778833899,874576653,gps,0,0,36.7284205,127.4440252,95.627,0.819025;0.0;0.0;0.0;0.819025;0.0;0.0;0.0;2.178576,2,1778833899,937633959
1804,1778833899,999576590,gps,0,0,36.7284205,127.4440259,95.639,0.817216;0.0;0.0;0.0;0.817216;0.0;0.0;0.0;2.175625,2,1778833900,69999018
1805,1778833900,124576524,gps,0,0,36.7284205,127.44402679999999,95.63,0.817216;0.0;0.0;0.0;0.817216;0.0;0.0;0.0;2.172676,2,1778833900,192291212
1806,1778833900,249576460,gps,0,0,36.7284205,127.44402749999999,95.648,0.815409;0.0;0.0;0.0;0.815409;0.0;0.0;0.0;2.1697290000000002,2,1778833900,316753446
1807,1778833900,374576395,gps,0,0,36.7284204,127.4440279,95.659,0.815409;0.0;0.0;0.0;0.815409;0.0;0.0;0.0;2.1697290000000002,2,1778833900,440397865
1808,1778833900,499576331,gps,0,0,36.7284205,127.4440283,95.655,0.815409;0.0;0.0;0.0;0.815409;0.0;0.0;0.0;2.166784,2,1778833900,565736062
1809,1778833900,624576266,gps,0,0,36.7284205,127.4440286,95.678,0.813604;0.0;0.0;0.0;0.813604;0.0;0.0;0.0;2.163841,2,1778833900,690696940
1810,1778833900,749576202,gps,0,0,36.7284204,127.4440288,95.677,0.813604;0.0;0.0;0.0;0.813604;0.0;0.0;0.0;2.163841,2,1778833900,816628798
1811,1778833900,874576137,gps,0,0,36.7284204,127.4440291,95.678,0.813604;0.0;0.0;0.0;0.813604;0.0;0.0;0.0;2.1609,2,1778833900,942008736
1812,1778833900,999576074,gps,0,0,36.7284204,127.4440296,95.684,0.811801;0.0;0.0;0.0;0.811801;0.0;0.0;0.0;2.1579610000000002,2,1778833901,71290782
1813,1778833901,124576008,gps,0,0,36.7284205,127.44403009999999,95.69200000000001,0.811801;0.0;0.0;0.0;0.811801;0.0;0.0;0.0;2.155024,2,1778833901,191827503
1814,1778833901,249575944,gps,0,0,36.7284205,127.4440307,95.684,0.811801;0.0;0.0;0.0;0.811801;0.0;0.0;0.0;2.155024,2,1778833901,317456662
1815,1778833901,374575879,gps,0,0,36.7284206,127.4440315,95.684,0.81;0.0;0.0;0.0;0.81;0.0;0.0;0.0;2.152089,2,1778833901,441531534
1816,1778833901,499575815,gps,0,0,36.7284206,127.44403229999999,95.706,0.81;0.0;0.0;0.0;0.81;0.0;0.0;0.0;2.152089,2,1778833901,566423607
1817,1778833901,624575750,gps,0,0,36.728420799999995,127.4440334,95.673,0.81;0.0;0.0;0.0;0.81;0.0;0.0;0.0;2.149156,2,1778833901,691567539
1818,1778833901,749575686,gps,0,0,36.728420799999995,127.4440343,95.69500000000001,0.8082010000000001;0.0;0.0;0.0;0.8082010000000001;0.0;0.0;0.0;2.1462250000000003,2,1778833901,815419938
1819,1778833901,874575621,gps,0,0,36.728421,127.44403519999999,95.703,0.8082010000000001;0.0;0.0;0.0;0.8082010000000001;0.0;0.0;0.0;2.1462250000000003,2,1778833901,941752562
1820,1778833901,999575558,gps,0,0,36.7284212,127.444036,95.686,0.8082010000000001;0.0;0.0;0.0;0.8082010000000001;0.0;0.0;0.0;2.143296,2,1778833902,71709013
1821,1778833902,124575492,gps,0,0,36.7284213,127.44403659999999,95.705,0.806404;0.0;0.0;0.0;0.806404;0.0;0.0;0.0;2.143296,2,1778833902,192634064
1822,1778833902,249575428,gps,0,0,36.728421399999995,127.44403709999999,95.702,0.806404;0.0;0.0;0.0;0.806404;0.0;0.0;0.0;2.140369,2,1778833902,318380655
1823,1778833902,374575364,gps,0,0,36.728421499999996,127.4440374,95.721,0.806404;0.0;0.0;0.0;0.806404;0.0;0.0;0.0;2.137444,2,1778833902,442620478
1824,1778833902,499575299,gps,0,0,36.728421499999996,127.44403759999999,95.72500000000001,0.804609;0.0;0.0;0.0;0.804609;0.0;0.0;0.0;2.137444,2,1778833902,567508809
1825,1778833902,624575235,gps,0,0,36.7284216,127.4440377,95.72500000000001,0.804609;0.0;0.0;0.0;0.804609;0.0;0.0;0.0;2.1345210000000003,2,1778833902,688038167
1826,1778833902,749575170,gps,0,0,36.7284217,127.44403779999999,95.72,0.804609;0.0;0.0;0.0;0.804609;0.0;0.0;0.0;2.1345210000000003,2,1778833902,816298511
1827,1778833902,874575106,gps,0,0,36.7284217,127.4440379,95.71600000000001,0.8028160000000001;0.0;0.0;0.0;0.8028160000000001;0.0;0.0;0.0;2.1315999999999997,2,1778833902,940757021
1828,1778833902,999575042,gps,0,0,36.7284218,127.44403799999999,95.72500000000001,0.8028160000000001;0.0;0.0;0.0;0.8028160000000001;0.0;0.0;0.0;2.1286810000000003,2,1778833903,72357963
1829,1778833903,124574977,gps,0,0,36.7284218,127.4440384,95.741,0.8028160000000001;0.0;0.0;0.0;0.8028160000000001;0.0;0.0;0.0;2.1286810000000003,2,1778833903,192652529
1830,1778833903,249574912,gps,0,0,36.728421999999995,127.4440387,95.741,0.801025;0.0;0.0;0.0;0.801025;0.0;0.0;0.0;2.1257639999999998,2,1778833903,318533214
1831,1778833903,374574848,gps,0,0,36.728422099999996,127.44403919999999,95.755,0.801025;0.0;0.0;0.0;0.801025;0.0;0.0;0.0;2.1257639999999998,2,1778833903,441345314
1832,1778833903,499574783,gps,0,0,36.7284223,127.4440398,95.748,0.801025;0.0;0.0;0.0;0.801025;0.0;0.0;0.0;2.1257639999999998,2,1778833903,562322665
1833,1778833903,624574719,gps,0,0,36.7284225,127.44404069999999,95.758,0.801025;0.0;0.0;0.0;0.801025;0.0;0.0;0.0;2.1257639999999998,2,1778833903,692726535
1834,1778833903,749574654,gps,0,0,36.7284229,127.4440415,95.757,0.801025;0.0;0.0;0.0;0.801025;0.0;0.0;0.0;2.1228490000000004,2,1778833903,817673122
1835,1778833903,874574590,gps,0,0,36.7284232,127.4440424,95.735,0.7992360000000001;0.0;0.0;0.0;0.7992360000000001;0.0;0.0;0.0;2.1228490000000004,2,1778833903,942365171
1836,1778833903,999574526,gps,0,0,36.7284237,127.4440434,95.741,0.7992360000000001;0.0;0.0;0.0;0.7992360000000001;0.0;0.0;0.0;2.1228490000000004,2,1778833904,72451847
1837,1778833904,124574461,gps,0,0,36.7284242,127.44404449999999,95.756,0.7992360000000001;0.0;0.0;0.0;0.7992360000000001;0.0;0.0;0.0;2.1228490000000004,2,1778833904,192335095
1838,1778833904,249574396,gps,0,0,36.7284246,127.44404549999999,95.748,0.7992360000000001;0.0;0.0;0.0;0.7992360000000001;0.0;0.0;0.0;2.119936,2,1778833904,318695195
1839,1778833904,374574332,gps,0,0,36.728425,127.44404639999999,95.747,0.7992360000000001;0.0;0.0;0.0;0.7992360000000001;0.0;0.0;0.0;2.119936,2,1778833904,440021446
1840,1778833904,499574267,gps,0,0,36.7284254,127.44404709999999,95.775,0.7992360000000001;0.0;0.0;0.0;0.7992360000000001;0.0;0.0;0.0;2.119936,2,1778833904,567805948
1841,1778833904,624574203,gps,0,0,36.7284258,127.4440477,95.766,0.7992360000000001;0.0;0.0;0.0;0.7992360000000001;0.0;0.0;0.0;2.119936,2,1778833904,693230081
1842,1778833904,749574138,gps,0,0,36.728426,127.4440482,95.775,0.7992360000000001;0.0;0.0;0.0;0.7992360000000001;0.0;0.0;0.0;2.119936,2,1778833904,817269351
1843,1778833904,874574074,gps,0,0,36.728426299999995,127.4440487,95.783,0.7992360000000001;0.0;0.0;0.0;0.7992360000000001;0.0;0.0;0.0;2.119936,2,1778833904,941468856
1844,1778833904,999574010,gps,0,0,36.7284267,127.44404929999999,95.778,0.7992360000000001;0.0;0.0;0.0;0.7992360000000001;0.0;0.0;0.0;2.119936,2,1778833905,71526293
1845,1778833905,124573945,gps,0,0,36.7284271,127.4440499,95.792,0.7992360000000001;0.0;0.0;0.0;0.7992360000000001;0.0;0.0;0.0;2.119936,2,1778833905,192194702
1846,1778833905,249573880,gps,0,0,36.728427499999995,127.4440506,95.796,0.7992360000000001;0.0;0.0;0.0;0.7992360000000001;0.0;0.0;0.0;2.119936,2,1778833905,316515391
1847,1778833905,374573816,gps,0,0,36.728428099999995,127.44405139999999,95.771,0.7974490000000001;0.0;0.0;0.0;0.7974490000000001;0.0;0.0;0.0;2.119936,2,1778833905,440517631
1848,1778833905,499573751,gps,0,0,36.728428699999995,127.44405219999999,95.776,0.7974490000000001;0.0;0.0;0.0;0.7974490000000001;0.0;0.0;0.0;2.119936,2,1778833905,565908778
1849,1778833905,624573687,gps,0,0,36.728429299999995,127.444053,95.787,0.7974490000000001;0.0;0.0;0.0;0.7974490000000001;0.0;0.0;0.0;2.119936,2,1778833905,690795069
1850,1778833905,749573622,gps,0,0,36.7284301,127.4440539,95.792,0.7974490000000001;0.0;0.0;0.0;0.7974490000000001;0.0;0.0;0.0;2.119936,2,1778833905,815279295
1851,1778833905,874573558,gps,0,0,36.7284308,127.4440547,95.81,0.7974490000000001;0.0;0.0;0.0;0.7974490000000001;0.0;0.0;0.0;2.119936,2,1778833905,940192383
1852,1778833905,999573494,gps,0,0,36.7284316,127.44405549999999,95.798,0.7974490000000001;0.0;0.0;0.0;0.7974490000000001;0.0;0.0;0.0;2.1170250000000004,2,1778833906,70735330
1853,1778833906,124573428,gps,0,0,36.728432399999996,127.44405619999999,95.803,0.7974490000000001;0.0;0.0;0.0;0.7974490000000001;0.0;0.0;0.0;2.1170250000000004,2,1778833906,190577070
1854,1778833906,249573364,gps,0,0,36.7284332,127.444057,95.796,0.7974490000000001;0.0;0.0;0.0;0.7974490000000001;0.0;0.0;0.0;2.1170250000000004,2,1778833906,313982597
1855,1778833906,374573300,gps,0,0,36.728434,127.4440575,95.789,0.7974490000000001;0.0;0.0;0.0;0.7974490000000001;0.0;0.0;0.0;2.1170250000000004,2,1778833906,440022722
1856,1778833906,499573235,gps,0,0,36.728434799999995,127.444058,95.786,0.7974490000000001;0.0;0.0;0.0;0.7974490000000001;0.0;0.0;0.0;2.1170250000000004,2,1778833906,565128572
1857,1778833906,624573171,gps,0,0,36.7284352,127.4440582,95.774,0.7974490000000001;0.0;0.0;0.0;0.7974490000000001;0.0;0.0;0.0;2.1170250000000004,2,1778833906,690188021
1858,1778833906,749573106,gps,0,0,36.7284358,127.4440587,95.789,0.7974490000000001;0.0;0.0;0.0;0.7974490000000001;0.0;0.0;0.0;2.1170250000000004,2,1778833906,815614315
1859,1778833906,874573042,gps,0,0,36.7284363,127.444059,95.78,0.7974490000000001;0.0;0.0;0.0;0.7974490000000001;0.0;0.0;0.0;2.1170250000000004,2,1778833906,941345343
1860,1778833906,999572978,gps,0,0,36.7284369,127.44405929999999,95.771,0.7974490000000001;0.0;0.0;0.0;0.7974490000000001;0.0;0.0;0.0;2.1170250000000004,2,1778833907,71475874
1861,1778833907,124572913,gps,0,0,36.7284374,127.44405959999999,95.767,0.7974490000000001;0.0;0.0;0.0;0.7974490000000001;0.0;0.0;0.0;2.1170250000000004,2,1778833907,186734671
1862,1778833907,249572848,gps,0,0,36.7284382,127.44406,95.758,0.7974490000000001;0.0;0.0;0.0;0.7974490000000001;0.0;0.0;0.0;2.1170250000000004,2,1778833907,315134411
1863,1778833907,374572783,gps,0,0,36.728439,127.44406049999999,95.76,0.7974490000000001;0.0;0.0;0.0;0.7974490000000001;0.0;0.0;0.0;2.1170250000000004,2,1778833907,439643351
1864,1778833907,499572719,gps,0,0,36.7284399,127.44406079999999,95.762,0.7974490000000001;0.0;0.0;0.0;0.7974490000000001;0.0;0.0;0.0;2.1170250000000004,2,1778833907,565100346
1865,1778833907,624572655,gps,0,0,36.728440899999995,127.4440611,95.746,0.7974490000000001;0.0;0.0;0.0;0.7974490000000001;0.0;0.0;0.0;2.1170250000000004,2,1778833907,690698879
1866,1778833907,749572590,gps,0,0,36.728442,127.44406149999999,95.762,0.7974490000000001;0.0;0.0;0.0;0.7974490000000001;0.0;0.0;0.0;2.1170250000000004,2,1778833907,814861204
1867,1778833907,874572526,gps,0,0,36.7284432,127.44406169999999,95.745,0.7974490000000001;0.0;0.0;0.0;0.7974490000000001;0.0;0.0;0.0;2.1170250000000004,2,1778833907,939357491
1868,1778833907,999572462,gps,0,0,36.728444599999996,127.44406199999999,95.749,0.7974490000000001;0.0;0.0;0.0;0.7974490000000001;0.0;0.0;0.0;2.1170250000000004,2,1778833908,65608627
1869,1778833908,124572397,gps,0,0,36.7284459,127.4440621,95.726,0.7974490000000001;0.0;0.0;0.0;0.7974490000000001;0.0;0.0;0.0;2.1170250000000004,2,1778833908,190543468
1870,1778833908,249572332,gps,0,0,36.7284473,127.4440621,95.73400000000001,0.7974490000000001;0.0;0.0;0.0;0.7974490000000001;0.0;0.0;0.0;2.1141159999999997,2,1778833908,316214180
1871,1778833908,374572267,gps,0,0,36.728448799999995,127.4440623,95.73400000000001,0.795664;0.0;0.0;0.0;0.795664;0.0;0.0;0.0;2.1141159999999997,2,1778833908,440574730
1872,1778833908,499572203,gps,0,0,36.7284503,127.44406199999999,95.746,0.795664;0.0;0.0;0.0;0.795664;0.0;0.0;0.0;2.111209,2,1778833908,565639222
1873,1778833908,624572139,gps,0,0,36.728451899999996,127.4440619,95.721,0.795664;0.0;0.0;0.0;0.795664;0.0;0.0;0.0;2.111209,2,1778833908,689865703
1874,1778833908,749572074,gps,0,0,36.7284533,127.4440616,95.747,0.795664;0.0;0.0;0.0;0.795664;0.0;0.0;0.0;2.111209,2,1778833908,814487944
1875,1778833908,874572009,gps,0,0,36.7284547,127.4440611,95.736,0.795664;0.0;0.0;0.0;0.795664;0.0;0.0;0.0;2.108304,2,1778833908,938279209
1876,1778833908,999571946,gps,0,0,36.728456,127.4440607,95.75,0.7938810000000001;0.0;0.0;0.0;0.7938810000000001;0.0;0.0;0.0;2.105401,2,1778833909,70430175
1877,1778833909,124571880,gps,0,0,36.7284572,127.4440602,95.727,0.7938810000000001;0.0;0.0;0.0;0.7938810000000001;0.0;0.0;0.0;2.105401,2,1778833909,192383653
1878,1778833909,249571816,gps,0,0,36.7284582,127.44405959999999,95.75,0.7938810000000001;0.0;0.0;0.0;0.7938810000000001;0.0;0.0;0.0;2.1025,2,1778833909,316613702
1879,1778833909,374571751,gps,0,0,36.7284595,127.44405889999999,95.755,0.7938810000000001;0.0;0.0;0.0;0.7938810000000001;0.0;0.0;0.0;2.0996010000000003,2,1778833909,440060592
1880,1778833909,499571687,gps,0,0,36.7284606,127.4440582,95.748,0.7921;0.0;0.0;0.0;0.7921;0.0;0.0;0.0;2.0996010000000003,2,1778833909,565734211
1881,1778833909,624571622,gps,0,0,36.7284617,127.4440573,95.745,0.7921;0.0;0.0;0.0;0.7921;0.0;0.0;0.0;2.096704,2,1778833909,690730492
1882,1778833909,749571558,gps,0,0,36.7284629,127.4440564,95.749,0.7921;0.0;0.0;0.0;0.7921;0.0;0.0;0.0;2.096704,2,1778833909,816374987
1883,1778833909,874571493,gps,0,0,36.728463999999995,127.44405529999999,95.765,0.790321;0.0;0.0;0.0;0.790321;0.0;0.0;0.0;2.0938090000000003,2,1778833909,942609276
1884,1778833909,999571430,gps,0,0,36.7284651,127.44405409999999,95.757,0.790321;0.0;0.0;0.0;0.790321;0.0;0.0;0.0;2.090916,2,1778833910,72735558
1885,1778833910,124571364,gps,0,0,36.7284662,127.444053,95.758,0.790321;0.0;0.0;0.0;0.790321;0.0;0.0;0.0;2.090916,2,1778833910,192199467
1886,1778833910,249571300,gps,0,0,36.7284673,127.44405169999999,95.741,0.788544;0.0;0.0;0.0;0.788544;0.0;0.0;0.0;2.088025,2,1778833910,317583763
1887,1778833910,374571235,gps,0,0,36.7284681,127.4440504,95.767,0.788544;0.0;0.0;0.0;0.788544;0.0;0.0;0.0;2.088025,2,1778833910,441991934
1888,1778833910,499571171,gps,0,0,36.728468899999996,127.44404929999999,95.763,0.788544;0.0;0.0;0.0;0.788544;0.0;0.0;0.0;2.085136,2,1778833910,567559998
1889,1778833910,624571106,gps,0,0,36.7284698,127.444048,95.777,0.788544;0.0;0.0;0.0;0.788544;0.0;0.0;0.0;2.082249,2,1778833910,692730826
1890,1778833910,749571042,gps,0,0,36.7284705,127.4440467,95.775,0.786769;0.0;0.0;0.0;0.786769;0.0;0.0;0.0;2.082249,2,1778833910,815227029
1891,1778833910,874570977,gps,0,0,36.7284714,127.44404519999999,95.77,0.786769;0.0;0.0;0.0;0.786769;0.0;0.0;0.0;2.079364,2,1778833910,941565391
1892,1778833910,999570914,gps,0,0,36.7284723,127.4440437,95.773,0.786769;0.0;0.0;0.0;0.786769;0.0;0.0;0.0;2.079364,2,1778833911,70674605
1893,1778833911,124570848,gps,0,0,36.728473199999996,127.44404209999999,95.775,0.786769;0.0;0.0;0.0;0.786769;0.0;0.0;0.0;2.0764810000000002,2,1778833911,192448030
1894,1778833911,249570783,gps,0,0,36.7284742,127.44404039999999,95.792,0.784996;0.0;0.0;0.0;0.784996;0.0;0.0;0.0;2.0764810000000002,2,1778833911,318284816
1895,1778833911,374570719,gps,0,0,36.7284751,127.4440384,95.786,0.784996;0.0;0.0;0.0;0.784996;0.0;0.0;0.0;2.0736,2,1778833911,441858056
1896,1778833911,499570654,gps,0,0,36.7284761,127.4440363,95.809,0.784996;0.0;0.0;0.0;0.784996;0.0;0.0;0.0;2.0707210000000003,2,1778833911,566862253
1897,1778833911,624570590,gps,0,0,36.7284773,127.4440343,95.806,0.784996;0.0;0.0;0.0;0.784996;0.0;0.0;0.0;2.0707210000000003,2,1778833911,688188966
1898,1778833911,749570525,gps,0,0,36.7284784,127.4440321,95.818,0.784996;0.0;0.0;0.0;0.784996;0.0;0.0;0.0;2.0707210000000003,2,1778833911,815643357
1899,1778833911,874570461,gps,0,0,36.7284797,127.44402969999999,95.813,0.7832250000000001;0.0;0.0;0.0;0.7832250000000001;0.0;0.0;0.0;2.067844,2,1778833911,940760612
1900,1778833911,999570397,gps,0,0,36.728481099999996,127.4440274,95.82300000000001,0.7832250000000001;0.0;0.0;0.0;0.7832250000000001;0.0;0.0;0.0;2.067844,2,1778833912,71899554
1901,1778833912,124570332,gps,0,0,36.7284825,127.4440252,95.831,0.7832250000000001;0.0;0.0;0.0;0.7832250000000001;0.0;0.0;0.0;2.064969,2,1778833912,192740396
1902,1778833912,249570267,gps,0,0,36.728484,127.4440229,95.828,0.7832250000000001;0.0;0.0;0.0;0.7832250000000001;0.0;0.0;0.0;2.064969,2,1778833912,318601176
1903,1778833912,374570203,gps,0,0,36.7284854,127.4440205,95.854,0.7832250000000001;0.0;0.0;0.0;0.7832250000000001;0.0;0.0;0.0;2.062096,2,1778833912,441420692
1904,1778833912,499570138,gps,0,0,36.7284869,127.44401819999999,95.837,0.7832250000000001;0.0;0.0;0.0;0.7832250000000001;0.0;0.0;0.0;2.062096,2,1778833912,562449566
1905,1778833912,624570074,gps,0,0,36.728488299999995,127.4440159,95.866,0.781456;0.0;0.0;0.0;0.781456;0.0;0.0;0.0;2.059225,2,1778833912,693687548
1906,1778833912,749570009,gps,0,0,36.728489599999996,127.4440137,95.868,0.781456;0.0;0.0;0.0;0.781456;0.0;0.0;0.0;2.059225,2,1778833912,817571194
1907,1778833912,874569945,gps,0,0,36.728490799999996,127.4440114,95.869,0.781456;0.0;0.0;0.0;0.781456;0.0;0.0;0.0;2.0563559999999996,2,1778833912,942654774
1908,1778833912,999569881,gps,0,0,36.7284918,127.4440092,95.887,0.781456;0.0;0.0;0.0;0.781456;0.0;0.0;0.0;2.0534890000000003,2,1778833913,73356559
1909,1778833913,124569816,gps,0,0,36.7284929,127.44400689999999,95.904,0.779689;0.0;0.0;0.0;0.779689;0.0;0.0;0.0;2.0534890000000003,2,1778833913,192003813
1910,1778833913,249569751,gps,0,0,36.7284941,127.44400449999999,95.89,0.779689;0.0;0.0;0.0;0.779689;0.0;0.0;0.0;2.050624,2,1778833913,317574635
1911,1778833913,374569687,gps,0,0,36.7284952,127.44400209999999,95.902,0.779689;0.0;0.0;0.0;0.779689;0.0;0.0;0.0;2.047761,2,1778833913,438531061
1912,1778833913,499569622,gps,0,0,36.7284964,127.4439996,95.89,0.779689;0.0;0.0;0.0;0.779689;0.0;0.0;0.0;2.047761,2,1778833913,565471217
1913,1778833913,624569557,gps,0,0,36.7284977,127.44399709999999,95.91,0.779689;0.0;0.0;0.0;0.779689;0.0;0.0;0.0;2.047761,2,1778833913,692816252
1914,1778833913,749569493,gps,0,0,36.728499,127.4439943,95.915,0.7779240000000001;0.0;0.0;0.0;0.7779240000000001;0.0;0.0;0.0;2.0448999999999997,2,1778833913,815705764
1915,1778833913,874569428,gps,0,0,36.7285006,127.44399159999999,95.924,0.7779240000000001;0.0;0.0;0.0;0.7779240000000001;0.0;0.0;0.0;2.0448999999999997,2,1778833913,941595441
1916,1778833913,999569365,gps,0,0,36.7285022,127.4439891,95.908,0.7779240000000001;0.0;0.0;0.0;0.7779240000000001;0.0;0.0;0.0;2.042041,2,1778833914,70008406
1917,1778833914,124569299,gps,0,0,36.7285039,127.4439864,95.929,0.7779240000000001;0.0;0.0;0.0;0.7779240000000001;0.0;0.0;0.0;2.042041,2,1778833914,190139608
1918,1778833914,249569235,gps,0,0,36.7285055,127.4439836,95.959,0.7779240000000001;0.0;0.0;0.0;0.7779240000000001;0.0;0.0;0.0;2.0391839999999997,2,1778833914,316509760
1919,1778833914,374569170,gps,0,0,36.7285074,127.44398079999999,95.94800000000001,0.7779240000000001;0.0;0.0;0.0;0.7779240000000001;0.0;0.0;0.0;2.0391839999999997,2,1778833914,440779731
1920,1778833914,499569106,gps,0,0,36.7285092,127.44397819999999,95.941,0.7779240000000001;0.0;0.0;0.0;0.7779240000000001;0.0;0.0;0.0;2.0363290000000003,2,1778833914,565495236
1921,1778833914,624569041,gps,0,0,36.7285111,127.44397529999999,95.95700000000001,0.7779240000000001;0.0;0.0;0.0;0.7779240000000001;0.0;0.0;0.0;2.0363290000000003,2,1778833914,690615324
1922,1778833914,749568977,gps,0,0,36.7285129,127.4439725,95.965,0.776161;0.0;0.0;0.0;0.776161;0.0;0.0;0.0;2.0363290000000003,2,1778833914,814927774
1923,1778833914,874568912,gps,0,0,36.7285149,127.4439697,95.965,0.776161;0.0;0.0;0.0;0.776161;0.0;0.0;0.0;2.0363290000000003,2,1778833914,939837410
1924,1778833914,999568849,gps,0,0,36.728517,127.44396669999999,95.982,0.776161;0.0;0.0;0.0;0.776161;0.0;0.0;0.0;2.033476,2,1778833915,70176995
1925,1778833915,124568783,gps,0,0,36.7285192,127.44396359999999,95.98400000000001,0.776161;0.0;0.0;0.0;0.776161;0.0;0.0;0.0;2.033476,2,1778833915,190842968
1926,1778833915,249568718,gps,0,0,36.7285214,127.4439604,96.004,0.776161;0.0;0.0;0.0;0.776161;0.0;0.0;0.0;2.033476,2,1778833915,314735848
1927,1778833915,374568654,gps,0,0,36.728523599999995,127.4439573,96.016,0.776161;0.0;0.0;0.0;0.776161;0.0;0.0;0.0;2.033476,2,1778833915,440490156
1928,1778833915,499568589,gps,0,0,36.728525999999995,127.4439541,96.027,0.776161;0.0;0.0;0.0;0.776161;0.0;0.0;0.0;2.033476,2,1778833915,565567772
1929,1778833915,624568525,gps,0,0,36.7285284,127.44395089999999,96.02,0.776161;0.0;0.0;0.0;0.776161;0.0;0.0;0.0;2.033476,2,1778833915,690730766
1930,1778833915,749568460,gps,0,0,36.7285307,127.4439477,96.035,0.776161;0.0;0.0;0.0;0.776161;0.0;0.0;0.0;2.030625,2,1778833915,816407347
1931,1778833915,874568396,gps,0,0,36.7285331,127.4439445,96.033,0.776161;0.0;0.0;0.0;0.776161;0.0;0.0;0.0;2.030625,2,1778833915,941661265
1932,1778833915,999568332,gps,0,0,36.7285354,127.44394129999999,96.048,0.776161;0.0;0.0;0.0;0.776161;0.0;0.0;0.0;2.030625,2,1778833916,72127935
1933,1778833916,124568267,gps,0,0,36.7285378,127.4439383,96.045,0.7744;0.0;0.0;0.0;0.7744;0.0;0.0;0.0;2.030625,2,1778833916,188777609
1934,1778833916,249568202,gps,0,0,36.7285402,127.44393529999999,96.066,0.7744;0.0;0.0;0.0;0.7744;0.0;0.0;0.0;2.030625,2,1778833916,317197442
1935,1778833916,374568138,gps,0,0,36.7285426,127.44393219999999,96.06400000000001,0.7744;0.0;0.0;0.0;0.7744;0.0;0.0;0.0;2.030625,2,1778833916,440483868
1936,1778833916,499568073,gps,0,0,36.728545,127.44392909999999,96.083,0.7744;0.0;0.0;0.0;0.7744;0.0;0.0;0.0;2.027776,2,1778833916,566435864
1937,1778833916,624568008,gps,0,0,36.7285474,127.4439261,96.092,0.7744;0.0;0.0;0.0;0.7744;0.0;0.0;0.0;2.027776,2,1778833916,690811394
1938,1778833916,749567944,gps,0,0,36.728549799999996,127.44392309999999,96.093,0.7744;0.0;0.0;0.0;0.7744;0.0;0.0;0.0;2.027776,2,1778833916,815762152
1939,1778833916,874567879,gps,0,0,36.728552199999996,127.4439201,96.084,0.7744;0.0;0.0;0.0;0.7744;0.0;0.0;0.0;2.027776,2,1778833916,940374439
1940,1778833916,999567816,gps,0,0,36.7285545,127.44391719999999,96.101,0.7744;0.0;0.0;0.0;0.7744;0.0;0.0;0.0;2.027776,2,1778833917,65592568
1941,1778833917,124567750,gps,0,0,36.728556999999995,127.4439142,96.10000000000001,0.7744;0.0;0.0;0.0;0.7744;0.0;0.0;0.0;2.027776,2,1778833917,190230630
1942,1778833917,249567686,gps,0,0,36.7285596,127.4439111,96.122,0.7744;0.0;0.0;0.0;0.7744;0.0;0.0;0.0;2.027776,2,1778833917,316891908
1943,1778833917,374567621,gps,0,0,36.728562,127.44390809999999,96.12,0.7744;0.0;0.0;0.0;0.7744;0.0;0.0;0.0;2.027776,2,1778833917,442326716
1944,1778833917,499567556,gps,0,0,36.7285645,127.443905,96.131,0.7744;0.0;0.0;0.0;0.7744;0.0;0.0;0.0;2.027776,2,1778833917,566647589
1945,1778833917,624567492,gps,0,0,36.7285671,127.4439019,96.14,0.7744;0.0;0.0;0.0;0.7744;0.0;0.0;0.0;2.027776,2,1778833917,693309646
1946,1778833917,749567427,gps,0,0,36.7285696,127.4438988,96.149,0.7744;0.0;0.0;0.0;0.7744;0.0;0.0;0.0;2.027776,2,1778833917,815700208
1947,1778833917,874567363,gps,0,0,36.7285721,127.4438959,96.157,0.7744;0.0;0.0;0.0;0.7744;0.0;0.0;0.0;2.027776,2,1778833917,939023678
1948,1778833917,999567299,gps,0,0,36.7285746,127.4438929,96.163,0.7744;0.0;0.0;0.0;0.7744;0.0;0.0;0.0;2.027776,2,1778833918,72019257
1949,1778833918,124567234,gps,0,0,36.728577,127.44389009999999,96.164,0.7744;0.0;0.0;0.0;0.7744;0.0;0.0;0.0;2.027776,2,1778833918,191603769
1950,1778833918,249567169,gps,0,0,36.7285793,127.44388719999999,96.173,0.7744;0.0;0.0;0.0;0.7744;0.0;0.0;0.0;2.027776,2,1778833918,316963972
1951,1778833918,374567104,gps,0,0,36.7285818,127.4438843,96.188,0.7744;0.0;0.0;0.0;0.7744;0.0;0.0;0.0;2.027776,2,1778833918,440654877
1952,1778833918,499567040,gps,0,0,36.7285841,127.44388149999999,96.19800000000001,0.7744;0.0;0.0;0.0;0.7744;0.0;0.0;0.0;2.027776,2,1778833918,566497338
1953,1778833918,624566975,gps,0,0,36.7285865,127.44387859999999,96.18900000000001,0.7744;0.0;0.0;0.0;0.7744;0.0;0.0;0.0;2.027776,2,1778833918,690650279
1954,1778833918,749566911,gps,0,0,36.7285889,127.4438758,96.202,0.7744;0.0;0.0;0.0;0.7744;0.0;0.0;0.0;2.027776,2,1778833918,815801733
1955,1778833918,874566846,gps,0,0,36.7285914,127.44387289999999,96.19,0.7744;0.0;0.0;0.0;0.7744;0.0;0.0;0.0;2.027776,2,1778833918,941747182
1956,1778833918,999566783,gps,0,0,36.7285938,127.44386979999999,96.21000000000001,0.776161;0.0;0.0;0.0;0.776161;0.0;0.0;0.0;2.027776,2,1778833919,71498929
1957,1778833919,124566717,gps,0,0,36.7285961,127.44386689999999,96.229,0.776161;0.0;0.0;0.0;0.776161;0.0;0.0;0.0;2.027776,2,1778833919,191703504
1958,1778833919,249566653,gps,0,0,36.7285986,127.4438639,96.21600000000001,0.776161;0.0;0.0;0.0;0.776161;0.0;0.0;0.0;2.027776,2,1778833919,316647028
1959,1778833919,374566588,gps,0,0,36.728600899999996,127.443861,96.22800000000001,0.776161;0.0;0.0;0.0;0.776161;0.0;0.0;0.0;2.027776,2,1778833919,440487640
1960,1778833919,499566523,gps,0,0,36.7286031,127.44385799999999,96.24000000000001,0.776161;0.0;0.0;0.0;0.776161;0.0;0.0;0.0;2.027776,2,1778833919,566734042
1961,1778833919,624566459,gps,0,0,36.7286055,127.44385489999999,96.253,0.7779240000000001;0.0;0.0;0.0;0.7779240000000001;0.0;0.0;0.0;2.030625,2,1778833919,691487419
1962,1778833919,749566394,gps,0,0,36.7286079,127.44385179999999,96.257,0.7779240000000001;0.0;0.0;0.0;0.7779240000000001;0.0;0.0;0.0;2.030625,2,1778833919,813484931
1963,1778833919,874566330,gps,0,0,36.7286102,127.4438488,96.287,0.7779240000000001;0.0;0.0;0.0;0.7779240000000001;0.0;0.0;0.0;2.030625,2,1778833919,939776406
1964,1778833919,999566266,gps,0,0,36.7286127,127.44384559999999,96.279,0.7779240000000001;0.0;0.0;0.0;0.7779240000000001;0.0;0.0;0.0;2.033476,2,1778833920,70019453
1965,1778833920,124566201,gps,0,0,36.7286152,127.44384249999999,96.298,0.779689;0.0;0.0;0.0;0.779689;0.0;0.0;0.0;2.033476,2,1778833920,190433032
1966,1778833920,249566136,gps,0,0,36.7286175,127.4438392,96.304,0.779689;0.0;0.0;0.0;0.779689;0.0;0.0;0.0;2.0363290000000003,2,1778833920,316776488
1967,1778833920,374566071,gps,0,0,36.7286198,127.44383599999999,96.305,0.779689;0.0;0.0;0.0;0.779689;0.0;0.0;0.0;2.0363290000000003,2,1778833920,440712285
1968,1778833920,499566007,gps,0,0,36.728622099999995,127.4438328,96.325,0.781456;0.0;0.0;0.0;0.781456;0.0;0.0;0.0;2.0391839999999997,2,1778833920,566402866
1969,1778833920,624565942,gps,0,0,36.728624499999995,127.4438296,96.342,0.781456;0.0;0.0;0.0;0.781456;0.0;0.0;0.0;2.0391839999999997,2,1778833920,687730065
1970,1778833920,749565878,gps,0,0,36.7286268,127.4438263,96.354,0.781456;0.0;0.0;0.0;0.781456;0.0;0.0;0.0;2.042041,2,1778833920,815680644
1971,1778833920,874565813,gps,0,0,36.7286293,127.44382309999999,96.36200000000001,0.7832250000000001;0.0;0.0;0.0;0.7832250000000001;0.0;0.0;0.0;2.042041,2,1778833920,940743448
1972,1778833920,999565750,gps,0,0,36.7286317,127.44381969999999,96.35900000000001,0.7832250000000001;0.0;0.0;0.0;0.7832250000000001;0.0;0.0;0.0;2.0448999999999997,2,1778833921,70666450
1973,1778833921,124565684,gps,0,0,36.7286341,127.4438162,96.361,0.7832250000000001;0.0;0.0;0.0;0.7832250000000001;0.0;0.0;0.0;2.0448999999999997,2,1778833921,192480713
1974,1778833921,249565619,gps,0,0,36.728636699999996,127.44381279999999,96.395,0.784996;0.0;0.0;0.0;0.784996;0.0;0.0;0.0;2.047761,2,1778833921,317216684
1975,1778833921,374565555,gps,0,0,36.7286396,127.44380939999999,96.402,0.784996;0.0;0.0;0.0;0.784996;0.0;0.0;0.0;2.050624,2,1778833921,440581926
1976,1778833921,499565490,gps,0,0,36.7286424,127.443806,96.4,0.784996;0.0;0.0;0.0;0.784996;0.0;0.0;0.0;2.050624,2,1778833921,562296879
1977,1778833921,624565426,gps,0,0,36.728645199999995,127.44380229999999,96.425,0.786769;0.0;0.0;0.0;0.786769;0.0;0.0;0.0;2.0534890000000003,2,1778833921,693360181
1978,1778833921,749565361,gps,0,0,36.728648199999995,127.4437988,96.424,0.786769;0.0;0.0;0.0;0.786769;0.0;0.0;0.0;2.0563559999999996,2,1778833921,817823003
1979,1778833921,874565297,gps,0,0,36.7286511,127.4437954,96.433,0.786769;0.0;0.0;0.0;0.786769;0.0;0.0;0.0;2.0563559999999996,2,1778833921,942104604
1980,1778833921,999565233,gps,0,0,36.728654,127.4437919,96.432,0.788544;0.0;0.0;0.0;0.788544;0.0;0.0;0.0;2.059225,2,1778833922,72303807
1981,1778833922,124565168,gps,0,0,36.728656799999996,127.4437885,96.425,0.788544;0.0;0.0;0.0;0.788544;0.0;0.0;0.0;2.062096,2,1778833922,192409455
1982,1778833922,249565103,gps,0,0,36.7286595,127.44378529999999,96.44500000000001,0.790321;0.0;0.0;0.0;0.790321;0.0;0.0;0.0;2.064969,2,1778833922,318706841
1983,1778833922,374565039,gps,0,0,36.7286621,127.4437823,96.43900000000001,0.790321;0.0;0.0;0.0;0.790321;0.0;0.0;0.0;2.064969,2,1778833922,439858195
1984,1778833922,499564974,gps,0,0,36.7286645,127.44377949999999,96.47,0.790321;0.0;0.0;0.0;0.790321;0.0;0.0;0.0;2.067844,2,1778833922,568480911
1985,1778833922,624564909,gps,0,0,36.728667,127.4437768,96.474,0.7921;0.0;0.0;0.0;0.7921;0.0;0.0;0.0;2.0707210000000003,2,1778833922,693472503
1986,1778833922,749564845,gps,0,0,36.7286692,127.44377399999999,96.485,0.7921;0.0;0.0;0.0;0.7921;0.0;0.0;0.0;2.0736,2,1778833922,818423374
1987,1778833922,874564780,gps,0,0,36.728671299999995,127.4437713,96.468,0.7938810000000001;0.0;0.0;0.0;0.7938810000000001;0.0;0.0;0.0;2.0764810000000002,2,1778833922,942006682
1988,1778833922,999564717,gps,0,0,36.7286733,127.44376869999999,96.486,0.7938810000000001;0.0;0.0;0.0;0.7938810000000001;0.0;0.0;0.0;2.0764810000000002,2,1778833923,72460971
1989,1778833923,124564651,gps,0,0,36.7286754,127.44376609999999,96.503,0.795664;0.0;0.0;0.0;0.795664;0.0;0.0;0.0;2.079364,2,1778833923,193219258
1990,1778833923,249564587,gps,0,0,36.728677499999996,127.44376349999999,96.518,0.795664;0.0;0.0;0.0;0.795664;0.0;0.0;0.0;2.082249,2,1778833923,318432642
1991,1778833923,374564522,gps,0,0,36.7286796,127.4437607,96.533,0.7974490000000001;0.0;0.0;0.0;0.7974490000000001;0.0;0.0;0.0;2.085136,2,1778833923,442286309
1992,1778833923,499564457,gps,0,0,36.7286818,127.4437579,96.522,0.7974490000000001;0.0;0.0;0.0;0.7974490000000001;0.0;0.0;0.0;2.085136,2,1778833923,567529288
1993,1778833923,624564393,gps,0,0,36.7286842,127.44375509999999,96.526,0.7992360000000001;0.0;0.0;0.0;0.7992360000000001;0.0;0.0;0.0;2.088025,2,1778833923,693253145
1994,1778833923,749564328,gps,0,0,36.728686499999995,127.4437521,96.561,0.7992360000000001;0.0;0.0;0.0;0.7992360000000001;0.0;0.0;0.0;2.090916,2,1778833923,816646117
1995,1778833923,874564264,gps,0,0,36.728688999999996,127.4437492,96.555,0.801025;0.0;0.0;0.0;0.801025;0.0;0.0;0.0;2.0938090000000003,2,1778833923,941569131
1996,1778833923,999564200,gps,0,0,36.7286913,127.4437461,96.56,0.801025;0.0;0.0;0.0;0.801025;0.0;0.0;0.0;2.096704,2,1778833924,72562759
1997,1778833924,124564135,gps,0,0,36.728694,127.443743,96.555,0.8028160000000001;0.0;0.0;0.0;0.8028160000000001;0.0;0.0;0.0;2.0996010000000003,2,1778833924,193189538
1998,1778833924,249564070,gps,0,0,36.7286965,127.44373979999999,96.595,0.8028160000000001;0.0;0.0;0.0;0.8028160000000001;0.0;0.0;0.0;2.0996010000000003,2,1778833924,316421156
1999,1778833924,374564005,gps,0,0,36.7286991,127.4437366,96.581,0.8028160000000001;0.0;0.0;0.0;0.8028160000000001;0.0;0.0;0.0;2.1025,2,1778833924,441739497
2000,1778833924,499563941,gps,0,0,36.728701699999995,127.4437334,96.602,0.804609;0.0;0.0;0.0;0.804609;0.0;0.0;0.0;2.105401,2,1778833924,566863707
2001,1778833924,624563876,gps,0,0,36.7287044,127.44373019999999,96.623,0.806404;0.0;0.0;0.0;0.806404;0.0;0.0;0.0;2.108304,2,1778833924,692426363
2002,1778833924,749563812,gps,0,0,36.728707,127.44372689999999,96.64,0.806404;0.0;0.0;0.0;0.806404;0.0;0.0;0.0;2.111209,2,1778833924,817618361
2003,1778833924,874563747,gps,0,0,36.728709699999996,127.44372349999999,96.642,0.8082010000000001;0.0;0.0;0.0;0.8082010000000001;0.0;0.0;0.0;2.1141159999999997,2,1778833924,942712001
2004,1778833924,999563683,gps,0,0,36.7287123,127.44372019999999,96.693,0.81;0.0;0.0;0.0;0.81;0.0;0.0;0.0;2.1170250000000004,2,1778833925,71684788
2005,1778833925,124563618,gps,0,0,36.728715,127.44371699999999,96.672,0.811801;0.0;0.0;0.0;0.811801;0.0;0.0;0.0;2.119936,2,1778833925,187415197
2006,1778833925,249563553,gps,0,0,36.728717599999996,127.44371369999999,96.687,0.811801;0.0;0.0;0.0;0.811801;0.0;0.0;0.0;2.1228490000000004,2,1778833925,316588563
2007,1778833925,374563489,gps,0,0,36.7287203,127.4437102,96.70100000000001,0.813604;0.0;0.0;0.0;0.813604;0.0;0.0;0.0;2.1257639999999998,2,1778833925,440692934
2008,1778833925,499563424,gps,0,0,36.728723099999996,127.4437068,96.721,0.815409;0.0;0.0;0.0;0.815409;0.0;0.0;0.0;2.1286810000000003,2,1778833925,566437693
2009,1778833925,624563360,gps,0,0,36.7287258,127.44370339999999,96.735,0.817216;0.0;0.0;0.0;0.817216;0.0;0.0;0.0;2.1345210000000003,2,1778833925,692208456
2010,1778833925,749563295,gps,0,0,36.7287288,127.4436999,96.751,0.819025;0.0;0.0;0.0;0.819025;0.0;0.0;0.0;2.137444,2,1778833925,815687497
2011,1778833925,874563230,gps,0,0,36.728731599999996,127.44369619999999,96.729,0.820836;0.0;0.0;0.0;0.820836;0.0;0.0;0.0;2.140369,2,1778833925,939806047
2012,1778833925,999563167,gps,0,0,36.728734599999996,127.4436928,96.786,0.8226490000000001;0.0;0.0;0.0;0.8226490000000001;0.0;0.0;0.0;2.143296,2,1778833926,65732668
2013,1778833926,124563101,gps,0,0,36.7287374,127.4436891,96.802,0.8244640000000001;0.0;0.0;0.0;0.8244640000000001;0.0;0.0;0.0;2.1462250000000003,2,1778833926,190268077
2014,1778833926,249563037,gps,0,0,36.7287406,127.4436856,96.805,0.826281;0.0;0.0;0.0;0.826281;0.0;0.0;0.0;2.149156,2,1778833926,316462247
2015,1778833926,374562972,gps,0,0,36.7287434,127.44368189999999,96.85900000000001,0.829921;0.0;0.0;0.0;0.829921;0.0;0.0;0.0;2.155024,2,1778833926,440591243
2016,1778833926,499562907,gps,0,0,36.7287463,127.4436782,96.858,0.831744;0.0;0.0;0.0;0.831744;0.0;0.0;0.0;2.1579610000000002,2,1778833926,565603337
2017,1778833926,624562843,gps,0,0,36.7287493,127.44367469999999,96.855,0.8335690000000001;0.0;0.0;0.0;0.8335690000000001;0.0;0.0;0.0;2.1609,2,1778833926,690378166
2018,1778833926,749562778,gps,0,0,36.728752,127.44367129999999,96.872,0.835396;0.0;0.0;0.0;0.835396;0.0;0.0;0.0;2.163841,2,1778833926,815089415
2019,1778833926,874562714,gps,0,0,36.728754699999996,127.4436678,96.858,0.8372250000000001;0.0;0.0;0.0;0.8372250000000001;0.0;0.0;0.0;2.1697290000000002,2,1778833926,938146681
2020,1778833926,999562650,gps,0,0,36.7287573,127.44366489999999,96.891,0.839056;0.0;0.0;0.0;0.839056;0.0;0.0;0.0;2.172676,2,1778833927,70760957
2021,1778833927,124562585,gps,0,0,36.7287597,127.4436619,96.891,0.8408890000000001;0.0;0.0;0.0;0.8408890000000001;0.0;0.0;0.0;2.178576,2,1778833927,192451664
2022,1778833927,249562520,gps,0,0,36.728761999999996,127.4436588,96.919,0.842724;0.0;0.0;0.0;0.842724;0.0;0.0;0.0;2.1815290000000003,2,1778833927,316668286
2023,1778833927,374562455,gps,0,0,36.7287642,127.4436559,96.916,0.8445610000000001;0.0;0.0;0.0;0.8445610000000001;0.0;0.0;0.0;2.187441,2,1778833927,440240628
2024,1778833927,499562391,gps,0,0,36.7287664,127.443653,96.94500000000001,0.848241;0.0;0.0;0.0;0.848241;0.0;0.0;0.0;2.1904,2,1778833927,564687417
2025,1778833927,624562326,gps,0,0,36.7287688,127.44364999999999,96.922,0.8500840000000001;0.0;0.0;0.0;0.8500840000000001;0.0;0.0;0.0;2.196324,2,1778833927,689340987
2026,1778833927,749562262,gps,0,0,36.728771099999996,127.443647,96.94200000000001,0.851929;0.0;0.0;0.0;0.851929;0.0;0.0;0.0;2.2022559999999998,2,1778833927,814636777
2027,1778833927,874562197,gps,0,0,36.7287733,127.44364399999999,96.958,0.8537760000000001;0.0;0.0;0.0;0.8537760000000001;0.0;0.0;0.0;2.2052250000000004,2,1778833927,940218210
2028,1778833927,999562133,gps,0,0,36.7287758,127.4436408,96.938,0.8556250000000001;0.0;0.0;0.0;0.8556250000000001;0.0;0.0;0.0;2.208196,2,1778833928,70208997
2029,1778833928,124562068,gps,0,0,36.7287785,127.44363759999999,96.97,0.8593290000000001;0.0;0.0;0.0;0.8593290000000001;0.0;0.0;0.0;2.214144,2,1778833928,190475773
2030,1778833928,249562003,gps,0,0,36.728781,127.4436343,96.97,0.8611840000000001;0.0;0.0;0.0;0.8611840000000001;0.0;0.0;0.0;2.217121,2,1778833928,315760500
2031,1778833928,374561939,gps,0,0,36.7287835,127.44363089999999,97.016,0.8630410000000001;0.0;0.0;0.0;0.8630410000000001;0.0;0.0;0.0;2.2230810000000005,2,1778833928,440157529
2032,1778833928,499561874,gps,0,0,36.7287861,127.4436277,97.019,0.8649000000000001;0.0;0.0;0.0;0.8649000000000001;0.0;0.0;0.0;2.226064,2,1778833928,565830308
2033,1778833928,624561809,gps,0,0,36.7287888,127.44362439999999,97.019,0.8667610000000001;0.0;0.0;0.0;0.8667610000000001;0.0;0.0;0.0;2.2290490000000003,2,1778833928,690361496
2034,1778833928,749561745,gps,0,0,36.7287915,127.4436209,97.044,0.8686240000000001;0.0;0.0;0.0;0.8686240000000001;0.0;0.0;0.0;2.2350250000000003,2,1778833928,812753126
2035,1778833928,874561680,gps,0,0,36.7287941,127.4436174,97.074,0.8723560000000001;0.0;0.0;0.0;0.8723560000000001;0.0;0.0;0.0;2.238016,2,1778833928,939318733
2036,1778833928,999561617,gps,0,0,36.7287967,127.44361409999999,97.08,0.8742250000000001;0.0;0.0;0.0;0.8742250000000001;0.0;0.0;0.0;2.244004,2,1778833929,69434861
2037,1778833929,124561551,gps,0,0,36.728799099999996,127.44361049999999,97.09100000000001,0.8760960000000001;0.0;0.0;0.0;0.8760960000000001;0.0;0.0;0.0;2.2470010000000005,2,1778833929,189684104
2038,1778833929,249561487,gps,0,0,36.728801499999996,127.44360689999999,97.096,0.8779690000000001;0.0;0.0;0.0;0.8779690000000001;0.0;0.0;0.0;2.253001,2,1778833929,315611867
2039,1778833929,374561422,gps,0,0,36.7288037,127.4436032,97.124,0.8817209999999999;0.0;0.0;0.0;0.8817209999999999;0.0;0.0;0.0;2.256004,2,1778833929,440132212
2040,1778833929,499561357,gps,0,0,36.7288062,127.44359949999999,97.145,0.8835999999999999;0.0;0.0;0.0;0.8835999999999999;0.0;0.0;0.0;2.262016,2,1778833929,565331771
2041,1778833929,624561293,gps,0,0,36.7288086,127.4435956,97.147,0.8854809999999999;0.0;0.0;0.0;0.8854809999999999;0.0;0.0;0.0;2.2650249999999996,2,1778833929,687235646
2042,1778833929,749561228,gps,0,0,36.7288111,127.4435919,97.187,0.8873639999999999;0.0;0.0;0.0;0.8873639999999999;0.0;0.0;0.0;2.268036,2,1778833929,813940448
2043,1778833929,874561164,gps,0,0,36.728813699999996,127.44358829999999,97.177,0.889249;0.0;0.0;0.0;0.889249;0.0;0.0;0.0;2.274064,2,1778833929,939367089
2044,1778833929,999561100,gps,0,0,36.7288163,127.4435846,97.21000000000001,0.8911359999999999;0.0;0.0;0.0;0.8911359999999999;0.0;0.0;0.0;2.277081,2,1778833930,69784344
2045,1778833930,124561034,gps,0,0,36.728819,127.44358079999999,97.223,0.8949159999999999;0.0;0.0;0.0;0.8949159999999999;0.0;0.0;0.0;2.2831209999999995,2,1778833930,191470219
2046,1778833930,249560970,gps,0,0,36.7288217,127.44357699999999,97.255,0.8968089999999999;0.0;0.0;0.0;0.8968089999999999;0.0;0.0;0.0;2.286144,2,1778833930,315360372
2047,1778833930,374560905,gps,0,0,36.728824599999996,127.4435733,97.246,0.898704;0.0;0.0;0.0;0.898704;0.0;0.0;0.0;2.292196,2,1778833930,439456513
2048,1778833930,499560841,gps,0,0,36.7288274,127.4435693,97.28,0.9006009999999999;0.0;0.0;0.0;0.9006009999999999;0.0;0.0;0.0;2.295225,2,1778833930,560656459
2049,1778833930,624560776,gps,0,0,36.728830599999995,127.4435657,97.264,0.9044009999999999;0.0;0.0;0.0;0.9044009999999999;0.0;0.0;0.0;2.3012889999999997,2,1778833930,690099590
2050,1778833930,749560711,gps,0,0,36.728833699999996,127.44356169999999,97.3,0.9063039999999999;0.0;0.0;0.0;0.9063039999999999;0.0;0.0;0.0;2.3043240000000003,2,1778833930,814327593
2051,1778833930,874560647,gps,0,0,36.728836799999996,127.4435577,97.306,0.9082089999999999;0.0;0.0;0.0;0.9082089999999999;0.0;0.0;0.0;2.3104,2,1778833930,939277729
2052,1778833930,999560583,gps,0,0,36.72884,127.4435539,97.322,0.9101159999999999;0.0;0.0;0.0;0.9101159999999999;0.0;0.0;0.0;2.316484,2,1778833931,70045941
2053,1778833931,124560518,gps,0,0,36.728843399999995,127.44354969999999,97.327,0.913936;0.0;0.0;0.0;0.913936;0.0;0.0;0.0;2.3195289999999997,2,1778833931,189806035
2054,1778833931,249560453,gps,0,0,36.7288467,127.44354589999999,97.354,0.9158489999999999;0.0;0.0;0.0;0.9158489999999999;0.0;0.0;0.0;2.3256249999999996,2,1778833931,315703750
2055,1778833931,374560388,gps,0,0,36.7288499,127.44354179999999,97.375,0.9177639999999999;0.0;0.0;0.0;0.9177639999999999;0.0;0.0;0.0;2.328676,2,1778833931,438297485
2056,1778833931,499560324,gps,0,0,36.728853199999996,127.44353779999999,97.389,0.919681;0.0;0.0;0.0;0.919681;0.0;0.0;0.0;2.334784,2,1778833931,565618591
2057,1778833931,624560259,gps,0,0,36.7288565,127.443534,97.405,0.9216;0.0;0.0;0.0;0.9216;0.0;0.0;0.0;2.3378409999999996,2,1778833931,692910989
2058,1778833931,749560195,gps,0,0,36.7288595,127.4435305,97.424,0.9235209999999999;0.0;0.0;0.0;0.9235209999999999;0.0;0.0;0.0;2.3409,2,1778833931,816514048
2059,1778833931,874560130,gps,0,0,36.7288622,127.44352699999999,97.414,0.9254439999999999;0.0;0.0;0.0;0.9254439999999999;0.0;0.0;0.0;2.3439609999999997,2,1778833931,940628352
2060,1778833931,999560067,gps,0,0,36.7288644,127.4435235,97.47200000000001,0.9273689999999999;0.0;0.0;0.0;0.9273689999999999;0.0;0.0;0.0;2.3500889999999997,2,1778833932,69998924
2061,1778833932,124560001,gps,0,0,36.7288667,127.4435206,97.443,0.9292959999999999;0.0;0.0;0.0;0.9292959999999999;0.0;0.0;0.0;2.3531560000000002,2,1778833932,190881611
2062,1778833932,249559936,gps,0,0,36.7288686,127.4435178,97.458,0.933156;0.0;0.0;0.0;0.933156;0.0;0.0;0.0;2.356225,2,1778833932,317348268
2063,1778833932,374559872,gps,0,0,36.7288705,127.4435154,97.47,0.935089;0.0;0.0;0.0;0.935089;0.0;0.0;0.0;2.3623689999999997,2,1778833932,441415481
2064,1778833932,499559807,gps,0,0,36.7288722,127.4435132,97.465,0.937024;0.0;0.0;0.0;0.937024;0.0;0.0;0.0;2.368521,2,1778833932,567278929
2065,1778833932,624559743,gps,0,0,36.7288737,127.44351089999999,97.506,0.9389609999999999;0.0;0.0;0.0;0.9389609999999999;0.0;0.0;0.0;2.3716,2,1778833932,690454647
2066,1778833932,749559678,gps,0,0,36.7288754,127.4435089,97.48400000000001,0.9409;0.0;0.0;0.0;0.9409;0.0;0.0;0.0;2.377764,2,1778833932,816342600
2067,1778833932,874559614,gps,0,0,36.728877,127.44350689999999,97.506,0.9428409999999999;0.0;0.0;0.0;0.9428409999999999;0.0;0.0;0.0;2.380849,2,1778833932,941962441
2068,1778833932,999559550,gps,0,0,36.7288786,127.4435048,97.516,0.944784;0.0;0.0;0.0;0.944784;0.0;0.0;0.0;2.3839360000000003,2,1778833933,72389844
2069,1778833933,124559484,gps,0,0,36.7288802,127.4435027,97.505,0.9467289999999999;0.0;0.0;0.0;0.9467289999999999;0.0;0.0;0.0;2.390116,2,1778833933,192413585
2070,1778833933,249559420,gps,0,0,36.7288819,127.4435006,97.519,0.948676;0.0;0.0;0.0;0.948676;0.0;0.0;0.0;2.3932089999999997,2,1778833933,316028525
2071,1778833933,374559355,gps,0,0,36.7288839,127.4434986,97.531,0.9506249999999999;0.0;0.0;0.0;0.9506249999999999;0.0;0.0;0.0;2.396304,2,1778833933,442597419
2072,1778833933,499559291,gps,0,0,36.7288857,127.4434962,97.523,0.952576;0.0;0.0;0.0;0.952576;0.0;0.0;0.0;2.3994009999999997,2,1778833933,567973767
2073,1778833933,624559226,gps,0,0,36.7288875,127.4434938,97.547,0.954529;0.0;0.0;0.0;0.954529;0.0;0.0;0.0;2.4025000000000003,2,1778833933,692674411
2074,1778833933,749559162,gps,0,0,36.7288895,127.44349129999999,97.561,0.956484;0.0;0.0;0.0;0.956484;0.0;0.0;0.0;2.408704,2,1778833933,817726444
2075,1778833933,874559097,gps,0,0,36.728891499999996,127.4434885,97.57900000000001,0.958441;0.0;0.0;0.0;0.958441;0.0;0.0;0.0;2.411809,2,1778833933,942838508
2076,1778833933,999559033,gps,0,0,36.7288938,127.443486,97.59700000000001,0.958441;0.0;0.0;0.0;0.958441;0.0;0.0;0.0;2.4149160000000003,2,1778833934,73305173
2077,1778833934,124558968,gps,0,0,36.7288962,127.4434833,97.61,0.9603999999999999;0.0;0.0;0.0;0.9603999999999999;0.0;0.0;0.0;2.4149160000000003,2,1778833934,188785353
2078,1778833934,249558903,gps,0,0,36.7288985,127.4434804,97.569,0.962361;0.0;0.0;0.0;0.962361;0.0;0.0;0.0;2.4180249999999996,2,1778833934,318635543
2079,1778833934,374558839,gps,0,0,36.7289009,127.4434776,97.598,0.962361;0.0;0.0;0.0;0.962361;0.0;0.0;0.0;2.421136,2,1778833934,442476004
2080,1778833934,499558774,gps,0,0,36.7289033,127.4434749,97.604,0.964324;0.0;0.0;0.0;0.964324;0.0;0.0;0.0;2.4242489999999997,2,1778833934,568969021
2081,1778833934,624558710,gps,0,0,36.7289057,127.4434718,97.634,0.966289;0.0;0.0;0.0;0.966289;0.0;0.0;0.0;2.4273640000000003,2,1778833934,692623198
2082,1778833934,749558645,gps,0,0,36.7289082,127.44346879999999,97.635,0.966289;0.0;0.0;0.0;0.966289;0.0;0.0;0.0;2.430481,2,1778833934,818771443
2083,1778833934,874558581,gps,0,0,36.7289107,127.44346569999999,97.648,0.968256;0.0;0.0;0.0;0.968256;0.0;0.0;0.0;2.4336,2,1778833934,942449458
2084,1778833934,999558517,gps,0,0,36.7289132,127.44346259999999,97.656,0.968256;0.0;0.0;0.0;0.968256;0.0;0.0;0.0;2.4336,2,1778833935,68366832
2085,1778833935,124558452,gps,0,0,36.7289157,127.4434596,97.673,0.970225;0.0;0.0;0.0;0.970225;0.0;0.0;0.0;2.436721,2,1778833935,192830870
2086,1778833935,249558387,gps,0,0,36.7289183,127.44345639999999,97.664,0.972196;0.0;0.0;0.0;0.972196;0.0;0.0;0.0;2.4398440000000003,2,1778833935,316865892
2087,1778833935,374558323,gps,0,0,36.7289209,127.44345329999999,97.68,0.972196;0.0;0.0;0.0;0.972196;0.0;0.0;0.0;2.4429689999999997,2,1778833935,441387288
2088,1778833935,499558258,gps,0,0,36.728923099999996,127.44345,97.714,0.974169;0.0;0.0;0.0;0.974169;0.0;0.0;0.0;2.4460960000000003,2,1778833935,565965491
2089,1778833935,624558193,gps,0,0,36.7289256,127.4434469,97.718,0.974169;0.0;0.0;0.0;0.974169;0.0;0.0;0.0;2.4492249999999998,2,1778833935,690237275
2090,1778833935,749558129,gps,0,0,36.7289281,127.4434436,97.75,0.976144;0.0;0.0;0.0;0.976144;0.0;0.0;0.0;2.452356,2,1778833935,815795081
2091,1778833935,874558064,gps,0,0,36.7289305,127.44344029999999,97.762,0.976144;0.0;0.0;0.0;0.976144;0.0;0.0;0.0;2.455489,2,1778833935,938544211
2092,1778833935,999558001,gps,0,0,36.728933,127.4434369,97.769,0.978121;0.0;0.0;0.0;0.978121;0.0;0.0;0.0;2.4586240000000004,2,1778833936,70485181
2093,1778833936,124557935,gps,0,0,36.7289356,127.44343359999999,97.788,0.978121;0.0;0.0;0.0;0.978121;0.0;0.0;0.0;2.4586240000000004,2,1778833936,191583821
2094,1778833936,249557871,gps,0,0,36.7289382,127.4434301,97.803,0.9801;0.0;0.0;0.0;0.9801;0.0;0.0;0.0;2.4617609999999996,2,1778833936,317802938
2095,1778833936,374557806,gps,0,0,36.7289408,127.44342669999999,97.8,0.9801;0.0;0.0;0.0;0.9801;0.0;0.0;0.0;2.4649,2,1778833936,440883734
2096,1778833936,499557742,gps,0,0,36.7289433,127.4434235,97.804,0.982081;0.0;0.0;0.0;0.982081;0.0;0.0;0.0;2.468041,2,1778833936,565744591
2097,1778833936,624557677,gps,0,0,36.7289459,127.44341999999999,97.836,0.982081;0.0;0.0;0.0;0.982081;0.0;0.0;0.0;2.471184,2,1778833936,691600115
2098,1778833936,749557612,gps,0,0,36.7289484,127.4434168,97.87,0.9840639999999999;0.0;0.0;0.0;0.9840639999999999;0.0;0.0;0.0;2.474329,2,1778833936,817413761
2099,1778833936,874557548,gps,0,0,36.7289509,127.44341349999999,97.86,0.9840639999999999;0.0;0.0;0.0;0.9840639999999999;0.0;0.0;0.0;2.474329,2,1778833936,941746078
2100,1778833936,999557484,gps,0,0,36.7289534,127.44341019999999,97.86,0.986049;0.0;0.0;0.0;0.986049;0.0;0.0;0.0;2.4774760000000002,2,1778833937,71874707
2101,1778833937,124557419,gps,0,0,36.728955899999995,127.443407,97.886,0.986049;0.0;0.0;0.0;0.986049;0.0;0.0;0.0;2.480625,2,1778833937,190445260
2102,1778833937,249557354,gps,0,0,36.728958399999996,127.44340369999999,97.915,0.988036;0.0;0.0;0.0;0.988036;0.0;0.0;0.0;2.483776,2,1778833937,316863434
2103,1778833937,374557290,gps,0,0,36.7289611,127.44340059999999,97.911,0.988036;0.0;0.0;0.0;0.988036;0.0;0.0;0.0;2.486929,2,1778833937,440623036
2104,1778833937,499557225,gps,0,0,36.7289636,127.4433973,97.936,0.990025;0.0;0.0;0.0;0.990025;0.0;0.0;0.0;2.4900840000000004,2,1778833937,566555581
2105,1778833937,624557161,gps,0,0,36.728966199999995,127.44339389999999,97.949,0.992016;0.0;0.0;0.0;0.992016;0.0;0.0;0.0;2.493241,2,1778833937,691402076
2106,1778833937,749557096,gps,0,0,36.7289688,127.4433906,97.955,0.992016;0.0;0.0;0.0;0.992016;0.0;0.0;0.0;2.493241,2,1778833937,813835552
2107,1778833937,874557032,gps,0,0,36.7289716,127.4433873,97.98,0.994009;0.0;0.0;0.0;0.994009;0.0;0.0;0.0;2.4964000000000004,2,1778833937,940365574
2108,1778833937,999556968,gps,0,0,36.728974199999996,127.44338359999999,97.996,0.994009;0.0;0.0;0.0;0.994009;0.0;0.0;0.0;2.499561,2,1778833938,70372116
2109,1778833938,124556903,gps,0,0,36.7289768,127.4433801,98.005,0.994009;0.0;0.0;0.0;0.994009;0.0;0.0;0.0;2.502724,2,1778833938,190476004
2110,1778833938,249556838,gps,0,0,36.7289794,127.4433768,98.038,0.996004;0.0;0.0;0.0;0.996004;0.0;0.0;0.0;2.505889,2,1778833938,316758888
2111,1778833938,374556773,gps,0,0,36.7289819,127.44337349999999,98.051,0.996004;0.0;0.0;0.0;0.996004;0.0;0.0;0.0;2.509056,2,1778833938,440749224
2112,1778833938,499556709,gps,0,0,36.7289843,127.4433703,98.061,0.998001;0.0;0.0;0.0;0.998001;0.0;0.0;0.0;2.512225,2,1778833938,565864535
2113,1778833938,624556644,gps,0,0,36.7289867,127.4433672,98.07300000000001,0.998001;0.0;0.0;0.0;0.998001;0.0;0.0;0.0;2.5153960000000004,2,1778833938,686643435
2114,1778833938,749556580,gps,0,0,36.7289891,127.4433643,98.08500000000001,0.998001;0.0;0.0;0.0;0.998001;0.0;0.0;0.0;2.518569,2,1778833938,815145792
2115,1778833938,874556515,gps,0,0,36.7289914,127.4433612,98.08800000000001,1.0;0.0;0.0;0.0;1.0;0.0;0.0;0.0;2.5217440000000004,2,1778833938,939971762
2116,1778833938,999556452,gps,0,0,36.7289938,127.4433581,98.08800000000001,1.0;0.0;0.0;0.0;1.0;0.0;0.0;0.0;2.5217440000000004,2,1778833939,70925363
2117,1778833939,124556386,gps,0,0,36.7289962,127.443355,98.105,1.0;0.0;0.0;0.0;1.0;0.0;0.0;0.0;2.524921,2,1778833939,191526180
2118,1778833939,249556322,gps,0,0,36.7289988,127.4433519,98.113,1.0020009999999997;0.0;0.0;0.0;1.0020009999999997;0.0;0.0;0.0;2.5281000000000002,2,1778833939,316688542
2119,1778833939,374556257,gps,0,0,36.7290014,127.4433486,98.134,1.0020009999999997;0.0;0.0;0.0;1.0020009999999997;0.0;0.0;0.0;2.531281,2,1778833939,439575753
2120,1778833939,499556192,gps,0,0,36.729003999999996,127.44334509999999,98.155,1.0020009999999997;0.0;0.0;0.0;1.0020009999999997;0.0;0.0;0.0;2.531281,2,1778833939,560812801
2121,1778833939,624556128,gps,0,0,36.7290067,127.4433418,98.149,1.0020009999999997;0.0;0.0;0.0;1.0020009999999997;0.0;0.0;0.0;2.5344640000000003,2,1778833939,690118303
2122,1778833939,749556063,gps,0,0,36.729009399999995,127.4433382,98.173,1.0020009999999997;0.0;0.0;0.0;1.0020009999999997;0.0;0.0;0.0;2.5344640000000003,2,1778833939,814758312
2123,1778833939,874555999,gps,0,0,36.7290123,127.4433346,98.209,1.0020009999999997;0.0;0.0;0.0;1.0020009999999997;0.0;0.0;0.0;2.5344640000000003,2,1778833939,940577266
2124,1778833939,999555935,gps,0,0,36.7290151,127.44333119999999,98.18900000000001,1.0020009999999997;0.0;0.0;0.0;1.0020009999999997;0.0;0.0;0.0;2.537649,2,1778833940,70450982
2125,1778833940,124555870,gps,0,0,36.7290181,127.4433275,98.205,1.0020009999999997;0.0;0.0;0.0;1.0020009999999997;0.0;0.0;0.0;2.540836,2,1778833940,192818132
2126,1778833940,249555805,gps,0,0,36.7290208,127.44332379999999,98.241,1.0020009999999997;0.0;0.0;0.0;1.0020009999999997;0.0;0.0;0.0;2.540836,2,1778833940,318704953
2127,1778833940,374555741,gps,0,0,36.7290237,127.44332019999999,98.268,1.0020009999999997;0.0;0.0;0.0;1.0020009999999997;0.0;0.0;0.0;2.540836,2,1778833940,439745840
2128,1778833940,499555676,gps,0,0,36.7290266,127.4433165,98.3,1.0;0.0;0.0;0.0;1.0;0.0;0.0;0.0;2.544025,2,1778833940,565826857
2129,1778833940,624555612,gps,0,0,36.7290294,127.44331299999999,98.288,1.0;0.0;0.0;0.0;1.0;0.0;0.0;0.0;2.544025,2,1778833940,691674158
2130,1778833940,749555547,gps,0,0,36.7290322,127.44330939999999,98.315,1.0;0.0;0.0;0.0;1.0;0.0;0.0;0.0;2.544025,2,1778833940,816327560
2131,1778833940,874555482,gps,0,0,36.7290348,127.44330599999999,98.33800000000001,1.0;0.0;0.0;0.0;1.0;0.0;0.0;0.0;2.544025,2,1778833940,940573246
2132,1778833940,999555419,gps,0,0,36.7290373,127.4433026,98.32900000000001,1.0;0.0;0.0;0.0;1.0;0.0;0.0;0.0;2.547216,2,1778833941,70227684
2133,1778833941,124555353,gps,0,0,36.7290399,127.443299,98.368,1.0;0.0;0.0;0.0;1.0;0.0;0.0;0.0;2.547216,2,1778833941,190763474
2134,1778833941,249555289,gps,0,0,36.7290425,127.4432956,98.351,1.0;0.0;0.0;0.0;1.0;0.0;0.0;0.0;2.544025,2,1778833941,317400657
2135,1778833941,374555224,gps,0,0,36.7290452,127.443292,98.388,0.998001;0.0;0.0;0.0;0.998001;0.0;0.0;0.0;2.544025,2,1778833941,441640071
2136,1778833941,499555160,gps,0,0,36.7290479,127.4432884,98.392,0.998001;0.0;0.0;0.0;0.998001;0.0;0.0;0.0;2.544025,2,1778833941,566763927
2137,1778833941,624555095,gps,0,0,36.7290506,127.4432849,98.408,0.998001;0.0;0.0;0.0;0.998001;0.0;0.0;0.0;2.544025,2,1778833941,690763904
2138,1778833941,749555031,gps,0,0,36.7290533,127.4432813,98.407,0.996004;0.0;0.0;0.0;0.996004;0.0;0.0;0.0;2.540836,2,1778833941,816594692
2139,1778833941,874554966,gps,0,0,36.7290561,127.44327779999999,98.423,0.996004;0.0;0.0;0.0;0.996004;0.0;0.0;0.0;2.540836,2,1778833941,940650770
2140,1778833941,999554903,gps,0,0,36.7290586,127.44327419999999,98.426,0.996004;0.0;0.0;0.0;0.996004;0.0;0.0;0.0;2.540836,2,1778833942,71846590
2141,1778833942,124554837,gps,0,0,36.7290613,127.44327059999999,98.434,0.996004;0.0;0.0;0.0;0.996004;0.0;0.0;0.0;2.540836,2,1778833942,191957286
2142,1778833942,249554773,gps,0,0,36.729064,127.44326699999999,98.46300000000001,0.994009;0.0;0.0;0.0;0.994009;0.0;0.0;0.0;2.537649,2,1778833942,314856936
2143,1778833942,374554708,gps,0,0,36.729066599999996,127.44326339999999,98.471,0.994009;0.0;0.0;0.0;0.994009;0.0;0.0;0.0;2.537649,2,1778833942,440718047
2144,1778833942,499554643,gps,0,0,36.7290694,127.44325979999999,98.482,0.992016;0.0;0.0;0.0;0.992016;0.0;0.0;0.0;2.5344640000000003,2,1778833942,565570069
2145,1778833942,624554579,gps,0,0,36.729071999999995,127.4432562,98.499,0.992016;0.0;0.0;0.0;0.992016;0.0;0.0;0.0;2.5344640000000003,2,1778833942,690630937
2146,1778833942,749554514,gps,0,0,36.7290747,127.44325269999999,98.521,0.990025;0.0;0.0;0.0;0.990025;0.0;0.0;0.0;2.531281,2,1778833942,815890711
2147,1778833942,874554450,gps,0,0,36.7290774,127.44324909999999,98.513,0.990025;0.0;0.0;0.0;0.990025;0.0;0.0;0.0;2.531281,2,1778833942,940881565
2148,1778833942,999554386,gps,0,0,36.7290802,127.44324549999999,98.523,0.990025;0.0;0.0;0.0;0.990025;0.0;0.0;0.0;2.531281,2,1778833943,70439738
2149,1778833943,124554321,gps,0,0,36.7290829,127.44324169999999,98.549,0.988036;0.0;0.0;0.0;0.988036;0.0;0.0;0.0;2.5281000000000002,2,1778833943,188084543
2150,1778833943,249554256,gps,0,0,36.7290858,127.44323809999999,98.555,0.988036;0.0;0.0;0.0;0.988036;0.0;0.0;0.0;2.5281000000000002,2,1778833943,317545171
2151,1778833943,374554192,gps,0,0,36.729088399999995,127.4432346,98.587,0.988036;0.0;0.0;0.0;0.988036;0.0;0.0;0.0;2.5281000000000002,2,1778833943,441588310
2152,1778833943,499554127,gps,0,0,36.729091,127.4432312,98.572,0.986049;0.0;0.0;0.0;0.986049;0.0;0.0;0.0;2.524921,2,1778833943,567382989
2153,1778833943,624554063,gps,0,0,36.7290936,127.4432279,98.59400000000001,0.986049;0.0;0.0;0.0;0.986049;0.0;0.0;0.0;2.524921,2,1778833943,691679605
2154,1778833943,749553998,gps,0,0,36.7290961,127.4432245,98.596,0.9840639999999999;0.0;0.0;0.0;0.9840639999999999;0.0;0.0;0.0;2.524921,2,1778833943,816580704
2155,1778833943,874553934,gps,0,0,36.7290987,127.4432214,98.62,0.9840639999999999;0.0;0.0;0.0;0.9840639999999999;0.0;0.0;0.0;2.5217440000000004,2,1778833943,940624780
2156,1778833943,999553870,gps,0,0,36.7291011,127.44321839999999,98.60300000000001,0.9840639999999999;0.0;0.0;0.0;0.9840639999999999;0.0;0.0;0.0;2.5217440000000004,2,1778833944,66791308
2157,1778833944,124553804,gps,0,0,36.7291035,127.44321529999999,98.626,0.982081;0.0;0.0;0.0;0.982081;0.0;0.0;0.0;2.518569,2,1778833944,190172205
2158,1778833944,249553740,gps,0,0,36.7291059,127.44321219999999,98.632,0.982081;0.0;0.0;0.0;0.982081;0.0;0.0;0.0;2.518569,2,1778833944,315739957
2159,1778833944,374553675,gps,0,0,36.7291083,127.44320909999999,98.641,0.9801;0.0;0.0;0.0;0.9801;0.0;0.0;0.0;2.518569,2,1778833944,440207192
2160,1778833944,499553611,gps,0,0,36.729110899999995,127.4432059,98.642,0.9801;0.0;0.0;0.0;0.9801;0.0;0.0;0.0;2.5153960000000004,2,1778833944,564949797
2161,1778833944,624553546,gps,0,0,36.729113399999996,127.4432028,98.658,0.9801;0.0;0.0;0.0;0.9801;0.0;0.0;0.0;2.5153960000000004,2,1778833944,690485525
2162,1778833944,749553482,gps,0,0,36.729116,127.44319949999999,98.65,0.978121;0.0;0.0;0.0;0.978121;0.0;0.0;0.0;2.5153960000000004,2,1778833944,816303212
2163,1778833944,874553417,gps,0,0,36.7291187,127.4431961,98.672,0.978121;0.0;0.0;0.0;0.978121;0.0;0.0;0.0;2.512225,2,1778833944,938637610
2164,1778833944,999553354,gps,0,0,36.7291215,127.44319259999999,98.68900000000001,0.978121;0.0;0.0;0.0;0.978121;0.0;0.0;0.0;2.512225,2,1778833945,72234444
2165,1778833945,124553288,gps,0,0,36.729124299999995,127.44318919999999,98.691,0.976144;0.0;0.0;0.0;0.976144;0.0;0.0;0.0;2.509056,2,1778833945,192213323
2166,1778833945,249553224,gps,0,0,36.7291271,127.4431858,98.68900000000001,0.976144;0.0;0.0;0.0;0.976144;0.0;0.0;0.0;2.509056,2,1778833945,316951440
2167,1778833945,374553159,gps,0,0,36.729129799999995,127.4431824,98.72200000000001,0.976144;0.0;0.0;0.0;0.976144;0.0;0.0;0.0;2.509056,2,1778833945,441335980
2168,1778833945,499553095,gps,0,0,36.7291326,127.443179,98.73,0.974169;0.0;0.0;0.0;0.974169;0.0;0.0;0.0;2.505889,2,1778833945,567451349
2169,1778833945,624553030,gps,0,0,36.729135299999996,127.44317559999999,98.744,0.974169;0.0;0.0;0.0;0.974169;0.0;0.0;0.0;2.505889,2,1778833945,690504782
2170,1778833945,749552965,gps,0,0,36.7291382,127.4431723,98.759,0.974169;0.0;0.0;0.0;0.974169;0.0;0.0;0.0;2.502724,2,1778833945,815753104
2171,1778833945,874552901,gps,0,0,36.7291409,127.4431688,98.77,0.972196;0.0;0.0;0.0;0.972196;0.0;0.0;0.0;2.502724,2,1778833945,941229157
2172,1778833945,999552837,gps,0,0,36.7291436,127.4431656,98.791,0.972196;0.0;0.0;0.0;0.972196;0.0;0.0;0.0;2.499561,2,1778833946,70803768
2173,1778833946,124552772,gps,0,0,36.729146199999995,127.4431626,98.788,0.972196;0.0;0.0;0.0;0.972196;0.0;0.0;0.0;2.499561,2,1778833946,191399537
2174,1778833946,249552707,gps,0,0,36.7291483,127.4431597,98.82900000000001,0.970225;0.0;0.0;0.0;0.970225;0.0;0.0;0.0;2.499561,2,1778833946,317734906
2175,1778833946,374552643,gps,0,0,36.729150499999996,127.4431573,98.828,0.970225;0.0;0.0;0.0;0.970225;0.0;0.0;0.0;2.499561,2,1778833946,441611724
2176,1778833946,499552578,gps,0,0,36.7291521,127.44315549999999,98.842,0.970225;0.0;0.0;0.0;0.970225;0.0;0.0;0.0;2.4964000000000004,2,1778833946,567711178
2177,1778833946,624552514,gps,0,0,36.7291532,127.4431541,98.828,0.968256;0.0;0.0;0.0;0.968256;0.0;0.0;0.0;2.4964000000000004,2,1778833946,691714096
2178,1778833946,749552449,gps,0,0,36.729154,127.4431532,98.84400000000001,0.968256;0.0;0.0;0.0;0.968256;0.0;0.0;0.0;2.4964000000000004,2,1778833946,814507603
2179,1778833946,874552385,gps,0,0,36.7291543,127.4431528,98.851,0.968256;0.0;0.0;0.0;0.968256;0.0;0.0;0.0;2.4964000000000004,2,1778833946,940874790
2180,1778833946,999552321,gps,0,0,36.7291545,127.4431525,98.837,0.968256;0.0;0.0;0.0;0.968256;0.0;0.0;0.0;2.499561,2,1778833947,69715626
2181,1778833947,124552255,gps,0,0,36.7291545,127.44315259999999,98.827,0.968256;0.0;0.0;0.0;0.968256;0.0;0.0;0.0;2.499561,2,1778833947,190459579
2182,1778833947,249552191,gps,0,0,36.7291543,127.4431528,98.82300000000001,0.966289;0.0;0.0;0.0;0.966289;0.0;0.0;0.0;2.499561,2,1778833947,315621476
2183,1778833947,374552126,gps,0,0,36.7291544,127.4431527,98.821,0.966289;0.0;0.0;0.0;0.966289;0.0;0.0;0.0;2.499561,2,1778833947,440164045
2184,1778833947,499552062,gps,0,0,36.7291544,127.44315259999999,98.848,0.966289;0.0;0.0;0.0;0.966289;0.0;0.0;0.0;2.499561,2,1778833947,564952715
2185,1778833947,624551997,gps,0,0,36.7291543,127.4431527,98.837,0.966289;0.0;0.0;0.0;0.966289;0.0;0.0;0.0;2.499561,2,1778833947,685745740
2186,1778833947,749551933,gps,0,0,36.7291543,127.4431527,98.83500000000001,0.964324;0.0;0.0;0.0;0.964324;0.0;0.0;0.0;2.499561,2,1778833947,814366847
2187,1778833947,874551868,gps,0,0,36.7291544,127.4431528,98.818,0.964324;0.0;0.0;0.0;0.964324;0.0;0.0;0.0;2.4964000000000004,2,1778833947,938625190
2188,1778833947,999551805,gps,0,0,36.7291544,127.4431527,98.836,0.964324;0.0;0.0;0.0;0.964324;0.0;0.0;0.0;2.4964000000000004,2,1778833948,69416860
2189,1778833948,124551739,gps,0,0,36.7291543,127.4431527,98.815,0.964324;0.0;0.0;0.0;0.964324;0.0;0.0;0.0;2.4964000000000004,2,1778833948,190090704
2190,1778833948,249551675,gps,0,0,36.7291543,127.4431527,98.812,0.962361;0.0;0.0;0.0;0.962361;0.0;0.0;0.0;2.4964000000000004,2,1778833948,315423328
2191,1778833948,374551610,gps,0,0,36.7291543,127.4431527,98.811,0.962361;0.0;0.0;0.0;0.962361;0.0;0.0;0.0;2.499561,2,1778833948,438367006
2192,1778833948,499551545,gps,0,0,36.7291543,127.4431527,98.82300000000001,0.962361;0.0;0.0;0.0;0.962361;0.0;0.0;0.0;2.499561,2,1778833948,559681370
2193,1778833948,624551481,gps,0,0,36.729154199999996,127.4431527,98.818,0.962361;0.0;0.0;0.0;0.962361;0.0;0.0;0.0;2.499561,2,1778833948,688607614
2194,1778833948,749551416,gps,0,0,36.729154199999996,127.44315259999999,98.815,0.962361;0.0;0.0;0.0;0.962361;0.0;0.0;0.0;2.499561,2,1778833948,813899270
2195,1778833948,874551352,gps,0,0,36.729154199999996,127.44315259999999,98.818,0.9603999999999999;0.0;0.0;0.0;0.9603999999999999;0.0;0.0;0.0;2.499561,2,1778833948,939518911
2196,1778833948,999551288,gps,0,0,36.729154199999996,127.44315259999999,98.81400000000001,0.9603999999999999;0.0;0.0;0.0;0.9603999999999999;0.0;0.0;0.0;2.499561,2,1778833949,69814135
2197,1778833949,124551223,gps,0,0,36.7291543,127.4431527,98.798,0.9603999999999999;0.0;0.0;0.0;0.9603999999999999;0.0;0.0;0.0;2.499561,2,1778833949,188690808
2198,1778833949,249551158,gps,0,0,36.729154199999996,127.4431528,98.789,0.9603999999999999;0.0;0.0;0.0;0.9603999999999999;0.0;0.0;0.0;2.499561,2,1778833949,315588448
2199,1778833949,374551094,gps,0,0,36.729154199999996,127.4431527,98.782,0.9603999999999999;0.0;0.0;0.0;0.9603999999999999;0.0;0.0;0.0;2.499561,2,1778833949,437440045
2200,1778833949,499551029,gps,0,0,36.729154199999996,127.4431528,98.792,0.9603999999999999;0.0;0.0;0.0;0.9603999999999999;0.0;0.0;0.0;2.499561,2,1778833949,565394265
2201,1778833949,624550965,gps,0,0,36.729154199999996,127.4431528,98.78,0.9603999999999999;0.0;0.0;0.0;0.9603999999999999;0.0;0.0;0.0;2.499561,2,1778833949,690656458
2202,1778833949,749550900,gps,0,0,36.729154199999996,127.4431529,98.773,0.958441;0.0;0.0;0.0;0.958441;0.0;0.0;0.0;2.499561,2,1778833949,814968664
2203,1778833949,874550836,gps,0,0,36.729154199999996,127.4431529,98.761,0.958441;0.0;0.0;0.0;0.958441;0.0;0.0;0.0;2.499561,2,1778833949,937938023
2204,1778833949,999550772,gps,0,0,36.729154099999995,127.4431529,98.771,0.958441;0.0;0.0;0.0;0.958441;0.0;0.0;0.0;2.499561,2,1778833950,68521386
2205,1778833950,124550706,gps,0,0,36.729154199999996,127.4431529,98.759,0.958441;0.0;0.0;0.0;0.958441;0.0;0.0;0.0;2.499561,2,1778833950,189977366
2206,1778833950,249550642,gps,0,0,36.729154099999995,127.4431529,98.755,0.958441;0.0;0.0;0.0;0.958441;0.0;0.0;0.0;2.499561,2,1778833950,316903699
2207,1778833950,374550577,gps,0,0,36.729154199999996,127.4431529,98.765,0.956484;0.0;0.0;0.0;0.956484;0.0;0.0;0.0;2.499561,2,1778833950,439479214
2208,1778833950,499550513,gps,0,0,36.729154199999996,127.443153,98.739,0.956484;0.0;0.0;0.0;0.956484;0.0;0.0;0.0;2.499561,2,1778833950,564678039
2209,1778833950,624550448,gps,0,0,36.729154099999995,127.4431529,98.748,0.956484;0.0;0.0;0.0;0.956484;0.0;0.0;0.0;2.499561,2,1778833950,689571368
2210,1778833950,749550384,gps,0,0,36.729154099999995,127.443153,98.746,0.956484;0.0;0.0;0.0;0.956484;0.0;0.0;0.0;2.499561,2,1778833950,814334543
2211,1778833950,874550319,gps,0,0,36.729154,127.4431529,98.753,0.956484;0.0;0.0;0.0;0.956484;0.0;0.0;0.0;2.499561,2,1778833950,938721598
2212,1778833950,999550256,gps,0,0,36.729154,127.4431529,98.757,0.954529;0.0;0.0;0.0;0.954529;0.0;0.0;0.0;2.499561,2,1778833951,69678797
2213,1778833951,124550190,gps,0,0,36.7291539,127.4431529,98.73700000000001,0.954529;0.0;0.0;0.0;0.954529;0.0;0.0;0.0;2.499561,2,1778833951,191947197
2214,1778833951,249550126,gps,0,0,36.7291539,127.4431528,98.741,0.954529;0.0;0.0;0.0;0.954529;0.0;0.0;0.0;2.499561,2,1778833951,313842839
2215,1778833951,374550061,gps,0,0,36.7291539,127.4431529,98.738,0.954529;0.0;0.0;0.0;0.954529;0.0;0.0;0.0;2.499561,2,1778833951,439907993
2216,1778833951,499549997,gps,0,0,36.7291538,127.4431529,98.717,0.954529;0.0;0.0;0.0;0.954529;0.0;0.0;0.0;2.499561,2,1778833951,563918932
2217,1778833951,624549932,gps,0,0,36.7291538,127.4431529,98.736,0.954529;0.0;0.0;0.0;0.954529;0.0;0.0;0.0;2.499561,2,1778833951,689350863
2218,1778833951,749549868,gps,0,0,36.7291538,127.443153,98.711,0.952576;0.0;0.0;0.0;0.952576;0.0;0.0;0.0;2.499561,2,1778833951,814469741
2219,1778833951,874549803,gps,0,0,36.7291538,127.443153,98.717,0.952576;0.0;0.0;0.0;0.952576;0.0;0.0;0.0;2.499561,2,1778833951,939806498
2220,1778833951,999549740,gps,0,0,36.7291538,127.4431529,98.702,0.952576;0.0;0.0;0.0;0.952576;0.0;0.0;0.0;2.499561,2,1778833952,70016972
2221,1778833952,124549674,gps,0,0,36.7291538,127.443153,98.705,0.952576;0.0;0.0;0.0;0.952576;0.0;0.0;0.0;2.502724,2,1778833952,186596510
2222,1778833952,249549610,gps,0,0,36.7291538,127.443153,98.687,0.952576;0.0;0.0;0.0;0.952576;0.0;0.0;0.0;2.502724,2,1778833952,315712161
2223,1778833952,374549545,gps,0,0,36.7291537,127.443153,98.685,0.952576;0.0;0.0;0.0;0.952576;0.0;0.0;0.0;2.502724,2,1778833952,439806017
2224,1778833952,499549481,gps,0,0,36.7291537,127.443153,98.67,0.952576;0.0;0.0;0.0;0.952576;0.0;0.0;0.0;2.502724,2,1778833952,565427167
2225,1778833952,624549416,gps,0,0,36.7291537,127.44315309999999,98.67,0.952576;0.0;0.0;0.0;0.952576;0.0;0.0;0.0;2.502724,2,1778833952,690538458
2226,1778833952,749549352,gps,0,0,36.7291537,127.443153,98.667,0.9506249999999999;0.0;0.0;0.0;0.9506249999999999;0.0;0.0;0.0;2.502724,2,1778833952,814652454
2227,1778833952,874549287,gps,0,0,36.7291537,127.443153,98.662,0.9506249999999999;0.0;0.0;0.0;0.9506249999999999;0.0;0.0;0.0;2.502724,2,1778833952,938529799
2228,1778833952,999549224,gps,0,0,36.7291537,127.443153,98.64,0.9506249999999999;0.0;0.0;0.0;0.9506249999999999;0.0;0.0;0.0;2.499561,2,1778833953,64848573
2229,1778833953,124549158,gps,0,0,36.7291537,127.443153,98.667,0.9506249999999999;0.0;0.0;0.0;0.9506249999999999;0.0;0.0;0.0;2.499561,2,1778833953,189393163
2230,1778833953,249549093,gps,0,0,36.7291537,127.44315309999999,98.635,0.9506249999999999;0.0;0.0;0.0;0.9506249999999999;0.0;0.0;0.0;2.499561,2,1778833953,315742968
2231,1778833953,374549029,gps,0,0,36.7291537,127.44315309999999,98.643,0.9506249999999999;0.0;0.0;0.0;0.9506249999999999;0.0;0.0;0.0;2.499561,2,1778833953,439909841
2232,1778833953,499548964,gps,0,0,36.7291537,127.44315309999999,98.63,0.948676;0.0;0.0;0.0;0.948676;0.0;0.0;0.0;2.499561,2,1778833953,563990810
2233,1778833953,624548900,gps,0,0,36.7291537,127.443153,98.637,0.948676;0.0;0.0;0.0;0.948676;0.0;0.0;0.0;2.499561,2,1778833953,689183733
2234,1778833953,749548835,gps,0,0,36.7291537,127.4431532,98.642,0.948676;0.0;0.0;0.0;0.948676;0.0;0.0;0.0;2.499561,2,1778833953,813657342
2235,1778833953,874548771,gps,0,0,36.7291537,127.4431532,98.618,0.948676;0.0;0.0;0.0;0.948676;0.0;0.0;0.0;2.499561,2,1778833953,936763441
2236,1778833953,999548707,gps,0,0,36.7291538,127.4431532,98.595,0.948676;0.0;0.0;0.0;0.948676;0.0;0.0;0.0;2.499561,2,1778833954,69613194
2237,1778833954,124548642,gps,0,0,36.7291538,127.4431532,98.608,0.948676;0.0;0.0;0.0;0.948676;0.0;0.0;0.0;2.499561,2,1778833954,189863470
2238,1778833954,249548577,gps,0,0,36.7291538,127.44315309999999,98.599,0.9467289999999999;0.0;0.0;0.0;0.9467289999999999;0.0;0.0;0.0;2.4964000000000004,2,1778833954,315931935
2239,1778833954,374548513,gps,0,0,36.7291538,127.44315309999999,98.60600000000001,0.9467289999999999;0.0;0.0;0.0;0.9467289999999999;0.0;0.0;0.0;2.4964000000000004,2,1778833954,439463497
2240,1778833954,499548448,gps,0,0,36.7291538,127.4431532,98.598,0.9467289999999999;0.0;0.0;0.0;0.9467289999999999;0.0;0.0;0.0;2.4964000000000004,2,1778833954,564668550
2241,1778833954,624548384,gps,0,0,36.7291538,127.44315329999999,98.59700000000001,0.9467289999999999;0.0;0.0;0.0;0.9467289999999999;0.0;0.0;0.0;2.4964000000000004,2,1778833954,690443664
2242,1778833954,749548319,gps,0,0,36.7291539,127.4431532,98.60000000000001,0.9467289999999999;0.0;0.0;0.0;0.9467289999999999;0.0;0.0;0.0;2.4964000000000004,2,1778833954,814607268
2243,1778833954,874548255,gps,0,0,36.729154,127.44315329999999,98.56700000000001,0.9467289999999999;0.0;0.0;0.0;0.9467289999999999;0.0;0.0;0.0;2.4964000000000004,2,1778833954,940229833
2244,1778833954,999548191,gps,0,0,36.7291539,127.44315329999999,98.58,0.9467289999999999;0.0;0.0;0.0;0.9467289999999999;0.0;0.0;0.0;2.4964000000000004,2,1778833955,70326877
2245,1778833955,124548126,gps,0,0,36.7291539,127.44315329999999,98.578,0.9467289999999999;0.0;0.0;0.0;0.9467289999999999;0.0;0.0;0.0;2.4964000000000004,2,1778833955,189654489
2246,1778833955,249548061,gps,0,0,36.7291539,127.44315329999999,98.58,0.944784;0.0;0.0;0.0;0.944784;0.0;0.0;0.0;2.4964000000000004,2,1778833955,315697713
2247,1778833955,374547997,gps,0,0,36.729154,127.44315329999999,98.568,0.944784;0.0;0.0;0.0;0.944784;0.0;0.0;0.0;2.4964000000000004,2,1778833955,439815324
2248,1778833955,499547932,gps,0,0,36.7291539,127.4431534,98.562,0.944784;0.0;0.0;0.0;0.944784;0.0;0.0;0.0;2.4964000000000004,2,1778833955,566539674
2249,1778833955,624547868,gps,0,0,36.7291539,127.44315329999999,98.562,0.944784;0.0;0.0;0.0;0.944784;0.0;0.0;0.0;2.4964000000000004,2,1778833955,690306823
2250,1778833955,749547803,gps,0,0,36.729154,127.4431534,98.551,0.944784;0.0;0.0;0.0;0.944784;0.0;0.0;0.0;2.4964000000000004,2,1778833955,812406652
2251,1778833955,874547739,gps,0,0,36.729154,127.44315329999999,98.571,0.944784;0.0;0.0;0.0;0.944784;0.0;0.0;0.0;2.4964000000000004,2,1778833955,938727491
2252,1778833955,999547675,gps,0,0,36.729154,127.44315329999999,98.55,0.944784;0.0;0.0;0.0;0.944784;0.0;0.0;0.0;2.4964000000000004,2,1778833956,68699914
2253,1778833956,124547610,gps,0,0,36.729154099999995,127.4431534,98.537,0.9428409999999999;0.0;0.0;0.0;0.9428409999999999;0.0;0.0;0.0;2.4964000000000004,2,1778833956,189670761
2254,1778833956,249547545,gps,0,0,36.729154,127.4431535,98.551,0.9428409999999999;0.0;0.0;0.0;0.9428409999999999;0.0;0.0;0.0;2.493241,2,1778833956,315568665
2255,1778833956,374547480,gps,0,0,36.729154,127.4431534,98.55,0.9428409999999999;0.0;0.0;0.0;0.9428409999999999;0.0;0.0;0.0;2.493241,2,1778833956,440673927
2256,1778833956,499547416,gps,0,0,36.729154099999995,127.4431534,98.549,0.9428409999999999;0.0;0.0;0.0;0.9428409999999999;0.0;0.0;0.0;2.493241,2,1778833956,564924360
2257,1778833956,624547351,gps,0,0,36.729154099999995,127.4431534,98.539,0.9428409999999999;0.0;0.0;0.0;0.9428409999999999;0.0;0.0;0.0;2.493241,2,1778833956,685973868
2258,1778833956,749547287,gps,0,0,36.729154099999995,127.4431535,98.527,0.9428409999999999;0.0;0.0;0.0;0.9428409999999999;0.0;0.0;0.0;2.493241,2,1778833956,814294003
2259,1778833956,874547222,gps,0,0,36.729154099999995,127.4431534,98.539,0.9428409999999999;0.0;0.0;0.0;0.9428409999999999;0.0;0.0;0.0;2.493241,2,1778833956,939758366
2260,1778833956,999547159,gps,0,0,36.729154099999995,127.4431534,98.555,0.9409;0.0;0.0;0.0;0.9409;0.0;0.0;0.0;2.493241,2,1778833957,70115572
2261,1778833957,124547093,gps,0,0,36.729154099999995,127.4431534,98.541,0.9409;0.0;0.0;0.0;0.9409;0.0;0.0;0.0;2.493241,2,1778833957,190596332
2262,1778833957,249547029,gps,0,0,36.729154099999995,127.4431535,98.543,0.9409;0.0;0.0;0.0;0.9409;0.0;0.0;0.0;2.493241,2,1778833957,317006353
2263,1778833957,374546964,gps,0,0,36.729154199999996,127.4431534,98.569,0.9409;0.0;0.0;0.0;0.9409;0.0;0.0;0.0;2.493241,2,1778833957,439781959
2264,1778833957,499546900,gps,0,0,36.729154199999996,127.4431534,98.551,0.9409;0.0;0.0;0.0;0.9409;0.0;0.0;0.0;2.493241,2,1778833957,560455185
2265,1778833957,624546835,gps,0,0,36.729154199999996,127.4431534,98.554,0.9409;0.0;0.0;0.0;0.9409;0.0;0.0;0.0;2.493241,2,1778833957,689820852
2266,1778833957,749546771,gps,0,0,36.7291543,127.44315329999999,98.56400000000001,0.9409;0.0;0.0;0.0;0.9409;0.0;0.0;0.0;2.493241,2,1778833957,814768106
2267,1778833957,874546706,gps,0,0,36.729154099999995,127.4431534,98.549,0.9409;0.0;0.0;0.0;0.9409;0.0;0.0;0.0;2.493241,2,1778833957,940381636
2268,1778833957,999546643,gps,0,0,36.729154199999996,127.4431534,98.535,0.9409;0.0;0.0;0.0;0.9409;0.0;0.0;0.0;2.493241,2,1778833958,69715455
2269,1778833958,124546577,gps,0,0,36.7291543,127.4431534,98.533,0.9409;0.0;0.0;0.0;0.9409;0.0;0.0;0.0;2.493241,2,1778833958,188890978
2270,1778833958,249546513,gps,0,0,36.729154199999996,127.4431534,98.547,0.9389609999999999;0.0;0.0;0.0;0.9389609999999999;0.0;0.0;0.0;2.493241,2,1778833958,314694514
2271,1778833958,374546448,gps,0,0,36.729154199999996,127.4431534,98.541,0.9389609999999999;0.0;0.0;0.0;0.9389609999999999;0.0;0.0;0.0;2.493241,2,1778833958,436974725
2272,1778833958,499546384,gps,0,0,36.729154199999996,127.4431534,98.539,0.9389609999999999;0.0;0.0;0.0;0.9389609999999999;0.0;0.0;0.0;2.493241,2,1778833958,564681579
2273,1778833958,624546319,gps,0,0,36.7291543,127.4431534,98.551,0.9389609999999999;0.0;0.0;0.0;0.9389609999999999;0.0;0.0;0.0;2.493241,2,1778833958,689870707
2274,1778833958,749546255,gps,0,0,36.729154199999996,127.44315329999999,98.556,0.9389609999999999;0.0;0.0;0.0;0.9389609999999999;0.0;0.0;0.0;2.493241,2,1778833958,813814949
2275,1778833958,874546190,gps,0,0,36.729154199999996,127.44315329999999,98.556,0.9389609999999999;0.0;0.0;0.0;0.9389609999999999;0.0;0.0;0.0;2.493241,2,1778833958,937711848
2276,1778833958,999546126,gps,0,0,36.7291543,127.44315329999999,98.56700000000001,0.9389609999999999;0.0;0.0;0.0;0.9389609999999999;0.0;0.0;0.0;2.493241,2,1778833959,67922044
2277,1778833959,124546061,gps,0,0,36.7291543,127.44315329999999,98.556,0.9389609999999999;0.0;0.0;0.0;0.9389609999999999;0.0;0.0;0.0;2.493241,2,1778833959,190196192
2278,1778833959,249545996,gps,0,0,36.7291543,127.44315329999999,98.56700000000001,0.9389609999999999;0.0;0.0;0.0;0.9389609999999999;0.0;0.0;0.0;2.493241,2,1778833959,314546856
2279,1778833959,374545932,gps,0,0,36.7291543,127.4431532,98.587,0.9389609999999999;0.0;0.0;0.0;0.9389609999999999;0.0;0.0;0.0;2.493241,2,1778833959,438752162
2280,1778833959,499545868,gps,0,0,36.7291543,127.4431532,98.533,0.9389609999999999;0.0;0.0;0.0;0.9389609999999999;0.0;0.0;0.0;2.493241,2,1778833959,563904976
2281,1778833959,624545803,gps,0,0,36.7291544,127.44315329999999,98.565,0.9389609999999999;0.0;0.0;0.0;0.9389609999999999;0.0;0.0;0.0;2.493241,2,1778833959,688317675
2282,1778833959,749545738,gps,0,0,36.7291544,127.4431532,98.56700000000001,0.9389609999999999;0.0;0.0;0.0;0.9389609999999999;0.0;0.0;0.0;2.493241,2,1778833959,813821268
2283,1778833959,874545674,gps,0,0,36.7291544,127.4431532,98.57900000000001,0.9389609999999999;0.0;0.0;0.0;0.9389609999999999;0.0;0.0;0.0;2.4964000000000004,2,1778833959,938645607
2284,1778833959,999545610,gps,0,0,36.7291544,127.44315329999999,98.56700000000001,0.9389609999999999;0.0;0.0;0.0;0.9389609999999999;0.0;0.0;0.0;2.4964000000000004,2,1778833960,69535192
2285,1778833960,124545545,gps,0,0,36.7291544,127.44315329999999,98.577,0.9389609999999999;0.0;0.0;0.0;0.9389609999999999;0.0;0.0;0.0;2.4964000000000004,2,1778833960,190081405
2286,1778833960,249545480,gps,0,0,36.7291544,127.44315329999999,98.587,0.9389609999999999;0.0;0.0;0.0;0.9389609999999999;0.0;0.0;0.0;2.4964000000000004,2,1778833960,313821221
2287,1778833960,374545416,gps,0,0,36.7291545,127.4431534,98.559,0.9389609999999999;0.0;0.0;0.0;0.9389609999999999;0.0;0.0;0.0;2.4964000000000004,2,1778833960,439367365
2288,1778833960,499545351,gps,0,0,36.7291544,127.4431534,98.57300000000001,0.9389609999999999;0.0;0.0;0.0;0.9389609999999999;0.0;0.0;0.0;2.4964000000000004,2,1778833960,564727597
2289,1778833960,624545287,gps,0,0,36.7291545,127.4431534,98.568,0.9389609999999999;0.0;0.0;0.0;0.9389609999999999;0.0;0.0;0.0;2.4964000000000004,2,1778833960,689566085
2290,1778833960,749545222,gps,0,0,36.7291545,127.4431534,98.544,0.9389609999999999;0.0;0.0;0.0;0.9389609999999999;0.0;0.0;0.0;2.4964000000000004,2,1778833960,814321557
2291,1778833960,874545158,gps,0,0,36.7291546,127.4431534,98.547,0.9389609999999999;0.0;0.0;0.0;0.9389609999999999;0.0;0.0;0.0;2.4964000000000004,2,1778833960,938863285
