header.seq,header.stamp.secs,header.stamp.nsecs,header.frame_id,twist.twist.linear.x,twist.twist.linear.y,twist.twist.linear.z,twist.twist.angular.x,twist.twist.angular.y,twist.twist.angular.z,twist.covariance,bag_t.secs,bag_t.nsecs
1177,1778833821,624617072,gps,-0.022,0.004,-0.01,0.0,0.0,0.0,0.029584000000000006;0.0;0.0;0.0;0.0;0.0;0.0;0.029584000000000006;0.0;0.0;0.0;0.0;0.0;0.0;0.029584000000000006;0.0;0.0;0.0;0.0;0.0;0.0;-1.0;0.0;0.0;0.0;0.0;0.0;0.0;0.0;0.0;0.0;0.0;0.0;0.0;0.0;0.0,1778833821,686210633
1178,1778833821,749617008,gps,0.018000000000000002,-0.007,-0.003,0.0,0.0,0.0,0.028561000000000003;0.0;0.0;0.0;0.0;0.0;0.0;0.028561000000000003;0.0;0.0;0.0;0.0;0.0;0.0;0.028561000000000003;0.0;0.0;0.0;0.0;0.0;0.0;-1.0;0.0;0.0;0.0;0.0;0.0;0.0;0.0;0.0;0.0;0.0;0.0;0.0;0.0;0.0,1778833821,814592418
1179,1778833821,874616943,gps,-0.043000000000000003,-0.018000000000000002,-0.001,0.0,0.0,0.0,0.037636;0.0;0.0;0.0;0.0;0.0;0.0;0.037636;0.0;0.0;0.0;0.0;0.0;0.0;0.037636;0.0;0.0;0.0;0.0;0.0;0.0;-1.0;0.0;0.0;0.0;0.0;0.0;0.0;0.0;0.0;0.0;0.0;0.0;0.0;0.0;0.0,1778833821,939130469
1180,1778833821,999616880,gps,0.041,-0.001,0.003,0.0,0.0,0.0,0.032041;0.0;0.0;0.0;0.0;0.0;0.0;0.032041;0.0;0.0;0.0;0.0;0.0;0.0;0.032041;0.0;0.0;0.0;0.0;0.0;0.0;-1.0;0.0;0.0;0.0;0.0;0.0;0.0;0.0;0.0;0.0;0.0;0.0;0.0;0.0;0.0,1778833822,69715071
1181,1778833822,124616814,gps,-0.014,0.016,-0.008,0.0,0.0,0.0,0.027225000000000003;0.0;0.0;0.0;0.0;0.0;0.0;0.027225000000000003;0.0;0.0;0.0;0.0;0.0;0.0;0.027225000000000003;0.0;0.0;0.0;0.0;0.0;0.0;-1.0;0.0;0.0;0.0;0.0;0.0;0.0;0.0;0.0;0.0;0.0;0.0;0.0;0.0;0.0,1778833822,189961943
1182,1778833822,249616750,gps,0.017,0.006,-0.018000000000000002,0.0,0.0,0.0,0.030276000000000004;0.0;0.0;0.0;0.0;0.0;0.0;0.030276000000000004;0.0;0.0;0.0;0.0;0.0;0.0;0.030276000000000004;0.0;0.0;0.0;0.0;0.0;0.0;-1.0;0.0;0.0;0.0;0.0;0.0;0.0;0.0;0.0;0.0;0.0;0.0;0.0;0.0;0.0,1778833822,315303410
1183,1778833822,374616685,gps,0.01,0.027,-0.002,0.0,0.0,0.0,0.035721;0.0;0.0;0.0;0.0;0.0;0.0;0.035721;0.0;0.0;0.0;0.0;0.0;0.0;0.035721;0.0;0.0;0.0;0.0;0.0;0.0;-1.0;0.0;0.0;0.0;0.0;0.0;0.0;0.0;0.0;0.0;0.0;0.0;0.0;0.0;0.0,1778833822,439038938
1184,1778833822,499616621,gps,-0.001,0.034,-0.005,0.0,0.0,0.0,0.032041;0.0;0.0;0.0;0.0;0.0;0.0;0.032041;0.0;0.0;0.0;0.0;0.0;0.0;0.032041;0.0;0.0;0.0;0.0;0.0;0.0;-1.0;0.0;0.0;0.0;0.0;0.0;0.0;0.0;0.0;0.0;0.0;0.0;0.0;0.0;0.0,1778833822,560186219
1185,1778833822,624616556,gps,-0.018000000000000002,0.013000000000000001,-0.014,0.0,0.0,0.0,0.026896000000000003;0.0;0.0;0.0;0.0;0.0;0.0;0.026896000000000003;0.0;0.0;0.0;0.0;0.0;0.0;0.026896000000000003;0.0;0.0;0.0;0.0;0.0;0.0;-1.0;0.0;0.0;0.0;0.0;0.0;0.0;0.0;0.0;0.0;0.0;0.0;0.0;0.0;0.0,1778833822,689116022
1186,1778833822,749616492,gps,0.075,-0.029,-0.017,0.0,0.0,0.0,0.028561000000000003;0.0;0.0;0.0;0.0;0.0;0.0;0.028561000000000003;0.0;0.0;0.0;0.0;0.0;0.0;0.028561000000000003;0.0;0.0;0.0;0.0;0.0;0.0;-1.0;0.0;0.0;0.0;0.0;0.0;0.0;0.0;0.0;0.0;0.0;0.0;0.0;0.0;0.0,1778833822,814954062
1187,1778833822,874616427,gps,-0.006,0.006,0.003,0.0,0.0,0.0,0.027889000000000004;0.0;0.0;0.0;0.0;0.0;0.0;0.027889000000000004;0.0;0.0;0.0;0.0;0.0;0.0;0.027889000000000004;0.0;0.0;0.0;0.0;0.0;0.0;-1.0;0.0;0.0;0.0;0.0;0.0;0.0;0.0;0.0;0.0;0.0;0.0;0.0;0.0;0.0,1778833822,939943672
1188,1778833822,999616364,gps,0.004,0.023,-0.017,0.0,0.0,0.0,0.032041;0.0;0.0;0.0;0.0;0.0;0.0;0.032041;0.0;0.0;0.0;0.0;0.0;0.0;0.032041;0.0;0.0;0.0;0.0;0.0;0.0;-1.0;0.0;0.0;0.0;0.0;0.0;0.0;0.0;0.0;0.0;0.0;0.0;0.0;0.0;0.0,1778833823,70079425
1189,1778833823,124616298,gps,0.008,0.025,-0.005,0.0,0.0,0.0,0.0361;0.0;0.0;0.0;0.0;0.0;0.0;0.0361;0.0;0.0;0.0;0.0;0.0;0.0;0.0361;0.0;0.0;0.0;0.0;0.0;0.0;-1.0;0.0;0.0;0.0;0.0;0.0;0.0;0.0;0.0;0.0;0.0;0.0;0.0;0.0;0.0,1778833823,189474797
1190,1778833823,249616233,gps,-0.012,-0.02,0.0,0.0,0.0,0.0,0.037636;0.0;0.0;0.0;0.0;0.0;0.0;0.037636;0.0;0.0;0.0;0.0;0.0;0.0;0.037636;0.0;0.0;0.0;0.0;0.0;0.0;-1.0;0.0;0.0;0.0;0.0;0.0;0.0;0.0;0.0;0.0;0.0;0.0;0.0;0.0;0.0,1778833823,315146781
1191,1778833823,374616169,gps,0.001,-0.036000000000000004,0.005,0.0,0.0,0.0,0.034969;0.0;0.0;0.0;0.0;0.0;0.0;0.034969;0.0;0.0;0.0;0.0;0.0;0.0;0.034969;0.0;0.0;0.0;0.0;0.0;0.0;-1.0;0.0;0.0;0.0;0.0;0.0;0.0;0.0;0.0;0.0;0.0;0.0;0.0;0.0;0.0,1778833823,437426963
1192,1778833823,499616104,gps,-0.034,0.021,0.012,0.0,0.0,0.0,0.027889000000000004;0.0;0.0;0.0;0.0;0.0;0.0;0.027889000000000004;0.0;0.0;0.0;0.0;0.0;0.0;0.027889000000000004;0.0;0.0;0.0;0.0;0.0;0.0;-1.0;0.0;0.0;0.0;0.0;0.0;0.0;0.0;0.0;0.0;0.0;0.0;0.0;0.0;0.0,1778833823,564951194
1193,1778833823,624616040,gps,-0.022,-0.03,0.007,0.0,0.0,0.0,0.038809;0.0;0.0;0.0;0.0;0.0;0.0;0.038809;0.0;0.0;0.0;0.0;0.0;0.0;0.038809;0.0;0.0;0.0;0.0;0.0;0.0;-1.0;0.0;0.0;0.0;0.0;0.0;0.0;0.0;0.0;0.0;0.0;0.0;0.0;0.0;0.0,1778833823,689520892
1194,1778833823,749615975,gps,-0.024,-0.022,0.011,0.0,0.0,0.0,0.037249000000000004;0.0;0.0;0.0;0.0;0.0;0.0;0.037249000000000004;0.0;0.0;0.0;0.0;0.0;0.0;0.037249000000000004;0.0;0.0;0.0;0.0;0.0;0.0;-1.0;0.0;0.0;0.0;0.0;0.0;0.0;0.0;0.0;0.0;0.0;0.0;0.0;0.0;0.0,1778833823,813358246
1195,1778833823,874615911,gps,0.026000000000000002,0.043000000000000003,0.008,0.0,0.0,0.0,0.038809;0.0;0.0;0.0;0.0;0.0;0.0;0.038809;0.0;0.0;0.0;0.0;0.0;0.0;0.038809;0.0;0.0;0.0;0.0;0.0;0.0;-1.0;0.0;0.0;0.0;0.0;0.0;0.0;0.0;0.0;0.0;0.0;0.0;0.0;0.0;0.0,1778833823,938243879
1196,1778833823,999615847,gps,-0.02,0.004,0.003,0.0,0.0,0.0,0.029929000000000004;0.0;0.0;0.0;0.0;0.0;0.0;0.029929000000000004;0.0;0.0;0.0;0.0;0.0;0.0;0.029929000000000004;0.0;0.0;0.0;0.0;0.0;0.0;-1.0;0.0;0.0;0.0;0.0;0.0;0.0;0.0;0.0;0.0;0.0;0.0;0.0;0.0;0.0,1778833824,67342314
1197,1778833824,124615781,gps,-0.013000000000000001,0.015,0.017,0.0,0.0,0.0,0.026896000000000003;0.0;0.0;0.0;0.0;0.0;0.0;0.026896000000000003;0.0;0.0;0.0;0.0;0.0;0.0;0.026896000000000003;0.0;0.0;0.0;0.0;0.0;0.0;-1.0;0.0;0.0;0.0;0.0;0.0;0.0;0.0;0.0;0.0;0.0;0.0;0.0;0.0;0.0,1778833824,189341887
1198,1778833824,249615717,gps,0.056,-0.022,0.01,0.0,0.0,0.0,0.029929000000000004;0.0;0.0;0.0;0.0;0.0;0.0;0.029929000000000004;0.0;0.0;0.0;0.0;0.0;0.0;0.029929000000000004;0.0;0.0;0.0;0.0;0.0;0.0;-1.0;0.0;0.0;0.0;0.0;0.0;0.0;0.0;0.0;0.0;0.0;0.0;0.0;0.0;0.0,1778833824,315829758
1199,1778833824,374615652,gps,0.042,-0.007,0.019,0.0,0.0,0.0,0.0324;0.0;0.0;0.0;0.0;0.0;0.0;0.0324;0.0;0.0;0.0;0.0;0.0;0.0;0.0324;0.0;0.0;0.0;0.0;0.0;0.0;-1.0;0.0;0.0;0.0;0.0;0.0;0.0;0.0;0.0;0.0;0.0;0.0;0.0;0.0;0.0,1778833824,439199866
1200,1778833824,499615588,gps,-0.043000000000000003,0.021,0.021,0.0,0.0,0.0,0.029929000000000004;0.0;0.0;0.0;0.0;0.0;0.0;0.029929000000000004;0.0;0.0;0.0;0.0;0.0;0.0;0.029929000000000004;0.0;0.0;0.0;0.0;0.0;0.0;-1.0;0.0;0.0;0.0;0.0;0.0;0.0;0.0;0.0;0.0;0.0;0.0;0.0;0.0;0.0,1778833824,564305674
1201,1778833824,624615523,gps,-0.035,0.021,0.018000000000000002,0.0,0.0,0.0,0.029584000000000006;0.0;0.0;0.0;0.0;0.0;0.0;0.029584000000000006;0.0;0.0;0.0;0.0;0.0;0.0;0.029584000000000006;0.0;0.0;0.0;0.0;0.0;0.0;-1.0;0.0;0.0;0.0;0.0;0.0;0.0;0.0;0.0;0.0;0.0;0.0;0.0;0.0;0.0,1778833824,688710564
1202,1778833824,749615459,gps,0.012,-0.004,0.003,0.0,0.0,0.0,0.033124;0.0;0.0;0.0;0.0;0.0;0.0;0.033124;0.0;0.0;0.0;0.0;0.0;0.0;0.033124;0.0;0.0;0.0;0.0;0.0;0.0;-1.0;0.0;0.0;0.0;0.0;0.0;0.0;0.0;0.0;0.0;0.0;0.0;0.0;0.0;0.0,1778833824,813450227
1203,1778833824,874615394,gps,0.009000000000000001,-0.008,0.001,0.0,0.0,0.0,0.030276000000000004;0.0;0.0;0.0;0.0;0.0;0.0;0.030276000000000004;0.0;0.0;0.0;0.0;0.0;0.0;0.030276000000000004;0.0;0.0;0.0;0.0;0.0;0.0;-1.0;0.0;0.0;0.0;0.0;0.0;0.0;0.0;0.0;0.0;0.0;0.0;0.0;0.0;0.0,1778833824,939279301
1204,1778833824,999615331,gps,0.002,0.003,-0.002,0.0,0.0,0.0,0.04080400000000001;0.0;0.0;0.0;0.0;0.0;0.0;0.04080400000000001;0.0;0.0;0.0;0.0;0.0;0.0;0.04080400000000001;0.0;0.0;0.0;0.0;0.0;0.0;-1.0;0.0;0.0;0.0;0.0;0.0;0.0;0.0;0.0;0.0;0.0;0.0;0.0;0.0;0.0,1778833825,69680695
1205,1778833825,124615265,gps,-0.001,0.02,-0.008,0.0,0.0,0.0,0.037249000000000004;0.0;0.0;0.0;0.0;0.0;0.0;0.037249000000000004;0.0;0.0;0.0;0.0;0.0;0.0;0.037249000000000004;0.0;0.0;0.0;0.0;0.0;0.0;-1.0;0.0;0.0;0.0;0.0;0.0;0.0;0.0;0.0;0.0;0.0;0.0;0.0;0.0;0.0,1778833825,190303415
1206,1778833825,249615201,gps,-0.004,-0.005,0.01,0.0,0.0,0.0,0.037636;0.0;0.0;0.0;0.0;0.0;0.0;0.037636;0.0;0.0;0.0;0.0;0.0;0.0;0.037636;0.0;0.0;0.0;0.0;0.0;0.0;-1.0;0.0;0.0;0.0;0.0;0.0;0.0;0.0;0.0;0.0;0.0;0.0;0.0;0.0;0.0,1778833825,313365550
1207,1778833825,374615136,gps,-0.004,0.011,0.003,0.0,0.0,0.0,0.0324;0.0;0.0;0.0;0.0;0.0;0.0;0.0324;0.0;0.0;0.0;0.0;0.0;0.0;0.0324;0.0;0.0;0.0;0.0;0.0;0.0;-1.0;0.0;0.0;0.0;0.0;0.0;0.0;0.0;0.0;0.0;0.0;0.0;0.0;0.0;0.0,1778833825,438300249
1208,1778833825,499615072,gps,-0.016,0.045,0.003,0.0,0.0,0.0,0.033856;0.0;0.0;0.0;0.0;0.0;0.0;0.033856;0.0;0.0;0.0;0.0;0.0;0.0;0.033856;0.0;0.0;0.0;0.0;0.0;0.0;-1.0;0.0;0.0;0.0;0.0;0.0;0.0;0.0;0.0;0.0;0.0;0.0;0.0;0.0;0.0,1778833825,564033051
1209,1778833825,624615007,gps,0.008,-0.033,0.004,0.0,0.0,0.0,0.034596;0.0;0.0;0.0;0.0;0.0;0.0;0.034596;0.0;0.0;0.0;0.0;0.0;0.0;0.034596;0.0;0.0;0.0;0.0;0.0;0.0;-1.0;0.0;0.0;0.0;0.0;0.0;0.0;0.0;0.0;0.0;0.0;0.0;0.0;0.0;0.0,1778833825,689691360
1210,1778833825,749614942,gps,0.026000000000000002,-0.006,0.008,0.0,0.0,0.0,0.033856;0.0;0.0;0.0;0.0;0.0;0.0;0.033856;0.0;0.0;0.0;0.0;0.0;0.0;0.033856;0.0;0.0;0.0;0.0;0.0;0.0;-1.0;0.0;0.0;0.0;0.0;0.0;0.0;0.0;0.0;0.0;0.0;0.0;0.0;0.0;0.0,1778833825,815223745
1211,1778833825,874614878,gps,-0.025,-0.025,0.016,0.0,0.0,0.0,0.04080400000000001;0.0;0.0;0.0;0.0;0.0;0.0;0.04080400000000001;0.0;0.0;0.0;0.0;0.0;0.0;0.04080400000000001;0.0;0.0;0.0;0.0;0.0;0.0;-1.0;0.0;0.0;0.0;0.0;0.0;0.0;0.0;0.0;0.0;0.0;0.0;0.0;0.0;0.0,1778833825,940036645
1212,1778833825,999614814,gps,-0.055,0.006,0.017,0.0,0.0,0.0,0.032761;0.0;0.0;0.0;0.0;0.0;0.0;0.032761;0.0;0.0;0.0;0.0;0.0;0.0;0.032761;0.0;0.0;0.0;0.0;0.0;0.0;-1.0;0.0;0.0;0.0;0.0;0.0;0.0;0.0;0.0;0.0;0.0;0.0;0.0;0.0;0.0,1778833826,69148093
1213,1778833826,124614749,gps,-0.006,-0.012,0.013000000000000001,0.0,0.0,0.0,0.035721;0.0;0.0;0.0;0.0;0.0;0.0;0.035721;0.0;0.0;0.0;0.0;0.0;0.0;0.035721;0.0;0.0;0.0;0.0;0.0;0.0;-1.0;0.0;0.0;0.0;0.0;0.0;0.0;0.0;0.0;0.0;0.0;0.0;0.0;0.0;0.0,1778833826,184800800
1214,1778833826,249614684,gps,0.031,-0.027,0.011,0.0,0.0,0.0,0.030276000000000004;0.0;0.0;0.0;0.0;0.0;0.0;0.030276000000000004;0.0;0.0;0.0;0.0;0.0;0.0;0.030276000000000004;0.0;0.0;0.0;0.0;0.0;0.0;-1.0;0.0;0.0;0.0;0.0;0.0;0.0;0.0;0.0;0.0;0.0;0.0;0.0;0.0;0.0,1778833826,315846314
1215,1778833826,374614620,gps,0.027,0.003,0.025,0.0,0.0,0.0,0.030975999999999997;0.0;0.0;0.0;0.0;0.0;0.0;0.030975999999999997;0.0;0.0;0.0;0.0;0.0;0.0;0.030975999999999997;0.0;0.0;0.0;0.0;0.0;0.0;-1.0;0.0;0.0;0.0;0.0;0.0;0.0;0.0;0.0;0.0;0.0;0.0;0.0;0.0;0.0,1778833826,439767183
1216,1778833826,499614555,gps,-0.032,-0.023,0.01,0.0,0.0,0.0,0.04202500000000001;0.0;0.0;0.0;0.0;0.0;0.0;0.04202500000000001;0.0;0.0;0.0;0.0;0.0;0.0;0.04202500000000001;0.0;0.0;0.0;0.0;0.0;0.0;-1.0;0.0;0.0;0.0;0.0;0.0;0.0;0.0;0.0;0.0;0.0;0.0;0.0;0.0;0.0,1778833826,566354969
1217,1778833826,624614491,gps,0.007,-0.013000000000000001,0.0,0.0,0.0,0.0,0.031684;0.0;0.0;0.0;0.0;0.0;0.0;0.031684;0.0;0.0;0.0;0.0;0.0;0.0;0.031684;0.0;0.0;0.0;0.0;0.0;0.0;-1.0;0.0;0.0;0.0;0.0;0.0;0.0;0.0;0.0;0.0;0.0;0.0;0.0;0.0;0.0,1778833826,690065457
1218,1778833826,749614426,gps,-0.012,0.035,0.003,0.0,0.0,0.0,0.033124;0.0;0.0;0.0;0.0;0.0;0.0;0.033124;0.0;0.0;0.0;0.0;0.0;0.0;0.033124;0.0;0.0;0.0;0.0;0.0;0.0;-1.0;0.0;0.0;0.0;0.0;0.0;0.0;0.0;0.0;0.0;0.0;0.0;0.0;0.0;0.0,1778833826,813438424
1219,1778833826,874614362,gps,-0.037,0.025,0.001,0.0,0.0,0.0,0.028900000000000006;0.0;0.0;0.0;0.0;0.0;0.0;0.028900000000000006;0.0;0.0;0.0;0.0;0.0;0.0;0.028900000000000006;0.0;0.0;0.0;0.0;0.0;0.0;-1.0;0.0;0.0;0.0;0.0;0.0;0.0;0.0;0.0;0.0;0.0;0.0;0.0;0.0;0.0,1778833826,937350142
1220,1778833826,999614298,gps,0.007,0.006,0.005,0.0,0.0,0.0,0.039601000000000004;0.0;0.0;0.0;0.0;0.0;0.0;0.039601000000000004;0.0;0.0;0.0;0.0;0.0;0.0;0.039601000000000004;0.0;0.0;0.0;0.0;0.0;0.0;-1.0;0.0;0.0;0.0;0.0;0.0;0.0;0.0;0.0;0.0;0.0;0.0;0.0;0.0;0.0,1778833827,63907948
1221,1778833827,124614232,gps,0.02,-0.016,-0.005,0.0,0.0,0.0,0.028561000000000003;0.0;0.0;0.0;0.0;0.0;0.0;0.028561000000000003;0.0;0.0;0.0;0.0;0.0;0.0;0.028561000000000003;0.0;0.0;0.0;0.0;0.0;0.0;-1.0;0.0;0.0;0.0;0.0;0.0;0.0;0.0;0.0;0.0;0.0;0.0;0.0;0.0;0.0,1778833827,189434907
1222,1778833827,249614168,gps,0.027,0.007,0.003,0.0,0.0,0.0,0.039601000000000004;0.0;0.0;0.0;0.0;0.0;0.0;0.039601000000000004;0.0;0.0;0.0;0.0;0.0;0.0;0.039601000000000004;0.0;0.0;0.0;0.0;0.0;0.0;-1.0;0.0;0.0;0.0;0.0;0.0;0.0;0.0;0.0;0.0;0.0;0.0;0.0;0.0;0.0,1778833827,316188429
1223,1778833827,374614103,gps,0.033,0.053,-0.002,0.0,0.0,0.0,0.047089;0.0;0.0;0.0;0.0;0.0;0.0;0.047089;0.0;0.0;0.0;0.0;0.0;0.0;0.047089;0.0;0.0;0.0;0.0;0.0;0.0;-1.0;0.0;0.0;0.0;0.0;0.0;0.0;0.0;0.0;0.0;0.0;0.0;0.0;0.0;0.0,1778833827,440007185
1224,1778833827,499614039,gps,-0.012,-0.003,-0.004,0.0,0.0,0.0,0.039204;0.0;0.0;0.0;0.0;0.0;0.0;0.039204;0.0;0.0;0.0;0.0;0.0;0.0;0.039204;0.0;0.0;0.0;0.0;0.0;0.0;-1.0;0.0;0.0;0.0;0.0;0.0;0.0;0.0;0.0;0.0;0.0;0.0;0.0;0.0;0.0,1778833827,565068384
1225,1778833827,624613974,gps,0.03,-0.008,0.014,0.0,0.0,0.0,0.030276000000000004;0.0;0.0;0.0;0.0;0.0;0.0;0.030276000000000004;0.0;0.0;0.0;0.0;0.0;0.0;0.030276000000000004;0.0;0.0;0.0;0.0;0.0;0.0;-1.0;0.0;0.0;0.0;0.0;0.0;0.0;0.0;0.0;0.0;0.0;0.0;0.0;0.0;0.0,1778833827,689041494
1226,1778833827,749613910,gps,0.009000000000000001,0.057,0.01,0.0,0.0,0.0,0.04243600000000001;0.0;0.0;0.0;0.0;0.0;0.0;0.04243600000000001;0.0;0.0;0.0;0.0;0.0;0.0;0.04243600000000001;0.0;0.0;0.0;0.0;0.0;0.0;-1.0;0.0;0.0;0.0;0.0;0.0;0.0;0.0;0.0;0.0;0.0;0.0;0.0;0.0;0.0,1778833827,814313251
1227,1778833827,874613845,gps,-0.041,-0.034,0.007,0.0,0.0,0.0,0.047089;0.0;0.0;0.0;0.0;0.0;0.0;0.047089;0.0;0.0;0.0;0.0;0.0;0.0;0.047089;0.0;0.0;0.0;0.0;0.0;0.0;-1.0;0.0;0.0;0.0;0.0;0.0;0.0;0.0;0.0;0.0;0.0;0.0;0.0;0.0;0.0,1778833827,937119552
1228,1778833827,999613781,gps,0.011,0.033,0.002,0.0,0.0,0.0,0.045795999999999996;0.0;0.0;0.0;0.0;0.0;0.0;0.045795999999999996;0.0;0.0;0.0;0.0;0.0;0.0;0.045795999999999996;0.0;0.0;0.0;0.0;0.0;0.0;-1.0;0.0;0.0;0.0;0.0;0.0;0.0;0.0;0.0;0.0;0.0;0.0;0.0;0.0;0.0,1778833828,69891533
1229,1778833828,124613716,gps,0.037,-0.022,-0.007,0.0,0.0,0.0,0.030625000000000006;0.0;0.0;0.0;0.0;0.0;0.0;0.030625000000000006;0.0;0.0;0.0;0.0;0.0;0.0;0.030625000000000006;0.0;0.0;0.0;0.0;0.0;0.0;-1.0;0.0;0.0;0.0;0.0;0.0;0.0;0.0;0.0;0.0;0.0;0.0;0.0;0.0;0.0,1778833828,190102082
1230,1778833828,249613651,gps,-0.027,-0.013000000000000001,0.014,0.0,0.0,0.0,0.041209;0.0;0.0;0.0;0.0;0.0;0.0;0.041209;0.0;0.0;0.0;0.0;0.0;0.0;0.041209;0.0;0.0;0.0;0.0;0.0;0.0;-1.0;0.0;0.0;0.0;0.0;0.0;0.0;0.0;0.0;0.0;0.0;0.0;0.0;0.0;0.0,1778833828,315326908
1231,1778833828,374613587,gps,-0.001,0.023,-0.005,0.0,0.0,0.0,0.038809;0.0;0.0;0.0;0.0;0.0;0.0;0.038809;0.0;0.0;0.0;0.0;0.0;0.0;0.038809;0.0;0.0;0.0;0.0;0.0;0.0;-1.0;0.0;0.0;0.0;0.0;0.0;0.0;0.0;0.0;0.0;0.0;0.0;0.0;0.0;0.0,1778833828,439372664
1232,1778833828,499613522,gps,0.01,0.009000000000000001,-0.001,0.0,0.0,0.0,0.04409999999999999;0.0;0.0;0.0;0.0;0.0;0.0;0.04409999999999999;0.0;0.0;0.0;0.0;0.0;0.0;0.04409999999999999;0.0;0.0;0.0;0.0;0.0;0.0;-1.0;0.0;0.0;0.0;0.0;0.0;0.0;0.0;0.0;0.0;0.0;0.0;0.0;0.0;0.0,1778833828,564725553
1233,1778833828,624613458,gps,-0.008,0.002,-0.015,0.0,0.0,0.0,0.027889000000000004;0.0;0.0;0.0;0.0;0.0;0.0;0.027889000000000004;0.0;0.0;0.0;0.0;0.0;0.0;0.027889000000000004;0.0;0.0;0.0;0.0;0.0;0.0;-1.0;0.0;0.0;0.0;0.0;0.0;0.0;0.0;0.0;0.0;0.0;0.0;0.0;0.0;0.0,1778833828,689294349
1234,1778833828,749613393,gps,0.014,0.018000000000000002,-0.015,0.0,0.0,0.0,0.039601000000000004;0.0;0.0;0.0;0.0;0.0;0.0;0.039601000000000004;0.0;0.0;0.0;0.0;0.0;0.0;0.039601000000000004;0.0;0.0;0.0;0.0;0.0;0.0;-1.0;0.0;0.0;0.0;0.0;0.0;0.0;0.0;0.0;0.0;0.0;0.0;0.0;0.0;0.0,1778833828,814706364
1235,1778833828,874613329,gps,-0.003,0.032,-0.004,0.0,0.0,0.0,0.037249000000000004;0.0;0.0;0.0;0.0;0.0;0.0;0.037249000000000004;0.0;0.0;0.0;0.0;0.0;0.0;0.037249000000000004;0.0;0.0;0.0;0.0;0.0;0.0;-1.0;0.0;0.0;0.0;0.0;0.0;0.0;0.0;0.0;0.0;0.0;0.0;0.0;0.0;0.0,1778833828,940030233
1236,1778833828,999613265,gps,-0.012,-0.005,-0.015,0.0,0.0,0.0,0.030975999999999997;0.0;0.0;0.0;0.0;0.0;0.0;0.030975999999999997;0.0;0.0;0.0;0.0;0.0;0.0;0.030975999999999997;0.0;0.0;0.0;0.0;0.0;0.0;-1.0;0.0;0.0;0.0;0.0;0.0;0.0;0.0;0.0;0.0;0.0;0.0;0.0;0.0;0.0,1778833829,69704911
1237,1778833829,124613200,gps,0.014,0.0,-0.011,0.0,0.0,0.0,0.032041;0.0;0.0;0.0;0.0;0.0;0.0;0.032041;0.0;0.0;0.0;0.0;0.0;0.0;0.032041;0.0;0.0;0.0;0.0;0.0;0.0;-1.0;0.0;0.0;0.0;0.0;0.0;0.0;0.0;0.0;0.0;0.0;0.0;0.0;0.0;0.0,1778833829,188695316
1238,1778833829,249613135,gps,-0.003,0.022,-0.011,0.0,0.0,0.0,0.034969;0.0;0.0;0.0;0.0;0.0;0.0;0.034969;0.0;0.0;0.0;0.0;0.0;0.0;0.034969;0.0;0.0;0.0;0.0;0.0;0.0;-1.0;0.0;0.0;0.0;0.0;0.0;0.0;0.0;0.0;0.0;0.0;0.0;0.0;0.0;0.0,1778833829,314427419
1239,1778833829,374613070,gps,0.014,-0.019,-0.014,0.0,0.0,0.0,0.029241000000000003;0.0;0.0;0.0;0.0;0.0;0.0;0.029241000000000003;0.0;0.0;0.0;0.0;0.0;0.0;0.029241000000000003;0.0;0.0;0.0;0.0;0.0;0.0;-1.0;0.0;0.0;0.0;0.0;0.0;0.0;0.0;0.0;0.0;0.0;0.0;0.0;0.0;0.0,1778833829,438416682
1240,1778833829,499613006,gps,-0.017,-0.013000000000000001,-0.003,0.0,0.0,0.0,0.04243600000000001;0.0;0.0;0.0;0.0;0.0;0.0;0.04243600000000001;0.0;0.0;0.0;0.0;0.0;0.0;0.04243600000000001;0.0;0.0;0.0;0.0;0.0;0.0;-1.0;0.0;0.0;0.0;0.0;0.0;0.0;0.0;0.0;0.0;0.0;0.0;0.0;0.0;0.0,1778833829,564754848
1241,1778833829,624612941,gps,-0.025,0.027,-0.01,0.0,0.0,0.0,0.029241000000000003;0.0;0.0;0.0;0.0;0.0;0.0;0.029241000000000003;0.0;0.0;0.0;0.0;0.0;0.0;0.029241000000000003;0.0;0.0;0.0;0.0;0.0;0.0;-1.0;0.0;0.0;0.0;0.0;0.0;0.0;0.0;0.0;0.0;0.0;0.0;0.0;0.0;0.0,1778833829,688698222
1242,1778833829,749612877,gps,0.01,-0.022,-0.017,0.0,0.0,0.0,0.028900000000000006;0.0;0.0;0.0;0.0;0.0;0.0;0.028900000000000006;0.0;0.0;0.0;0.0;0.0;0.0;0.028900000000000006;0.0;0.0;0.0;0.0;0.0;0.0;-1.0;0.0;0.0;0.0;0.0;0.0;0.0;0.0;0.0;0.0;0.0;0.0;0.0;0.0;0.0,1778833829,809492139
1243,1778833829,874612812,gps,0.054,0.021,-0.009000000000000001,0.0,0.0,0.0,0.038025;0.0;0.0;0.0;0.0;0.0;0.0;0.038025;0.0;0.0;0.0;0.0;0.0;0.0;0.038025;0.0;0.0;0.0;0.0;0.0;0.0;-1.0;0.0;0.0;0.0;0.0;0.0;0.0;0.0;0.0;0.0;0.0;0.0;0.0;0.0;0.0,1778833829,936773345
1244,1778833829,999612749,gps,-0.068,0.005,-0.004,0.0,0.0,0.0,0.033489;0.0;0.0;0.0;0.0;0.0;0.0;0.033489;0.0;0.0;0.0;0.0;0.0;0.0;0.033489;0.0;0.0;0.0;0.0;0.0;0.0;-1.0;0.0;0.0;0.0;0.0;0.0;0.0;0.0;0.0;0.0;0.0;0.0;0.0;0.0;0.0,1778833830,66239013
1245,1778833830,124612683,gps,0.029,0.06,-0.011,0.0,0.0,0.0,0.042849000000000005;0.0;0.0;0.0;0.0;0.0;0.0;0.042849000000000005;0.0;0.0;0.0;0.0;0.0;0.0;0.042849000000000005;0.0;0.0;0.0;0.0;0.0;0.0;-1.0;0.0;0.0;0.0;0.0;0.0;0.0;0.0;0.0;0.0;0.0;0.0;0.0;0.0;0.0,1778833830,189023656
1246,1778833830,249612619,gps,0.006,0.013000000000000001,-0.024,0.0,0.0,0.0,0.031328999999999996;0.0;0.0;0.0;0.0;0.0;0.0;0.031328999999999996;0.0;0.0;0.0;0.0;0.0;0.0;0.031328999999999996;0.0;0.0;0.0;0.0;0.0;0.0;-1.0;0.0;0.0;0.0;0.0;0.0;0.0;0.0;0.0;0.0;0.0;0.0;0.0;0.0;0.0,1778833830,315087548
1247,1778833830,374612554,gps,-0.021,-0.009000000000000001,-0.019,0.0,0.0,0.0,0.033124;0.0;0.0;0.0;0.0;0.0;0.0;0.033124;0.0;0.0;0.0;0.0;0.0;0.0;0.033124;0.0;0.0;0.0;0.0;0.0;0.0;-1.0;0.0;0.0;0.0;0.0;0.0;0.0;0.0;0.0;0.0;0.0;0.0;0.0;0.0;0.0,1778833830,439595319
1248,1778833830,499612489,gps,0.003,0.045,-0.013000000000000001,0.0,0.0,0.0,0.0361;0.0;0.0;0.0;0.0;0.0;0.0;0.0361;0.0;0.0;0.0;0.0;0.0;0.0;0.0361;0.0;0.0;0.0;0.0;0.0;0.0;-1.0;0.0;0.0;0.0;0.0;0.0;0.0;0.0;0.0;0.0;0.0;0.0;0.0;0.0;0.0,1778833830,564363710
1249,1778833830,624612425,gps,-0.016,0.007,-0.025,0.0,0.0,0.0,0.027225000000000003;0.0;0.0;0.0;0.0;0.0;0.0;0.027225000000000003;0.0;0.0;0.0;0.0;0.0;0.0;0.027225000000000003;0.0;0.0;0.0;0.0;0.0;0.0;-1.0;0.0;0.0;0.0;0.0;0.0;0.0;0.0;0.0;0.0;0.0;0.0;0.0;0.0;0.0,1778833830,685947584
1250,1778833830,749612360,gps,-0.027,-0.01,-0.013000000000000001,0.0,0.0,0.0,0.035344;0.0;0.0;0.0;0.0;0.0;0.0;0.035344;0.0;0.0;0.0;0.0;0.0;0.0;0.035344;0.0;0.0;0.0;0.0;0.0;0.0;-1.0;0.0;0.0;0.0;0.0;0.0;0.0;0.0;0.0;0.0;0.0;0.0;0.0;0.0;0.0,1778833830,813510626
1251,1778833830,874612296,gps,0.023,0.031,-0.02,0.0,0.0,0.0,0.038025;0.0;0.0;0.0;0.0;0.0;0.0;0.038025;0.0;0.0;0.0;0.0;0.0;0.0;0.038025;0.0;0.0;0.0;0.0;0.0;0.0;-1.0;0.0;0.0;0.0;0.0;0.0;0.0;0.0;0.0;0.0;0.0;0.0;0.0;0.0;0.0,1778833830,938393075
1252,1778833830,999612232,gps,0.011,-0.003,-0.014,0.0,0.0,0.0,0.027889000000000004;0.0;0.0;0.0;0.0;0.0;0.0;0.027889000000000004;0.0;0.0;0.0;0.0;0.0;0.0;0.027889000000000004;0.0;0.0;0.0;0.0;0.0;0.0;-1.0;0.0;0.0;0.0;0.0;0.0;0.0;0.0;0.0;0.0;0.0;0.0;0.0;0.0;0.0,1778833831,68848686
1253,1778833831,124612167,gps,0.049,0.019,-0.026000000000000002,0.0,0.0,0.0,0.0361;0.0;0.0;0.0;0.0;0.0;0.0;0.0361;0.0;0.0;0.0;0.0;0.0;0.0;0.0361;0.0;0.0;0.0;0.0;0.0;0.0;-1.0;0.0;0.0;0.0;0.0;0.0;0.0;0.0;0.0;0.0;0.0;0.0;0.0;0.0;0.0,1778833831,188872559
1254,1778833831,249612102,gps,-0.015,-0.019,-0.016,0.0,0.0,0.0,0.035344;0.0;0.0;0.0;0.0;0.0;0.0;0.035344;0.0;0.0;0.0;0.0;0.0;0.0;0.035344;0.0;0.0;0.0;0.0;0.0;0.0;-1.0;0.0;0.0;0.0;0.0;0.0;0.0;0.0;0.0;0.0;0.0;0.0;0.0;0.0;0.0,1778833831,314383136
1255,1778833831,374612037,gps,-0.006,-0.035,-0.005,0.0,0.0,0.0,0.037636;0.0;0.0;0.0;0.0;0.0;0.0;0.037636;0.0;0.0;0.0;0.0;0.0;0.0;0.037636;0.0;0.0;0.0;0.0;0.0;0.0;-1.0;0.0;0.0;0.0;0.0;0.0;0.0;0.0;0.0;0.0;0.0;0.0;0.0;0.0;0.0,1778833831,437367286
1256,1778833831,499611973,gps,0.061,-0.051000000000000004,-0.014,0.0,0.0,0.0,0.029584000000000006;0.0;0.0;0.0;0.0;0.0;0.0;0.029584000000000006;0.0;0.0;0.0;0.0;0.0;0.0;0.029584000000000006;0.0;0.0;0.0;0.0;0.0;0.0;-1.0;0.0;0.0;0.0;0.0;0.0;0.0;0.0;0.0;0.0;0.0;0.0;0.0;0.0;0.0,1778833831,559025681
1257,1778833831,624611908,gps,-0.004,-0.042,-0.02,0.0,0.0,0.0,0.034596;0.0;0.0;0.0;0.0;0.0;0.0;0.034596;0.0;0.0;0.0;0.0;0.0;0.0;0.034596;0.0;0.0;0.0;0.0;0.0;0.0;-1.0;0.0;0.0;0.0;0.0;0.0;0.0;0.0;0.0;0.0;0.0;0.0;0.0;0.0;0.0,1778833831,688142678
1258,1778833831,749611844,gps,0.02,-0.043000000000000003,-0.011,0.0,0.0,0.0,0.031328999999999996;0.0;0.0;0.0;0.0;0.0;0.0;0.031328999999999996;0.0;0.0;0.0;0.0;0.0;0.0;0.031328999999999996;0.0;0.0;0.0;0.0;0.0;0.0;-1.0;0.0;0.0;0.0;0.0;0.0;0.0;0.0;0.0;0.0;0.0;0.0;0.0;0.0;0.0,1778833831,814248006
1259,1778833831,874611779,gps,0.018000000000000002,-0.039,0.003,0.0,0.0,0.0,0.031684;0.0;0.0;0.0;0.0;0.0;0.0;0.031684;0.0;0.0;0.0;0.0;0.0;0.0;0.031684;0.0;0.0;0.0;0.0;0.0;0.0;-1.0;0.0;0.0;0.0;0.0;0.0;0.0;0.0;0.0;0.0;0.0;0.0;0.0;0.0;0.0,1778833831,939323370
1260,1778833831,999611715,gps,0.042,-0.093,0.0,0.0,0.0,0.0,0.033124;0.0;0.0;0.0;0.0;0.0;0.0;0.033124;0.0;0.0;0.0;0.0;0.0;0.0;0.033124;0.0;0.0;0.0;0.0;0.0;0.0;-1.0;0.0;0.0;0.0;0.0;0.0;0.0;0.0;0.0;0.0;0.0;0.0;0.0;0.0;0.0,1778833832,69635798
1261,1778833832,124611650,gps,0.041,-0.058,-0.016,0.0,0.0,0.0,0.030975999999999997;0.0;0.0;0.0;0.0;0.0;0.0;0.030975999999999997;0.0;0.0;0.0;0.0;0.0;0.0;0.030975999999999997;0.0;0.0;0.0;0.0;0.0;0.0;-1.0;0.0;0.0;0.0;0.0;0.0;0.0;0.0;0.0;0.0;0.0;0.0;0.0;0.0;0.0,1778833832,188983953
1262,1778833832,249611585,gps,0.036000000000000004,-0.07,0.0,0.0,0.0,0.0,0.032041;0.0;0.0;0.0;0.0;0.0;0.0;0.032041;0.0;0.0;0.0;0.0;0.0;0.0;0.032041;0.0;0.0;0.0;0.0;0.0;0.0;-1.0;0.0;0.0;0.0;0.0;0.0;0.0;0.0;0.0;0.0;0.0;0.0;0.0;0.0;0.0,1778833832,314942237
1263,1778833832,374611521,gps,0.079,-0.062,-0.007,0.0,0.0,0.0,0.029929000000000004;0.0;0.0;0.0;0.0;0.0;0.0;0.029929000000000004;0.0;0.0;0.0;0.0;0.0;0.0;0.029929000000000004;0.0;0.0;0.0;0.0;0.0;0.0;-1.0;0.0;0.0;0.0;0.0;0.0;0.0;0.0;0.0;0.0;0.0;0.0;0.0;0.0;0.0,1778833832,436665538
1264,1778833832,499611456,gps,0.041,-0.09,0.011,0.0,0.0,0.0,0.032761;0.0;0.0;0.0;0.0;0.0;0.0;0.032761;0.0;0.0;0.0;0.0;0.0;0.0;0.032761;0.0;0.0;0.0;0.0;0.0;0.0;-1.0;0.0;0.0;0.0;0.0;0.0;0.0;0.0;0.0;0.0;0.0;0.0;0.0;0.0;0.0,1778833832,564820582
1265,1778833832,624611392,gps,0.109,-0.159,0.0,0.0,0.0,0.0,0.031328999999999996;0.0;0.0;0.0;0.0;0.0;0.0;0.031328999999999996;0.0;0.0;0.0;0.0;0.0;0.0;0.031328999999999996;0.0;0.0;0.0;0.0;0.0;0.0;-1.0;0.0;0.0;0.0;0.0;0.0;0.0;0.0;0.0;0.0;0.0;0.0;0.0;0.0;0.0,1778833832,689336690
1266,1778833832,749611327,gps,0.07,-0.078,-0.014,0.0,0.0,0.0,0.030975999999999997;0.0;0.0;0.0;0.0;0.0;0.0;0.030975999999999997;0.0;0.0;0.0;0.0;0.0;0.0;0.030975999999999997;0.0;0.0;0.0;0.0;0.0;0.0;-1.0;0.0;0.0;0.0;0.0;0.0;0.0;0.0;0.0;0.0;0.0;0.0;0.0;0.0;0.0,1778833832,812766646
1267,1778833832,874611262,gps,0.022,-0.096,0.006,0.0,0.0,0.0,0.039601000000000004;0.0;0.0;0.0;0.0;0.0;0.0;0.039601000000000004;0.0;0.0;0.0;0.0;0.0;0.0;0.039601000000000004;0.0;0.0;0.0;0.0;0.0;0.0;-1.0;0.0;0.0;0.0;0.0;0.0;0.0;0.0;0.0;0.0;0.0;0.0;0.0;0.0;0.0,1778833832,937095840
1268,1778833832,999611199,gps,0.075,-0.11900000000000001,-0.006,0.0,0.0,0.0,0.0324;0.0;0.0;0.0;0.0;0.0;0.0;0.0324;0.0;0.0;0.0;0.0;0.0;0.0;0.0324;0.0;0.0;0.0;0.0;0.0;0.0;-1.0;0.0;0.0;0.0;0.0;0.0;0.0;0.0;0.0;0.0;0.0;0.0;0.0;0.0;0.0,1778833833,67498686
1269,1778833833,124611133,gps,0.076,-0.155,0.018000000000000002,0.0,0.0,0.0,0.034969;0.0;0.0;0.0;0.0;0.0;0.0;0.034969;0.0;0.0;0.0;0.0;0.0;0.0;0.034969;0.0;0.0;0.0;0.0;0.0;0.0;-1.0;0.0;0.0;0.0;0.0;0.0;0.0;0.0;0.0;0.0;0.0;0.0;0.0;0.0;0.0,1778833833,188225819
1270,1778833833,249611069,gps,0.14300000000000002,-0.098,-0.01,0.0,0.0,0.0,0.030975999999999997;0.0;0.0;0.0;0.0;0.0;0.0;0.030975999999999997;0.0;0.0;0.0;0.0;0.0;0.0;0.030975999999999997;0.0;0.0;0.0;0.0;0.0;0.0;-1.0;0.0;0.0;0.0;0.0;0.0;0.0;0.0;0.0;0.0;0.0;0.0;0.0;0.0;0.0,1778833833,314726916
1271,1778833833,374611004,gps,0.018000000000000002,-0.11,-0.001,0.0,0.0,0.0,0.040401000000000006;0.0;0.0;0.0;0.0;0.0;0.0;0.040401000000000006;0.0;0.0;0.0;0.0;0.0;0.0;0.040401000000000006;0.0;0.0;0.0;0.0;0.0;0.0;-1.0;0.0;0.0;0.0;0.0;0.0;0.0;0.0;0.0;0.0;0.0;0.0;0.0;0.0;0.0,1778833833,438973449
1272,1778833833,499610940,gps,0.1,-0.154,-0.011,0.0,0.0,0.0,0.032761;0.0;0.0;0.0;0.0;0.0;0.0;0.032761;0.0;0.0;0.0;0.0;0.0;0.0;0.032761;0.0;0.0;0.0;0.0;0.0;0.0;-1.0;0.0;0.0;0.0;0.0;0.0;0.0;0.0;0.0;0.0;0.0;0.0;0.0;0.0;0.0,1778833833,563271989
1273,1778833833,624610875,gps,0.096,-0.091,-0.005,0.0,0.0,0.0,0.030975999999999997;0.0;0.0;0.0;0.0;0.0;0.0;0.030975999999999997;0.0;0.0;0.0;0.0;0.0;0.0;0.030975999999999997;0.0;0.0;0.0;0.0;0.0;0.0;-1.0;0.0;0.0;0.0;0.0;0.0;0.0;0.0;0.0;0.0;0.0;0.0;0.0;0.0;0.0,1778833833,687768671
1274,1778833833,749610810,gps,0.018000000000000002,-0.111,0.006,0.0,0.0,0.0,0.040401000000000006;0.0;0.0;0.0;0.0;0.0;0.0;0.040401000000000006;0.0;0.0;0.0;0.0;0.0;0.0;0.040401000000000006;0.0;0.0;0.0;0.0;0.0;0.0;-1.0;0.0;0.0;0.0;0.0;0.0;0.0;0.0;0.0;0.0;0.0;0.0;0.0;0.0;0.0,1778833833,813184233
1275,1778833833,874610746,gps,0.032,-0.116,0.006,0.0,0.0,0.0,0.038416000000000006;0.0;0.0;0.0;0.0;0.0;0.0;0.038416000000000006;0.0;0.0;0.0;0.0;0.0;0.0;0.038416000000000006;0.0;0.0;0.0;0.0;0.0;0.0;-1.0;0.0;0.0;0.0;0.0;0.0;0.0;0.0;0.0;0.0;0.0;0.0;0.0;0.0;0.0,1778833833,937858202
1276,1778833833,999610682,gps,0.101,-0.109,-0.01,0.0,0.0,0.0,0.031328999999999996;0.0;0.0;0.0;0.0;0.0;0.0;0.031328999999999996;0.0;0.0;0.0;0.0;0.0;0.0;0.031328999999999996;0.0;0.0;0.0;0.0;0.0;0.0;-1.0;0.0;0.0;0.0;0.0;0.0;0.0;0.0;0.0;0.0;0.0;0.0;0.0;0.0;0.0,1778833834,68117826
1277,1778833834,124610617,gps,0.101,-0.09,-0.005,0.0,0.0,0.0,0.032041;0.0;0.0;0.0;0.0;0.0;0.0;0.032041;0.0;0.0;0.0;0.0;0.0;0.0;0.032041;0.0;0.0;0.0;0.0;0.0;0.0;-1.0;0.0;0.0;0.0;0.0;0.0;0.0;0.0;0.0;0.0;0.0;0.0;0.0;0.0;0.0,1778833834,189249399
1278,1778833834,249610552,gps,0.058,-0.11,-0.015,0.0,0.0,0.0,0.034225;0.0;0.0;0.0;0.0;0.0;0.0;0.034225;0.0;0.0;0.0;0.0;0.0;0.0;0.034225;0.0;0.0;0.0;0.0;0.0;0.0;-1.0;0.0;0.0;0.0;0.0;0.0;0.0;0.0;0.0;0.0;0.0;0.0;0.0;0.0;0.0,1778833834,312178249
1279,1778833834,374610488,gps,0.027,-0.10300000000000001,0.001,0.0,0.0,0.0,0.038416000000000006;0.0;0.0;0.0;0.0;0.0;0.0;0.038416000000000006;0.0;0.0;0.0;0.0;0.0;0.0;0.038416000000000006;0.0;0.0;0.0;0.0;0.0;0.0;-1.0;0.0;0.0;0.0;0.0;0.0;0.0;0.0;0.0;0.0;0.0;0.0;0.0;0.0;0.0,1778833834,437461542
1280,1778833834,499610423,gps,0.11800000000000001,-0.08700000000000001,-0.01,0.0,0.0,0.0,0.030975999999999997;0.0;0.0;0.0;0.0;0.0;0.0;0.030975999999999997;0.0;0.0;0.0;0.0;0.0;0.0;0.030975999999999997;0.0;0.0;0.0;0.0;0.0;0.0;-1.0;0.0;0.0;0.0;0.0;0.0;0.0;0.0;0.0;0.0;0.0;0.0;0.0;0.0;0.0,1778833834,562394126
1281,1778833834,624610359,gps,0.055,-0.073,-0.013000000000000001,0.0,0.0,0.0,0.031328999999999996;0.0;0.0;0.0;0.0;0.0;0.0;0.031328999999999996;0.0;0.0;0.0;0.0;0.0;0.0;0.031328999999999996;0.0;0.0;0.0;0.0;0.0;0.0;-1.0;0.0;0.0;0.0;0.0;0.0;0.0;0.0;0.0;0.0;0.0;0.0;0.0;0.0;0.0,1778833834,688268107
1282,1778833834,749610294,gps,0.065,-0.045,-0.02,0.0,0.0,0.0,0.030276000000000004;0.0;0.0;0.0;0.0;0.0;0.0;0.030276000000000004;0.0;0.0;0.0;0.0;0.0;0.0;0.030276000000000004;0.0;0.0;0.0;0.0;0.0;0.0;-1.0;0.0;0.0;0.0;0.0;0.0;0.0;0.0;0.0;0.0;0.0;0.0;0.0;0.0;0.0,1778833834,813375344
1283,1778833834,874610230,gps,0.053,-0.081,-0.015,0.0,0.0,0.0,0.031684;0.0;0.0;0.0;0.0;0.0;0.0;0.031684;0.0;0.0;0.0;0.0;0.0;0.0;0.031684;0.0;0.0;0.0;0.0;0.0;0.0;-1.0;0.0;0.0;0.0;0.0;0.0;0.0;0.0;0.0;0.0;0.0;0.0;0.0;0.0;0.0,1778833834,939162593
1284,1778833834,999610166,gps,0.051000000000000004,-0.084,-0.026000000000000002,0.0,0.0,0.0,0.031328999999999996;0.0;0.0;0.0;0.0;0.0;0.0;0.031328999999999996;0.0;0.0;0.0;0.0;0.0;0.0;0.031328999999999996;0.0;0.0;0.0;0.0;0.0;0.0;-1.0;0.0;0.0;0.0;0.0;0.0;0.0;0.0;0.0;0.0;0.0;0.0;0.0;0.0;0.0,1778833835,69586081
1285,1778833835,124610100,gps,0.049,-0.046,-0.025,0.0,0.0,0.0,0.029584000000000006;0.0;0.0;0.0;0.0;0.0;0.0;0.029584000000000006;0.0;0.0;0.0;0.0;0.0;0.0;0.029584000000000006;0.0;0.0;0.0;0.0;0.0;0.0;-1.0;0.0;0.0;0.0;0.0;0.0;0.0;0.0;0.0;0.0;0.0;0.0;0.0;0.0;0.0,1778833835,185196822
1286,1778833835,249610036,gps,0.029,-0.051000000000000004,-0.033,0.0,0.0,0.0,0.030975999999999997;0.0;0.0;0.0;0.0;0.0;0.0;0.030975999999999997;0.0;0.0;0.0;0.0;0.0;0.0;0.030975999999999997;0.0;0.0;0.0;0.0;0.0;0.0;-1.0;0.0;0.0;0.0;0.0;0.0;0.0;0.0;0.0;0.0;0.0;0.0;0.0;0.0;0.0,1778833835,314979361
1287,1778833835,374609971,gps,0.039,-0.047,-0.023,0.0,0.0,0.0,0.029929000000000004;0.0;0.0;0.0;0.0;0.0;0.0;0.029929000000000004;0.0;0.0;0.0;0.0;0.0;0.0;0.029929000000000004;0.0;0.0;0.0;0.0;0.0;0.0;-1.0;0.0;0.0;0.0;0.0;0.0;0.0;0.0;0.0;0.0;0.0;0.0;0.0;0.0;0.0,1778833835,438151980
1288,1778833835,499609907,gps,0.031,-0.065,-0.031,0.0,0.0,0.0,0.032041;0.0;0.0;0.0;0.0;0.0;0.0;0.032041;0.0;0.0;0.0;0.0;0.0;0.0;0.032041;0.0;0.0;0.0;0.0;0.0;0.0;-1.0;0.0;0.0;0.0;0.0;0.0;0.0;0.0;0.0;0.0;0.0;0.0;0.0;0.0;0.0,1778833835,565263334
1289,1778833835,624609842,gps,0.028,-0.07200000000000001,-0.032,0.0,0.0,0.0,0.033489;0.0;0.0;0.0;0.0;0.0;0.0;0.033489;0.0;0.0;0.0;0.0;0.0;0.0;0.033489;0.0;0.0;0.0;0.0;0.0;0.0;-1.0;0.0;0.0;0.0;0.0;0.0;0.0;0.0;0.0;0.0;0.0;0.0;0.0;0.0;0.0,1778833835,690157165
1290,1778833835,749609778,gps,0.054,-0.021,-0.025,0.0,0.0,0.0,0.030625000000000006;0.0;0.0;0.0;0.0;0.0;0.0;0.030625000000000006;0.0;0.0;0.0;0.0;0.0;0.0;0.030625000000000006;0.0;0.0;0.0;0.0;0.0;0.0;-1.0;0.0;0.0;0.0;0.0;0.0;0.0;0.0;0.0;0.0;0.0;0.0;0.0;0.0;0.0,1778833835,815402670
1291,1778833835,874609713,gps,0.09,-0.091,-0.027,0.0,0.0,0.0,0.028900000000000006;0.0;0.0;0.0;0.0;0.0;0.0;0.028900000000000006;0.0;0.0;0.0;0.0;0.0;0.0;0.028900000000000006;0.0;0.0;0.0;0.0;0.0;0.0;-1.0;0.0;0.0;0.0;0.0;0.0;0.0;0.0;0.0;0.0;0.0;0.0;0.0;0.0;0.0,1778833835,939793114
1292,1778833835,999609649,gps,0.107,-0.085,-0.042,0.0,0.0,0.0,0.028561000000000003;0.0;0.0;0.0;0.0;0.0;0.0;0.028561000000000003;0.0;0.0;0.0;0.0;0.0;0.0;0.028561000000000003;0.0;0.0;0.0;0.0;0.0;0.0;-1.0;0.0;0.0;0.0;0.0;0.0;0.0;0.0;0.0;0.0;0.0;0.0;0.0;0.0;0.0,1778833836,65114298
1293,1778833836,124609584,gps,0.025,-0.073,-0.032,0.0,0.0,0.0,0.033124;0.0;0.0;0.0;0.0;0.0;0.0;0.033124;0.0;0.0;0.0;0.0;0.0;0.0;0.033124;0.0;0.0;0.0;0.0;0.0;0.0;-1.0;0.0;0.0;0.0;0.0;0.0;0.0;0.0;0.0;0.0;0.0;0.0;0.0;0.0;0.0,1778833836,190453272
1294,1778833836,249609519,gps,0.084,-0.094,-0.027,0.0,0.0,0.0,0.029241000000000003;0.0;0.0;0.0;0.0;0.0;0.0;0.029241000000000003;0.0;0.0;0.0;0.0;0.0;0.0;0.029241000000000003;0.0;0.0;0.0;0.0;0.0;0.0;-1.0;0.0;0.0;0.0;0.0;0.0;0.0;0.0;0.0;0.0;0.0;0.0;0.0;0.0;0.0,1778833836,316880825
1295,1778833836,374609455,gps,0.094,-0.05,-0.03,0.0,0.0,0.0,0.029584000000000006;0.0;0.0;0.0;0.0;0.0;0.0;0.029584000000000006;0.0;0.0;0.0;0.0;0.0;0.0;0.029584000000000006;0.0;0.0;0.0;0.0;0.0;0.0;-1.0;0.0;0.0;0.0;0.0;0.0;0.0;0.0;0.0;0.0;0.0;0.0;0.0;0.0;0.0,1778833836,441459504
1296,1778833836,499609390,gps,0.11,-0.17,-0.031,0.0,0.0,0.0,0.030975999999999997;0.0;0.0;0.0;0.0;0.0;0.0;0.030975999999999997;0.0;0.0;0.0;0.0;0.0;0.0;0.030975999999999997;0.0;0.0;0.0;0.0;0.0;0.0;-1.0;0.0;0.0;0.0;0.0;0.0;0.0;0.0;0.0;0.0;0.0;0.0;0.0;0.0;0.0,1778833836,567022703
1297,1778833836,624609326,gps,0.08700000000000001,-0.085,-0.02,0.0,0.0,0.0,0.029241000000000003;0.0;0.0;0.0;0.0;0.0;0.0;0.029241000000000003;0.0;0.0;0.0;0.0;0.0;0.0;0.029241000000000003;0.0;0.0;0.0;0.0;0.0;0.0;-1.0;0.0;0.0;0.0;0.0;0.0;0.0;0.0;0.0;0.0;0.0;0.0;0.0;0.0;0.0,1778833836,690216427
1298,1778833836,749609261,gps,0.127,-0.081,-0.016,0.0,0.0,0.0,0.029584000000000006;0.0;0.0;0.0;0.0;0.0;0.0;0.029584000000000006;0.0;0.0;0.0;0.0;0.0;0.0;0.029584000000000006;0.0;0.0;0.0;0.0;0.0;0.0;-1.0;0.0;0.0;0.0;0.0;0.0;0.0;0.0;0.0;0.0;0.0;0.0;0.0;0.0;0.0,1778833836,815429482
1299,1778833836,874609196,gps,0.126,-0.155,-0.018000000000000002,0.0,0.0,0.0,0.029929000000000004;0.0;0.0;0.0;0.0;0.0;0.0;0.029929000000000004;0.0;0.0;0.0;0.0;0.0;0.0;0.029929000000000004;0.0;0.0;0.0;0.0;0.0;0.0;-1.0;0.0;0.0;0.0;0.0;0.0;0.0;0.0;0.0;0.0;0.0;0.0;0.0;0.0;0.0,1778833836,938720438
1300,1778833836,999609133,gps,0.131,-0.135,-0.023,0.0,0.0,0.0,0.029241000000000003;0.0;0.0;0.0;0.0;0.0;0.0;0.029241000000000003;0.0;0.0;0.0;0.0;0.0;0.0;0.029241000000000003;0.0;0.0;0.0;0.0;0.0;0.0;-1.0;0.0;0.0;0.0;0.0;0.0;0.0;0.0;0.0;0.0;0.0;0.0;0.0;0.0;0.0,1778833837,70400658
1301,1778833837,124609067,gps,0.153,-0.164,-0.02,0.0,0.0,0.0,0.029241000000000003;0.0;0.0;0.0;0.0;0.0;0.0;0.029241000000000003;0.0;0.0;0.0;0.0;0.0;0.0;0.029241000000000003;0.0;0.0;0.0;0.0;0.0;0.0;-1.0;0.0;0.0;0.0;0.0;0.0;0.0;0.0;0.0;0.0;0.0;0.0;0.0;0.0;0.0,1778833837,191463552
1302,1778833837,249609003,gps,0.113,-0.17,-0.018000000000000002,0.0,0.0,0.0,0.030975999999999997;0.0;0.0;0.0;0.0;0.0;0.0;0.030975999999999997;0.0;0.0;0.0;0.0;0.0;0.0;0.030975999999999997;0.0;0.0;0.0;0.0;0.0;0.0;-1.0;0.0;0.0;0.0;0.0;0.0;0.0;0.0;0.0;0.0;0.0;0.0;0.0;0.0;0.0,1778833837,316951268
1303,1778833837,374608938,gps,0.107,-0.20500000000000002,-0.027,0.0,0.0,0.0,0.0324;0.0;0.0;0.0;0.0;0.0;0.0;0.0324;0.0;0.0;0.0;0.0;0.0;0.0;0.0324;0.0;0.0;0.0;0.0;0.0;0.0;-1.0;0.0;0.0;0.0;0.0;0.0;0.0;0.0;0.0;0.0;0.0;0.0;0.0;0.0;0.0,1778833837,439433244
1304,1778833837,499608873,gps,0.188,-0.17300000000000001,-0.026000000000000002,0.0,0.0,0.0,0.029241000000000003;0.0;0.0;0.0;0.0;0.0;0.0;0.029241000000000003;0.0;0.0;0.0;0.0;0.0;0.0;0.029241000000000003;0.0;0.0;0.0;0.0;0.0;0.0;-1.0;0.0;0.0;0.0;0.0;0.0;0.0;0.0;0.0;0.0;0.0;0.0;0.0;0.0;0.0,1778833837,564967452
1305,1778833837,624608809,gps,0.21,-0.203,-0.022,0.0,0.0,0.0,0.029929000000000004;0.0;0.0;0.0;0.0;0.0;0.0;0.029929000000000004;0.0;0.0;0.0;0.0;0.0;0.0;0.029929000000000004;0.0;0.0;0.0;0.0;0.0;0.0;-1.0;0.0;0.0;0.0;0.0;0.0;0.0;0.0;0.0;0.0;0.0;0.0;0.0;0.0;0.0,1778833837,689943588
1306,1778833837,749608744,gps,0.17200000000000001,-0.20600000000000002,-0.031,0.0,0.0,0.0,0.030276000000000004;0.0;0.0;0.0;0.0;0.0;0.0;0.030276000000000004;0.0;0.0;0.0;0.0;0.0;0.0;0.030276000000000004;0.0;0.0;0.0;0.0;0.0;0.0;-1.0;0.0;0.0;0.0;0.0;0.0;0.0;0.0;0.0;0.0;0.0;0.0;0.0;0.0;0.0,1778833837,816124601
1307,1778833837,874608680,gps,0.17300000000000001,-0.234,-0.034,0.0,0.0,0.0,0.030625000000000006;0.0;0.0;0.0;0.0;0.0;0.0;0.030625000000000006;0.0;0.0;0.0;0.0;0.0;0.0;0.030625000000000006;0.0;0.0;0.0;0.0;0.0;0.0;-1.0;0.0;0.0;0.0;0.0;0.0;0.0;0.0;0.0;0.0;0.0;0.0;0.0;0.0;0.0,1778833837,941088848
1308,1778833837,999608616,gps,0.17200000000000001,-0.229,-0.032,0.0,0.0,0.0,0.030625000000000006;0.0;0.0;0.0;0.0;0.0;0.0;0.030625000000000006;0.0;0.0;0.0;0.0;0.0;0.0;0.030625000000000006;0.0;0.0;0.0;0.0;0.0;0.0;-1.0;0.0;0.0;0.0;0.0;0.0;0.0;0.0;0.0;0.0;0.0;0.0;0.0;0.0;0.0,1778833838,71360319
1309,1778833838,124608551,gps,0.224,-0.27,-0.025,0.0,0.0,0.0,0.029929000000000004;0.0;0.0;0.0;0.0;0.0;0.0;0.029929000000000004;0.0;0.0;0.0;0.0;0.0;0.0;0.029929000000000004;0.0;0.0;0.0;0.0;0.0;0.0;-1.0;0.0;0.0;0.0;0.0;0.0;0.0;0.0;0.0;0.0;0.0;0.0;0.0;0.0;0.0,1778833838,190237492
1310,1778833838,249608486,gps,0.227,-0.24,-0.033,0.0,0.0,0.0,0.029584000000000006;0.0;0.0;0.0;0.0;0.0;0.0;0.029584000000000006;0.0;0.0;0.0;0.0;0.0;0.0;0.029584000000000006;0.0;0.0;0.0;0.0;0.0;0.0;-1.0;0.0;0.0;0.0;0.0;0.0;0.0;0.0;0.0;0.0;0.0;0.0;0.0;0.0;0.0,1778833838,316366929
1311,1778833838,374608421,gps,0.215,-0.28700000000000003,-0.036000000000000004,0.0,0.0,0.0,0.030625000000000006;0.0;0.0;0.0;0.0;0.0;0.0;0.030625000000000006;0.0;0.0;0.0;0.0;0.0;0.0;0.030625000000000006;0.0;0.0;0.0;0.0;0.0;0.0;-1.0;0.0;0.0;0.0;0.0;0.0;0.0;0.0;0.0;0.0;0.0;0.0;0.0;0.0;0.0,1778833838,441091652
1312,1778833838,499608357,gps,0.231,-0.289,-0.049,0.0,0.0,0.0,0.029929000000000004;0.0;0.0;0.0;0.0;0.0;0.0;0.029929000000000004;0.0;0.0;0.0;0.0;0.0;0.0;0.029929000000000004;0.0;0.0;0.0;0.0;0.0;0.0;-1.0;0.0;0.0;0.0;0.0;0.0;0.0;0.0;0.0;0.0;0.0;0.0;0.0;0.0;0.0,1778833838,566949413
1313,1778833838,624608292,gps,0.20800000000000002,-0.23600000000000002,-0.023,0.0,0.0,0.0,0.029929000000000004;0.0;0.0;0.0;0.0;0.0;0.0;0.029929000000000004;0.0;0.0;0.0;0.0;0.0;0.0;0.029929000000000004;0.0;0.0;0.0;0.0;0.0;0.0;-1.0;0.0;0.0;0.0;0.0;0.0;0.0;0.0;0.0;0.0;0.0;0.0;0.0;0.0;0.0,1778833838,691310327
1314,1778833838,749608228,gps,0.252,-0.317,-0.046,0.0,0.0,0.0,0.030276000000000004;0.0;0.0;0.0;0.0;0.0;0.0;0.030276000000000004;0.0;0.0;0.0;0.0;0.0;0.0;0.030276000000000004;0.0;0.0;0.0;0.0;0.0;0.0;-1.0;0.0;0.0;0.0;0.0;0.0;0.0;0.0;0.0;0.0;0.0;0.0;0.0;0.0;0.0,1778833838,813108614
1315,1778833838,874608163,gps,0.221,-0.328,-0.029,0.0,0.0,0.0,0.030975999999999997;0.0;0.0;0.0;0.0;0.0;0.0;0.030975999999999997;0.0;0.0;0.0;0.0;0.0;0.0;0.030975999999999997;0.0;0.0;0.0;0.0;0.0;0.0;-1.0;0.0;0.0;0.0;0.0;0.0;0.0;0.0;0.0;0.0;0.0;0.0;0.0;0.0;0.0,1778833838,939057886
1316,1778833838,999608099,gps,0.231,-0.273,-0.039,0.0,0.0,0.0,0.029929000000000004;0.0;0.0;0.0;0.0;0.0;0.0;0.029929000000000004;0.0;0.0;0.0;0.0;0.0;0.0;0.029929000000000004;0.0;0.0;0.0;0.0;0.0;0.0;-1.0;0.0;0.0;0.0;0.0;0.0;0.0;0.0;0.0;0.0;0.0;0.0;0.0;0.0;0.0,1778833839,69240312
1317,1778833839,124608034,gps,0.215,-0.223,-0.02,0.0,0.0,0.0,0.029584000000000006;0.0;0.0;0.0;0.0;0.0;0.0;0.029584000000000006;0.0;0.0;0.0;0.0;0.0;0.0;0.029584000000000006;0.0;0.0;0.0;0.0;0.0;0.0;-1.0;0.0;0.0;0.0;0.0;0.0;0.0;0.0;0.0;0.0;0.0;0.0;0.0;0.0;0.0,1778833839,189989443
1318,1778833839,249607969,gps,0.14100000000000001,-0.20800000000000002,-0.025,0.0,0.0,0.0,0.030975999999999997;0.0;0.0;0.0;0.0;0.0;0.0;0.030975999999999997;0.0;0.0;0.0;0.0;0.0;0.0;0.030975999999999997;0.0;0.0;0.0;0.0;0.0;0.0;-1.0;0.0;0.0;0.0;0.0;0.0;0.0;0.0;0.0;0.0;0.0;0.0;0.0;0.0;0.0,1778833839,315335752
1319,1778833839,374607905,gps,0.201,-0.21,-0.043000000000000003,0.0,0.0,0.0,0.029584000000000006;0.0;0.0;0.0;0.0;0.0;0.0;0.029584000000000006;0.0;0.0;0.0;0.0;0.0;0.0;0.029584000000000006;0.0;0.0;0.0;0.0;0.0;0.0;-1.0;0.0;0.0;0.0;0.0;0.0;0.0;0.0;0.0;0.0;0.0;0.0;0.0;0.0;0.0,1778833839,439429474
1320,1778833839,499607840,gps,0.193,-0.26,-0.01,0.0,0.0,0.0,0.030975999999999997;0.0;0.0;0.0;0.0;0.0;0.0;0.030975999999999997;0.0;0.0;0.0;0.0;0.0;0.0;0.030975999999999997;0.0;0.0;0.0;0.0;0.0;0.0;-1.0;0.0;0.0;0.0;0.0;0.0;0.0;0.0;0.0;0.0;0.0;0.0;0.0;0.0;0.0,1778833839,564438992
1321,1778833839,624607775,gps,0.217,-0.265,-0.017,0.0,0.0,0.0,0.030625000000000006;0.0;0.0;0.0;0.0;0.0;0.0;0.030625000000000006;0.0;0.0;0.0;0.0;0.0;0.0;0.030625000000000006;0.0;0.0;0.0;0.0;0.0;0.0;-1.0;0.0;0.0;0.0;0.0;0.0;0.0;0.0;0.0;0.0;0.0;0.0;0.0;0.0;0.0,1778833839,686230269
1322,1778833839,749607711,gps,0.262,-0.316,-0.028,0.0,0.0,0.0,0.030975999999999997;0.0;0.0;0.0;0.0;0.0;0.0;0.030975999999999997;0.0;0.0;0.0;0.0;0.0;0.0;0.030975999999999997;0.0;0.0;0.0;0.0;0.0;0.0;-1.0;0.0;0.0;0.0;0.0;0.0;0.0;0.0;0.0;0.0;0.0;0.0;0.0;0.0;0.0,1778833839,814245235
1323,1778833839,874607646,gps,0.316,-0.46,-0.04,0.0,0.0,0.0,0.031328999999999996;0.0;0.0;0.0;0.0;0.0;0.0;0.031328999999999996;0.0;0.0;0.0;0.0;0.0;0.0;0.031328999999999996;0.0;0.0;0.0;0.0;0.0;0.0;-1.0;0.0;0.0;0.0;0.0;0.0;0.0;0.0;0.0;0.0;0.0;0.0;0.0;0.0;0.0,1778833839,939565371
1324,1778833839,999607583,gps,0.462,-0.538,-0.036000000000000004,0.0,0.0,0.0,0.030276000000000004;0.0;0.0;0.0;0.0;0.0;0.0;0.030276000000000004;0.0;0.0;0.0;0.0;0.0;0.0;0.030276000000000004;0.0;0.0;0.0;0.0;0.0;0.0;-1.0;0.0;0.0;0.0;0.0;0.0;0.0;0.0;0.0;0.0;0.0;0.0;0.0;0.0;0.0,1778833840,70086068
1325,1778833840,124607517,gps,0.648,-0.588,-0.035,0.0,0.0,0.0,0.029929000000000004;0.0;0.0;0.0;0.0;0.0;0.0;0.029929000000000004;0.0;0.0;0.0;0.0;0.0;0.0;0.029929000000000004;0.0;0.0;0.0;0.0;0.0;0.0;-1.0;0.0;0.0;0.0;0.0;0.0;0.0;0.0;0.0;0.0;0.0;0.0;0.0;0.0;0.0,1778833840,190041763
1326,1778833840,249607453,gps,0.5660000000000001,-0.722,-0.028,0.0,0.0,0.0,0.031328999999999996;0.0;0.0;0.0;0.0;0.0;0.0;0.031328999999999996;0.0;0.0;0.0;0.0;0.0;0.0;0.031328999999999996;0.0;0.0;0.0;0.0;0.0;0.0;-1.0;0.0;0.0;0.0;0.0;0.0;0.0;0.0;0.0;0.0;0.0;0.0;0.0;0.0;0.0,1778833840,315512514
1327,1778833840,374607388,gps,0.723,-0.867,-0.034,0.0,0.0,0.0,0.031328999999999996;0.0;0.0;0.0;0.0;0.0;0.0;0.031328999999999996;0.0;0.0;0.0;0.0;0.0;0.0;0.031328999999999996;0.0;0.0;0.0;0.0;0.0;0.0;-1.0;0.0;0.0;0.0;0.0;0.0;0.0;0.0;0.0;0.0;0.0;0.0;0.0;0.0;0.0,1778833840,439826106
1328,1778833840,499607323,gps,0.871,-1.0030000000000001,-0.034,0.0,0.0,0.0,0.030975999999999997;0.0;0.0;0.0;0.0;0.0;0.0;0.030975999999999997;0.0;0.0;0.0;0.0;0.0;0.0;0.030975999999999997;0.0;0.0;0.0;0.0;0.0;0.0;-1.0;0.0;0.0;0.0;0.0;0.0;0.0;0.0;0.0;0.0;0.0;0.0;0.0;0.0;0.0,1778833840,561138034
1329,1778833840,624607259,gps,0.9510000000000001,-1.106,-0.03,0.0,0.0,0.0,0.030975999999999997;0.0;0.0;0.0;0.0;0.0;0.0;0.030975999999999997;0.0;0.0;0.0;0.0;0.0;0.0;0.030975999999999997;0.0;0.0;0.0;0.0;0.0;0.0;-1.0;0.0;0.0;0.0;0.0;0.0;0.0;0.0;0.0;0.0;0.0;0.0;0.0;0.0;0.0,1778833840,688463237
1330,1778833840,749607194,gps,1.091,-1.1420000000000001,-0.043000000000000003,0.0,0.0,0.0,0.030975999999999997;0.0;0.0;0.0;0.0;0.0;0.0;0.030975999999999997;0.0;0.0;0.0;0.0;0.0;0.0;0.030975999999999997;0.0;0.0;0.0;0.0;0.0;0.0;-1.0;0.0;0.0;0.0;0.0;0.0;0.0;0.0;0.0;0.0;0.0;0.0;0.0;0.0;0.0,1778833840,814697530
1331,1778833840,874607130,gps,1.354,-1.166,-0.034,0.0,0.0,0.0,0.030625000000000006;0.0;0.0;0.0;0.0;0.0;0.0;0.030625000000000006;0.0;0.0;0.0;0.0;0.0;0.0;0.030625000000000006;0.0;0.0;0.0;0.0;0.0;0.0;-1.0;0.0;0.0;0.0;0.0;0.0;0.0;0.0;0.0;0.0;0.0;0.0;0.0;0.0;0.0,1778833840,939452389
1332,1778833840,999607066,gps,1.3980000000000001,-1.227,-0.028,0.0,0.0,0.0,0.030276000000000004;0.0;0.0;0.0;0.0;0.0;0.0;0.030276000000000004;0.0;0.0;0.0;0.0;0.0;0.0;0.030276000000000004;0.0;0.0;0.0;0.0;0.0;0.0;-1.0;0.0;0.0;0.0;0.0;0.0;0.0;0.0;0.0;0.0;0.0;0.0;0.0;0.0;0.0,1778833841,69260475
1333,1778833841,124607000,gps,1.489,-1.286,-0.028,0.0,0.0,0.0,0.030276000000000004;0.0;0.0;0.0;0.0;0.0;0.0;0.030276000000000004;0.0;0.0;0.0;0.0;0.0;0.0;0.030276000000000004;0.0;0.0;0.0;0.0;0.0;0.0;-1.0;0.0;0.0;0.0;0.0;0.0;0.0;0.0;0.0;0.0;0.0;0.0;0.0;0.0;0.0,1778833841,188500774
1334,1778833841,249606936,gps,1.6340000000000001,-1.226,-0.051000000000000004,0.0,0.0,0.0,0.030625000000000006;0.0;0.0;0.0;0.0;0.0;0.0;0.030625000000000006;0.0;0.0;0.0;0.0;0.0;0.0;0.030625000000000006;0.0;0.0;0.0;0.0;0.0;0.0;-1.0;0.0;0.0;0.0;0.0;0.0;0.0;0.0;0.0;0.0;0.0;0.0;0.0;0.0;0.0,1778833841,314441119
1335,1778833841,374606871,gps,1.685,-1.235,-0.051000000000000004,0.0,0.0,0.0,0.030625000000000006;0.0;0.0;0.0;0.0;0.0;0.0;0.030625000000000006;0.0;0.0;0.0;0.0;0.0;0.0;0.030625000000000006;0.0;0.0;0.0;0.0;0.0;0.0;-1.0;0.0;0.0;0.0;0.0;0.0;0.0;0.0;0.0;0.0;0.0;0.0;0.0;0.0;0.0,1778833841,437119631
1336,1778833841,499606806,gps,1.714,-1.348,-0.035,0.0,0.0,0.0,0.030276000000000004;0.0;0.0;0.0;0.0;0.0;0.0;0.030276000000000004;0.0;0.0;0.0;0.0;0.0;0.0;0.030276000000000004;0.0;0.0;0.0;0.0;0.0;0.0;-1.0;0.0;0.0;0.0;0.0;0.0;0.0;0.0;0.0;0.0;0.0;0.0;0.0;0.0;0.0,1778833841,563928307
1337,1778833841,624606742,gps,1.709,-1.3940000000000001,-0.042,0.0,0.0,0.0,0.030276000000000004;0.0;0.0;0.0;0.0;0.0;0.0;0.030276000000000004;0.0;0.0;0.0;0.0;0.0;0.0;0.030276000000000004;0.0;0.0;0.0;0.0;0.0;0.0;-1.0;0.0;0.0;0.0;0.0;0.0;0.0;0.0;0.0;0.0;0.0;0.0;0.0;0.0;0.0,1778833841,689098882
1338,1778833841,749606677,gps,1.621,-1.353,-0.053,0.0,0.0,0.0,0.029929000000000004;0.0;0.0;0.0;0.0;0.0;0.0;0.029929000000000004;0.0;0.0;0.0;0.0;0.0;0.0;0.029929000000000004;0.0;0.0;0.0;0.0;0.0;0.0;-1.0;0.0;0.0;0.0;0.0;0.0;0.0;0.0;0.0;0.0;0.0;0.0;0.0;0.0;0.0,1778833841,813472392
1339,1778833841,874606613,gps,1.595,-1.348,-0.055,0.0,0.0,0.0,0.030276000000000004;0.0;0.0;0.0;0.0;0.0;0.0;0.030276000000000004;0.0;0.0;0.0;0.0;0.0;0.0;0.030276000000000004;0.0;0.0;0.0;0.0;0.0;0.0;-1.0;0.0;0.0;0.0;0.0;0.0;0.0;0.0;0.0;0.0;0.0;0.0;0.0;0.0;0.0,1778833841,938119123
1340,1778833841,999606549,gps,1.557,-1.28,-0.041,0.0,0.0,0.0,0.030276000000000004;0.0;0.0;0.0;0.0;0.0;0.0;0.030276000000000004;0.0;0.0;0.0;0.0;0.0;0.0;0.030276000000000004;0.0;0.0;0.0;0.0;0.0;0.0;-1.0;0.0;0.0;0.0;0.0;0.0;0.0;0.0;0.0;0.0;0.0;0.0;0.0;0.0;0.0,1778833842,68583441
1341,1778833842,124606484,gps,1.362,-1.156,-0.043000000000000003,0.0,0.0,0.0,0.030276000000000004;0.0;0.0;0.0;0.0;0.0;0.0;0.030276000000000004;0.0;0.0;0.0;0.0;0.0;0.0;0.030276000000000004;0.0;0.0;0.0;0.0;0.0;0.0;-1.0;0.0;0.0;0.0;0.0;0.0;0.0;0.0;0.0;0.0;0.0;0.0;0.0;0.0;0.0,1778833842,188393432
1342,1778833842,249606419,gps,1.461,-1.192,-0.049,0.0,0.0,0.0,0.030276000000000004;0.0;0.0;0.0;0.0;0.0;0.0;0.030276000000000004;0.0;0.0;0.0;0.0;0.0;0.0;0.030276000000000004;0.0;0.0;0.0;0.0;0.0;0.0;-1.0;0.0;0.0;0.0;0.0;0.0;0.0;0.0;0.0;0.0;0.0;0.0;0.0;0.0;0.0,1778833842,314725959
1343,1778833842,374606354,gps,1.435,-1.212,-0.049,0.0,0.0,0.0,0.031328999999999996;0.0;0.0;0.0;0.0;0.0;0.0;0.031328999999999996;0.0;0.0;0.0;0.0;0.0;0.0;0.031328999999999996;0.0;0.0;0.0;0.0;0.0;0.0;-1.0;0.0;0.0;0.0;0.0;0.0;0.0;0.0;0.0;0.0;0.0;0.0;0.0;0.0;0.0,1778833842,439370743
1344,1778833842,499606290,gps,1.363,-1.1300000000000001,-0.062,0.0,0.0,0.0,0.030975999999999997;0.0;0.0;0.0;0.0;0.0;0.0;0.030975999999999997;0.0;0.0;0.0;0.0;0.0;0.0;0.030975999999999997;0.0;0.0;0.0;0.0;0.0;0.0;-1.0;0.0;0.0;0.0;0.0;0.0;0.0;0.0;0.0;0.0;0.0;0.0;0.0;0.0;0.0,1778833842,563960355
1345,1778833842,624606225,gps,1.445,-1.274,-0.07100000000000001,0.0,0.0,0.0,0.030975999999999997;0.0;0.0;0.0;0.0;0.0;0.0;0.030975999999999997;0.0;0.0;0.0;0.0;0.0;0.0;0.030975999999999997;0.0;0.0;0.0;0.0;0.0;0.0;-1.0;0.0;0.0;0.0;0.0;0.0;0.0;0.0;0.0;0.0;0.0;0.0;0.0;0.0;0.0,1778833842,688349367
1346,1778833842,749606160,gps,1.424,-1.373,-0.067,0.0,0.0,0.0,0.032041;0.0;0.0;0.0;0.0;0.0;0.0;0.032041;0.0;0.0;0.0;0.0;0.0;0.0;0.032041;0.0;0.0;0.0;0.0;0.0;0.0;-1.0;0.0;0.0;0.0;0.0;0.0;0.0;0.0;0.0;0.0;0.0;0.0;0.0;0.0;0.0,1778833842,814081750
1347,1778833842,874606096,gps,1.5270000000000001,-1.458,-0.083,0.0,0.0,0.0,0.030975999999999997;0.0;0.0;0.0;0.0;0.0;0.0;0.030975999999999997;0.0;0.0;0.0;0.0;0.0;0.0;0.030975999999999997;0.0;0.0;0.0;0.0;0.0;0.0;-1.0;0.0;0.0;0.0;0.0;0.0;0.0;0.0;0.0;0.0;0.0;0.0;0.0;0.0;0.0,1778833842,939446894
1348,1778833842,999606032,gps,1.6500000000000001,-1.5050000000000001,-0.076,0.0,0.0,0.0,0.030975999999999997;0.0;0.0;0.0;0.0;0.0;0.0;0.030975999999999997;0.0;0.0;0.0;0.0;0.0;0.0;0.030975999999999997;0.0;0.0;0.0;0.0;0.0;0.0;-1.0;0.0;0.0;0.0;0.0;0.0;0.0;0.0;0.0;0.0;0.0;0.0;0.0;0.0;0.0,1778833843,69907856
1349,1778833843,124605967,gps,1.693,-1.597,-0.083,0.0,0.0,0.0,0.030975999999999997;0.0;0.0;0.0;0.0;0.0;0.0;0.030975999999999997;0.0;0.0;0.0;0.0;0.0;0.0;0.030975999999999997;0.0;0.0;0.0;0.0;0.0;0.0;-1.0;0.0;0.0;0.0;0.0;0.0;0.0;0.0;0.0;0.0;0.0;0.0;0.0;0.0;0.0,1778833843,189832178
1350,1778833843,249605902,gps,1.7790000000000001,-1.627,-0.06,0.0,0.0,0.0,0.030975999999999997;0.0;0.0;0.0;0.0;0.0;0.0;0.030975999999999997;0.0;0.0;0.0;0.0;0.0;0.0;0.030975999999999997;0.0;0.0;0.0;0.0;0.0;0.0;-1.0;0.0;0.0;0.0;0.0;0.0;0.0;0.0;0.0;0.0;0.0;0.0;0.0;0.0;0.0,1778833843,313317966
1351,1778833843,374605837,gps,1.727,-1.673,-0.078,0.0,0.0,0.0,0.030975999999999997;0.0;0.0;0.0;0.0;0.0;0.0;0.030975999999999997;0.0;0.0;0.0;0.0;0.0;0.0;0.030975999999999997;0.0;0.0;0.0;0.0;0.0;0.0;-1.0;0.0;0.0;0.0;0.0;0.0;0.0;0.0;0.0;0.0;0.0;0.0;0.0;0.0;0.0,1778833843,439025859
1352,1778833843,499605773,gps,1.749,-1.641,-0.075,0.0,0.0,0.0,0.030975999999999997;0.0;0.0;0.0;0.0;0.0;0.0;0.030975999999999997;0.0;0.0;0.0;0.0;0.0;0.0;0.030975999999999997;0.0;0.0;0.0;0.0;0.0;0.0;-1.0;0.0;0.0;0.0;0.0;0.0;0.0;0.0;0.0;0.0;0.0;0.0;0.0;0.0;0.0,1778833843,564128653
1353,1778833843,624605708,gps,1.786,-1.7810000000000001,-0.077,0.0,0.0,0.0,0.030975999999999997;0.0;0.0;0.0;0.0;0.0;0.0;0.030975999999999997;0.0;0.0;0.0;0.0;0.0;0.0;0.030975999999999997;0.0;0.0;0.0;0.0;0.0;0.0;-1.0;0.0;0.0;0.0;0.0;0.0;0.0;0.0;0.0;0.0;0.0;0.0;0.0;0.0;0.0,1778833843,689400485
1354,1778833843,749605643,gps,1.8960000000000001,-1.828,-0.07200000000000001,0.0,0.0,0.0,0.031328999999999996;0.0;0.0;0.0;0.0;0.0;0.0;0.031328999999999996;0.0;0.0;0.0;0.0;0.0;0.0;0.031328999999999996;0.0;0.0;0.0;0.0;0.0;0.0;-1.0;0.0;0.0;0.0;0.0;0.0;0.0;0.0;0.0;0.0;0.0;0.0;0.0;0.0;0.0,1778833843,814858995
1355,1778833843,874605579,gps,1.974,-1.865,-0.08600000000000001,0.0,0.0,0.0,0.031328999999999996;0.0;0.0;0.0;0.0;0.0;0.0;0.031328999999999996;0.0;0.0;0.0;0.0;0.0;0.0;0.031328999999999996;0.0;0.0;0.0;0.0;0.0;0.0;-1.0;0.0;0.0;0.0;0.0;0.0;0.0;0.0;0.0;0.0;0.0;0.0;0.0;0.0;0.0,1778833843,939767084
1356,1778833843,999605515,gps,2.051,-1.98,-0.085,0.0,0.0,0.0,0.031328999999999996;0.0;0.0;0.0;0.0;0.0;0.0;0.031328999999999996;0.0;0.0;0.0;0.0;0.0;0.0;0.031328999999999996;0.0;0.0;0.0;0.0;0.0;0.0;-1.0;0.0;0.0;0.0;0.0;0.0;0.0;0.0;0.0;0.0;0.0;0.0;0.0;0.0;0.0,1778833844,69365762
1357,1778833844,124605450,gps,2.129,-2.087,-0.084,0.0,0.0,0.0,0.032041;0.0;0.0;0.0;0.0;0.0;0.0;0.032041;0.0;0.0;0.0;0.0;0.0;0.0;0.032041;0.0;0.0;0.0;0.0;0.0;0.0;-1.0;0.0;0.0;0.0;0.0;0.0;0.0;0.0;0.0;0.0;0.0;0.0;0.0;0.0;0.0,1778833844,186905898
1358,1778833844,249605385,gps,2.244,-2.1750000000000003,-0.08700000000000001,0.0,0.0,0.0,0.032041;0.0;0.0;0.0;0.0;0.0;0.0;0.032041;0.0;0.0;0.0;0.0;0.0;0.0;0.032041;0.0;0.0;0.0;0.0;0.0;0.0;-1.0;0.0;0.0;0.0;0.0;0.0;0.0;0.0;0.0;0.0;0.0;0.0;0.0;0.0;0.0,1778833844,315237122
1359,1778833844,374605320,gps,2.226,-2.164,-0.083,0.0,0.0,0.0,0.031684;0.0;0.0;0.0;0.0;0.0;0.0;0.031684;0.0;0.0;0.0;0.0;0.0;0.0;0.031684;0.0;0.0;0.0;0.0;0.0;0.0;-1.0;0.0;0.0;0.0;0.0;0.0;0.0;0.0;0.0;0.0;0.0;0.0;0.0;0.0;0.0,1778833844,439502016
1360,1778833844,499605256,gps,2.303,-2.205,-0.098,0.0,0.0,0.0,0.030975999999999997;0.0;0.0;0.0;0.0;0.0;0.0;0.030975999999999997;0.0;0.0;0.0;0.0;0.0;0.0;0.030975999999999997;0.0;0.0;0.0;0.0;0.0;0.0;-1.0;0.0;0.0;0.0;0.0;0.0;0.0;0.0;0.0;0.0;0.0;0.0;0.0;0.0;0.0,1778833844,564950936
1361,1778833844,624605191,gps,2.335,-2.22,-0.092,0.0,0.0,0.0,0.030276000000000004;0.0;0.0;0.0;0.0;0.0;0.0;0.030276000000000004;0.0;0.0;0.0;0.0;0.0;0.0;0.030276000000000004;0.0;0.0;0.0;0.0;0.0;0.0;-1.0;0.0;0.0;0.0;0.0;0.0;0.0;0.0;0.0;0.0;0.0;0.0;0.0;0.0;0.0,1778833844,689627188
1362,1778833844,749605127,gps,2.361,-2.201,-0.088,0.0,0.0,0.0,0.030625000000000006;0.0;0.0;0.0;0.0;0.0;0.0;0.030625000000000006;0.0;0.0;0.0;0.0;0.0;0.0;0.030625000000000006;0.0;0.0;0.0;0.0;0.0;0.0;-1.0;0.0;0.0;0.0;0.0;0.0;0.0;0.0;0.0;0.0;0.0;0.0;0.0;0.0;0.0,1778833844,813267618
1363,1778833844,874605062,gps,2.3810000000000002,-2.217,-0.096,0.0,0.0,0.0,0.030625000000000006;0.0;0.0;0.0;0.0;0.0;0.0;0.030625000000000006;0.0;0.0;0.0;0.0;0.0;0.0;0.030625000000000006;0.0;0.0;0.0;0.0;0.0;0.0;-1.0;0.0;0.0;0.0;0.0;0.0;0.0;0.0;0.0;0.0;0.0;0.0;0.0;0.0;0.0,1778833844,938383714
1364,1778833844,999604998,gps,2.297,-2.236,-0.089,0.0,0.0,0.0,0.031684;0.0;0.0;0.0;0.0;0.0;0.0;0.031684;0.0;0.0;0.0;0.0;0.0;0.0;0.031684;0.0;0.0;0.0;0.0;0.0;0.0;-1.0;0.0;0.0;0.0;0.0;0.0;0.0;0.0;0.0;0.0;0.0;0.0;0.0;0.0;0.0,1778833845,63970633
1365,1778833845,124604933,gps,2.2640000000000002,-2.037,-0.08700000000000001,0.0,0.0,0.0,0.030975999999999997;0.0;0.0;0.0;0.0;0.0;0.0;0.030975999999999997;0.0;0.0;0.0;0.0;0.0;0.0;0.030975999999999997;0.0;0.0;0.0;0.0;0.0;0.0;-1.0;0.0;0.0;0.0;0.0;0.0;0.0;0.0;0.0;0.0;0.0;0.0;0.0;0.0;0.0,1778833845,189321430
1366,1778833845,249604868,gps,2.233,-2.025,-0.091,0.0,0.0,0.0,0.030625000000000006;0.0;0.0;0.0;0.0;0.0;0.0;0.030625000000000006;0.0;0.0;0.0;0.0;0.0;0.0;0.030625000000000006;0.0;0.0;0.0;0.0;0.0;0.0;-1.0;0.0;0.0;0.0;0.0;0.0;0.0;0.0;0.0;0.0;0.0;0.0;0.0;0.0;0.0,1778833845,315206681
1367,1778833845,374604803,gps,2.114,-2.0100000000000002,-0.084,0.0,0.0,0.0,0.030625000000000006;0.0;0.0;0.0;0.0;0.0;0.0;0.030625000000000006;0.0;0.0;0.0;0.0;0.0;0.0;0.030625000000000006;0.0;0.0;0.0;0.0;0.0;0.0;-1.0;0.0;0.0;0.0;0.0;0.0;0.0;0.0;0.0;0.0;0.0;0.0;0.0;0.0;0.0,1778833845,440036568
1368,1778833845,499604739,gps,2.044,-2.009,-0.091,0.0,0.0,0.0,0.030625000000000006;0.0;0.0;0.0;0.0;0.0;0.0;0.030625000000000006;0.0;0.0;0.0;0.0;0.0;0.0;0.030625000000000006;0.0;0.0;0.0;0.0;0.0;0.0;-1.0;0.0;0.0;0.0;0.0;0.0;0.0;0.0;0.0;0.0;0.0;0.0;0.0;0.0;0.0,1778833845,565061026
1369,1778833845,624604674,gps,2.041,-1.928,-0.078,0.0,0.0,0.0,0.030975999999999997;0.0;0.0;0.0;0.0;0.0;0.0;0.030975999999999997;0.0;0.0;0.0;0.0;0.0;0.0;0.030975999999999997;0.0;0.0;0.0;0.0;0.0;0.0;-1.0;0.0;0.0;0.0;0.0;0.0;0.0;0.0;0.0;0.0;0.0;0.0;0.0;0.0;0.0,1778833845,689248099
1370,1778833845,749604610,gps,1.948,-1.911,-0.079,0.0,0.0,0.0,0.030975999999999997;0.0;0.0;0.0;0.0;0.0;0.0;0.030975999999999997;0.0;0.0;0.0;0.0;0.0;0.0;0.030975999999999997;0.0;0.0;0.0;0.0;0.0;0.0;-1.0;0.0;0.0;0.0;0.0;0.0;0.0;0.0;0.0;0.0;0.0;0.0;0.0;0.0;0.0,1778833845,814772509
1371,1778833845,874604545,gps,1.867,-1.826,-0.065,0.0,0.0,0.0,0.030975999999999997;0.0;0.0;0.0;0.0;0.0;0.0;0.030975999999999997;0.0;0.0;0.0;0.0;0.0;0.0;0.030975999999999997;0.0;0.0;0.0;0.0;0.0;0.0;-1.0;0.0;0.0;0.0;0.0;0.0;0.0;0.0;0.0;0.0;0.0;0.0;0.0;0.0;0.0,1778833845,938812200
1372,1778833845,999604481,gps,1.793,-1.806,-0.067,0.0,0.0,0.0,0.031328999999999996;0.0;0.0;0.0;0.0;0.0;0.0;0.031328999999999996;0.0;0.0;0.0;0.0;0.0;0.0;0.031328999999999996;0.0;0.0;0.0;0.0;0.0;0.0;-1.0;0.0;0.0;0.0;0.0;0.0;0.0;0.0;0.0;0.0;0.0;0.0;0.0;0.0;0.0,1778833846,71094354
1373,1778833846,124604416,gps,1.746,-1.719,-0.069,0.0,0.0,0.0,0.030975999999999997;0.0;0.0;0.0;0.0;0.0;0.0;0.030975999999999997;0.0;0.0;0.0;0.0;0.0;0.0;0.030975999999999997;0.0;0.0;0.0;0.0;0.0;0.0;-1.0;0.0;0.0;0.0;0.0;0.0;0.0;0.0;0.0;0.0;0.0;0.0;0.0;0.0;0.0,1778833846,190477866
1374,1778833846,249604351,gps,1.699,-1.637,-0.05,0.0,0.0,0.0,0.030975999999999997;0.0;0.0;0.0;0.0;0.0;0.0;0.030975999999999997;0.0;0.0;0.0;0.0;0.0;0.0;0.030975999999999997;0.0;0.0;0.0;0.0;0.0;0.0;-1.0;0.0;0.0;0.0;0.0;0.0;0.0;0.0;0.0;0.0;0.0;0.0;0.0;0.0;0.0,1778833846,315443343
1375,1778833846,374604286,gps,1.619,-1.6260000000000001,-0.06,0.0,0.0,0.0,0.031328999999999996;0.0;0.0;0.0;0.0;0.0;0.0;0.031328999999999996;0.0;0.0;0.0;0.0;0.0;0.0;0.031328999999999996;0.0;0.0;0.0;0.0;0.0;0.0;-1.0;0.0;0.0;0.0;0.0;0.0;0.0;0.0;0.0;0.0;0.0;0.0;0.0;0.0;0.0,1778833846,439969311
1376,1778833846,499604222,gps,1.6600000000000001,-1.687,-0.056,0.0,0.0,0.0,0.031328999999999996;0.0;0.0;0.0;0.0;0.0;0.0;0.031328999999999996;0.0;0.0;0.0;0.0;0.0;0.0;0.031328999999999996;0.0;0.0;0.0;0.0;0.0;0.0;-1.0;0.0;0.0;0.0;0.0;0.0;0.0;0.0;0.0;0.0;0.0;0.0;0.0;0.0;0.0,1778833846,564195351
1377,1778833846,624604157,gps,1.692,-1.6,-0.068,0.0,0.0,0.0,0.030975999999999997;0.0;0.0;0.0;0.0;0.0;0.0;0.030975999999999997;0.0;0.0;0.0;0.0;0.0;0.0;0.030975999999999997;0.0;0.0;0.0;0.0;0.0;0.0;-1.0;0.0;0.0;0.0;0.0;0.0;0.0;0.0;0.0;0.0;0.0;0.0;0.0;0.0;0.0,1778833846,689166350
1378,1778833846,749604092,gps,1.7790000000000001,-1.643,-0.062,0.0,0.0,0.0,0.030975999999999997;0.0;0.0;0.0;0.0;0.0;0.0;0.030975999999999997;0.0;0.0;0.0;0.0;0.0;0.0;0.030975999999999997;0.0;0.0;0.0;0.0;0.0;0.0;-1.0;0.0;0.0;0.0;0.0;0.0;0.0;0.0;0.0;0.0;0.0;0.0;0.0;0.0;0.0,1778833846,814823549
1379,1778833846,874604028,gps,1.8780000000000001,-1.732,-0.062,0.0,0.0,0.0,0.030975999999999997;0.0;0.0;0.0;0.0;0.0;0.0;0.030975999999999997;0.0;0.0;0.0;0.0;0.0;0.0;0.030975999999999997;0.0;0.0;0.0;0.0;0.0;0.0;-1.0;0.0;0.0;0.0;0.0;0.0;0.0;0.0;0.0;0.0;0.0;0.0;0.0;0.0;0.0,1778833846,939821279
1380,1778833846,999603964,gps,1.874,-1.865,-0.057,0.0,0.0,0.0,0.030975999999999997;0.0;0.0;0.0;0.0;0.0;0.0;0.030975999999999997;0.0;0.0;0.0;0.0;0.0;0.0;0.030975999999999997;0.0;0.0;0.0;0.0;0.0;0.0;-1.0;0.0;0.0;0.0;0.0;0.0;0.0;0.0;0.0;0.0;0.0;0.0;0.0;0.0;0.0,1778833847,70683274
1381,1778833847,124603899,gps,1.952,-1.935,-0.061,0.0,0.0,0.0,0.030625000000000006;0.0;0.0;0.0;0.0;0.0;0.0;0.030625000000000006;0.0;0.0;0.0;0.0;0.0;0.0;0.030625000000000006;0.0;0.0;0.0;0.0;0.0;0.0;-1.0;0.0;0.0;0.0;0.0;0.0;0.0;0.0;0.0;0.0;0.0;0.0;0.0;0.0;0.0,1778833847,190447921
1382,1778833847,249603834,gps,2.099,-2.027,-0.066,0.0,0.0,0.0,0.030975999999999997;0.0;0.0;0.0;0.0;0.0;0.0;0.030975999999999997;0.0;0.0;0.0;0.0;0.0;0.0;0.030975999999999997;0.0;0.0;0.0;0.0;0.0;0.0;-1.0;0.0;0.0;0.0;0.0;0.0;0.0;0.0;0.0;0.0;0.0;0.0;0.0;0.0;0.0,1778833847,315930070
1383,1778833847,374603769,gps,2.219,-2.198,-0.053,0.0,0.0,0.0,0.030975999999999997;0.0;0.0;0.0;0.0;0.0;0.0;0.030975999999999997;0.0;0.0;0.0;0.0;0.0;0.0;0.030975999999999997;0.0;0.0;0.0;0.0;0.0;0.0;-1.0;0.0;0.0;0.0;0.0;0.0;0.0;0.0;0.0;0.0;0.0;0.0;0.0;0.0;0.0,1778833847,439451291
1384,1778833847,499603705,gps,2.253,-2.234,-0.067,0.0,0.0,0.0,0.030625000000000006;0.0;0.0;0.0;0.0;0.0;0.0;0.030625000000000006;0.0;0.0;0.0;0.0;0.0;0.0;0.030625000000000006;0.0;0.0;0.0;0.0;0.0;0.0;-1.0;0.0;0.0;0.0;0.0;0.0;0.0;0.0;0.0;0.0;0.0;0.0;0.0;0.0;0.0,1778833847,565354737
1385,1778833847,624603640,gps,2.344,-2.338,-0.079,0.0,0.0,0.0,0.031328999999999996;0.0;0.0;0.0;0.0;0.0;0.0;0.031328999999999996;0.0;0.0;0.0;0.0;0.0;0.0;0.031328999999999996;0.0;0.0;0.0;0.0;0.0;0.0;-1.0;0.0;0.0;0.0;0.0;0.0;0.0;0.0;0.0;0.0;0.0;0.0;0.0;0.0;0.0,1778833847,690121829
1386,1778833847,749603576,gps,2.436,-2.4250000000000003,-0.08700000000000001,0.0,0.0,0.0,0.030975999999999997;0.0;0.0;0.0;0.0;0.0;0.0;0.030975999999999997;0.0;0.0;0.0;0.0;0.0;0.0;0.030975999999999997;0.0;0.0;0.0;0.0;0.0;0.0;-1.0;0.0;0.0;0.0;0.0;0.0;0.0;0.0;0.0;0.0;0.0;0.0;0.0;0.0;0.0,1778833847,812010031
1387,1778833847,874603511,gps,2.513,-2.469,-0.076,0.0,0.0,0.0,0.031684;0.0;0.0;0.0;0.0;0.0;0.0;0.031684;0.0;0.0;0.0;0.0;0.0;0.0;0.031684;0.0;0.0;0.0;0.0;0.0;0.0;-1.0;0.0;0.0;0.0;0.0;0.0;0.0;0.0;0.0;0.0;0.0;0.0;0.0;0.0;0.0,1778833847,938421248
1388,1778833847,999603447,gps,2.456,-2.513,-0.094,0.0,0.0,0.0,0.031684;0.0;0.0;0.0;0.0;0.0;0.0;0.031684;0.0;0.0;0.0;0.0;0.0;0.0;0.031684;0.0;0.0;0.0;0.0;0.0;0.0;-1.0;0.0;0.0;0.0;0.0;0.0;0.0;0.0;0.0;0.0;0.0;0.0;0.0;0.0;0.0,1778833848,69207296
1389,1778833848,124603382,gps,2.515,-2.551,-0.08,0.0,0.0,0.0,0.030975999999999997;0.0;0.0;0.0;0.0;0.0;0.0;0.030975999999999997;0.0;0.0;0.0;0.0;0.0;0.0;0.030975999999999997;0.0;0.0;0.0;0.0;0.0;0.0;-1.0;0.0;0.0;0.0;0.0;0.0;0.0;0.0;0.0;0.0;0.0;0.0;0.0;0.0;0.0,1778833848,191902679
1390,1778833848,249603317,gps,2.5180000000000002,-2.501,-0.067,0.0,0.0,0.0,0.030975999999999997;0.0;0.0;0.0;0.0;0.0;0.0;0.030975999999999997;0.0;0.0;0.0;0.0;0.0;0.0;0.030975999999999997;0.0;0.0;0.0;0.0;0.0;0.0;-1.0;0.0;0.0;0.0;0.0;0.0;0.0;0.0;0.0;0.0;0.0;0.0;0.0;0.0;0.0,1778833848,315613367
1391,1778833848,374603253,gps,2.391,-2.507,-0.084,0.0,0.0,0.0,0.030276000000000004;0.0;0.0;0.0;0.0;0.0;0.0;0.030276000000000004;0.0;0.0;0.0;0.0;0.0;0.0;0.030276000000000004;0.0;0.0;0.0;0.0;0.0;0.0;-1.0;0.0;0.0;0.0;0.0;0.0;0.0;0.0;0.0;0.0;0.0;0.0;0.0;0.0;0.0,1778833848,438951640
1392,1778833848,499603188,gps,2.351,-2.458,-0.07,0.0,0.0,0.0,0.029929000000000004;0.0;0.0;0.0;0.0;0.0;0.0;0.029929000000000004;0.0;0.0;0.0;0.0;0.0;0.0;0.029929000000000004;0.0;0.0;0.0;0.0;0.0;0.0;-1.0;0.0;0.0;0.0;0.0;0.0;0.0;0.0;0.0;0.0;0.0;0.0;0.0;0.0;0.0,1778833848,564119990
1393,1778833848,624603123,gps,2.482,-2.205,-0.07100000000000001,0.0,0.0,0.0,0.030625000000000006;0.0;0.0;0.0;0.0;0.0;0.0;0.030625000000000006;0.0;0.0;0.0;0.0;0.0;0.0;0.030625000000000006;0.0;0.0;0.0;0.0;0.0;0.0;-1.0;0.0;0.0;0.0;0.0;0.0;0.0;0.0;0.0;0.0;0.0;0.0;0.0;0.0;0.0,1778833848,685362463
1394,1778833848,749603059,gps,2.5340000000000003,-2.07,-0.077,0.0,0.0,0.0,0.031328999999999996;0.0;0.0;0.0;0.0;0.0;0.0;0.031328999999999996;0.0;0.0;0.0;0.0;0.0;0.0;0.031328999999999996;0.0;0.0;0.0;0.0;0.0;0.0;-1.0;0.0;0.0;0.0;0.0;0.0;0.0;0.0;0.0;0.0;0.0;0.0;0.0;0.0;0.0,1778833848,814060132
1395,1778833848,874602994,gps,2.4090000000000003,-2.081,-0.074,0.0,0.0,0.0,0.030625000000000006;0.0;0.0;0.0;0.0;0.0;0.0;0.030625000000000006;0.0;0.0;0.0;0.0;0.0;0.0;0.030625000000000006;0.0;0.0;0.0;0.0;0.0;0.0;-1.0;0.0;0.0;0.0;0.0;0.0;0.0;0.0;0.0;0.0;0.0;0.0;0.0;0.0;0.0,1778833848,938413603
1396,1778833848,999602931,gps,2.448,-2.016,-0.07,0.0,0.0,0.0,0.030975999999999997;0.0;0.0;0.0;0.0;0.0;0.0;0.030975999999999997;0.0;0.0;0.0;0.0;0.0;0.0;0.030975999999999997;0.0;0.0;0.0;0.0;0.0;0.0;-1.0;0.0;0.0;0.0;0.0;0.0;0.0;0.0;0.0;0.0;0.0;0.0;0.0;0.0;0.0,1778833849,69215375
1397,1778833849,124602865,gps,2.359,-1.828,-0.08600000000000001,0.0,0.0,0.0,0.030625000000000006;0.0;0.0;0.0;0.0;0.0;0.0;0.030625000000000006;0.0;0.0;0.0;0.0;0.0;0.0;0.030625000000000006;0.0;0.0;0.0;0.0;0.0;0.0;-1.0;0.0;0.0;0.0;0.0;0.0;0.0;0.0;0.0;0.0;0.0;0.0;0.0;0.0;0.0,1778833849,189044318
1398,1778833849,249602800,gps,2.328,-1.883,-0.091,0.0,0.0,0.0,0.030625000000000006;0.0;0.0;0.0;0.0;0.0;0.0;0.030625000000000006;0.0;0.0;0.0;0.0;0.0;0.0;0.030625000000000006;0.0;0.0;0.0;0.0;0.0;0.0;-1.0;0.0;0.0;0.0;0.0;0.0;0.0;0.0;0.0;0.0;0.0;0.0;0.0;0.0;0.0,1778833849,315083083
1399,1778833849,374602736,gps,2.3040000000000003,-1.834,-0.075,0.0,0.0,0.0,0.030625000000000006;0.0;0.0;0.0;0.0;0.0;0.0;0.030625000000000006;0.0;0.0;0.0;0.0;0.0;0.0;0.030625000000000006;0.0;0.0;0.0;0.0;0.0;0.0;-1.0;0.0;0.0;0.0;0.0;0.0;0.0;0.0;0.0;0.0;0.0;0.0;0.0;0.0;0.0,1778833849,438427229
1400,1778833849,499602671,gps,2.225,-1.808,-0.078,0.0,0.0,0.0,0.030276000000000004;0.0;0.0;0.0;0.0;0.0;0.0;0.030276000000000004;0.0;0.0;0.0;0.0;0.0;0.0;0.030276000000000004;0.0;0.0;0.0;0.0;0.0;0.0;-1.0;0.0;0.0;0.0;0.0;0.0;0.0;0.0;0.0;0.0;0.0;0.0;0.0;0.0;0.0,1778833849,559149318
1401,1778833849,624602607,gps,2.113,-1.854,-0.073,0.0,0.0,0.0,0.030975999999999997;0.0;0.0;0.0;0.0;0.0;0.0;0.030975999999999997;0.0;0.0;0.0;0.0;0.0;0.0;0.030975999999999997;0.0;0.0;0.0;0.0;0.0;0.0;-1.0;0.0;0.0;0.0;0.0;0.0;0.0;0.0;0.0;0.0;0.0;0.0;0.0;0.0;0.0,1778833849,688706257
1402,1778833849,749602542,gps,2.184,-1.77,-0.073,0.0,0.0,0.0,0.033489;0.0;0.0;0.0;0.0;0.0;0.0;0.033489;0.0;0.0;0.0;0.0;0.0;0.0;0.033489;0.0;0.0;0.0;0.0;0.0;0.0;-1.0;0.0;0.0;0.0;0.0;0.0;0.0;0.0;0.0;0.0;0.0;0.0;0.0;0.0;0.0,1778833849,815016994
1403,1778833849,874602477,gps,1.978,-1.811,-0.066,0.0,0.0,0.0,0.034969;0.0;0.0;0.0;0.0;0.0;0.0;0.034969;0.0;0.0;0.0;0.0;0.0;0.0;0.034969;0.0;0.0;0.0;0.0;0.0;0.0;-1.0;0.0;0.0;0.0;0.0;0.0;0.0;0.0;0.0;0.0;0.0;0.0;0.0;0.0;0.0,1778833849,939408470
1404,1778833849,999602414,gps,1.887,-1.668,-0.064,0.0,0.0,0.0,0.034969;0.0;0.0;0.0;0.0;0.0;0.0;0.034969;0.0;0.0;0.0;0.0;0.0;0.0;0.034969;0.0;0.0;0.0;0.0;0.0;0.0;-1.0;0.0;0.0;0.0;0.0;0.0;0.0;0.0;0.0;0.0;0.0;0.0;0.0;0.0;0.0,1778833850,68646648
1405,1778833850,124602348,gps,1.826,-1.625,-0.074,0.0,0.0,0.0,0.035721;0.0;0.0;0.0;0.0;0.0;0.0;0.035721;0.0;0.0;0.0;0.0;0.0;0.0;0.035721;0.0;0.0;0.0;0.0;0.0;0.0;-1.0;0.0;0.0;0.0;0.0;0.0;0.0;0.0;0.0;0.0;0.0;0.0;0.0;0.0;0.0,1778833850,188373381
1406,1778833850,249602283,gps,1.722,-1.528,-0.07,0.0,0.0,0.0,0.033489;0.0;0.0;0.0;0.0;0.0;0.0;0.033489;0.0;0.0;0.0;0.0;0.0;0.0;0.033489;0.0;0.0;0.0;0.0;0.0;0.0;-1.0;0.0;0.0;0.0;0.0;0.0;0.0;0.0;0.0;0.0;0.0;0.0;0.0;0.0;0.0,1778833850,313526325
1407,1778833850,374602219,gps,1.723,-1.608,-0.076,0.0,0.0,0.0,0.033856;0.0;0.0;0.0;0.0;0.0;0.0;0.033856;0.0;0.0;0.0;0.0;0.0;0.0;0.033856;0.0;0.0;0.0;0.0;0.0;0.0;-1.0;0.0;0.0;0.0;0.0;0.0;0.0;0.0;0.0;0.0;0.0;0.0;0.0;0.0;0.0,1778833850,436409363
1408,1778833850,499602154,gps,1.792,-1.602,-0.089,0.0,0.0,0.0,0.032041;0.0;0.0;0.0;0.0;0.0;0.0;0.032041;0.0;0.0;0.0;0.0;0.0;0.0;0.032041;0.0;0.0;0.0;0.0;0.0;0.0;-1.0;0.0;0.0;0.0;0.0;0.0;0.0;0.0;0.0;0.0;0.0;0.0;0.0;0.0;0.0,1778833850,563552018
1409,1778833850,624602090,gps,1.73,-1.633,-0.082,0.0,0.0,0.0,0.032041;0.0;0.0;0.0;0.0;0.0;0.0;0.032041;0.0;0.0;0.0;0.0;0.0;0.0;0.032041;0.0;0.0;0.0;0.0;0.0;0.0;-1.0;0.0;0.0;0.0;0.0;0.0;0.0;0.0;0.0;0.0;0.0;0.0;0.0;0.0;0.0,1778833850,688912069
1410,1778833850,749602025,gps,1.818,-1.714,-0.08,0.0,0.0,0.0,0.031328999999999996;0.0;0.0;0.0;0.0;0.0;0.0;0.031328999999999996;0.0;0.0;0.0;0.0;0.0;0.0;0.031328999999999996;0.0;0.0;0.0;0.0;0.0;0.0;-1.0;0.0;0.0;0.0;0.0;0.0;0.0;0.0;0.0;0.0;0.0;0.0;0.0;0.0;0.0,1778833850,813455495
1411,1778833850,874601960,gps,1.9040000000000001,-1.7610000000000001,-0.081,0.0,0.0,0.0,0.031328999999999996;0.0;0.0;0.0;0.0;0.0;0.0;0.031328999999999996;0.0;0.0;0.0;0.0;0.0;0.0;0.031328999999999996;0.0;0.0;0.0;0.0;0.0;0.0;-1.0;0.0;0.0;0.0;0.0;0.0;0.0;0.0;0.0;0.0;0.0;0.0;0.0;0.0;0.0,1778833850,937306921
1412,1778833850,999601897,gps,1.955,-1.9160000000000001,-0.09,0.0,0.0,0.0,0.030975999999999997;0.0;0.0;0.0;0.0;0.0;0.0;0.030975999999999997;0.0;0.0;0.0;0.0;0.0;0.0;0.030975999999999997;0.0;0.0;0.0;0.0;0.0;0.0;-1.0;0.0;0.0;0.0;0.0;0.0;0.0;0.0;0.0;0.0;0.0;0.0;0.0;0.0;0.0,1778833851,67533853
1413,1778833851,124601831,gps,2.0260000000000002,-1.982,-0.092,0.0,0.0,0.0,0.030975999999999997;0.0;0.0;0.0;0.0;0.0;0.0;0.030975999999999997;0.0;0.0;0.0;0.0;0.0;0.0;0.030975999999999997;0.0;0.0;0.0;0.0;0.0;0.0;-1.0;0.0;0.0;0.0;0.0;0.0;0.0;0.0;0.0;0.0;0.0;0.0;0.0;0.0;0.0,1778833851,188438693
1414,1778833851,249601767,gps,2.156,-2.027,-0.084,0.0,0.0,0.0,0.030975999999999997;0.0;0.0;0.0;0.0;0.0;0.0;0.030975999999999997;0.0;0.0;0.0;0.0;0.0;0.0;0.030975999999999997;0.0;0.0;0.0;0.0;0.0;0.0;-1.0;0.0;0.0;0.0;0.0;0.0;0.0;0.0;0.0;0.0;0.0;0.0;0.0;0.0;0.0,1778833851,314787058
1415,1778833851,374601702,gps,2.184,-2.053,-0.098,0.0,0.0,0.0,0.030975999999999997;0.0;0.0;0.0;0.0;0.0;0.0;0.030975999999999997;0.0;0.0;0.0;0.0;0.0;0.0;0.030975999999999997;0.0;0.0;0.0;0.0;0.0;0.0;-1.0;0.0;0.0;0.0;0.0;0.0;0.0;0.0;0.0;0.0;0.0;0.0;0.0;0.0;0.0,1778833851,438200550
1416,1778833851,499601637,gps,2.1710000000000003,-2.105,-0.085,0.0,0.0,0.0,0.031328999999999996;0.0;0.0;0.0;0.0;0.0;0.0;0.031328999999999996;0.0;0.0;0.0;0.0;0.0;0.0;0.031328999999999996;0.0;0.0;0.0;0.0;0.0;0.0;-1.0;0.0;0.0;0.0;0.0;0.0;0.0;0.0;0.0;0.0;0.0;0.0;0.0;0.0;0.0,1778833851,562364291
1417,1778833851,624601573,gps,2.186,-2.207,-0.078,0.0,0.0,0.0,0.030975999999999997;0.0;0.0;0.0;0.0;0.0;0.0;0.030975999999999997;0.0;0.0;0.0;0.0;0.0;0.0;0.030975999999999997;0.0;0.0;0.0;0.0;0.0;0.0;-1.0;0.0;0.0;0.0;0.0;0.0;0.0;0.0;0.0;0.0;0.0;0.0;0.0;0.0;0.0,1778833851,687930577
1418,1778833851,749601508,gps,2.25,-2.133,-0.08600000000000001,0.0,0.0,0.0,0.030975999999999997;0.0;0.0;0.0;0.0;0.0;0.0;0.030975999999999997;0.0;0.0;0.0;0.0;0.0;0.0;0.030975999999999997;0.0;0.0;0.0;0.0;0.0;0.0;-1.0;0.0;0.0;0.0;0.0;0.0;0.0;0.0;0.0;0.0;0.0;0.0;0.0;0.0;0.0,1778833851,812443875
1419,1778833851,874601444,gps,2.312,-2.226,-0.085,0.0,0.0,0.0,0.030975999999999997;0.0;0.0;0.0;0.0;0.0;0.0;0.030975999999999997;0.0;0.0;0.0;0.0;0.0;0.0;0.030975999999999997;0.0;0.0;0.0;0.0;0.0;0.0;-1.0;0.0;0.0;0.0;0.0;0.0;0.0;0.0;0.0;0.0;0.0;0.0;0.0;0.0;0.0,1778833851,938769581
1420,1778833851,999601380,gps,2.274,-2.353,-0.091,0.0,0.0,0.0,0.030625000000000006;0.0;0.0;0.0;0.0;0.0;0.0;0.030625000000000006;0.0;0.0;0.0;0.0;0.0;0.0;0.030625000000000006;0.0;0.0;0.0;0.0;0.0;0.0;-1.0;0.0;0.0;0.0;0.0;0.0;0.0;0.0;0.0;0.0;0.0;0.0;0.0;0.0;0.0,1778833852,68231503
1421,1778833852,124601314,gps,2.306,-2.255,-0.085,0.0,0.0,0.0,0.031328999999999996;0.0;0.0;0.0;0.0;0.0;0.0;0.031328999999999996;0.0;0.0;0.0;0.0;0.0;0.0;0.031328999999999996;0.0;0.0;0.0;0.0;0.0;0.0;-1.0;0.0;0.0;0.0;0.0;0.0;0.0;0.0;0.0;0.0;0.0;0.0;0.0;0.0;0.0,1778833852,189201809
1422,1778833852,249601250,gps,2.349,-2.331,-0.073,0.0,0.0,0.0,0.031328999999999996;0.0;0.0;0.0;0.0;0.0;0.0;0.031328999999999996;0.0;0.0;0.0;0.0;0.0;0.0;0.031328999999999996;0.0;0.0;0.0;0.0;0.0;0.0;-1.0;0.0;0.0;0.0;0.0;0.0;0.0;0.0;0.0;0.0;0.0;0.0;0.0;0.0;0.0,1778833852,312118762
1423,1778833852,374601185,gps,2.319,-2.357,-0.09,0.0,0.0,0.0,0.031684;0.0;0.0;0.0;0.0;0.0;0.0;0.031684;0.0;0.0;0.0;0.0;0.0;0.0;0.031684;0.0;0.0;0.0;0.0;0.0;0.0;-1.0;0.0;0.0;0.0;0.0;0.0;0.0;0.0;0.0;0.0;0.0;0.0;0.0;0.0;0.0,1778833852,438449274
1424,1778833852,499601120,gps,2.286,-2.402,-0.08700000000000001,0.0,0.0,0.0,0.031328999999999996;0.0;0.0;0.0;0.0;0.0;0.0;0.031328999999999996;0.0;0.0;0.0;0.0;0.0;0.0;0.031328999999999996;0.0;0.0;0.0;0.0;0.0;0.0;-1.0;0.0;0.0;0.0;0.0;0.0;0.0;0.0;0.0;0.0;0.0;0.0;0.0;0.0;0.0,1778833852,563321838
1425,1778833852,624601056,gps,2.315,-2.315,-0.092,0.0,0.0,0.0,0.030975999999999997;0.0;0.0;0.0;0.0;0.0;0.0;0.030975999999999997;0.0;0.0;0.0;0.0;0.0;0.0;0.030975999999999997;0.0;0.0;0.0;0.0;0.0;0.0;-1.0;0.0;0.0;0.0;0.0;0.0;0.0;0.0;0.0;0.0;0.0;0.0;0.0;0.0;0.0,1778833852,688488276
1426,1778833852,749600991,gps,2.37,-2.214,-0.114,0.0,0.0,0.0,0.030975999999999997;0.0;0.0;0.0;0.0;0.0;0.0;0.030975999999999997;0.0;0.0;0.0;0.0;0.0;0.0;0.030975999999999997;0.0;0.0;0.0;0.0;0.0;0.0;-1.0;0.0;0.0;0.0;0.0;0.0;0.0;0.0;0.0;0.0;0.0;0.0;0.0;0.0;0.0,1778833852,815039543
1427,1778833852,874600927,gps,2.2520000000000002,-2.24,-0.10200000000000001,0.0,0.0,0.0,0.030975999999999997;0.0;0.0;0.0;0.0;0.0;0.0;0.030975999999999997;0.0;0.0;0.0;0.0;0.0;0.0;0.030975999999999997;0.0;0.0;0.0;0.0;0.0;0.0;-1.0;0.0;0.0;0.0;0.0;0.0;0.0;0.0;0.0;0.0;0.0;0.0;0.0;0.0;0.0,1778833852,939037444
1428,1778833852,999600863,gps,2.35,-2.224,-0.101,0.0,0.0,0.0,0.032041;0.0;0.0;0.0;0.0;0.0;0.0;0.032041;0.0;0.0;0.0;0.0;0.0;0.0;0.032041;0.0;0.0;0.0;0.0;0.0;0.0;-1.0;0.0;0.0;0.0;0.0;0.0;0.0;0.0;0.0;0.0;0.0;0.0;0.0;0.0;0.0,1778833853,68496622
1429,1778833853,124600797,gps,2.1710000000000003,-2.269,-0.094,0.0,0.0,0.0,0.0324;0.0;0.0;0.0;0.0;0.0;0.0;0.0324;0.0;0.0;0.0;0.0;0.0;0.0;0.0324;0.0;0.0;0.0;0.0;0.0;0.0;-1.0;0.0;0.0;0.0;0.0;0.0;0.0;0.0;0.0;0.0;0.0;0.0;0.0;0.0;0.0,1778833853,184625652
1430,1778833853,249600733,gps,2.16,-2.243,-0.084,0.0,0.0,0.0,0.0324;0.0;0.0;0.0;0.0;0.0;0.0;0.0324;0.0;0.0;0.0;0.0;0.0;0.0;0.0324;0.0;0.0;0.0;0.0;0.0;0.0;-1.0;0.0;0.0;0.0;0.0;0.0;0.0;0.0;0.0;0.0;0.0;0.0;0.0;0.0;0.0,1778833853,314333869
1431,1778833853,374600668,gps,2.184,-2.185,-0.099,0.0,0.0,0.0,0.032041;0.0;0.0;0.0;0.0;0.0;0.0;0.032041;0.0;0.0;0.0;0.0;0.0;0.0;0.032041;0.0;0.0;0.0;0.0;0.0;0.0;-1.0;0.0;0.0;0.0;0.0;0.0;0.0;0.0;0.0;0.0;0.0;0.0;0.0;0.0;0.0,1778833853,438328399
1432,1778833853,499600603,gps,2.134,-2.113,-0.099,0.0,0.0,0.0,0.031684;0.0;0.0;0.0;0.0;0.0;0.0;0.031684;0.0;0.0;0.0;0.0;0.0;0.0;0.031684;0.0;0.0;0.0;0.0;0.0;0.0;-1.0;0.0;0.0;0.0;0.0;0.0;0.0;0.0;0.0;0.0;0.0;0.0;0.0;0.0;0.0,1778833853,564085927
1433,1778833853,624600539,gps,2.099,-2.079,-0.1,0.0,0.0,0.0,0.031684;0.0;0.0;0.0;0.0;0.0;0.0;0.031684;0.0;0.0;0.0;0.0;0.0;0.0;0.031684;0.0;0.0;0.0;0.0;0.0;0.0;-1.0;0.0;0.0;0.0;0.0;0.0;0.0;0.0;0.0;0.0;0.0;0.0;0.0;0.0;0.0,1778833853,689010876
1434,1778833853,749600474,gps,2.096,-2.058,-0.093,0.0,0.0,0.0,0.032041;0.0;0.0;0.0;0.0;0.0;0.0;0.032041;0.0;0.0;0.0;0.0;0.0;0.0;0.032041;0.0;0.0;0.0;0.0;0.0;0.0;-1.0;0.0;0.0;0.0;0.0;0.0;0.0;0.0;0.0;0.0;0.0;0.0;0.0;0.0;0.0,1778833853,814505165
1435,1778833853,874600410,gps,2.0220000000000002,-2.0300000000000002,-0.093,0.0,0.0,0.0,0.032761;0.0;0.0;0.0;0.0;0.0;0.0;0.032761;0.0;0.0;0.0;0.0;0.0;0.0;0.032761;0.0;0.0;0.0;0.0;0.0;0.0;-1.0;0.0;0.0;0.0;0.0;0.0;0.0;0.0;0.0;0.0;0.0;0.0;0.0;0.0;0.0,1778833853,938473693
1436,1778833853,999600346,gps,2.069,-1.935,-0.083,0.0,0.0,0.0,0.031684;0.0;0.0;0.0;0.0;0.0;0.0;0.031684;0.0;0.0;0.0;0.0;0.0;0.0;0.031684;0.0;0.0;0.0;0.0;0.0;0.0;-1.0;0.0;0.0;0.0;0.0;0.0;0.0;0.0;0.0;0.0;0.0;0.0;0.0;0.0;0.0,1778833854,64408978
1437,1778833854,124600280,gps,2.063,-1.87,-0.092,0.0,0.0,0.0,0.032041;0.0;0.0;0.0;0.0;0.0;0.0;0.032041;0.0;0.0;0.0;0.0;0.0;0.0;0.032041;0.0;0.0;0.0;0.0;0.0;0.0;-1.0;0.0;0.0;0.0;0.0;0.0;0.0;0.0;0.0;0.0;0.0;0.0;0.0;0.0;0.0,1778833854,188635375
1438,1778833854,249600216,gps,1.971,-1.921,-0.092,0.0,0.0,0.0,0.0324;0.0;0.0;0.0;0.0;0.0;0.0;0.0324;0.0;0.0;0.0;0.0;0.0;0.0;0.0324;0.0;0.0;0.0;0.0;0.0;0.0;-1.0;0.0;0.0;0.0;0.0;0.0;0.0;0.0;0.0;0.0;0.0;0.0;0.0;0.0;0.0,1778833854,314763908
1439,1778833854,374600151,gps,1.964,-1.8760000000000001,-0.094,0.0,0.0,0.0,0.034596;0.0;0.0;0.0;0.0;0.0;0.0;0.034596;0.0;0.0;0.0;0.0;0.0;0.0;0.034596;0.0;0.0;0.0;0.0;0.0;0.0;-1.0;0.0;0.0;0.0;0.0;0.0;0.0;0.0;0.0;0.0;0.0;0.0;0.0;0.0;0.0,1778833854,439089878
1440,1778833854,499600087,gps,2.012,-1.846,-0.096,0.0,0.0,0.0,0.034225;0.0;0.0;0.0;0.0;0.0;0.0;0.034225;0.0;0.0;0.0;0.0;0.0;0.0;0.034225;0.0;0.0;0.0;0.0;0.0;0.0;-1.0;0.0;0.0;0.0;0.0;0.0;0.0;0.0;0.0;0.0;0.0;0.0;0.0;0.0;0.0,1778833854,562733875
1441,1778833854,624600022,gps,2.067,-1.936,-0.088,0.0,0.0,0.0,0.034225;0.0;0.0;0.0;0.0;0.0;0.0;0.034225;0.0;0.0;0.0;0.0;0.0;0.0;0.034225;0.0;0.0;0.0;0.0;0.0;0.0;-1.0;0.0;0.0;0.0;0.0;0.0;0.0;0.0;0.0;0.0;0.0;0.0;0.0;0.0;0.0,1778833854,688201560
1442,1778833854,749599957,gps,2.074,-1.961,-0.097,0.0,0.0,0.0,0.033856;0.0;0.0;0.0;0.0;0.0;0.0;0.033856;0.0;0.0;0.0;0.0;0.0;0.0;0.033856;0.0;0.0;0.0;0.0;0.0;0.0;-1.0;0.0;0.0;0.0;0.0;0.0;0.0;0.0;0.0;0.0;0.0;0.0;0.0;0.0;0.0,1778833854,813126450
1443,1778833854,874599893,gps,2.116,-2.019,-0.114,0.0,0.0,0.0,0.034225;0.0;0.0;0.0;0.0;0.0;0.0;0.034225;0.0;0.0;0.0;0.0;0.0;0.0;0.034225;0.0;0.0;0.0;0.0;0.0;0.0;-1.0;0.0;0.0;0.0;0.0;0.0;0.0;0.0;0.0;0.0;0.0;0.0;0.0;0.0;0.0,1778833854,935876946
1444,1778833854,999599829,gps,2.291,-2.1510000000000002,-0.116,0.0,0.0,0.0,0.033489;0.0;0.0;0.0;0.0;0.0;0.0;0.033489;0.0;0.0;0.0;0.0;0.0;0.0;0.033489;0.0;0.0;0.0;0.0;0.0;0.0;-1.0;0.0;0.0;0.0;0.0;0.0;0.0;0.0;0.0;0.0;0.0;0.0;0.0;0.0;0.0,1778833855,68507165
1445,1778833855,124599764,gps,2.279,-2.166,-0.101,0.0,0.0,0.0,0.033489;0.0;0.0;0.0;0.0;0.0;0.0;0.033489;0.0;0.0;0.0;0.0;0.0;0.0;0.033489;0.0;0.0;0.0;0.0;0.0;0.0;-1.0;0.0;0.0;0.0;0.0;0.0;0.0;0.0;0.0;0.0;0.0;0.0;0.0;0.0;0.0,1778833855,189051812
1446,1778833855,249599699,gps,2.422,-2.32,-0.115,0.0,0.0,0.0,0.033489;0.0;0.0;0.0;0.0;0.0;0.0;0.033489;0.0;0.0;0.0;0.0;0.0;0.0;0.033489;0.0;0.0;0.0;0.0;0.0;0.0;-1.0;0.0;0.0;0.0;0.0;0.0;0.0;0.0;0.0;0.0;0.0;0.0;0.0;0.0;0.0,1778833855,314111542
1447,1778833855,374599634,gps,2.486,-2.339,-0.116,0.0,0.0,0.0,0.033489;0.0;0.0;0.0;0.0;0.0;0.0;0.033489;0.0;0.0;0.0;0.0;0.0;0.0;0.033489;0.0;0.0;0.0;0.0;0.0;0.0;-1.0;0.0;0.0;0.0;0.0;0.0;0.0;0.0;0.0;0.0;0.0;0.0;0.0;0.0;0.0,1778833855,437489003
1448,1778833855,499599570,gps,2.62,-2.434,-0.124,0.0,0.0,0.0,0.033124;0.0;0.0;0.0;0.0;0.0;0.0;0.033124;0.0;0.0;0.0;0.0;0.0;0.0;0.033124;0.0;0.0;0.0;0.0;0.0;0.0;-1.0;0.0;0.0;0.0;0.0;0.0;0.0;0.0;0.0;0.0;0.0;0.0;0.0;0.0;0.0,1778833855,562397976
1449,1778833855,624599505,gps,2.708,-2.452,-0.111,0.0,0.0,0.0,0.033489;0.0;0.0;0.0;0.0;0.0;0.0;0.033489;0.0;0.0;0.0;0.0;0.0;0.0;0.033489;0.0;0.0;0.0;0.0;0.0;0.0;-1.0;0.0;0.0;0.0;0.0;0.0;0.0;0.0;0.0;0.0;0.0;0.0;0.0;0.0;0.0,1778833855,689191971
1450,1778833855,749599440,gps,2.716,-2.584,-0.124,0.0,0.0,0.0,0.033489;0.0;0.0;0.0;0.0;0.0;0.0;0.033489;0.0;0.0;0.0;0.0;0.0;0.0;0.033489;0.0;0.0;0.0;0.0;0.0;0.0;-1.0;0.0;0.0;0.0;0.0;0.0;0.0;0.0;0.0;0.0;0.0;0.0;0.0;0.0;0.0,1778833855,813479357
1451,1778833855,874599376,gps,2.7600000000000002,-2.571,-0.124,0.0,0.0,0.0,0.033856;0.0;0.0;0.0;0.0;0.0;0.0;0.033856;0.0;0.0;0.0;0.0;0.0;0.0;0.033856;0.0;0.0;0.0;0.0;0.0;0.0;-1.0;0.0;0.0;0.0;0.0;0.0;0.0;0.0;0.0;0.0;0.0;0.0;0.0;0.0;0.0,1778833855,938343091
1452,1778833855,999599312,gps,2.867,-2.598,-0.11,0.0,0.0,0.0,0.033856;0.0;0.0;0.0;0.0;0.0;0.0;0.033856;0.0;0.0;0.0;0.0;0.0;0.0;0.033856;0.0;0.0;0.0;0.0;0.0;0.0;-1.0;0.0;0.0;0.0;0.0;0.0;0.0;0.0;0.0;0.0;0.0;0.0;0.0;0.0;0.0,1778833856,68400857
1453,1778833856,124599247,gps,2.779,-2.715,-0.124,0.0,0.0,0.0,0.034596;0.0;0.0;0.0;0.0;0.0;0.0;0.034596;0.0;0.0;0.0;0.0;0.0;0.0;0.034596;0.0;0.0;0.0;0.0;0.0;0.0;-1.0;0.0;0.0;0.0;0.0;0.0;0.0;0.0;0.0;0.0;0.0;0.0;0.0;0.0;0.0,1778833856,188267129
1454,1778833856,249599182,gps,2.834,-2.757,-0.115,0.0,0.0,0.0,0.034596;0.0;0.0;0.0;0.0;0.0;0.0;0.034596;0.0;0.0;0.0;0.0;0.0;0.0;0.034596;0.0;0.0;0.0;0.0;0.0;0.0;-1.0;0.0;0.0;0.0;0.0;0.0;0.0;0.0;0.0;0.0;0.0;0.0;0.0;0.0;0.0,1778833856,314382802
1455,1778833856,374599117,gps,2.749,-2.642,-0.113,0.0,0.0,0.0,0.034596;0.0;0.0;0.0;0.0;0.0;0.0;0.034596;0.0;0.0;0.0;0.0;0.0;0.0;0.034596;0.0;0.0;0.0;0.0;0.0;0.0;-1.0;0.0;0.0;0.0;0.0;0.0;0.0;0.0;0.0;0.0;0.0;0.0;0.0;0.0;0.0,1778833856,438194741
1456,1778833856,499599053,gps,2.678,-2.626,-0.114,0.0,0.0,0.0,0.033856;0.0;0.0;0.0;0.0;0.0;0.0;0.033856;0.0;0.0;0.0;0.0;0.0;0.0;0.033856;0.0;0.0;0.0;0.0;0.0;0.0;-1.0;0.0;0.0;0.0;0.0;0.0;0.0;0.0;0.0;0.0;0.0;0.0;0.0;0.0;0.0,1778833856,564403785
1457,1778833856,624598988,gps,2.613,-2.548,-0.123,0.0,0.0,0.0,0.034225;0.0;0.0;0.0;0.0;0.0;0.0;0.034225;0.0;0.0;0.0;0.0;0.0;0.0;0.034225;0.0;0.0;0.0;0.0;0.0;0.0;-1.0;0.0;0.0;0.0;0.0;0.0;0.0;0.0;0.0;0.0;0.0;0.0;0.0;0.0;0.0,1778833856,689252224
1458,1778833856,749598924,gps,2.578,-2.5060000000000002,-0.10300000000000001,0.0,0.0,0.0,0.034225;0.0;0.0;0.0;0.0;0.0;0.0;0.034225;0.0;0.0;0.0;0.0;0.0;0.0;0.034225;0.0;0.0;0.0;0.0;0.0;0.0;-1.0;0.0;0.0;0.0;0.0;0.0;0.0;0.0;0.0;0.0;0.0;0.0;0.0;0.0;0.0,1778833856,811278846
1459,1778833856,874598859,gps,2.533,-2.489,-0.11,0.0,0.0,0.0,0.034596;0.0;0.0;0.0;0.0;0.0;0.0;0.034596;0.0;0.0;0.0;0.0;0.0;0.0;0.034596;0.0;0.0;0.0;0.0;0.0;0.0;-1.0;0.0;0.0;0.0;0.0;0.0;0.0;0.0;0.0;0.0;0.0;0.0;0.0;0.0;0.0,1778833856,938103637
1460,1778833856,999598795,gps,2.552,-2.338,-0.097,0.0,0.0,0.0,0.034225;0.0;0.0;0.0;0.0;0.0;0.0;0.034225;0.0;0.0;0.0;0.0;0.0;0.0;0.034225;0.0;0.0;0.0;0.0;0.0;0.0;-1.0;0.0;0.0;0.0;0.0;0.0;0.0;0.0;0.0;0.0;0.0;0.0;0.0;0.0;0.0,1778833857,68235028
1461,1778833857,124598730,gps,2.45,-2.2920000000000003,-0.098,0.0,0.0,0.0,0.034225;0.0;0.0;0.0;0.0;0.0;0.0;0.034225;0.0;0.0;0.0;0.0;0.0;0.0;0.034225;0.0;0.0;0.0;0.0;0.0;0.0;-1.0;0.0;0.0;0.0;0.0;0.0;0.0;0.0;0.0;0.0;0.0;0.0;0.0;0.0;0.0,1778833857,188942468
1462,1778833857,249598665,gps,2.48,-2.298,-0.106,0.0,0.0,0.0,0.034969;0.0;0.0;0.0;0.0;0.0;0.0;0.034969;0.0;0.0;0.0;0.0;0.0;0.0;0.034969;0.0;0.0;0.0;0.0;0.0;0.0;-1.0;0.0;0.0;0.0;0.0;0.0;0.0;0.0;0.0;0.0;0.0;0.0;0.0;0.0;0.0,1778833857,314456870
1463,1778833857,374598600,gps,2.316,-2.1470000000000002,-0.1,0.0,0.0,0.0,0.034969;0.0;0.0;0.0;0.0;0.0;0.0;0.034969;0.0;0.0;0.0;0.0;0.0;0.0;0.034969;0.0;0.0;0.0;0.0;0.0;0.0;-1.0;0.0;0.0;0.0;0.0;0.0;0.0;0.0;0.0;0.0;0.0;0.0;0.0;0.0;0.0,1778833857,438573656
1464,1778833857,499598536,gps,2.312,-1.95,-0.10300000000000001,0.0,0.0,0.0,0.034969;0.0;0.0;0.0;0.0;0.0;0.0;0.034969;0.0;0.0;0.0;0.0;0.0;0.0;0.034969;0.0;0.0;0.0;0.0;0.0;0.0;-1.0;0.0;0.0;0.0;0.0;0.0;0.0;0.0;0.0;0.0;0.0;0.0;0.0;0.0;0.0,1778833857,563350758
1465,1778833857,624598471,gps,2.224,-2.029,-0.113,0.0,0.0,0.0,0.034969;0.0;0.0;0.0;0.0;0.0;0.0;0.034969;0.0;0.0;0.0;0.0;0.0;0.0;0.034969;0.0;0.0;0.0;0.0;0.0;0.0;-1.0;0.0;0.0;0.0;0.0;0.0;0.0;0.0;0.0;0.0;0.0;0.0;0.0;0.0;0.0,1778833857,684931983
1466,1778833857,749598407,gps,2.208,-2.0100000000000002,-0.10400000000000001,0.0,0.0,0.0,0.034596;0.0;0.0;0.0;0.0;0.0;0.0;0.034596;0.0;0.0;0.0;0.0;0.0;0.0;0.034596;0.0;0.0;0.0;0.0;0.0;0.0;-1.0;0.0;0.0;0.0;0.0;0.0;0.0;0.0;0.0;0.0;0.0;0.0;0.0;0.0;0.0,1778833857,813009041
1467,1778833857,874598342,gps,2.192,-2.084,-0.12,0.0,0.0,0.0,0.034596;0.0;0.0;0.0;0.0;0.0;0.0;0.034596;0.0;0.0;0.0;0.0;0.0;0.0;0.034596;0.0;0.0;0.0;0.0;0.0;0.0;-1.0;0.0;0.0;0.0;0.0;0.0;0.0;0.0;0.0;0.0;0.0;0.0;0.0;0.0;0.0,1778833857,937253283
1468,1778833857,999598278,gps,2.3000000000000003,-2.001,-0.121,0.0,0.0,0.0,0.034969;0.0;0.0;0.0;0.0;0.0;0.0;0.034969;0.0;0.0;0.0;0.0;0.0;0.0;0.034969;0.0;0.0;0.0;0.0;0.0;0.0;-1.0;0.0;0.0;0.0;0.0;0.0;0.0;0.0;0.0;0.0;0.0;0.0;0.0;0.0;0.0,1778833858,68417669
1469,1778833858,124598213,gps,2.338,-2.125,-0.098,0.0,0.0,0.0,0.034225;0.0;0.0;0.0;0.0;0.0;0.0;0.034225;0.0;0.0;0.0;0.0;0.0;0.0;0.034225;0.0;0.0;0.0;0.0;0.0;0.0;-1.0;0.0;0.0;0.0;0.0;0.0;0.0;0.0;0.0;0.0;0.0;0.0;0.0;0.0;0.0,1778833858,189517529
1470,1778833858,249598148,gps,2.257,-2.303,-0.111,0.0,0.0,0.0,0.034596;0.0;0.0;0.0;0.0;0.0;0.0;0.034596;0.0;0.0;0.0;0.0;0.0;0.0;0.034596;0.0;0.0;0.0;0.0;0.0;0.0;-1.0;0.0;0.0;0.0;0.0;0.0;0.0;0.0;0.0;0.0;0.0;0.0;0.0;0.0;0.0,1778833858,315229233
1471,1778833858,374598084,gps,2.394,-2.322,-0.08700000000000001,0.0,0.0,0.0,0.034596;0.0;0.0;0.0;0.0;0.0;0.0;0.034596;0.0;0.0;0.0;0.0;0.0;0.0;0.034596;0.0;0.0;0.0;0.0;0.0;0.0;-1.0;0.0;0.0;0.0;0.0;0.0;0.0;0.0;0.0;0.0;0.0;0.0;0.0;0.0;0.0,1778833858,437600702
1472,1778833858,499598019,gps,2.561,-2.4090000000000003,-0.095,0.0,0.0,0.0,0.034596;0.0;0.0;0.0;0.0;0.0;0.0;0.034596;0.0;0.0;0.0;0.0;0.0;0.0;0.034596;0.0;0.0;0.0;0.0;0.0;0.0;-1.0;0.0;0.0;0.0;0.0;0.0;0.0;0.0;0.0;0.0;0.0;0.0;0.0;0.0;0.0,1778833858,559228659
1473,1778833858,624597954,gps,2.599,-2.498,-0.105,0.0,0.0,0.0,0.034969;0.0;0.0;0.0;0.0;0.0;0.0;0.034969;0.0;0.0;0.0;0.0;0.0;0.0;0.034969;0.0;0.0;0.0;0.0;0.0;0.0;-1.0;0.0;0.0;0.0;0.0;0.0;0.0;0.0;0.0;0.0;0.0;0.0;0.0;0.0;0.0,1778833858,688894601
1474,1778833858,749597890,gps,2.604,-2.453,-0.093,0.0,0.0,0.0,0.034225;0.0;0.0;0.0;0.0;0.0;0.0;0.034225;0.0;0.0;0.0;0.0;0.0;0.0;0.034225;0.0;0.0;0.0;0.0;0.0;0.0;-1.0;0.0;0.0;0.0;0.0;0.0;0.0;0.0;0.0;0.0;0.0;0.0;0.0;0.0;0.0,1778833858,814141807
1475,1778833858,874597825,gps,2.658,-2.414,-0.1,0.0,0.0,0.0,0.037249000000000004;0.0;0.0;0.0;0.0;0.0;0.0;0.037249000000000004;0.0;0.0;0.0;0.0;0.0;0.0;0.037249000000000004;0.0;0.0;0.0;0.0;0.0;0.0;-1.0;0.0;0.0;0.0;0.0;0.0;0.0;0.0;0.0;0.0;0.0;0.0;0.0;0.0;0.0,1778833858,938296815
1476,1778833858,999597761,gps,2.5380000000000003,-2.451,-0.089,0.0,0.0,0.0,0.038025;0.0;0.0;0.0;0.0;0.0;0.0;0.038025;0.0;0.0;0.0;0.0;0.0;0.0;0.038025;0.0;0.0;0.0;0.0;0.0;0.0;-1.0;0.0;0.0;0.0;0.0;0.0;0.0;0.0;0.0;0.0;0.0;0.0;0.0;0.0;0.0,1778833859,68584360
1477,1778833859,124597696,gps,2.352,-2.3930000000000002,-0.111,0.0,0.0,0.0,0.038809;0.0;0.0;0.0;0.0;0.0;0.0;0.038809;0.0;0.0;0.0;0.0;0.0;0.0;0.038809;0.0;0.0;0.0;0.0;0.0;0.0;-1.0;0.0;0.0;0.0;0.0;0.0;0.0;0.0;0.0;0.0;0.0;0.0;0.0;0.0;0.0,1778833859,188290082
1478,1778833859,249597631,gps,2.347,-2.36,-0.093,0.0,0.0,0.0,0.038809;0.0;0.0;0.0;0.0;0.0;0.0;0.038809;0.0;0.0;0.0;0.0;0.0;0.0;0.038809;0.0;0.0;0.0;0.0;0.0;0.0;-1.0;0.0;0.0;0.0;0.0;0.0;0.0;0.0;0.0;0.0;0.0;0.0;0.0;0.0;0.0,1778833859,313465940
1479,1778833859,374597567,gps,2.222,-2.376,-0.094,0.0,0.0,0.0,0.035721;0.0;0.0;0.0;0.0;0.0;0.0;0.035721;0.0;0.0;0.0;0.0;0.0;0.0;0.035721;0.0;0.0;0.0;0.0;0.0;0.0;-1.0;0.0;0.0;0.0;0.0;0.0;0.0;0.0;0.0;0.0;0.0;0.0;0.0;0.0;0.0,1778833859,436290114
1480,1778833859,499597502,gps,2.125,-2.336,-0.094,0.0,0.0,0.0,0.034596;0.0;0.0;0.0;0.0;0.0;0.0;0.034596;0.0;0.0;0.0;0.0;0.0;0.0;0.034596;0.0;0.0;0.0;0.0;0.0;0.0;-1.0;0.0;0.0;0.0;0.0;0.0;0.0;0.0;0.0;0.0;0.0;0.0;0.0;0.0;0.0,1778833859,563446932
1481,1778833859,624597437,gps,2.004,-2.0180000000000002,-0.094,0.0,0.0,0.0,0.033124;0.0;0.0;0.0;0.0;0.0;0.0;0.033124;0.0;0.0;0.0;0.0;0.0;0.0;0.033124;0.0;0.0;0.0;0.0;0.0;0.0;-1.0;0.0;0.0;0.0;0.0;0.0;0.0;0.0;0.0;0.0;0.0;0.0;0.0;0.0;0.0,1778833859,688999062
1482,1778833859,749597373,gps,1.994,-1.985,-0.101,0.0,0.0,0.0,0.033124;0.0;0.0;0.0;0.0;0.0;0.0;0.033124;0.0;0.0;0.0;0.0;0.0;0.0;0.033124;0.0;0.0;0.0;0.0;0.0;0.0;-1.0;0.0;0.0;0.0;0.0;0.0;0.0;0.0;0.0;0.0;0.0;0.0;0.0;0.0;0.0,1778833859,812462147
1483,1778833859,874597308,gps,1.82,-1.921,-0.10300000000000001,0.0,0.0,0.0,0.033489;0.0;0.0;0.0;0.0;0.0;0.0;0.033489;0.0;0.0;0.0;0.0;0.0;0.0;0.033489;0.0;0.0;0.0;0.0;0.0;0.0;-1.0;0.0;0.0;0.0;0.0;0.0;0.0;0.0;0.0;0.0;0.0;0.0;0.0;0.0;0.0,1778833859,936434268
1484,1778833859,999597245,gps,1.8,-1.749,-0.073,0.0,0.0,0.0,0.033489;0.0;0.0;0.0;0.0;0.0;0.0;0.033489;0.0;0.0;0.0;0.0;0.0;0.0;0.033489;0.0;0.0;0.0;0.0;0.0;0.0;-1.0;0.0;0.0;0.0;0.0;0.0;0.0;0.0;0.0;0.0;0.0;0.0;0.0;0.0;0.0,1778833860,66660735
1485,1778833860,124597179,gps,1.721,-1.7570000000000001,-0.077,0.0,0.0,0.0,0.033856;0.0;0.0;0.0;0.0;0.0;0.0;0.033856;0.0;0.0;0.0;0.0;0.0;0.0;0.033856;0.0;0.0;0.0;0.0;0.0;0.0;-1.0;0.0;0.0;0.0;0.0;0.0;0.0;0.0;0.0;0.0;0.0;0.0;0.0;0.0;0.0,1778833860,187086407
1486,1778833860,249597115,gps,1.6360000000000001,-1.571,-0.105,0.0,0.0,0.0,0.033124;0.0;0.0;0.0;0.0;0.0;0.0;0.033124;0.0;0.0;0.0;0.0;0.0;0.0;0.033124;0.0;0.0;0.0;0.0;0.0;0.0;-1.0;0.0;0.0;0.0;0.0;0.0;0.0;0.0;0.0;0.0;0.0;0.0;0.0;0.0;0.0,1778833860,313008654
1487,1778833860,374597050,gps,1.562,-1.553,-0.096,0.0,0.0,0.0,0.033489;0.0;0.0;0.0;0.0;0.0;0.0;0.033489;0.0;0.0;0.0;0.0;0.0;0.0;0.033489;0.0;0.0;0.0;0.0;0.0;0.0;-1.0;0.0;0.0;0.0;0.0;0.0;0.0;0.0;0.0;0.0;0.0;0.0;0.0;0.0;0.0,1778833860,437244575
1488,1778833860,499596985,gps,1.485,-1.5190000000000001,-0.088,0.0,0.0,0.0,0.032761;0.0;0.0;0.0;0.0;0.0;0.0;0.032761;0.0;0.0;0.0;0.0;0.0;0.0;0.032761;0.0;0.0;0.0;0.0;0.0;0.0;-1.0;0.0;0.0;0.0;0.0;0.0;0.0;0.0;0.0;0.0;0.0;0.0;0.0;0.0;0.0,1778833860,561118115
1489,1778833860,624596921,gps,1.561,-1.6400000000000001,-0.08,0.0,0.0,0.0,0.033124;0.0;0.0;0.0;0.0;0.0;0.0;0.033124;0.0;0.0;0.0;0.0;0.0;0.0;0.033124;0.0;0.0;0.0;0.0;0.0;0.0;-1.0;0.0;0.0;0.0;0.0;0.0;0.0;0.0;0.0;0.0;0.0;0.0;0.0;0.0;0.0,1778833860,686532331
1490,1778833860,749596856,gps,1.605,-1.5050000000000001,-0.08600000000000001,0.0,0.0,0.0,0.033124;0.0;0.0;0.0;0.0;0.0;0.0;0.033124;0.0;0.0;0.0;0.0;0.0;0.0;0.033124;0.0;0.0;0.0;0.0;0.0;0.0;-1.0;0.0;0.0;0.0;0.0;0.0;0.0;0.0;0.0;0.0;0.0;0.0;0.0;0.0;0.0,1778833860,811271319
1491,1778833860,874596792,gps,1.721,-1.464,-0.077,0.0,0.0,0.0,0.033124;0.0;0.0;0.0;0.0;0.0;0.0;0.033124;0.0;0.0;0.0;0.0;0.0;0.0;0.033124;0.0;0.0;0.0;0.0;0.0;0.0;-1.0;0.0;0.0;0.0;0.0;0.0;0.0;0.0;0.0;0.0;0.0;0.0;0.0;0.0;0.0,1778833860,936100330
1492,1778833860,999596728,gps,1.699,-1.587,-0.088,0.0,0.0,0.0,0.032761;0.0;0.0;0.0;0.0;0.0;0.0;0.032761;0.0;0.0;0.0;0.0;0.0;0.0;0.032761;0.0;0.0;0.0;0.0;0.0;0.0;-1.0;0.0;0.0;0.0;0.0;0.0;0.0;0.0;0.0;0.0;0.0;0.0;0.0;0.0;0.0,1778833861,65339274
1493,1778833861,124596662,gps,1.877,-1.704,-0.092,0.0,0.0,0.0,0.033124;0.0;0.0;0.0;0.0;0.0;0.0;0.033124;0.0;0.0;0.0;0.0;0.0;0.0;0.033124;0.0;0.0;0.0;0.0;0.0;0.0;-1.0;0.0;0.0;0.0;0.0;0.0;0.0;0.0;0.0;0.0;0.0;0.0;0.0;0.0;0.0,1778833861,187310997
1494,1778833861,249596598,gps,1.991,-1.747,-0.081,0.0,0.0,0.0,0.033124;0.0;0.0;0.0;0.0;0.0;0.0;0.033124;0.0;0.0;0.0;0.0;0.0;0.0;0.033124;0.0;0.0;0.0;0.0;0.0;0.0;-1.0;0.0;0.0;0.0;0.0;0.0;0.0;0.0;0.0;0.0;0.0;0.0;0.0;0.0;0.0,1778833861,309973168
1495,1778833861,374596533,gps,2.103,-1.804,-0.08600000000000001,0.0,0.0,0.0,0.0324;0.0;0.0;0.0;0.0;0.0;0.0;0.0324;0.0;0.0;0.0;0.0;0.0;0.0;0.0324;0.0;0.0;0.0;0.0;0.0;0.0;-1.0;0.0;0.0;0.0;0.0;0.0;0.0;0.0;0.0;0.0;0.0;0.0;0.0;0.0;0.0,1778833861,436101989
1496,1778833861,499596469,gps,2.134,-2.039,-0.084,0.0,0.0,0.0,0.0324;0.0;0.0;0.0;0.0;0.0;0.0;0.0324;0.0;0.0;0.0;0.0;0.0;0.0;0.0324;0.0;0.0;0.0;0.0;0.0;0.0;-1.0;0.0;0.0;0.0;0.0;0.0;0.0;0.0;0.0;0.0;0.0;0.0;0.0;0.0;0.0,1778833861,560597940
1497,1778833861,624596404,gps,2.2640000000000002,-1.949,-0.08,0.0,0.0,0.0,0.032761;0.0;0.0;0.0;0.0;0.0;0.0;0.032761;0.0;0.0;0.0;0.0;0.0;0.0;0.032761;0.0;0.0;0.0;0.0;0.0;0.0;-1.0;0.0;0.0;0.0;0.0;0.0;0.0;0.0;0.0;0.0;0.0;0.0;0.0;0.0;0.0,1778833861,686308670
1498,1778833861,749596340,gps,2.293,-2.054,-0.092,0.0,0.0,0.0,0.033489;0.0;0.0;0.0;0.0;0.0;0.0;0.033489;0.0;0.0;0.0;0.0;0.0;0.0;0.033489;0.0;0.0;0.0;0.0;0.0;0.0;-1.0;0.0;0.0;0.0;0.0;0.0;0.0;0.0;0.0;0.0;0.0;0.0;0.0;0.0;0.0,1778833861,811662381
1499,1778833861,874596275,gps,2.221,-2.104,-0.069,0.0,0.0,0.0,0.034225;0.0;0.0;0.0;0.0;0.0;0.0;0.034225;0.0;0.0;0.0;0.0;0.0;0.0;0.034225;0.0;0.0;0.0;0.0;0.0;0.0;-1.0;0.0;0.0;0.0;0.0;0.0;0.0;0.0;0.0;0.0;0.0;0.0;0.0;0.0;0.0,1778833861,936058053
1500,1778833861,999596211,gps,2.1710000000000003,-2.191,-0.094,0.0,0.0,0.0,0.034596;0.0;0.0;0.0;0.0;0.0;0.0;0.034596;0.0;0.0;0.0;0.0;0.0;0.0;0.034596;0.0;0.0;0.0;0.0;0.0;0.0;-1.0;0.0;0.0;0.0;0.0;0.0;0.0;0.0;0.0;0.0;0.0;0.0;0.0;0.0;0.0,1778833862,66247997
1501,1778833862,124596146,gps,2.216,-2.1510000000000002,-0.088,0.0,0.0,0.0,0.034596;0.0;0.0;0.0;0.0;0.0;0.0;0.034596;0.0;0.0;0.0;0.0;0.0;0.0;0.034596;0.0;0.0;0.0;0.0;0.0;0.0;-1.0;0.0;0.0;0.0;0.0;0.0;0.0;0.0;0.0;0.0;0.0;0.0;0.0;0.0;0.0,1778833862,182265543
1502,1778833862,249596081,gps,2.242,-2.093,-0.085,0.0,0.0,0.0,0.0324;0.0;0.0;0.0;0.0;0.0;0.0;0.0324;0.0;0.0;0.0;0.0;0.0;0.0;0.0324;0.0;0.0;0.0;0.0;0.0;0.0;-1.0;0.0;0.0;0.0;0.0;0.0;0.0;0.0;0.0;0.0;0.0;0.0;0.0;0.0;0.0,1778833862,312408859
1503,1778833862,374596017,gps,2.16,-2.1390000000000002,-0.101,0.0,0.0,0.0,0.032041;0.0;0.0;0.0;0.0;0.0;0.0;0.032041;0.0;0.0;0.0;0.0;0.0;0.0;0.032041;0.0;0.0;0.0;0.0;0.0;0.0;-1.0;0.0;0.0;0.0;0.0;0.0;0.0;0.0;0.0;0.0;0.0;0.0;0.0;0.0;0.0,1778833862,435466054
1504,1778833862,499595952,gps,2.179,-2.204,-0.096,0.0,0.0,0.0,0.033489;0.0;0.0;0.0;0.0;0.0;0.0;0.033489;0.0;0.0;0.0;0.0;0.0;0.0;0.033489;0.0;0.0;0.0;0.0;0.0;0.0;-1.0;0.0;0.0;0.0;0.0;0.0;0.0;0.0;0.0;0.0;0.0;0.0;0.0;0.0;0.0,1778833862,562120030
1505,1778833862,624595887,gps,2.218,-2.188,-0.08600000000000001,0.0,0.0,0.0,0.033856;0.0;0.0;0.0;0.0;0.0;0.0;0.033856;0.0;0.0;0.0;0.0;0.0;0.0;0.033856;0.0;0.0;0.0;0.0;0.0;0.0;-1.0;0.0;0.0;0.0;0.0;0.0;0.0;0.0;0.0;0.0;0.0;0.0;0.0;0.0;0.0,1778833862,687615993
1506,1778833862,749595823,gps,2.231,-2.22,-0.098,0.0,0.0,0.0,0.033489;0.0;0.0;0.0;0.0;0.0;0.0;0.033489;0.0;0.0;0.0;0.0;0.0;0.0;0.033489;0.0;0.0;0.0;0.0;0.0;0.0;-1.0;0.0;0.0;0.0;0.0;0.0;0.0;0.0;0.0;0.0;0.0;0.0;0.0;0.0;0.0,1778833862,812274043
1507,1778833862,874595758,gps,2.248,-2.308,-0.097,0.0,0.0,0.0,0.033124;0.0;0.0;0.0;0.0;0.0;0.0;0.033124;0.0;0.0;0.0;0.0;0.0;0.0;0.033124;0.0;0.0;0.0;0.0;0.0;0.0;-1.0;0.0;0.0;0.0;0.0;0.0;0.0;0.0;0.0;0.0;0.0;0.0;0.0;0.0;0.0,1778833862,936099180
1508,1778833862,999595695,gps,2.307,-2.314,-0.089,0.0,0.0,0.0,0.031684;0.0;0.0;0.0;0.0;0.0;0.0;0.031684;0.0;0.0;0.0;0.0;0.0;0.0;0.031684;0.0;0.0;0.0;0.0;0.0;0.0;-1.0;0.0;0.0;0.0;0.0;0.0;0.0;0.0;0.0;0.0;0.0;0.0;0.0;0.0;0.0,1778833863,61574783
1509,1778833863,124595629,gps,2.3000000000000003,-2.364,-0.115,0.0,0.0,0.0,0.031684;0.0;0.0;0.0;0.0;0.0;0.0;0.031684;0.0;0.0;0.0;0.0;0.0;0.0;0.031684;0.0;0.0;0.0;0.0;0.0;0.0;-1.0;0.0;0.0;0.0;0.0;0.0;0.0;0.0;0.0;0.0;0.0;0.0;0.0;0.0;0.0,1778833863,188365887
1510,1778833863,249595565,gps,2.408,-2.508,-0.11,0.0,0.0,0.0,0.031328999999999996;0.0;0.0;0.0;0.0;0.0;0.0;0.031328999999999996;0.0;0.0;0.0;0.0;0.0;0.0;0.031328999999999996;0.0;0.0;0.0;0.0;0.0;0.0;-1.0;0.0;0.0;0.0;0.0;0.0;0.0;0.0;0.0;0.0;0.0;0.0;0.0;0.0;0.0,1778833863,313393726
1511,1778833863,374595500,gps,2.378,-2.485,-0.1,0.0,0.0,0.0,0.031328999999999996;0.0;0.0;0.0;0.0;0.0;0.0;0.031328999999999996;0.0;0.0;0.0;0.0;0.0;0.0;0.031328999999999996;0.0;0.0;0.0;0.0;0.0;0.0;-1.0;0.0;0.0;0.0;0.0;0.0;0.0;0.0;0.0;0.0;0.0;0.0;0.0;0.0;0.0,1778833863,438093982
1512,1778833863,499595435,gps,2.598,-2.225,-0.10200000000000001,0.0,0.0,0.0,0.032041;0.0;0.0;0.0;0.0;0.0;0.0;0.032041;0.0;0.0;0.0;0.0;0.0;0.0;0.032041;0.0;0.0;0.0;0.0;0.0;0.0;-1.0;0.0;0.0;0.0;0.0;0.0;0.0;0.0;0.0;0.0;0.0;0.0;0.0;0.0;0.0,1778833863,561515489
1513,1778833863,624595371,gps,2.491,-2.235,-0.094,0.0,0.0,0.0,0.031684;0.0;0.0;0.0;0.0;0.0;0.0;0.031684;0.0;0.0;0.0;0.0;0.0;0.0;0.031684;0.0;0.0;0.0;0.0;0.0;0.0;-1.0;0.0;0.0;0.0;0.0;0.0;0.0;0.0;0.0;0.0;0.0;0.0;0.0;0.0;0.0,1778833863,687580477
1514,1778833863,749595306,gps,2.427,-2.172,-0.085,0.0,0.0,0.0,0.031328999999999996;0.0;0.0;0.0;0.0;0.0;0.0;0.031328999999999996;0.0;0.0;0.0;0.0;0.0;0.0;0.031328999999999996;0.0;0.0;0.0;0.0;0.0;0.0;-1.0;0.0;0.0;0.0;0.0;0.0;0.0;0.0;0.0;0.0;0.0;0.0;0.0;0.0;0.0,1778833863,811442848
1515,1778833863,874595242,gps,2.311,-2.1310000000000002,-0.093,0.0,0.0,0.0,0.031684;0.0;0.0;0.0;0.0;0.0;0.0;0.031684;0.0;0.0;0.0;0.0;0.0;0.0;0.031684;0.0;0.0;0.0;0.0;0.0;0.0;-1.0;0.0;0.0;0.0;0.0;0.0;0.0;0.0;0.0;0.0;0.0;0.0;0.0;0.0;0.0,1778833863,934257201
1516,1778833863,999595178,gps,2.391,-2.068,-0.111,0.0,0.0,0.0,0.032041;0.0;0.0;0.0;0.0;0.0;0.0;0.032041;0.0;0.0;0.0;0.0;0.0;0.0;0.032041;0.0;0.0;0.0;0.0;0.0;0.0;-1.0;0.0;0.0;0.0;0.0;0.0;0.0;0.0;0.0;0.0;0.0;0.0;0.0;0.0;0.0,1778833864,66204535
1517,1778833864,124595113,gps,2.376,-1.997,-0.09,0.0,0.0,0.0,0.0324;0.0;0.0;0.0;0.0;0.0;0.0;0.0324;0.0;0.0;0.0;0.0;0.0;0.0;0.0324;0.0;0.0;0.0;0.0;0.0;0.0;-1.0;0.0;0.0;0.0;0.0;0.0;0.0;0.0;0.0;0.0;0.0;0.0;0.0;0.0;0.0,1778833864,188796258
1518,1778833864,249595048,gps,2.273,-2.054,-0.095,0.0,0.0,0.0,0.032041;0.0;0.0;0.0;0.0;0.0;0.0;0.032041;0.0;0.0;0.0;0.0;0.0;0.0;0.032041;0.0;0.0;0.0;0.0;0.0;0.0;-1.0;0.0;0.0;0.0;0.0;0.0;0.0;0.0;0.0;0.0;0.0;0.0;0.0;0.0;0.0,1778833864,313201468
1519,1778833864,374594983,gps,2.1590000000000003,-1.965,-0.093,0.0,0.0,0.0,0.032041;0.0;0.0;0.0;0.0;0.0;0.0;0.032041;0.0;0.0;0.0;0.0;0.0;0.0;0.032041;0.0;0.0;0.0;0.0;0.0;0.0;-1.0;0.0;0.0;0.0;0.0;0.0;0.0;0.0;0.0;0.0;0.0;0.0;0.0;0.0;0.0,1778833864,435595414
1520,1778833864,499594919,gps,2.157,-1.944,-0.082,0.0,0.0,0.0,0.032041;0.0;0.0;0.0;0.0;0.0;0.0;0.032041;0.0;0.0;0.0;0.0;0.0;0.0;0.032041;0.0;0.0;0.0;0.0;0.0;0.0;-1.0;0.0;0.0;0.0;0.0;0.0;0.0;0.0;0.0;0.0;0.0;0.0;0.0;0.0;0.0,1778833864,561294922
1521,1778833864,624594854,gps,1.978,-1.98,-0.07200000000000001,0.0,0.0,0.0,0.031684;0.0;0.0;0.0;0.0;0.0;0.0;0.031684;0.0;0.0;0.0;0.0;0.0;0.0;0.031684;0.0;0.0;0.0;0.0;0.0;0.0;-1.0;0.0;0.0;0.0;0.0;0.0;0.0;0.0;0.0;0.0;0.0;0.0;0.0;0.0;0.0,1778833864,686943542
1522,1778833864,749594789,gps,2.013,-1.8,-0.082,0.0,0.0,0.0,0.0324;0.0;0.0;0.0;0.0;0.0;0.0;0.0324;0.0;0.0;0.0;0.0;0.0;0.0;0.0324;0.0;0.0;0.0;0.0;0.0;0.0;-1.0;0.0;0.0;0.0;0.0;0.0;0.0;0.0;0.0;0.0;0.0;0.0;0.0;0.0;0.0,1778833864,812186739
1523,1778833864,874594725,gps,1.796,-1.87,-0.08,0.0,0.0,0.0,0.030975999999999997;0.0;0.0;0.0;0.0;0.0;0.0;0.030975999999999997;0.0;0.0;0.0;0.0;0.0;0.0;0.030975999999999997;0.0;0.0;0.0;0.0;0.0;0.0;-1.0;0.0;0.0;0.0;0.0;0.0;0.0;0.0;0.0;0.0;0.0;0.0;0.0;0.0;0.0,1778833864,936756723
1524,1778833864,999594661,gps,1.865,-1.823,-0.051000000000000004,0.0,0.0,0.0,0.031684;0.0;0.0;0.0;0.0;0.0;0.0;0.031684;0.0;0.0;0.0;0.0;0.0;0.0;0.031684;0.0;0.0;0.0;0.0;0.0;0.0;-1.0;0.0;0.0;0.0;0.0;0.0;0.0;0.0;0.0;0.0;0.0;0.0;0.0;0.0;0.0,1778833865,66645459
1525,1778833865,124594596,gps,1.725,-1.814,-0.081,0.0,0.0,0.0,0.031328999999999996;0.0;0.0;0.0;0.0;0.0;0.0;0.031328999999999996;0.0;0.0;0.0;0.0;0.0;0.0;0.031328999999999996;0.0;0.0;0.0;0.0;0.0;0.0;-1.0;0.0;0.0;0.0;0.0;0.0;0.0;0.0;0.0;0.0;0.0;0.0;0.0;0.0;0.0,1778833865,187011511
1526,1778833865,249594531,gps,1.792,-1.71,-0.067,0.0,0.0,0.0,0.030625000000000006;0.0;0.0;0.0;0.0;0.0;0.0;0.030625000000000006;0.0;0.0;0.0;0.0;0.0;0.0;0.030625000000000006;0.0;0.0;0.0;0.0;0.0;0.0;-1.0;0.0;0.0;0.0;0.0;0.0;0.0;0.0;0.0;0.0;0.0;0.0;0.0;0.0;0.0,1778833865,312323238
1527,1778833865,374594467,gps,1.733,-1.7870000000000001,-0.094,0.0,0.0,0.0,0.030276000000000004;0.0;0.0;0.0;0.0;0.0;0.0;0.030276000000000004;0.0;0.0;0.0;0.0;0.0;0.0;0.030276000000000004;0.0;0.0;0.0;0.0;0.0;0.0;-1.0;0.0;0.0;0.0;0.0;0.0;0.0;0.0;0.0;0.0;0.0;0.0;0.0;0.0;0.0,1778833865,436311943
1528,1778833865,499594402,gps,1.834,-1.801,-0.089,0.0,0.0,0.0,0.030975999999999997;0.0;0.0;0.0;0.0;0.0;0.0;0.030975999999999997;0.0;0.0;0.0;0.0;0.0;0.0;0.030975999999999997;0.0;0.0;0.0;0.0;0.0;0.0;-1.0;0.0;0.0;0.0;0.0;0.0;0.0;0.0;0.0;0.0;0.0;0.0;0.0;0.0;0.0,1778833865,561639583
1529,1778833865,624594337,gps,1.793,-1.801,-0.089,0.0,0.0,0.0,0.030625000000000006;0.0;0.0;0.0;0.0;0.0;0.0;0.030625000000000006;0.0;0.0;0.0;0.0;0.0;0.0;0.030625000000000006;0.0;0.0;0.0;0.0;0.0;0.0;-1.0;0.0;0.0;0.0;0.0;0.0;0.0;0.0;0.0;0.0;0.0;0.0;0.0;0.0;0.0,1778833865,687680647
1530,1778833865,749594273,gps,1.84,-1.927,-0.098,0.0,0.0,0.0,0.029584000000000006;0.0;0.0;0.0;0.0;0.0;0.0;0.029584000000000006;0.0;0.0;0.0;0.0;0.0;0.0;0.029584000000000006;0.0;0.0;0.0;0.0;0.0;0.0;-1.0;0.0;0.0;0.0;0.0;0.0;0.0;0.0;0.0;0.0;0.0;0.0;0.0;0.0;0.0,1778833865,809387085
1531,1778833865,874594208,gps,1.885,-2.0,-0.093,0.0,0.0,0.0,0.029584000000000006;0.0;0.0;0.0;0.0;0.0;0.0;0.029584000000000006;0.0;0.0;0.0;0.0;0.0;0.0;0.029584000000000006;0.0;0.0;0.0;0.0;0.0;0.0;-1.0;0.0;0.0;0.0;0.0;0.0;0.0;0.0;0.0;0.0;0.0;0.0;0.0;0.0;0.0,1778833865,935996705
1532,1778833865,999594145,gps,2.016,-2.083,-0.097,0.0,0.0,0.0,0.029584000000000006;0.0;0.0;0.0;0.0;0.0;0.0;0.029584000000000006;0.0;0.0;0.0;0.0;0.0;0.0;0.029584000000000006;0.0;0.0;0.0;0.0;0.0;0.0;-1.0;0.0;0.0;0.0;0.0;0.0;0.0;0.0;0.0;0.0;0.0;0.0;0.0;0.0;0.0,1778833866,65378243
1533,1778833866,124594079,gps,2.051,-2.262,-0.092,0.0,0.0,0.0,0.029929000000000004;0.0;0.0;0.0;0.0;0.0;0.0;0.029929000000000004;0.0;0.0;0.0;0.0;0.0;0.0;0.029929000000000004;0.0;0.0;0.0;0.0;0.0;0.0;-1.0;0.0;0.0;0.0;0.0;0.0;0.0;0.0;0.0;0.0;0.0;0.0;0.0;0.0;0.0,1778833866,189011961
1534,1778833866,249594015,gps,2.1510000000000002,-2.295,-0.10300000000000001,0.0,0.0,0.0,0.029584000000000006;0.0;0.0;0.0;0.0;0.0;0.0;0.029584000000000006;0.0;0.0;0.0;0.0;0.0;0.0;0.029584000000000006;0.0;0.0;0.0;0.0;0.0;0.0;-1.0;0.0;0.0;0.0;0.0;0.0;0.0;0.0;0.0;0.0;0.0;0.0;0.0;0.0;0.0,1778833866,314569079
1535,1778833866,374593950,gps,2.236,-2.383,-0.107,0.0,0.0,0.0,0.029929000000000004;0.0;0.0;0.0;0.0;0.0;0.0;0.029929000000000004;0.0;0.0;0.0;0.0;0.0;0.0;0.029929000000000004;0.0;0.0;0.0;0.0;0.0;0.0;-1.0;0.0;0.0;0.0;0.0;0.0;0.0;0.0;0.0;0.0;0.0;0.0;0.0;0.0;0.0,1778833866,438861984
1536,1778833866,499593885,gps,2.245,-2.459,-0.123,0.0,0.0,0.0,0.029584000000000006;0.0;0.0;0.0;0.0;0.0;0.0;0.029584000000000006;0.0;0.0;0.0;0.0;0.0;0.0;0.029584000000000006;0.0;0.0;0.0;0.0;0.0;0.0;-1.0;0.0;0.0;0.0;0.0;0.0;0.0;0.0;0.0;0.0;0.0;0.0;0.0;0.0;0.0,1778833866,562690526
1537,1778833866,624593821,gps,2.311,-2.549,-0.098,0.0,0.0,0.0,0.029929000000000004;0.0;0.0;0.0;0.0;0.0;0.0;0.029929000000000004;0.0;0.0;0.0;0.0;0.0;0.0;0.029929000000000004;0.0;0.0;0.0;0.0;0.0;0.0;-1.0;0.0;0.0;0.0;0.0;0.0;0.0;0.0;0.0;0.0;0.0;0.0;0.0;0.0;0.0,1778833866,684984942
1538,1778833866,749593756,gps,2.341,-2.37,-0.101,0.0,0.0,0.0,0.029584000000000006;0.0;0.0;0.0;0.0;0.0;0.0;0.029584000000000006;0.0;0.0;0.0;0.0;0.0;0.0;0.029584000000000006;0.0;0.0;0.0;0.0;0.0;0.0;-1.0;0.0;0.0;0.0;0.0;0.0;0.0;0.0;0.0;0.0;0.0;0.0;0.0;0.0;0.0,1778833866,813216012
1539,1778833866,874593692,gps,2.444,-2.2800000000000002,-0.108,0.0,0.0,0.0,0.029584000000000006;0.0;0.0;0.0;0.0;0.0;0.0;0.029584000000000006;0.0;0.0;0.0;0.0;0.0;0.0;0.029584000000000006;0.0;0.0;0.0;0.0;0.0;0.0;-1.0;0.0;0.0;0.0;0.0;0.0;0.0;0.0;0.0;0.0;0.0;0.0;0.0;0.0;0.0,1778833866,939325051
1540,1778833866,999593628,gps,2.4,-2.297,-0.10300000000000001,0.0,0.0,0.0,0.029241000000000003;0.0;0.0;0.0;0.0;0.0;0.0;0.029241000000000003;0.0;0.0;0.0;0.0;0.0;0.0;0.029241000000000003;0.0;0.0;0.0;0.0;0.0;0.0;-1.0;0.0;0.0;0.0;0.0;0.0;0.0;0.0;0.0;0.0;0.0;0.0;0.0;0.0;0.0,1778833867,68582886
1541,1778833867,124593562,gps,2.37,-2.2680000000000002,-0.111,0.0,0.0,0.0,0.029584000000000006;0.0;0.0;0.0;0.0;0.0;0.0;0.029584000000000006;0.0;0.0;0.0;0.0;0.0;0.0;0.029584000000000006;0.0;0.0;0.0;0.0;0.0;0.0;-1.0;0.0;0.0;0.0;0.0;0.0;0.0;0.0;0.0;0.0;0.0;0.0;0.0;0.0;0.0,1778833867,189176068
1542,1778833867,249593498,gps,2.354,-2.2680000000000002,-0.126,0.0,0.0,0.0,0.029929000000000004;0.0;0.0;0.0;0.0;0.0;0.0;0.029929000000000004;0.0;0.0;0.0;0.0;0.0;0.0;0.029929000000000004;0.0;0.0;0.0;0.0;0.0;0.0;-1.0;0.0;0.0;0.0;0.0;0.0;0.0;0.0;0.0;0.0;0.0;0.0;0.0;0.0;0.0,1778833867,314135158
1543,1778833867,374593433,gps,2.217,-2.311,-0.113,0.0,0.0,0.0,0.029929000000000004;0.0;0.0;0.0;0.0;0.0;0.0;0.029929000000000004;0.0;0.0;0.0;0.0;0.0;0.0;0.029929000000000004;0.0;0.0;0.0;0.0;0.0;0.0;-1.0;0.0;0.0;0.0;0.0;0.0;0.0;0.0;0.0;0.0;0.0;0.0;0.0;0.0;0.0,1778833867,437690368
1544,1778833867,499593369,gps,2.189,-2.302,-0.098,0.0,0.0,0.0,0.029929000000000004;0.0;0.0;0.0;0.0;0.0;0.0;0.029929000000000004;0.0;0.0;0.0;0.0;0.0;0.0;0.029929000000000004;0.0;0.0;0.0;0.0;0.0;0.0;-1.0;0.0;0.0;0.0;0.0;0.0;0.0;0.0;0.0;0.0;0.0;0.0;0.0;0.0;0.0,1778833867,558884937
1545,1778833867,624593304,gps,2.124,-2.233,-0.114,0.0,0.0,0.0,0.029929000000000004;0.0;0.0;0.0;0.0;0.0;0.0;0.029929000000000004;0.0;0.0;0.0;0.0;0.0;0.0;0.029929000000000004;0.0;0.0;0.0;0.0;0.0;0.0;-1.0;0.0;0.0;0.0;0.0;0.0;0.0;0.0;0.0;0.0;0.0;0.0;0.0;0.0;0.0,1778833867,688322388
1546,1778833867,749593239,gps,2.103,-2.2720000000000002,-0.09,0.0,0.0,0.0,0.029584000000000006;0.0;0.0;0.0;0.0;0.0;0.0;0.029584000000000006;0.0;0.0;0.0;0.0;0.0;0.0;0.029584000000000006;0.0;0.0;0.0;0.0;0.0;0.0;-1.0;0.0;0.0;0.0;0.0;0.0;0.0;0.0;0.0;0.0;0.0;0.0;0.0;0.0;0.0,1778833867,813621087
1547,1778833867,874593175,gps,2.165,-2.257,-0.1,0.0,0.0,0.0,0.029929000000000004;0.0;0.0;0.0;0.0;0.0;0.0;0.029929000000000004;0.0;0.0;0.0;0.0;0.0;0.0;0.029929000000000004;0.0;0.0;0.0;0.0;0.0;0.0;-1.0;0.0;0.0;0.0;0.0;0.0;0.0;0.0;0.0;0.0;0.0;0.0;0.0;0.0;0.0,1778833867,937683535
1548,1778833867,999593111,gps,2.111,-2.242,-0.084,0.0,0.0,0.0,0.029929000000000004;0.0;0.0;0.0;0.0;0.0;0.0;0.029929000000000004;0.0;0.0;0.0;0.0;0.0;0.0;0.029929000000000004;0.0;0.0;0.0;0.0;0.0;0.0;-1.0;0.0;0.0;0.0;0.0;0.0;0.0;0.0;0.0;0.0;0.0;0.0;0.0;0.0;0.0,1778833868,68392335
1549,1778833868,124593046,gps,2.109,-2.254,-0.10200000000000001,0.0,0.0,0.0,0.029584000000000006;0.0;0.0;0.0;0.0;0.0;0.0;0.029584000000000006;0.0;0.0;0.0;0.0;0.0;0.0;0.029584000000000006;0.0;0.0;0.0;0.0;0.0;0.0;-1.0;0.0;0.0;0.0;0.0;0.0;0.0;0.0;0.0;0.0;0.0;0.0;0.0;0.0;0.0,1778833868,187668284
1550,1778833868,249592981,gps,2.166,-2.293,-0.10300000000000001,0.0,0.0,0.0,0.030276000000000004;0.0;0.0;0.0;0.0;0.0;0.0;0.030276000000000004;0.0;0.0;0.0;0.0;0.0;0.0;0.030276000000000004;0.0;0.0;0.0;0.0;0.0;0.0;-1.0;0.0;0.0;0.0;0.0;0.0;0.0;0.0;0.0;0.0;0.0;0.0;0.0;0.0;0.0,1778833868,313960594
1551,1778833868,374592917,gps,2.203,-2.331,-0.109,0.0,0.0,0.0,0.030276000000000004;0.0;0.0;0.0;0.0;0.0;0.0;0.030276000000000004;0.0;0.0;0.0;0.0;0.0;0.0;0.030276000000000004;0.0;0.0;0.0;0.0;0.0;0.0;-1.0;0.0;0.0;0.0;0.0;0.0;0.0;0.0;0.0;0.0;0.0;0.0;0.0;0.0;0.0,1778833868,436316644
1552,1778833868,499592852,gps,2.331,-2.443,-0.094,0.0,0.0,0.0,0.029929000000000004;0.0;0.0;0.0;0.0;0.0;0.0;0.029929000000000004;0.0;0.0;0.0;0.0;0.0;0.0;0.029929000000000004;0.0;0.0;0.0;0.0;0.0;0.0;-1.0;0.0;0.0;0.0;0.0;0.0;0.0;0.0;0.0;0.0;0.0;0.0;0.0;0.0;0.0,1778833868,564458376
1553,1778833868,624592787,gps,2.346,-2.508,-0.109,0.0,0.0,0.0,0.029929000000000004;0.0;0.0;0.0;0.0;0.0;0.0;0.029929000000000004;0.0;0.0;0.0;0.0;0.0;0.0;0.029929000000000004;0.0;0.0;0.0;0.0;0.0;0.0;-1.0;0.0;0.0;0.0;0.0;0.0;0.0;0.0;0.0;0.0;0.0;0.0;0.0;0.0;0.0,1778833868,689449946
1554,1778833868,749592723,gps,2.438,-2.677,-0.109,0.0,0.0,0.0,0.030276000000000004;0.0;0.0;0.0;0.0;0.0;0.0;0.030276000000000004;0.0;0.0;0.0;0.0;0.0;0.0;0.030276000000000004;0.0;0.0;0.0;0.0;0.0;0.0;-1.0;0.0;0.0;0.0;0.0;0.0;0.0;0.0;0.0;0.0;0.0;0.0;0.0;0.0;0.0,1778833868,812453958
1555,1778833868,874592658,gps,2.54,-2.699,-0.121,0.0,0.0,0.0,0.030276000000000004;0.0;0.0;0.0;0.0;0.0;0.0;0.030276000000000004;0.0;0.0;0.0;0.0;0.0;0.0;0.030276000000000004;0.0;0.0;0.0;0.0;0.0;0.0;-1.0;0.0;0.0;0.0;0.0;0.0;0.0;0.0;0.0;0.0;0.0;0.0;0.0;0.0;0.0,1778833868,937265043
1556,1778833868,999592595,gps,2.588,-2.828,-0.11800000000000001,0.0,0.0,0.0,0.030625000000000006;0.0;0.0;0.0;0.0;0.0;0.0;0.030625000000000006;0.0;0.0;0.0;0.0;0.0;0.0;0.030625000000000006;0.0;0.0;0.0;0.0;0.0;0.0;-1.0;0.0;0.0;0.0;0.0;0.0;0.0;0.0;0.0;0.0;0.0;0.0;0.0;0.0;0.0,1778833869,67174951
1557,1778833869,124592529,gps,2.6390000000000002,-2.902,-0.135,0.0,0.0,0.0,0.029929000000000004;0.0;0.0;0.0;0.0;0.0;0.0;0.029929000000000004;0.0;0.0;0.0;0.0;0.0;0.0;0.029929000000000004;0.0;0.0;0.0;0.0;0.0;0.0;-1.0;0.0;0.0;0.0;0.0;0.0;0.0;0.0;0.0;0.0;0.0;0.0;0.0;0.0;0.0,1778833869,189130182
1558,1778833869,249592464,gps,2.743,-2.971,-0.127,0.0,0.0,0.0,0.029929000000000004;0.0;0.0;0.0;0.0;0.0;0.0;0.029929000000000004;0.0;0.0;0.0;0.0;0.0;0.0;0.029929000000000004;0.0;0.0;0.0;0.0;0.0;0.0;-1.0;0.0;0.0;0.0;0.0;0.0;0.0;0.0;0.0;0.0;0.0;0.0;0.0;0.0;0.0,1778833869,315395429
1559,1778833869,374592400,gps,2.708,-3.0340000000000003,-0.127,0.0,0.0,0.0,0.029929000000000004;0.0;0.0;0.0;0.0;0.0;0.0;0.029929000000000004;0.0;0.0;0.0;0.0;0.0;0.0;0.029929000000000004;0.0;0.0;0.0;0.0;0.0;0.0;-1.0;0.0;0.0;0.0;0.0;0.0;0.0;0.0;0.0;0.0;0.0;0.0;0.0;0.0;0.0,1778833869,441303676
1560,1778833869,499592335,gps,2.743,-3.0,-0.136,0.0,0.0,0.0,0.030276000000000004;0.0;0.0;0.0;0.0;0.0;0.0;0.030276000000000004;0.0;0.0;0.0;0.0;0.0;0.0;0.030276000000000004;0.0;0.0;0.0;0.0;0.0;0.0;-1.0;0.0;0.0;0.0;0.0;0.0;0.0;0.0;0.0;0.0;0.0;0.0;0.0;0.0;0.0,1778833869,565567955
1561,1778833869,624592271,gps,2.699,-3.0060000000000002,-0.13,0.0,0.0,0.0,0.030276000000000004;0.0;0.0;0.0;0.0;0.0;0.0;0.030276000000000004;0.0;0.0;0.0;0.0;0.0;0.0;0.030276000000000004;0.0;0.0;0.0;0.0;0.0;0.0;-1.0;0.0;0.0;0.0;0.0;0.0;0.0;0.0;0.0;0.0;0.0;0.0;0.0;0.0;0.0,1778833869,689990251
1562,1778833869,749592206,gps,2.682,-3.044,-0.122,0.0,0.0,0.0,0.030276000000000004;0.0;0.0;0.0;0.0;0.0;0.0;0.030276000000000004;0.0;0.0;0.0;0.0;0.0;0.0;0.030276000000000004;0.0;0.0;0.0;0.0;0.0;0.0;-1.0;0.0;0.0;0.0;0.0;0.0;0.0;0.0;0.0;0.0;0.0;0.0;0.0;0.0;0.0,1778833869,814201990
1563,1778833869,874592141,gps,2.638,-2.931,-0.11800000000000001,0.0,0.0,0.0,0.029929000000000004;0.0;0.0;0.0;0.0;0.0;0.0;0.029929000000000004;0.0;0.0;0.0;0.0;0.0;0.0;0.029929000000000004;0.0;0.0;0.0;0.0;0.0;0.0;-1.0;0.0;0.0;0.0;0.0;0.0;0.0;0.0;0.0;0.0;0.0;0.0;0.0;0.0;0.0,1778833869,939715228
1564,1778833869,999592078,gps,2.617,-2.831,-0.117,0.0,0.0,0.0,0.030276000000000004;0.0;0.0;0.0;0.0;0.0;0.0;0.030276000000000004;0.0;0.0;0.0;0.0;0.0;0.0;0.030276000000000004;0.0;0.0;0.0;0.0;0.0;0.0;-1.0;0.0;0.0;0.0;0.0;0.0;0.0;0.0;0.0;0.0;0.0;0.0;0.0;0.0;0.0,1778833870,70351154
1565,1778833870,124592012,gps,2.495,-2.735,-0.109,0.0,0.0,0.0,0.029929000000000004;0.0;0.0;0.0;0.0;0.0;0.0;0.029929000000000004;0.0;0.0;0.0;0.0;0.0;0.0;0.029929000000000004;0.0;0.0;0.0;0.0;0.0;0.0;-1.0;0.0;0.0;0.0;0.0;0.0;0.0;0.0;0.0;0.0;0.0;0.0;0.0;0.0;0.0,1778833870,190300698
1566,1778833870,249591947,gps,2.481,-2.583,-0.108,0.0,0.0,0.0,0.030276000000000004;0.0;0.0;0.0;0.0;0.0;0.0;0.030276000000000004;0.0;0.0;0.0;0.0;0.0;0.0;0.030276000000000004;0.0;0.0;0.0;0.0;0.0;0.0;-1.0;0.0;0.0;0.0;0.0;0.0;0.0;0.0;0.0;0.0;0.0;0.0;0.0;0.0;0.0,1778833870,314033692
1567,1778833870,374591883,gps,2.49,-2.423,-0.107,0.0,0.0,0.0,0.029584000000000006;0.0;0.0;0.0;0.0;0.0;0.0;0.029584000000000006;0.0;0.0;0.0;0.0;0.0;0.0;0.029584000000000006;0.0;0.0;0.0;0.0;0.0;0.0;-1.0;0.0;0.0;0.0;0.0;0.0;0.0;0.0;0.0;0.0;0.0;0.0;0.0;0.0;0.0,1778833870,439123727
1568,1778833870,499591818,gps,2.583,-2.125,-0.115,0.0,0.0,0.0,0.029929000000000004;0.0;0.0;0.0;0.0;0.0;0.0;0.029929000000000004;0.0;0.0;0.0;0.0;0.0;0.0;0.029929000000000004;0.0;0.0;0.0;0.0;0.0;0.0;-1.0;0.0;0.0;0.0;0.0;0.0;0.0;0.0;0.0;0.0;0.0;0.0;0.0;0.0;0.0,1778833870,562596608
1569,1778833870,624591754,gps,2.6310000000000002,-2.1350000000000002,-0.127,0.0,0.0,0.0,0.028224000000000003;0.0;0.0;0.0;0.0;0.0;0.0;0.028224000000000003;0.0;0.0;0.0;0.0;0.0;0.0;0.028224000000000003;0.0;0.0;0.0;0.0;0.0;0.0;-1.0;0.0;0.0;0.0;0.0;0.0;0.0;0.0;0.0;0.0;0.0;0.0;0.0;0.0;0.0,1778833870,688542139
1570,1778833870,749591689,gps,2.602,-2.084,-0.11,0.0,0.0,0.0,0.028224000000000003;0.0;0.0;0.0;0.0;0.0;0.0;0.028224000000000003;0.0;0.0;0.0;0.0;0.0;0.0;0.028224000000000003;0.0;0.0;0.0;0.0;0.0;0.0;-1.0;0.0;0.0;0.0;0.0;0.0;0.0;0.0;0.0;0.0;0.0;0.0;0.0;0.0;0.0,1778833870,814227238
1571,1778833870,874591624,gps,2.625,-2.128,-0.114,0.0,0.0,0.0,0.028224000000000003;0.0;0.0;0.0;0.0;0.0;0.0;0.028224000000000003;0.0;0.0;0.0;0.0;0.0;0.0;0.028224000000000003;0.0;0.0;0.0;0.0;0.0;0.0;-1.0;0.0;0.0;0.0;0.0;0.0;0.0;0.0;0.0;0.0;0.0;0.0;0.0;0.0;0.0,1778833870,940064100
1572,1778833870,999591561,gps,2.57,-2.189,-0.111,0.0,0.0,0.0,0.027889000000000004;0.0;0.0;0.0;0.0;0.0;0.0;0.027889000000000004;0.0;0.0;0.0;0.0;0.0;0.0;0.027889000000000004;0.0;0.0;0.0;0.0;0.0;0.0;-1.0;0.0;0.0;0.0;0.0;0.0;0.0;0.0;0.0;0.0;0.0;0.0;0.0;0.0;0.0,1778833871,69404234
1573,1778833871,124591495,gps,2.58,-2.191,-0.123,0.0,0.0,0.0,0.027889000000000004;0.0;0.0;0.0;0.0;0.0;0.0;0.027889000000000004;0.0;0.0;0.0;0.0;0.0;0.0;0.027889000000000004;0.0;0.0;0.0;0.0;0.0;0.0;-1.0;0.0;0.0;0.0;0.0;0.0;0.0;0.0;0.0;0.0;0.0;0.0;0.0;0.0;0.0,1778833871,186385304
1574,1778833871,249591431,gps,2.658,-2.182,-0.107,0.0,0.0,0.0,0.027889000000000004;0.0;0.0;0.0;0.0;0.0;0.0;0.027889000000000004;0.0;0.0;0.0;0.0;0.0;0.0;0.027889000000000004;0.0;0.0;0.0;0.0;0.0;0.0;-1.0;0.0;0.0;0.0;0.0;0.0;0.0;0.0;0.0;0.0;0.0;0.0;0.0;0.0;0.0,1778833871,315053968
1575,1778833871,374591366,gps,2.556,-2.1750000000000003,-0.101,0.0,0.0,0.0,0.027889000000000004;0.0;0.0;0.0;0.0;0.0;0.0;0.027889000000000004;0.0;0.0;0.0;0.0;0.0;0.0;0.027889000000000004;0.0;0.0;0.0;0.0;0.0;0.0;-1.0;0.0;0.0;0.0;0.0;0.0;0.0;0.0;0.0;0.0;0.0;0.0;0.0;0.0;0.0,1778833871,440080098
1576,1778833871,499591301,gps,2.475,-2.1630000000000003,-0.096,0.0,0.0,0.0,0.027889000000000004;0.0;0.0;0.0;0.0;0.0;0.0;0.027889000000000004;0.0;0.0;0.0;0.0;0.0;0.0;0.027889000000000004;0.0;0.0;0.0;0.0;0.0;0.0;-1.0;0.0;0.0;0.0;0.0;0.0;0.0;0.0;0.0;0.0;0.0;0.0;0.0;0.0;0.0,1778833871,564942039
1577,1778833871,624591237,gps,2.442,-2.114,-0.10400000000000001,0.0,0.0,0.0,0.028224000000000003;0.0;0.0;0.0;0.0;0.0;0.0;0.028224000000000003;0.0;0.0;0.0;0.0;0.0;0.0;0.028224000000000003;0.0;0.0;0.0;0.0;0.0;0.0;-1.0;0.0;0.0;0.0;0.0;0.0;0.0;0.0;0.0;0.0;0.0;0.0;0.0;0.0;0.0,1778833871,690298507
1578,1778833871,749591172,gps,2.4130000000000003,-2.173,-0.093,0.0,0.0,0.0,0.027889000000000004;0.0;0.0;0.0;0.0;0.0;0.0;0.027889000000000004;0.0;0.0;0.0;0.0;0.0;0.0;0.027889000000000004;0.0;0.0;0.0;0.0;0.0;0.0;-1.0;0.0;0.0;0.0;0.0;0.0;0.0;0.0;0.0;0.0;0.0;0.0;0.0;0.0;0.0,1778833871,814968787
1579,1778833871,874591108,gps,2.36,-2.118,-0.113,0.0,0.0,0.0,0.027889000000000004;0.0;0.0;0.0;0.0;0.0;0.0;0.027889000000000004;0.0;0.0;0.0;0.0;0.0;0.0;0.027889000000000004;0.0;0.0;0.0;0.0;0.0;0.0;-1.0;0.0;0.0;0.0;0.0;0.0;0.0;0.0;0.0;0.0;0.0;0.0;0.0;0.0;0.0,1778833871,938440375
1580,1778833871,999591044,gps,2.173,-2.208,-0.108,0.0,0.0,0.0,0.028224000000000003;0.0;0.0;0.0;0.0;0.0;0.0;0.028224000000000003;0.0;0.0;0.0;0.0;0.0;0.0;0.028224000000000003;0.0;0.0;0.0;0.0;0.0;0.0;-1.0;0.0;0.0;0.0;0.0;0.0;0.0;0.0;0.0;0.0;0.0;0.0;0.0;0.0;0.0,1778833872,64010102
1581,1778833872,124590978,gps,2.1590000000000003,-2.184,-0.089,0.0,0.0,0.0,0.028224000000000003;0.0;0.0;0.0;0.0;0.0;0.0;0.028224000000000003;0.0;0.0;0.0;0.0;0.0;0.0;0.028224000000000003;0.0;0.0;0.0;0.0;0.0;0.0;-1.0;0.0;0.0;0.0;0.0;0.0;0.0;0.0;0.0;0.0;0.0;0.0;0.0;0.0;0.0,1778833872,189325070
1582,1778833872,249590914,gps,2.162,-2.201,-0.114,0.0,0.0,0.0,0.027556000000000004;0.0;0.0;0.0;0.0;0.0;0.0;0.027556000000000004;0.0;0.0;0.0;0.0;0.0;0.0;0.027556000000000004;0.0;0.0;0.0;0.0;0.0;0.0;-1.0;0.0;0.0;0.0;0.0;0.0;0.0;0.0;0.0;0.0;0.0;0.0;0.0;0.0;0.0,1778833872,315310864
1583,1778833872,374590849,gps,2.015,-2.129,-0.095,0.0,0.0,0.0,0.027889000000000004;0.0;0.0;0.0;0.0;0.0;0.0;0.027889000000000004;0.0;0.0;0.0;0.0;0.0;0.0;0.027889000000000004;0.0;0.0;0.0;0.0;0.0;0.0;-1.0;0.0;0.0;0.0;0.0;0.0;0.0;0.0;0.0;0.0;0.0;0.0;0.0;0.0;0.0,1778833872,440122160
1584,1778833872,499590784,gps,1.994,-2.084,-0.101,0.0,0.0,0.0,0.027889000000000004;0.0;0.0;0.0;0.0;0.0;0.0;0.027889000000000004;0.0;0.0;0.0;0.0;0.0;0.0;0.027889000000000004;0.0;0.0;0.0;0.0;0.0;0.0;-1.0;0.0;0.0;0.0;0.0;0.0;0.0;0.0;0.0;0.0;0.0;0.0;0.0;0.0;0.0,1778833872,564836294
1585,1778833872,624590720,gps,1.972,-2.08,-0.085,0.0,0.0,0.0,0.027889000000000004;0.0;0.0;0.0;0.0;0.0;0.0;0.027889000000000004;0.0;0.0;0.0;0.0;0.0;0.0;0.027889000000000004;0.0;0.0;0.0;0.0;0.0;0.0;-1.0;0.0;0.0;0.0;0.0;0.0;0.0;0.0;0.0;0.0;0.0;0.0;0.0;0.0;0.0,1778833872,689062602
1586,1778833872,749590655,gps,1.947,-2.043,-0.076,0.0,0.0,0.0,0.027889000000000004;0.0;0.0;0.0;0.0;0.0;0.0;0.027889000000000004;0.0;0.0;0.0;0.0;0.0;0.0;0.027889000000000004;0.0;0.0;0.0;0.0;0.0;0.0;-1.0;0.0;0.0;0.0;0.0;0.0;0.0;0.0;0.0;0.0;0.0;0.0;0.0;0.0;0.0,1778833872,814337700
1587,1778833872,874590591,gps,1.9000000000000001,-2.009,-0.085,0.0,0.0,0.0,0.027556000000000004;0.0;0.0;0.0;0.0;0.0;0.0;0.027556000000000004;0.0;0.0;0.0;0.0;0.0;0.0;0.027556000000000004;0.0;0.0;0.0;0.0;0.0;0.0;-1.0;0.0;0.0;0.0;0.0;0.0;0.0;0.0;0.0;0.0;0.0;0.0;0.0;0.0;0.0,1778833872,938113105
1588,1778833872,999590527,gps,1.872,-1.921,-0.081,0.0,0.0,0.0,0.027889000000000004;0.0;0.0;0.0;0.0;0.0;0.0;0.027889000000000004;0.0;0.0;0.0;0.0;0.0;0.0;0.027889000000000004;0.0;0.0;0.0;0.0;0.0;0.0;-1.0;0.0;0.0;0.0;0.0;0.0;0.0;0.0;0.0;0.0;0.0;0.0;0.0;0.0;0.0,1778833873,70548427
1589,1778833873,124590461,gps,1.885,-1.784,-0.07200000000000001,0.0,0.0,0.0,0.027556000000000004;0.0;0.0;0.0;0.0;0.0;0.0;0.027556000000000004;0.0;0.0;0.0;0.0;0.0;0.0;0.027556000000000004;0.0;0.0;0.0;0.0;0.0;0.0;-1.0;0.0;0.0;0.0;0.0;0.0;0.0;0.0;0.0;0.0;0.0;0.0;0.0;0.0;0.0,1778833873,191388674
1590,1778833873,249590397,gps,1.83,-1.731,-0.064,0.0,0.0,0.0,0.027556000000000004;0.0;0.0;0.0;0.0;0.0;0.0;0.027556000000000004;0.0;0.0;0.0;0.0;0.0;0.0;0.027556000000000004;0.0;0.0;0.0;0.0;0.0;0.0;-1.0;0.0;0.0;0.0;0.0;0.0;0.0;0.0;0.0;0.0;0.0;0.0;0.0;0.0;0.0,1778833873,316290834
1591,1778833873,374590332,gps,1.731,-1.69,-0.065,0.0,0.0,0.0,0.027556000000000004;0.0;0.0;0.0;0.0;0.0;0.0;0.027556000000000004;0.0;0.0;0.0;0.0;0.0;0.0;0.027556000000000004;0.0;0.0;0.0;0.0;0.0;0.0;-1.0;0.0;0.0;0.0;0.0;0.0;0.0;0.0;0.0;0.0;0.0;0.0;0.0;0.0;0.0,1778833873,439872282
1592,1778833873,499590268,gps,1.74,-1.6480000000000001,-0.068,0.0,0.0,0.0,0.027556000000000004;0.0;0.0;0.0;0.0;0.0;0.0;0.027556000000000004;0.0;0.0;0.0;0.0;0.0;0.0;0.027556000000000004;0.0;0.0;0.0;0.0;0.0;0.0;-1.0;0.0;0.0;0.0;0.0;0.0;0.0;0.0;0.0;0.0;0.0;0.0;0.0;0.0;0.0,1778833873,564646306
1593,1778833873,624590203,gps,1.691,-1.67,-0.059000000000000004,0.0,0.0,0.0,0.027556000000000004;0.0;0.0;0.0;0.0;0.0;0.0;0.027556000000000004;0.0;0.0;0.0;0.0;0.0;0.0;0.027556000000000004;0.0;0.0;0.0;0.0;0.0;0.0;-1.0;0.0;0.0;0.0;0.0;0.0;0.0;0.0;0.0;0.0;0.0;0.0;0.0;0.0;0.0,1778833873,689955534
1594,1778833873,749590138,gps,1.7830000000000001,-1.645,-0.051000000000000004,0.0,0.0,0.0,0.027556000000000004;0.0;0.0;0.0;0.0;0.0;0.0;0.027556000000000004;0.0;0.0;0.0;0.0;0.0;0.0;0.027556000000000004;0.0;0.0;0.0;0.0;0.0;0.0;-1.0;0.0;0.0;0.0;0.0;0.0;0.0;0.0;0.0;0.0;0.0;0.0;0.0;0.0;0.0,1778833873,816058945
1595,1778833873,874590074,gps,1.825,-1.541,-0.062,0.0,0.0,0.0,0.027556000000000004;0.0;0.0;0.0;0.0;0.0;0.0;0.027556000000000004;0.0;0.0;0.0;0.0;0.0;0.0;0.027556000000000004;0.0;0.0;0.0;0.0;0.0;0.0;-1.0;0.0;0.0;0.0;0.0;0.0;0.0;0.0;0.0;0.0;0.0;0.0;0.0;0.0;0.0,1778833873,940052533
1596,1778833873,999590010,gps,1.861,-1.674,-0.063,0.0,0.0,0.0,0.027556000000000004;0.0;0.0;0.0;0.0;0.0;0.0;0.027556000000000004;0.0;0.0;0.0;0.0;0.0;0.0;0.027556000000000004;0.0;0.0;0.0;0.0;0.0;0.0;-1.0;0.0;0.0;0.0;0.0;0.0;0.0;0.0;0.0;0.0;0.0;0.0;0.0;0.0;0.0,1778833874,69886538
1597,1778833874,124589944,gps,1.961,-1.682,-0.07,0.0,0.0,0.0,0.027556000000000004;0.0;0.0;0.0;0.0;0.0;0.0;0.027556000000000004;0.0;0.0;0.0;0.0;0.0;0.0;0.027556000000000004;0.0;0.0;0.0;0.0;0.0;0.0;-1.0;0.0;0.0;0.0;0.0;0.0;0.0;0.0;0.0;0.0;0.0;0.0;0.0;0.0;0.0,1778833874,189690350
1598,1778833874,249589880,gps,2.049,-1.766,-0.069,0.0,0.0,0.0,0.027889000000000004;0.0;0.0;0.0;0.0;0.0;0.0;0.027889000000000004;0.0;0.0;0.0;0.0;0.0;0.0;0.027889000000000004;0.0;0.0;0.0;0.0;0.0;0.0;-1.0;0.0;0.0;0.0;0.0;0.0;0.0;0.0;0.0;0.0;0.0;0.0;0.0;0.0;0.0,1778833874,316350422
1599,1778833874,374589815,gps,2.108,-1.858,-0.068,0.0,0.0,0.0,0.029241000000000003;0.0;0.0;0.0;0.0;0.0;0.0;0.029241000000000003;0.0;0.0;0.0;0.0;0.0;0.0;0.029241000000000003;0.0;0.0;0.0;0.0;0.0;0.0;-1.0;0.0;0.0;0.0;0.0;0.0;0.0;0.0;0.0;0.0;0.0;0.0;0.0;0.0;0.0,1778833874,439555496
1600,1778833874,499589751,gps,2.173,-1.925,-0.088,0.0,0.0,0.0,0.028900000000000006;0.0;0.0;0.0;0.0;0.0;0.0;0.028900000000000006;0.0;0.0;0.0;0.0;0.0;0.0;0.028900000000000006;0.0;0.0;0.0;0.0;0.0;0.0;-1.0;0.0;0.0;0.0;0.0;0.0;0.0;0.0;0.0;0.0;0.0;0.0;0.0;0.0;0.0,1778833874,565252951
1601,1778833874,624589686,gps,2.16,-1.952,-0.089,0.0,0.0,0.0,0.029241000000000003;0.0;0.0;0.0;0.0;0.0;0.0;0.029241000000000003;0.0;0.0;0.0;0.0;0.0;0.0;0.029241000000000003;0.0;0.0;0.0;0.0;0.0;0.0;-1.0;0.0;0.0;0.0;0.0;0.0;0.0;0.0;0.0;0.0;0.0;0.0;0.0;0.0;0.0,1778833874,689679276
1602,1778833874,749589621,gps,2.1350000000000002,-2.067,-0.07100000000000001,0.0,0.0,0.0,0.029241000000000003;0.0;0.0;0.0;0.0;0.0;0.0;0.029241000000000003;0.0;0.0;0.0;0.0;0.0;0.0;0.029241000000000003;0.0;0.0;0.0;0.0;0.0;0.0;-1.0;0.0;0.0;0.0;0.0;0.0;0.0;0.0;0.0;0.0;0.0;0.0;0.0;0.0;0.0,1778833874,812503183
1603,1778833874,874589557,gps,2.078,-2.057,-0.077,0.0,0.0,0.0,0.027889000000000004;0.0;0.0;0.0;0.0;0.0;0.0;0.027889000000000004;0.0;0.0;0.0;0.0;0.0;0.0;0.027889000000000004;0.0;0.0;0.0;0.0;0.0;0.0;-1.0;0.0;0.0;0.0;0.0;0.0;0.0;0.0;0.0;0.0;0.0;0.0;0.0;0.0;0.0,1778833874,938670661
1604,1778833874,999589493,gps,2.083,-2.021,-0.079,0.0,0.0,0.0,0.027889000000000004;0.0;0.0;0.0;0.0;0.0;0.0;0.027889000000000004;0.0;0.0;0.0;0.0;0.0;0.0;0.027889000000000004;0.0;0.0;0.0;0.0;0.0;0.0;-1.0;0.0;0.0;0.0;0.0;0.0;0.0;0.0;0.0;0.0;0.0;0.0;0.0;0.0;0.0,1778833875,68593163
1605,1778833875,124589428,gps,2.037,-2.0340000000000003,-0.075,0.0,0.0,0.0,0.027556000000000004;0.0;0.0;0.0;0.0;0.0;0.0;0.027556000000000004;0.0;0.0;0.0;0.0;0.0;0.0;0.027556000000000004;0.0;0.0;0.0;0.0;0.0;0.0;-1.0;0.0;0.0;0.0;0.0;0.0;0.0;0.0;0.0;0.0;0.0;0.0;0.0;0.0;0.0,1778833875,190382170
1606,1778833875,249589363,gps,1.969,-1.986,-0.076,0.0,0.0,0.0,0.027556000000000004;0.0;0.0;0.0;0.0;0.0;0.0;0.027556000000000004;0.0;0.0;0.0;0.0;0.0;0.0;0.027556000000000004;0.0;0.0;0.0;0.0;0.0;0.0;-1.0;0.0;0.0;0.0;0.0;0.0;0.0;0.0;0.0;0.0;0.0;0.0;0.0;0.0;0.0,1778833875,315186702
1607,1778833875,374589299,gps,1.9080000000000001,-1.963,-0.07100000000000001,0.0,0.0,0.0,0.027556000000000004;0.0;0.0;0.0;0.0;0.0;0.0;0.027556000000000004;0.0;0.0;0.0;0.0;0.0;0.0;0.027556000000000004;0.0;0.0;0.0;0.0;0.0;0.0;-1.0;0.0;0.0;0.0;0.0;0.0;0.0;0.0;0.0;0.0;0.0;0.0;0.0;0.0;0.0,1778833875,440084440
1608,1778833875,499589234,gps,1.923,-1.946,-0.081,0.0,0.0,0.0,0.027556000000000004;0.0;0.0;0.0;0.0;0.0;0.0;0.027556000000000004;0.0;0.0;0.0;0.0;0.0;0.0;0.027556000000000004;0.0;0.0;0.0;0.0;0.0;0.0;-1.0;0.0;0.0;0.0;0.0;0.0;0.0;0.0;0.0;0.0;0.0;0.0;0.0;0.0;0.0,1778833875,564588608
1609,1778833875,624589169,gps,1.867,-1.974,-0.069,0.0,0.0,0.0,0.027556000000000004;0.0;0.0;0.0;0.0;0.0;0.0;0.027556000000000004;0.0;0.0;0.0;0.0;0.0;0.0;0.027556000000000004;0.0;0.0;0.0;0.0;0.0;0.0;-1.0;0.0;0.0;0.0;0.0;0.0;0.0;0.0;0.0;0.0;0.0;0.0;0.0;0.0;0.0,1778833875,686073483
1610,1778833875,749589105,gps,1.8860000000000001,-2.027,-0.066,0.0,0.0,0.0,0.027556000000000004;0.0;0.0;0.0;0.0;0.0;0.0;0.027556000000000004;0.0;0.0;0.0;0.0;0.0;0.0;0.027556000000000004;0.0;0.0;0.0;0.0;0.0;0.0;-1.0;0.0;0.0;0.0;0.0;0.0;0.0;0.0;0.0;0.0;0.0;0.0;0.0;0.0;0.0,1778833875,813742380
1611,1778833875,874589040,gps,1.943,-2.023,-0.068,0.0,0.0,0.0,0.027556000000000004;0.0;0.0;0.0;0.0;0.0;0.0;0.027556000000000004;0.0;0.0;0.0;0.0;0.0;0.0;0.027556000000000004;0.0;0.0;0.0;0.0;0.0;0.0;-1.0;0.0;0.0;0.0;0.0;0.0;0.0;0.0;0.0;0.0;0.0;0.0;0.0;0.0;0.0,1778833875,939258050
1612,1778833875,999588977,gps,1.956,-2.122,-0.067,0.0,0.0,0.0,0.027556000000000004;0.0;0.0;0.0;0.0;0.0;0.0;0.027556000000000004;0.0;0.0;0.0;0.0;0.0;0.0;0.027556000000000004;0.0;0.0;0.0;0.0;0.0;0.0;-1.0;0.0;0.0;0.0;0.0;0.0;0.0;0.0;0.0;0.0;0.0;0.0;0.0;0.0;0.0,1778833876,69892894
1613,1778833876,124588911,gps,1.958,-2.123,-0.076,0.0,0.0,0.0,0.027556000000000004;0.0;0.0;0.0;0.0;0.0;0.0;0.027556000000000004;0.0;0.0;0.0;0.0;0.0;0.0;0.027556000000000004;0.0;0.0;0.0;0.0;0.0;0.0;-1.0;0.0;0.0;0.0;0.0;0.0;0.0;0.0;0.0;0.0;0.0;0.0;0.0;0.0;0.0,1778833876,191662169
1614,1778833876,249588846,gps,1.975,-2.174,-0.084,0.0,0.0,0.0,0.027889000000000004;0.0;0.0;0.0;0.0;0.0;0.0;0.027889000000000004;0.0;0.0;0.0;0.0;0.0;0.0;0.027889000000000004;0.0;0.0;0.0;0.0;0.0;0.0;-1.0;0.0;0.0;0.0;0.0;0.0;0.0;0.0;0.0;0.0;0.0;0.0;0.0;0.0;0.0,1778833876,316583353
1615,1778833876,374588782,gps,1.986,-2.208,-0.07,0.0,0.0,0.0,0.027889000000000004;0.0;0.0;0.0;0.0;0.0;0.0;0.027889000000000004;0.0;0.0;0.0;0.0;0.0;0.0;0.027889000000000004;0.0;0.0;0.0;0.0;0.0;0.0;-1.0;0.0;0.0;0.0;0.0;0.0;0.0;0.0;0.0;0.0;0.0;0.0;0.0;0.0;0.0,1778833876,439535294
1616,1778833876,499588717,gps,2.0180000000000002,-2.293,-0.077,0.0,0.0,0.0,0.027889000000000004;0.0;0.0;0.0;0.0;0.0;0.0;0.027889000000000004;0.0;0.0;0.0;0.0;0.0;0.0;0.027889000000000004;0.0;0.0;0.0;0.0;0.0;0.0;-1.0;0.0;0.0;0.0;0.0;0.0;0.0;0.0;0.0;0.0;0.0;0.0;0.0;0.0;0.0,1778833876,561321792
1617,1778833876,624588653,gps,2.043,-2.2600000000000002,-0.078,0.0,0.0,0.0,0.027556000000000004;0.0;0.0;0.0;0.0;0.0;0.0;0.027556000000000004;0.0;0.0;0.0;0.0;0.0;0.0;0.027556000000000004;0.0;0.0;0.0;0.0;0.0;0.0;-1.0;0.0;0.0;0.0;0.0;0.0;0.0;0.0;0.0;0.0;0.0;0.0;0.0;0.0;0.0,1778833876,690520452
1618,1778833876,749588588,gps,1.978,-2.219,-0.084,0.0,0.0,0.0,0.027556000000000004;0.0;0.0;0.0;0.0;0.0;0.0;0.027556000000000004;0.0;0.0;0.0;0.0;0.0;0.0;0.027556000000000004;0.0;0.0;0.0;0.0;0.0;0.0;-1.0;0.0;0.0;0.0;0.0;0.0;0.0;0.0;0.0;0.0;0.0;0.0;0.0;0.0;0.0,1778833876,816426295
1619,1778833876,874588524,gps,1.899,-2.205,-0.096,0.0,0.0,0.0,0.027556000000000004;0.0;0.0;0.0;0.0;0.0;0.0;0.027556000000000004;0.0;0.0;0.0;0.0;0.0;0.0;0.027556000000000004;0.0;0.0;0.0;0.0;0.0;0.0;-1.0;0.0;0.0;0.0;0.0;0.0;0.0;0.0;0.0;0.0;0.0;0.0;0.0;0.0;0.0,1778833876,941472441
1620,1778833876,999588460,gps,1.936,-2.2720000000000002,-0.084,0.0,0.0,0.0,0.027556000000000004;0.0;0.0;0.0;0.0;0.0;0.0;0.027556000000000004;0.0;0.0;0.0;0.0;0.0;0.0;0.027556000000000004;0.0;0.0;0.0;0.0;0.0;0.0;-1.0;0.0;0.0;0.0;0.0;0.0;0.0;0.0;0.0;0.0;0.0;0.0;0.0;0.0;0.0,1778833877,71270495
1621,1778833877,124588394,gps,1.929,-2.277,-0.074,0.0,0.0,0.0,0.027556000000000004;0.0;0.0;0.0;0.0;0.0;0.0;0.027556000000000004;0.0;0.0;0.0;0.0;0.0;0.0;0.027556000000000004;0.0;0.0;0.0;0.0;0.0;0.0;-1.0;0.0;0.0;0.0;0.0;0.0;0.0;0.0;0.0;0.0;0.0;0.0;0.0;0.0;0.0,1778833877,190078270
1622,1778833877,249588330,gps,1.923,-2.191,-0.09,0.0,0.0,0.0,0.027556000000000004;0.0;0.0;0.0;0.0;0.0;0.0;0.027556000000000004;0.0;0.0;0.0;0.0;0.0;0.0;0.027556000000000004;0.0;0.0;0.0;0.0;0.0;0.0;-1.0;0.0;0.0;0.0;0.0;0.0;0.0;0.0;0.0;0.0;0.0;0.0;0.0;0.0;0.0,1778833877,316265403
1623,1778833877,374588265,gps,1.812,-2.142,-0.084,0.0,0.0,0.0,0.027556000000000004;0.0;0.0;0.0;0.0;0.0;0.0;0.027556000000000004;0.0;0.0;0.0;0.0;0.0;0.0;0.027556000000000004;0.0;0.0;0.0;0.0;0.0;0.0;-1.0;0.0;0.0;0.0;0.0;0.0;0.0;0.0;0.0;0.0;0.0;0.0;0.0;0.0;0.0,1778833877,438206432
1624,1778833877,499588201,gps,1.722,-2.068,-0.077,0.0,0.0,0.0,0.027556000000000004;0.0;0.0;0.0;0.0;0.0;0.0;0.027556000000000004;0.0;0.0;0.0;0.0;0.0;0.0;0.027556000000000004;0.0;0.0;0.0;0.0;0.0;0.0;-1.0;0.0;0.0;0.0;0.0;0.0;0.0;0.0;0.0;0.0;0.0;0.0;0.0;0.0;0.0,1778833877,566733211
1625,1778833877,624588136,gps,1.605,-1.847,-0.062,0.0,0.0,0.0,0.027556000000000004;0.0;0.0;0.0;0.0;0.0;0.0;0.027556000000000004;0.0;0.0;0.0;0.0;0.0;0.0;0.027556000000000004;0.0;0.0;0.0;0.0;0.0;0.0;-1.0;0.0;0.0;0.0;0.0;0.0;0.0;0.0;0.0;0.0;0.0;0.0;0.0;0.0;0.0,1778833877,690631570
1626,1778833877,749588072,gps,1.549,-1.704,-0.059000000000000004,0.0,0.0,0.0,0.027889000000000004;0.0;0.0;0.0;0.0;0.0;0.0;0.027889000000000004;0.0;0.0;0.0;0.0;0.0;0.0;0.027889000000000004;0.0;0.0;0.0;0.0;0.0;0.0;-1.0;0.0;0.0;0.0;0.0;0.0;0.0;0.0;0.0;0.0;0.0;0.0;0.0;0.0;0.0,1778833877,815160029
1627,1778833877,874588007,gps,1.614,-1.431,-0.075,0.0,0.0,0.0,0.027889000000000004;0.0;0.0;0.0;0.0;0.0;0.0;0.027889000000000004;0.0;0.0;0.0;0.0;0.0;0.0;0.027889000000000004;0.0;0.0;0.0;0.0;0.0;0.0;-1.0;0.0;0.0;0.0;0.0;0.0;0.0;0.0;0.0;0.0;0.0;0.0;0.0;0.0;0.0,1778833877,940047367
1628,1778833877,999587943,gps,1.5030000000000001,-1.322,-0.067,0.0,0.0,0.0,0.027889000000000004;0.0;0.0;0.0;0.0;0.0;0.0;0.027889000000000004;0.0;0.0;0.0;0.0;0.0;0.0;0.027889000000000004;0.0;0.0;0.0;0.0;0.0;0.0;-1.0;0.0;0.0;0.0;0.0;0.0;0.0;0.0;0.0;0.0;0.0;0.0;0.0;0.0;0.0,1778833878,69687054
1629,1778833878,124587878,gps,1.381,-1.2590000000000001,-0.036000000000000004,0.0,0.0,0.0,0.027556000000000004;0.0;0.0;0.0;0.0;0.0;0.0;0.027556000000000004;0.0;0.0;0.0;0.0;0.0;0.0;0.027556000000000004;0.0;0.0;0.0;0.0;0.0;0.0;-1.0;0.0;0.0;0.0;0.0;0.0;0.0;0.0;0.0;0.0;0.0;0.0;0.0;0.0;0.0,1778833878,192292240
1630,1778833878,249587813,gps,1.427,-1.197,-0.048,0.0,0.0,0.0,0.028224000000000003;0.0;0.0;0.0;0.0;0.0;0.0;0.028224000000000003;0.0;0.0;0.0;0.0;0.0;0.0;0.028224000000000003;0.0;0.0;0.0;0.0;0.0;0.0;-1.0;0.0;0.0;0.0;0.0;0.0;0.0;0.0;0.0;0.0;0.0;0.0;0.0;0.0;0.0,1778833878,317021822
1631,1778833878,374587749,gps,1.5270000000000001,-1.143,-0.043000000000000003,0.0,0.0,0.0,0.027889000000000004;0.0;0.0;0.0;0.0;0.0;0.0;0.027889000000000004;0.0;0.0;0.0;0.0;0.0;0.0;0.027889000000000004;0.0;0.0;0.0;0.0;0.0;0.0;-1.0;0.0;0.0;0.0;0.0;0.0;0.0;0.0;0.0;0.0;0.0;0.0;0.0;0.0;0.0,1778833878,441296323
1632,1778833878,499587684,gps,1.454,-1.183,-0.031,0.0,0.0,0.0,0.027889000000000004;0.0;0.0;0.0;0.0;0.0;0.0;0.027889000000000004;0.0;0.0;0.0;0.0;0.0;0.0;0.027889000000000004;0.0;0.0;0.0;0.0;0.0;0.0;-1.0;0.0;0.0;0.0;0.0;0.0;0.0;0.0;0.0;0.0;0.0;0.0;0.0;0.0;0.0,1778833878,566256644
1633,1778833878,624587620,gps,1.422,-1.1420000000000001,-0.04,0.0,0.0,0.0,0.026896000000000003;0.0;0.0;0.0;0.0;0.0;0.0;0.026896000000000003;0.0;0.0;0.0;0.0;0.0;0.0;0.026896000000000003;0.0;0.0;0.0;0.0;0.0;0.0;-1.0;0.0;0.0;0.0;0.0;0.0;0.0;0.0;0.0;0.0;0.0;0.0;0.0;0.0;0.0,1778833878,690720068
1634,1778833878,749587555,gps,1.445,-1.233,-0.03,0.0,0.0,0.0,0.026896000000000003;0.0;0.0;0.0;0.0;0.0;0.0;0.026896000000000003;0.0;0.0;0.0;0.0;0.0;0.0;0.026896000000000003;0.0;0.0;0.0;0.0;0.0;0.0;-1.0;0.0;0.0;0.0;0.0;0.0;0.0;0.0;0.0;0.0;0.0;0.0;0.0;0.0;0.0,1778833878,815260464
1635,1778833878,874587490,gps,1.421,-1.27,-0.047,0.0,0.0,0.0,0.027225000000000003;0.0;0.0;0.0;0.0;0.0;0.0;0.027225000000000003;0.0;0.0;0.0;0.0;0.0;0.0;0.027225000000000003;0.0;0.0;0.0;0.0;0.0;0.0;-1.0;0.0;0.0;0.0;0.0;0.0;0.0;0.0;0.0;0.0;0.0;0.0;0.0;0.0;0.0,1778833878,939983775
1636,1778833878,999587427,gps,1.375,-1.363,-0.044,0.0,0.0,0.0,0.027225000000000003;0.0;0.0;0.0;0.0;0.0;0.0;0.027225000000000003;0.0;0.0;0.0;0.0;0.0;0.0;0.027225000000000003;0.0;0.0;0.0;0.0;0.0;0.0;-1.0;0.0;0.0;0.0;0.0;0.0;0.0;0.0;0.0;0.0;0.0;0.0;0.0;0.0;0.0,1778833879,70670172
1637,1778833879,124587361,gps,1.24,-1.391,-0.036000000000000004,0.0,0.0,0.0,0.027556000000000004;0.0;0.0;0.0;0.0;0.0;0.0;0.027556000000000004;0.0;0.0;0.0;0.0;0.0;0.0;0.027556000000000004;0.0;0.0;0.0;0.0;0.0;0.0;-1.0;0.0;0.0;0.0;0.0;0.0;0.0;0.0;0.0;0.0;0.0;0.0;0.0;0.0;0.0,1778833879,190454060
1638,1778833879,249587297,gps,1.215,-1.237,-0.028,0.0,0.0,0.0,0.027556000000000004;0.0;0.0;0.0;0.0;0.0;0.0;0.027556000000000004;0.0;0.0;0.0;0.0;0.0;0.0;0.027556000000000004;0.0;0.0;0.0;0.0;0.0;0.0;-1.0;0.0;0.0;0.0;0.0;0.0;0.0;0.0;0.0;0.0;0.0;0.0;0.0;0.0;0.0,1778833879,313403817
1639,1778833879,374587232,gps,1.042,-1.108,-0.039,0.0,0.0,0.0,0.027225000000000003;0.0;0.0;0.0;0.0;0.0;0.0;0.027225000000000003;0.0;0.0;0.0;0.0;0.0;0.0;0.027225000000000003;0.0;0.0;0.0;0.0;0.0;0.0;-1.0;0.0;0.0;0.0;0.0;0.0;0.0;0.0;0.0;0.0;0.0;0.0;0.0;0.0;0.0,1778833879,439737503
1640,1778833879,499587168,gps,0.92,-0.985,-0.034,0.0,0.0,0.0,0.027225000000000003;0.0;0.0;0.0;0.0;0.0;0.0;0.027225000000000003;0.0;0.0;0.0;0.0;0.0;0.0;0.027225000000000003;0.0;0.0;0.0;0.0;0.0;0.0;-1.0;0.0;0.0;0.0;0.0;0.0;0.0;0.0;0.0;0.0;0.0;0.0;0.0;0.0;0.0,1778833879,565244942
1641,1778833879,624587103,gps,0.778,-0.877,-0.02,0.0,0.0,0.0,0.027556000000000004;0.0;0.0;0.0;0.0;0.0;0.0;0.027556000000000004;0.0;0.0;0.0;0.0;0.0;0.0;0.027556000000000004;0.0;0.0;0.0;0.0;0.0;0.0;-1.0;0.0;0.0;0.0;0.0;0.0;0.0;0.0;0.0;0.0;0.0;0.0;0.0;0.0;0.0,1778833879,690730425
1642,1778833879,749587039,gps,0.6930000000000001,-0.749,-0.024,0.0,0.0,0.0,0.027556000000000004;0.0;0.0;0.0;0.0;0.0;0.0;0.027556000000000004;0.0;0.0;0.0;0.0;0.0;0.0;0.027556000000000004;0.0;0.0;0.0;0.0;0.0;0.0;-1.0;0.0;0.0;0.0;0.0;0.0;0.0;0.0;0.0;0.0;0.0;0.0;0.0;0.0;0.0,1778833879,815402202
1643,1778833879,874586974,gps,0.562,-0.579,-0.02,0.0,0.0,0.0,0.027225000000000003;0.0;0.0;0.0;0.0;0.0;0.0;0.027225000000000003;0.0;0.0;0.0;0.0;0.0;0.0;0.027225000000000003;0.0;0.0;0.0;0.0;0.0;0.0;-1.0;0.0;0.0;0.0;0.0;0.0;0.0;0.0;0.0;0.0;0.0;0.0;0.0;0.0;0.0,1778833879,940535855
1644,1778833879,999586911,gps,0.511,-0.6,-0.018000000000000002,0.0,0.0,0.0,0.027889000000000004;0.0;0.0;0.0;0.0;0.0;0.0;0.027889000000000004;0.0;0.0;0.0;0.0;0.0;0.0;0.027889000000000004;0.0;0.0;0.0;0.0;0.0;0.0;-1.0;0.0;0.0;0.0;0.0;0.0;0.0;0.0;0.0;0.0;0.0;0.0;0.0;0.0;0.0,1778833880,70531481
1645,1778833880,124586845,gps,0.455,-0.464,-0.018000000000000002,0.0,0.0,0.0,0.027225000000000003;0.0;0.0;0.0;0.0;0.0;0.0;0.027225000000000003;0.0;0.0;0.0;0.0;0.0;0.0;0.027225000000000003;0.0;0.0;0.0;0.0;0.0;0.0;-1.0;0.0;0.0;0.0;0.0;0.0;0.0;0.0;0.0;0.0;0.0;0.0;0.0;0.0;0.0,1778833880,187796813
1646,1778833880,249586781,gps,0.316,-0.384,-0.019,0.0,0.0,0.0,0.027889000000000004;0.0;0.0;0.0;0.0;0.0;0.0;0.027889000000000004;0.0;0.0;0.0;0.0;0.0;0.0;0.027889000000000004;0.0;0.0;0.0;0.0;0.0;0.0;-1.0;0.0;0.0;0.0;0.0;0.0;0.0;0.0;0.0;0.0;0.0;0.0;0.0;0.0;0.0,1778833880,316302983
1647,1778833880,374586716,gps,0.303,-0.357,-0.018000000000000002,0.0,0.0,0.0,0.027889000000000004;0.0;0.0;0.0;0.0;0.0;0.0;0.027889000000000004;0.0;0.0;0.0;0.0;0.0;0.0;0.027889000000000004;0.0;0.0;0.0;0.0;0.0;0.0;-1.0;0.0;0.0;0.0;0.0;0.0;0.0;0.0;0.0;0.0;0.0;0.0;0.0;0.0;0.0,1778833880,440242654
1648,1778833880,499586652,gps,0.242,-0.22,-0.024,0.0,0.0,0.0,0.027225000000000003;0.0;0.0;0.0;0.0;0.0;0.0;0.027225000000000003;0.0;0.0;0.0;0.0;0.0;0.0;0.027225000000000003;0.0;0.0;0.0;0.0;0.0;0.0;-1.0;0.0;0.0;0.0;0.0;0.0;0.0;0.0;0.0;0.0;0.0;0.0;0.0;0.0;0.0,1778833880,566401742
1649,1778833880,624586587,gps,0.218,-0.23500000000000001,-0.015,0.0,0.0,0.0,0.027556000000000004;0.0;0.0;0.0;0.0;0.0;0.0;0.027556000000000004;0.0;0.0;0.0;0.0;0.0;0.0;0.027556000000000004;0.0;0.0;0.0;0.0;0.0;0.0;-1.0;0.0;0.0;0.0;0.0;0.0;0.0;0.0;0.0;0.0;0.0;0.0;0.0;0.0;0.0,1778833880,690699205
1650,1778833880,749586522,gps,0.184,-0.2,-0.018000000000000002,0.0,0.0,0.0,0.027556000000000004;0.0;0.0;0.0;0.0;0.0;0.0;0.027556000000000004;0.0;0.0;0.0;0.0;0.0;0.0;0.027556000000000004;0.0;0.0;0.0;0.0;0.0;0.0;-1.0;0.0;0.0;0.0;0.0;0.0;0.0;0.0;0.0;0.0;0.0;0.0;0.0;0.0;0.0,1778833880,815643104
1651,1778833880,874586458,gps,0.14200000000000002,-0.131,-0.023,0.0,0.0,0.0,0.026896000000000003;0.0;0.0;0.0;0.0;0.0;0.0;0.026896000000000003;0.0;0.0;0.0;0.0;0.0;0.0;0.026896000000000003;0.0;0.0;0.0;0.0;0.0;0.0;-1.0;0.0;0.0;0.0;0.0;0.0;0.0;0.0;0.0;0.0;0.0;0.0;0.0;0.0;0.0,1778833880,940043496
1652,1778833880,999586394,gps,0.155,-0.116,-0.013000000000000001,0.0,0.0,0.0,0.026569000000000002;0.0;0.0;0.0;0.0;0.0;0.0;0.026569000000000002;0.0;0.0;0.0;0.0;0.0;0.0;0.026569000000000002;0.0;0.0;0.0;0.0;0.0;0.0;-1.0;0.0;0.0;0.0;0.0;0.0;0.0;0.0;0.0;0.0;0.0;0.0;0.0;0.0;0.0,1778833881,66150748
1653,1778833881,124586329,gps,0.114,-0.167,-0.011,0.0,0.0,0.0,0.027889000000000004;0.0;0.0;0.0;0.0;0.0;0.0;0.027889000000000004;0.0;0.0;0.0;0.0;0.0;0.0;0.027889000000000004;0.0;0.0;0.0;0.0;0.0;0.0;-1.0;0.0;0.0;0.0;0.0;0.0;0.0;0.0;0.0;0.0;0.0;0.0;0.0;0.0;0.0,1778833881,191638972
1654,1778833881,249586264,gps,0.098,-0.137,-0.005,0.0,0.0,0.0,0.027889000000000004;0.0;0.0;0.0;0.0;0.0;0.0;0.027889000000000004;0.0;0.0;0.0;0.0;0.0;0.0;0.027889000000000004;0.0;0.0;0.0;0.0;0.0;0.0;-1.0;0.0;0.0;0.0;0.0;0.0;0.0;0.0;0.0;0.0;0.0;0.0;0.0;0.0;0.0,1778833881,317489200
1655,1778833881,374586200,gps,0.11800000000000001,-0.082,0.0,0.0,0.0,0.0,0.026896000000000003;0.0;0.0;0.0;0.0;0.0;0.0;0.026896000000000003;0.0;0.0;0.0;0.0;0.0;0.0;0.026896000000000003;0.0;0.0;0.0;0.0;0.0;0.0;-1.0;0.0;0.0;0.0;0.0;0.0;0.0;0.0;0.0;0.0;0.0;0.0;0.0;0.0;0.0,1778833881,441268237
1656,1778833881,499586135,gps,0.082,-0.127,-0.004,0.0,0.0,0.0,0.028561000000000003;0.0;0.0;0.0;0.0;0.0;0.0;0.028561000000000003;0.0;0.0;0.0;0.0;0.0;0.0;0.028561000000000003;0.0;0.0;0.0;0.0;0.0;0.0;-1.0;0.0;0.0;0.0;0.0;0.0;0.0;0.0;0.0;0.0;0.0;0.0;0.0;0.0;0.0,1778833881,565565917
1657,1778833881,624586071,gps,0.10200000000000001,-0.15,-0.002,0.0,0.0,0.0,0.028224000000000003;0.0;0.0;0.0;0.0;0.0;0.0;0.028224000000000003;0.0;0.0;0.0;0.0;0.0;0.0;0.028224000000000003;0.0;0.0;0.0;0.0;0.0;0.0;-1.0;0.0;0.0;0.0;0.0;0.0;0.0;0.0;0.0;0.0;0.0;0.0;0.0;0.0;0.0,1778833881,693132708
1658,1778833881,749586006,gps,0.109,-0.106,-0.004,0.0,0.0,0.0,0.027225000000000003;0.0;0.0;0.0;0.0;0.0;0.0;0.027225000000000003;0.0;0.0;0.0;0.0;0.0;0.0;0.027225000000000003;0.0;0.0;0.0;0.0;0.0;0.0;-1.0;0.0;0.0;0.0;0.0;0.0;0.0;0.0;0.0;0.0;0.0;0.0;0.0;0.0;0.0,1778833881,815312136
1659,1778833881,874585942,gps,0.105,-0.05,-0.014,0.0,0.0,0.0,0.026896000000000003;0.0;0.0;0.0;0.0;0.0;0.0;0.026896000000000003;0.0;0.0;0.0;0.0;0.0;0.0;0.026896000000000003;0.0;0.0;0.0;0.0;0.0;0.0;-1.0;0.0;0.0;0.0;0.0;0.0;0.0;0.0;0.0;0.0;0.0;0.0;0.0;0.0;0.0,1778833881,938611825
1660,1778833881,999585878,gps,0.073,-0.113,0.001,0.0,0.0,0.0,0.028561000000000003;0.0;0.0;0.0;0.0;0.0;0.0;0.028561000000000003;0.0;0.0;0.0;0.0;0.0;0.0;0.028561000000000003;0.0;0.0;0.0;0.0;0.0;0.0;-1.0;0.0;0.0;0.0;0.0;0.0;0.0;0.0;0.0;0.0;0.0;0.0;0.0;0.0;0.0,1778833882,71684055
1661,1778833882,124585813,gps,0.10200000000000001,-0.147,-0.013000000000000001,0.0,0.0,0.0,0.027556000000000004;0.0;0.0;0.0;0.0;0.0;0.0;0.027556000000000004;0.0;0.0;0.0;0.0;0.0;0.0;0.027556000000000004;0.0;0.0;0.0;0.0;0.0;0.0;-1.0;0.0;0.0;0.0;0.0;0.0;0.0;0.0;0.0;0.0;0.0;0.0;0.0;0.0;0.0,1778833882,193477502
1662,1778833882,249585748,gps,0.1,-0.081,-0.001,0.0,0.0,0.0,0.027225000000000003;0.0;0.0;0.0;0.0;0.0;0.0;0.027225000000000003;0.0;0.0;0.0;0.0;0.0;0.0;0.027225000000000003;0.0;0.0;0.0;0.0;0.0;0.0;-1.0;0.0;0.0;0.0;0.0;0.0;0.0;0.0;0.0;0.0;0.0;0.0;0.0;0.0;0.0,1778833882,318723292
1663,1778833882,374585684,gps,0.107,-0.084,-0.001,0.0,0.0,0.0,0.027225000000000003;0.0;0.0;0.0;0.0;0.0;0.0;0.027225000000000003;0.0;0.0;0.0;0.0;0.0;0.0;0.027225000000000003;0.0;0.0;0.0;0.0;0.0;0.0;-1.0;0.0;0.0;0.0;0.0;0.0;0.0;0.0;0.0;0.0;0.0;0.0;0.0;0.0;0.0,1778833882,441483467
1664,1778833882,499585619,gps,0.049,-0.097,-0.005,0.0,0.0,0.0,0.029929000000000004;0.0;0.0;0.0;0.0;0.0;0.0;0.029929000000000004;0.0;0.0;0.0;0.0;0.0;0.0;0.029929000000000004;0.0;0.0;0.0;0.0;0.0;0.0;-1.0;0.0;0.0;0.0;0.0;0.0;0.0;0.0;0.0;0.0;0.0;0.0;0.0;0.0;0.0,1778833882,566634761
1665,1778833882,624585555,gps,0.098,-0.112,-0.007,0.0,0.0,0.0,0.027889000000000004;0.0;0.0;0.0;0.0;0.0;0.0;0.027889000000000004;0.0;0.0;0.0;0.0;0.0;0.0;0.027889000000000004;0.0;0.0;0.0;0.0;0.0;0.0;-1.0;0.0;0.0;0.0;0.0;0.0;0.0;0.0;0.0;0.0;0.0;0.0;0.0;0.0;0.0,1778833882,691315497
1666,1778833882,749585490,gps,0.10400000000000001,-0.114,-0.003,0.0,0.0,0.0,0.027556000000000004;0.0;0.0;0.0;0.0;0.0;0.0;0.027556000000000004;0.0;0.0;0.0;0.0;0.0;0.0;0.027556000000000004;0.0;0.0;0.0;0.0;0.0;0.0;-1.0;0.0;0.0;0.0;0.0;0.0;0.0;0.0;0.0;0.0;0.0;0.0;0.0;0.0;0.0,1778833882,817437277
1667,1778833882,874585426,gps,0.076,-0.089,0.014,0.0,0.0,0.0,0.027889000000000004;0.0;0.0;0.0;0.0;0.0;0.0;0.027889000000000004;0.0;0.0;0.0;0.0;0.0;0.0;0.027889000000000004;0.0;0.0;0.0;0.0;0.0;0.0;-1.0;0.0;0.0;0.0;0.0;0.0;0.0;0.0;0.0;0.0;0.0;0.0;0.0;0.0;0.0,1778833882,941099994
1668,1778833882,999585362,gps,0.088,-0.106,0.001,0.0,0.0,0.0,0.027225000000000003;0.0;0.0;0.0;0.0;0.0;0.0;0.027225000000000003;0.0;0.0;0.0;0.0;0.0;0.0;0.027225000000000003;0.0;0.0;0.0;0.0;0.0;0.0;-1.0;0.0;0.0;0.0;0.0;0.0;0.0;0.0;0.0;0.0;0.0;0.0;0.0;0.0;0.0,1778833883,71512145
1669,1778833883,124585297,gps,0.126,-0.11900000000000001,-0.004,0.0,0.0,0.0,0.026896000000000003;0.0;0.0;0.0;0.0;0.0;0.0;0.026896000000000003;0.0;0.0;0.0;0.0;0.0;0.0;0.026896000000000003;0.0;0.0;0.0;0.0;0.0;0.0;-1.0;0.0;0.0;0.0;0.0;0.0;0.0;0.0;0.0;0.0;0.0;0.0;0.0;0.0;0.0,1778833883,191256469
1670,1778833883,249585232,gps,0.055,-0.122,-0.011,0.0,0.0,0.0,0.029929000000000004;0.0;0.0;0.0;0.0;0.0;0.0;0.029929000000000004;0.0;0.0;0.0;0.0;0.0;0.0;0.029929000000000004;0.0;0.0;0.0;0.0;0.0;0.0;-1.0;0.0;0.0;0.0;0.0;0.0;0.0;0.0;0.0;0.0;0.0;0.0;0.0;0.0;0.0,1778833883,316262794
1671,1778833883,374585168,gps,0.105,-0.078,0.008,0.0,0.0,0.0,0.027556000000000004;0.0;0.0;0.0;0.0;0.0;0.0;0.027556000000000004;0.0;0.0;0.0;0.0;0.0;0.0;0.027556000000000004;0.0;0.0;0.0;0.0;0.0;0.0;-1.0;0.0;0.0;0.0;0.0;0.0;0.0;0.0;0.0;0.0;0.0;0.0;0.0;0.0;0.0,1778833883,440639699
1672,1778833883,499585103,gps,0.132,-0.14,-0.003,0.0,0.0,0.0,0.027889000000000004;0.0;0.0;0.0;0.0;0.0;0.0;0.027889000000000004;0.0;0.0;0.0;0.0;0.0;0.0;0.027889000000000004;0.0;0.0;0.0;0.0;0.0;0.0;-1.0;0.0;0.0;0.0;0.0;0.0;0.0;0.0;0.0;0.0;0.0;0.0;0.0;0.0;0.0,1778833883,567200919
1673,1778833883,624585039,gps,0.056,-0.076,0.003,0.0,0.0,0.0,0.027889000000000004;0.0;0.0;0.0;0.0;0.0;0.0;0.027889000000000004;0.0;0.0;0.0;0.0;0.0;0.0;0.027889000000000004;0.0;0.0;0.0;0.0;0.0;0.0;-1.0;0.0;0.0;0.0;0.0;0.0;0.0;0.0;0.0;0.0;0.0;0.0;0.0;0.0;0.0,1778833883,691486657
1674,1778833883,749584974,gps,0.023,-0.059000000000000004,-0.003,0.0,0.0,0.0,0.028900000000000006;0.0;0.0;0.0;0.0;0.0;0.0;0.028900000000000006;0.0;0.0;0.0;0.0;0.0;0.0;0.028900000000000006;0.0;0.0;0.0;0.0;0.0;0.0;-1.0;0.0;0.0;0.0;0.0;0.0;0.0;0.0;0.0;0.0;0.0;0.0;0.0;0.0;0.0,1778833883,814590030
1675,1778833883,874584910,gps,0.013000000000000001,-0.009000000000000001,0.007,0.0,0.0,0.0,0.027556000000000004;0.0;0.0;0.0;0.0;0.0;0.0;0.027556000000000004;0.0;0.0;0.0;0.0;0.0;0.0;0.027556000000000004;0.0;0.0;0.0;0.0;0.0;0.0;-1.0;0.0;0.0;0.0;0.0;0.0;0.0;0.0;0.0;0.0;0.0;0.0;0.0;0.0;0.0,1778833883,940461778
1676,1778833883,999584846,gps,-0.023,0.048,-0.006,0.0,0.0,0.0,0.028561000000000003;0.0;0.0;0.0;0.0;0.0;0.0;0.028561000000000003;0.0;0.0;0.0;0.0;0.0;0.0;0.028561000000000003;0.0;0.0;0.0;0.0;0.0;0.0;-1.0;0.0;0.0;0.0;0.0;0.0;0.0;0.0;0.0;0.0;0.0;0.0;0.0;0.0;0.0,1778833884,70476108
1677,1778833884,124584781,gps,0.01,-0.047,-0.002,0.0,0.0,0.0,0.029584000000000006;0.0;0.0;0.0;0.0;0.0;0.0;0.029584000000000006;0.0;0.0;0.0;0.0;0.0;0.0;0.029584000000000006;0.0;0.0;0.0;0.0;0.0;0.0;-1.0;0.0;0.0;0.0;0.0;0.0;0.0;0.0;0.0;0.0;0.0;0.0;0.0;0.0;0.0,1778833884,190696134
1678,1778833884,249584716,gps,0.038,0.0,-0.011,0.0,0.0,0.0,0.028561000000000003;0.0;0.0;0.0;0.0;0.0;0.0;0.028561000000000003;0.0;0.0;0.0;0.0;0.0;0.0;0.028561000000000003;0.0;0.0;0.0;0.0;0.0;0.0;-1.0;0.0;0.0;0.0;0.0;0.0;0.0;0.0;0.0;0.0;0.0;0.0;0.0;0.0;0.0,1778833884,316713686
1679,1778833884,374584652,gps,0.036000000000000004,-0.001,-0.014,0.0,0.0,0.0,0.027889000000000004;0.0;0.0;0.0;0.0;0.0;0.0;0.027889000000000004;0.0;0.0;0.0;0.0;0.0;0.0;0.027889000000000004;0.0;0.0;0.0;0.0;0.0;0.0;-1.0;0.0;0.0;0.0;0.0;0.0;0.0;0.0;0.0;0.0;0.0;0.0;0.0;0.0;0.0,1778833884,441590359
1680,1778833884,499584587,gps,0.021,0.039,-0.013000000000000001,0.0,0.0,0.0,0.032041;0.0;0.0;0.0;0.0;0.0;0.0;0.032041;0.0;0.0;0.0;0.0;0.0;0.0;0.032041;0.0;0.0;0.0;0.0;0.0;0.0;-1.0;0.0;0.0;0.0;0.0;0.0;0.0;0.0;0.0;0.0;0.0;0.0;0.0;0.0;0.0,1778833884,566572545
1681,1778833884,624584523,gps,-0.03,-0.083,0.005,0.0,0.0,0.0,0.031328999999999996;0.0;0.0;0.0;0.0;0.0;0.0;0.031328999999999996;0.0;0.0;0.0;0.0;0.0;0.0;0.031328999999999996;0.0;0.0;0.0;0.0;0.0;0.0;-1.0;0.0;0.0;0.0;0.0;0.0;0.0;0.0;0.0;0.0;0.0;0.0;0.0;0.0;0.0,1778833884,687522262
1682,1778833884,749584458,gps,0.043000000000000003,0.029,-0.013000000000000001,0.0,0.0,0.0,0.030625000000000006;0.0;0.0;0.0;0.0;0.0;0.0;0.030625000000000006;0.0;0.0;0.0;0.0;0.0;0.0;0.030625000000000006;0.0;0.0;0.0;0.0;0.0;0.0;-1.0;0.0;0.0;0.0;0.0;0.0;0.0;0.0;0.0;0.0;0.0;0.0;0.0;0.0;0.0,1778833884,815458452
1683,1778833884,874584394,gps,0.019,-0.019,-0.013000000000000001,0.0,0.0,0.0,0.024649;0.0;0.0;0.0;0.0;0.0;0.0;0.024649;0.0;0.0;0.0;0.0;0.0;0.0;0.024649;0.0;0.0;0.0;0.0;0.0;0.0;-1.0;0.0;0.0;0.0;0.0;0.0;0.0;0.0;0.0;0.0;0.0;0.0;0.0;0.0;0.0,1778833884,940775880
1684,1778833884,999584330,gps,0.004,-0.039,-0.011,0.0,0.0,0.0,0.028224000000000003;0.0;0.0;0.0;0.0;0.0;0.0;0.028224000000000003;0.0;0.0;0.0;0.0;0.0;0.0;0.028224000000000003;0.0;0.0;0.0;0.0;0.0;0.0;-1.0;0.0;0.0;0.0;0.0;0.0;0.0;0.0;0.0;0.0;0.0;0.0;0.0;0.0;0.0,1778833885,70557420
1685,1778833885,124584265,gps,-0.006,-0.031,0.0,0.0,0.0,0.0,0.030625000000000006;0.0;0.0;0.0;0.0;0.0;0.0;0.030625000000000006;0.0;0.0;0.0;0.0;0.0;0.0;0.030625000000000006;0.0;0.0;0.0;0.0;0.0;0.0;-1.0;0.0;0.0;0.0;0.0;0.0;0.0;0.0;0.0;0.0;0.0;0.0;0.0;0.0;0.0,1778833885,192148132
1686,1778833885,249584200,gps,0.045,-0.03,-0.004,0.0,0.0,0.0,0.026569000000000002;0.0;0.0;0.0;0.0;0.0;0.0;0.026569000000000002;0.0;0.0;0.0;0.0;0.0;0.0;0.026569000000000002;0.0;0.0;0.0;0.0;0.0;0.0;-1.0;0.0;0.0;0.0;0.0;0.0;0.0;0.0;0.0;0.0;0.0;0.0;0.0;0.0;0.0,1778833885,318587126
1687,1778833885,374584136,gps,0.041,-0.017,-0.005,0.0,0.0,0.0,0.026896000000000003;0.0;0.0;0.0;0.0;0.0;0.0;0.026896000000000003;0.0;0.0;0.0;0.0;0.0;0.0;0.026896000000000003;0.0;0.0;0.0;0.0;0.0;0.0;-1.0;0.0;0.0;0.0;0.0;0.0;0.0;0.0;0.0;0.0;0.0;0.0;0.0;0.0;0.0,1778833885,441981644
1688,1778833885,499584071,gps,0.007,-0.043000000000000003,-0.001,0.0,0.0,0.0,0.028900000000000006;0.0;0.0;0.0;0.0;0.0;0.0;0.028900000000000006;0.0;0.0;0.0;0.0;0.0;0.0;0.028900000000000006;0.0;0.0;0.0;0.0;0.0;0.0;-1.0;0.0;0.0;0.0;0.0;0.0;0.0;0.0;0.0;0.0;0.0;0.0;0.0;0.0;0.0,1778833885,562682120
1689,1778833885,624584007,gps,-0.009000000000000001,0.011,-0.013000000000000001,0.0,0.0,0.0,0.0256;0.0;0.0;0.0;0.0;0.0;0.0;0.0256;0.0;0.0;0.0;0.0;0.0;0.0;0.0256;0.0;0.0;0.0;0.0;0.0;0.0;-1.0;0.0;0.0;0.0;0.0;0.0;0.0;0.0;0.0;0.0;0.0;0.0;0.0;0.0;0.0,1778833885,692622388
1690,1778833885,749583942,gps,0.083,0.002,-0.002,0.0,0.0,0.0,0.030975999999999997;0.0;0.0;0.0;0.0;0.0;0.0;0.030975999999999997;0.0;0.0;0.0;0.0;0.0;0.0;0.030975999999999997;0.0;0.0;0.0;0.0;0.0;0.0;-1.0;0.0;0.0;0.0;0.0;0.0;0.0;0.0;0.0;0.0;0.0;0.0;0.0;0.0;0.0,1778833885,817606674
1691,1778833885,874583878,gps,0.041,-0.051000000000000004,-0.003,0.0,0.0,0.0,0.026896000000000003;0.0;0.0;0.0;0.0;0.0;0.0;0.026896000000000003;0.0;0.0;0.0;0.0;0.0;0.0;0.026896000000000003;0.0;0.0;0.0;0.0;0.0;0.0;-1.0;0.0;0.0;0.0;0.0;0.0;0.0;0.0;0.0;0.0;0.0;0.0;0.0;0.0;0.0,1778833885,942444395
1692,1778833885,999583814,gps,0.017,-0.05,-0.01,0.0,0.0,0.0,0.027225000000000003;0.0;0.0;0.0;0.0;0.0;0.0;0.027225000000000003;0.0;0.0;0.0;0.0;0.0;0.0;0.027225000000000003;0.0;0.0;0.0;0.0;0.0;0.0;-1.0;0.0;0.0;0.0;0.0;0.0;0.0;0.0;0.0;0.0;0.0;0.0;0.0;0.0;0.0,1778833886,72437484
1693,1778833886,124583749,gps,0.031,-0.015,-0.015,0.0,0.0,0.0,0.026244;0.0;0.0;0.0;0.0;0.0;0.0;0.026244;0.0;0.0;0.0;0.0;0.0;0.0;0.026244;0.0;0.0;0.0;0.0;0.0;0.0;-1.0;0.0;0.0;0.0;0.0;0.0;0.0;0.0;0.0;0.0;0.0;0.0;0.0;0.0;0.0,1778833886,191292626
1694,1778833886,249583684,gps,0.033,-0.075,-0.019,0.0,0.0,0.0,0.026896000000000003;0.0;0.0;0.0;0.0;0.0;0.0;0.026896000000000003;0.0;0.0;0.0;0.0;0.0;0.0;0.026896000000000003;0.0;0.0;0.0;0.0;0.0;0.0;-1.0;0.0;0.0;0.0;0.0;0.0;0.0;0.0;0.0;0.0;0.0;0.0;0.0;0.0;0.0,1778833886,317480471
1695,1778833886,374583620,gps,0.053,-0.045,-0.008,0.0,0.0,0.0,0.027225000000000003;0.0;0.0;0.0;0.0;0.0;0.0;0.027225000000000003;0.0;0.0;0.0;0.0;0.0;0.0;0.027225000000000003;0.0;0.0;0.0;0.0;0.0;0.0;-1.0;0.0;0.0;0.0;0.0;0.0;0.0;0.0;0.0;0.0;0.0;0.0;0.0;0.0;0.0,1778833886,439573054
1696,1778833886,499583555,gps,0.08600000000000001,-0.06,-0.001,0.0,0.0,0.0,0.027225000000000003;0.0;0.0;0.0;0.0;0.0;0.0;0.027225000000000003;0.0;0.0;0.0;0.0;0.0;0.0;0.027225000000000003;0.0;0.0;0.0;0.0;0.0;0.0;-1.0;0.0;0.0;0.0;0.0;0.0;0.0;0.0;0.0;0.0;0.0;0.0;0.0;0.0;0.0,1778833886,567625768
1697,1778833886,624583491,gps,0.018000000000000002,-0.067,-0.009000000000000001,0.0,0.0,0.0,0.027889000000000004;0.0;0.0;0.0;0.0;0.0;0.0;0.027889000000000004;0.0;0.0;0.0;0.0;0.0;0.0;0.027889000000000004;0.0;0.0;0.0;0.0;0.0;0.0;-1.0;0.0;0.0;0.0;0.0;0.0;0.0;0.0;0.0;0.0;0.0;0.0;0.0;0.0;0.0,1778833886,691718625
1698,1778833886,749583426,gps,0.064,-0.08700000000000001,0.004,0.0,0.0,0.0,0.027225000000000003;0.0;0.0;0.0;0.0;0.0;0.0;0.027225000000000003;0.0;0.0;0.0;0.0;0.0;0.0;0.027225000000000003;0.0;0.0;0.0;0.0;0.0;0.0;-1.0;0.0;0.0;0.0;0.0;0.0;0.0;0.0;0.0;0.0;0.0;0.0;0.0;0.0;0.0,1778833886,816601986
1699,1778833886,874583362,gps,0.073,-0.065,-0.009000000000000001,0.0,0.0,0.0,0.026896000000000003;0.0;0.0;0.0;0.0;0.0;0.0;0.026896000000000003;0.0;0.0;0.0;0.0;0.0;0.0;0.026896000000000003;0.0;0.0;0.0;0.0;0.0;0.0;-1.0;0.0;0.0;0.0;0.0;0.0;0.0;0.0;0.0;0.0;0.0;0.0;0.0;0.0;0.0,1778833886,941060605
1700,1778833886,999583298,gps,0.073,-0.026000000000000002,-0.008,0.0,0.0,0.0,0.028900000000000006;0.0;0.0;0.0;0.0;0.0;0.0;0.028900000000000006;0.0;0.0;0.0;0.0;0.0;0.0;0.028900000000000006;0.0;0.0;0.0;0.0;0.0;0.0;-1.0;0.0;0.0;0.0;0.0;0.0;0.0;0.0;0.0;0.0;0.0;0.0;0.0;0.0;0.0,1778833887,71515852
1701,1778833887,124583233,gps,0.05,-0.044,-0.018000000000000002,0.0,0.0,0.0,0.026244;0.0;0.0;0.0;0.0;0.0;0.0;0.026244;0.0;0.0;0.0;0.0;0.0;0.0;0.026244;0.0;0.0;0.0;0.0;0.0;0.0;-1.0;0.0;0.0;0.0;0.0;0.0;0.0;0.0;0.0;0.0;0.0;0.0;0.0;0.0;0.0,1778833887,191777644
1702,1778833887,249583168,gps,0.098,-0.08,-0.01,0.0,0.0,0.0,0.027225000000000003;0.0;0.0;0.0;0.0;0.0;0.0;0.027225000000000003;0.0;0.0;0.0;0.0;0.0;0.0;0.027225000000000003;0.0;0.0;0.0;0.0;0.0;0.0;-1.0;0.0;0.0;0.0;0.0;0.0;0.0;0.0;0.0;0.0;0.0;0.0;0.0;0.0;0.0,1778833887,317639225
1703,1778833887,374583104,gps,0.052000000000000005,-0.095,-0.005,0.0,0.0,0.0,0.027556000000000004;0.0;0.0;0.0;0.0;0.0;0.0;0.027556000000000004;0.0;0.0;0.0;0.0;0.0;0.0;0.027556000000000004;0.0;0.0;0.0;0.0;0.0;0.0;-1.0;0.0;0.0;0.0;0.0;0.0;0.0;0.0;0.0;0.0;0.0;0.0;0.0;0.0;0.0,1778833887,442190055
1704,1778833887,499583039,gps,0.061,-0.088,-0.02,0.0,0.0,0.0,0.026244;0.0;0.0;0.0;0.0;0.0;0.0;0.026244;0.0;0.0;0.0;0.0;0.0;0.0;0.026244;0.0;0.0;0.0;0.0;0.0;0.0;-1.0;0.0;0.0;0.0;0.0;0.0;0.0;0.0;0.0;0.0;0.0;0.0;0.0;0.0;0.0,1778833887,566971554
1705,1778833887,624582975,gps,0.08700000000000001,-0.041,-0.002,0.0,0.0,0.0,0.027889000000000004;0.0;0.0;0.0;0.0;0.0;0.0;0.027889000000000004;0.0;0.0;0.0;0.0;0.0;0.0;0.027889000000000004;0.0;0.0;0.0;0.0;0.0;0.0;-1.0;0.0;0.0;0.0;0.0;0.0;0.0;0.0;0.0;0.0;0.0;0.0;0.0;0.0;0.0,1778833887,690690187
1706,1778833887,749582910,gps,0.067,-0.116,-0.003,0.0,0.0,0.0,0.027889000000000004;0.0;0.0;0.0;0.0;0.0;0.0;0.027889000000000004;0.0;0.0;0.0;0.0;0.0;0.0;0.027889000000000004;0.0;0.0;0.0;0.0;0.0;0.0;-1.0;0.0;0.0;0.0;0.0;0.0;0.0;0.0;0.0;0.0;0.0;0.0;0.0;0.0;0.0,1778833887,815199837
1707,1778833887,874582846,gps,0.078,-0.098,-0.006,0.0,0.0,0.0,0.028224000000000003;0.0;0.0;0.0;0.0;0.0;0.0;0.028224000000000003;0.0;0.0;0.0;0.0;0.0;0.0;0.028224000000000003;0.0;0.0;0.0;0.0;0.0;0.0;-1.0;0.0;0.0;0.0;0.0;0.0;0.0;0.0;0.0;0.0;0.0;0.0;0.0;0.0;0.0,1778833887,940329802
1708,1778833887,999582782,gps,0.066,-0.063,-0.016,0.0,0.0,0.0,0.027225000000000003;0.0;0.0;0.0;0.0;0.0;0.0;0.027225000000000003;0.0;0.0;0.0;0.0;0.0;0.0;0.027225000000000003;0.0;0.0;0.0;0.0;0.0;0.0;-1.0;0.0;0.0;0.0;0.0;0.0;0.0;0.0;0.0;0.0;0.0;0.0;0.0;0.0;0.0,1778833888,71484112
1709,1778833888,124582717,gps,0.052000000000000005,-0.095,-0.008,0.0,0.0,0.0,0.027889000000000004;0.0;0.0;0.0;0.0;0.0;0.0;0.027889000000000004;0.0;0.0;0.0;0.0;0.0;0.0;0.027889000000000004;0.0;0.0;0.0;0.0;0.0;0.0;-1.0;0.0;0.0;0.0;0.0;0.0;0.0;0.0;0.0;0.0;0.0;0.0;0.0;0.0;0.0,1778833888,192192176
1710,1778833888,249582652,gps,0.068,-0.089,-0.004,0.0,0.0,0.0,0.027889000000000004;0.0;0.0;0.0;0.0;0.0;0.0;0.027889000000000004;0.0;0.0;0.0;0.0;0.0;0.0;0.027889000000000004;0.0;0.0;0.0;0.0;0.0;0.0;-1.0;0.0;0.0;0.0;0.0;0.0;0.0;0.0;0.0;0.0;0.0;0.0;0.0;0.0;0.0,1778833888,315489374
1711,1778833888,374582587,gps,0.062,-0.035,-0.005,0.0,0.0,0.0,0.028561000000000003;0.0;0.0;0.0;0.0;0.0;0.0;0.028561000000000003;0.0;0.0;0.0;0.0;0.0;0.0;0.028561000000000003;0.0;0.0;0.0;0.0;0.0;0.0;-1.0;0.0;0.0;0.0;0.0;0.0;0.0;0.0;0.0;0.0;0.0;0.0;0.0;0.0;0.0,1778833888,441349598
1712,1778833888,499582523,gps,0.065,-0.066,-0.008,0.0,0.0,0.0,0.027889000000000004;0.0;0.0;0.0;0.0;0.0;0.0;0.027889000000000004;0.0;0.0;0.0;0.0;0.0;0.0;0.027889000000000004;0.0;0.0;0.0;0.0;0.0;0.0;-1.0;0.0;0.0;0.0;0.0;0.0;0.0;0.0;0.0;0.0;0.0;0.0;0.0;0.0;0.0,1778833888,566531313
1713,1778833888,624582458,gps,0.097,-0.08,-0.012,0.0,0.0,0.0,0.027889000000000004;0.0;0.0;0.0;0.0;0.0;0.0;0.027889000000000004;0.0;0.0;0.0;0.0;0.0;0.0;0.027889000000000004;0.0;0.0;0.0;0.0;0.0;0.0;-1.0;0.0;0.0;0.0;0.0;0.0;0.0;0.0;0.0;0.0;0.0;0.0;0.0;0.0;0.0,1778833888,690702555
1714,1778833888,749582394,gps,0.073,-0.121,0.006,0.0,0.0,0.0,0.028224000000000003;0.0;0.0;0.0;0.0;0.0;0.0;0.028224000000000003;0.0;0.0;0.0;0.0;0.0;0.0;0.028224000000000003;0.0;0.0;0.0;0.0;0.0;0.0;-1.0;0.0;0.0;0.0;0.0;0.0;0.0;0.0;0.0;0.0;0.0;0.0;0.0;0.0;0.0,1778833888,816535077
1715,1778833888,874582329,gps,0.066,-0.043000000000000003,-0.009000000000000001,0.0,0.0,0.0,0.028224000000000003;0.0;0.0;0.0;0.0;0.0;0.0;0.028224000000000003;0.0;0.0;0.0;0.0;0.0;0.0;0.028224000000000003;0.0;0.0;0.0;0.0;0.0;0.0;-1.0;0.0;0.0;0.0;0.0;0.0;0.0;0.0;0.0;0.0;0.0;0.0;0.0;0.0;0.0,1778833888,941468639
1716,1778833888,999582266,gps,0.067,-0.091,0.004,0.0,0.0,0.0,0.027889000000000004;0.0;0.0;0.0;0.0;0.0;0.0;0.027889000000000004;0.0;0.0;0.0;0.0;0.0;0.0;0.027889000000000004;0.0;0.0;0.0;0.0;0.0;0.0;-1.0;0.0;0.0;0.0;0.0;0.0;0.0;0.0;0.0;0.0;0.0;0.0;0.0;0.0;0.0,1778833889,72039950
1717,1778833889,124582200,gps,0.081,-0.08,-0.008,0.0,0.0,0.0,0.027889000000000004;0.0;0.0;0.0;0.0;0.0;0.0;0.027889000000000004;0.0;0.0;0.0;0.0;0.0;0.0;0.027889000000000004;0.0;0.0;0.0;0.0;0.0;0.0;-1.0;0.0;0.0;0.0;0.0;0.0;0.0;0.0;0.0;0.0;0.0;0.0;0.0;0.0;0.0,1778833889,187380175
1718,1778833889,249582136,gps,0.07,-0.07,-0.008,0.0,0.0,0.0,0.027556000000000004;0.0;0.0;0.0;0.0;0.0;0.0;0.027556000000000004;0.0;0.0;0.0;0.0;0.0;0.0;0.027556000000000004;0.0;0.0;0.0;0.0;0.0;0.0;-1.0;0.0;0.0;0.0;0.0;0.0;0.0;0.0;0.0;0.0;0.0;0.0;0.0;0.0;0.0,1778833889,316801064
1719,1778833889,374582071,gps,0.08,-0.049,0.001,0.0,0.0,0.0,0.027556000000000004;0.0;0.0;0.0;0.0;0.0;0.0;0.027556000000000004;0.0;0.0;0.0;0.0;0.0;0.0;0.027556000000000004;0.0;0.0;0.0;0.0;0.0;0.0;-1.0;0.0;0.0;0.0;0.0;0.0;0.0;0.0;0.0;0.0;0.0;0.0;0.0;0.0;0.0,1778833889,441379542
1720,1778833889,499582007,gps,0.042,-0.054,-0.007,0.0,0.0,0.0,0.026896000000000003;0.0;0.0;0.0;0.0;0.0;0.0;0.026896000000000003;0.0;0.0;0.0;0.0;0.0;0.0;0.026896000000000003;0.0;0.0;0.0;0.0;0.0;0.0;-1.0;0.0;0.0;0.0;0.0;0.0;0.0;0.0;0.0;0.0;0.0;0.0;0.0;0.0;0.0,1778833889,567332212
1721,1778833889,624581942,gps,0.082,-0.111,0.002,0.0,0.0,0.0,0.026896000000000003;0.0;0.0;0.0;0.0;0.0;0.0;0.026896000000000003;0.0;0.0;0.0;0.0;0.0;0.0;0.026896000000000003;0.0;0.0;0.0;0.0;0.0;0.0;-1.0;0.0;0.0;0.0;0.0;0.0;0.0;0.0;0.0;0.0;0.0;0.0;0.0;0.0;0.0,1778833889,692534807
1722,1778833889,749581878,gps,0.052000000000000005,-0.069,-0.002,0.0,0.0,0.0,0.026896000000000003;0.0;0.0;0.0;0.0;0.0;0.0;0.026896000000000003;0.0;0.0;0.0;0.0;0.0;0.0;0.026896000000000003;0.0;0.0;0.0;0.0;0.0;0.0;-1.0;0.0;0.0;0.0;0.0;0.0;0.0;0.0;0.0;0.0;0.0;0.0;0.0;0.0;0.0,1778833889,817356932
1723,1778833889,874581813,gps,0.056,-0.043000000000000003,-0.001,0.0,0.0,0.0,0.026896000000000003;0.0;0.0;0.0;0.0;0.0;0.0;0.026896000000000003;0.0;0.0;0.0;0.0;0.0;0.0;0.026896000000000003;0.0;0.0;0.0;0.0;0.0;0.0;-1.0;0.0;0.0;0.0;0.0;0.0;0.0;0.0;0.0;0.0;0.0;0.0;0.0;0.0;0.0,1778833889,941371110
1724,1778833889,999581750,gps,0.055,-0.04,0.01,0.0,0.0,0.0,0.027556000000000004;0.0;0.0;0.0;0.0;0.0;0.0;0.027556000000000004;0.0;0.0;0.0;0.0;0.0;0.0;0.027556000000000004;0.0;0.0;0.0;0.0;0.0;0.0;-1.0;0.0;0.0;0.0;0.0;0.0;0.0;0.0;0.0;0.0;0.0;0.0;0.0;0.0;0.0,1778833890,67683199
1725,1778833890,124581684,gps,0.045,-0.049,-0.003,0.0,0.0,0.0,0.026244;0.0;0.0;0.0;0.0;0.0;0.0;0.026244;0.0;0.0;0.0;0.0;0.0;0.0;0.026244;0.0;0.0;0.0;0.0;0.0;0.0;-1.0;0.0;0.0;0.0;0.0;0.0;0.0;0.0;0.0;0.0;0.0;0.0;0.0;0.0;0.0,1778833890,192415588
1726,1778833890,249581620,gps,0.022,-0.041,-0.005,0.0,0.0,0.0,0.027225000000000003;0.0;0.0;0.0;0.0;0.0;0.0;0.027225000000000003;0.0;0.0;0.0;0.0;0.0;0.0;0.027225000000000003;0.0;0.0;0.0;0.0;0.0;0.0;-1.0;0.0;0.0;0.0;0.0;0.0;0.0;0.0;0.0;0.0;0.0;0.0;0.0;0.0;0.0,1778833890,316625360
1727,1778833890,374581555,gps,0.068,-0.003,0.01,0.0,0.0,0.0,0.029929000000000004;0.0;0.0;0.0;0.0;0.0;0.0;0.029929000000000004;0.0;0.0;0.0;0.0;0.0;0.0;0.029929000000000004;0.0;0.0;0.0;0.0;0.0;0.0;-1.0;0.0;0.0;0.0;0.0;0.0;0.0;0.0;0.0;0.0;0.0;0.0;0.0;0.0;0.0,1778833890,440593100
1728,1778833890,499581491,gps,-0.004,-0.049,-0.002,0.0,0.0,0.0,0.030276000000000004;0.0;0.0;0.0;0.0;0.0;0.0;0.030276000000000004;0.0;0.0;0.0;0.0;0.0;0.0;0.030276000000000004;0.0;0.0;0.0;0.0;0.0;0.0;-1.0;0.0;0.0;0.0;0.0;0.0;0.0;0.0;0.0;0.0;0.0;0.0;0.0;0.0;0.0,1778833890,565631103
1729,1778833890,624581426,gps,-0.018000000000000002,-0.045,0.002,0.0,0.0,0.0,0.031684;0.0;0.0;0.0;0.0;0.0;0.0;0.031684;0.0;0.0;0.0;0.0;0.0;0.0;0.031684;0.0;0.0;0.0;0.0;0.0;0.0;-1.0;0.0;0.0;0.0;0.0;0.0;0.0;0.0;0.0;0.0;0.0;0.0;0.0;0.0;0.0,1778833890,690277035
1730,1778833890,749581362,gps,0.047,-0.028,0.002,0.0,0.0,0.0,0.028561000000000003;0.0;0.0;0.0;0.0;0.0;0.0;0.028561000000000003;0.0;0.0;0.0;0.0;0.0;0.0;0.028561000000000003;0.0;0.0;0.0;0.0;0.0;0.0;-1.0;0.0;0.0;0.0;0.0;0.0;0.0;0.0;0.0;0.0;0.0;0.0;0.0;0.0;0.0,1778833890,815226088
1731,1778833890,874581297,gps,0.039,-0.029,0.002,0.0,0.0,0.0,0.027889000000000004;0.0;0.0;0.0;0.0;0.0;0.0;0.027889000000000004;0.0;0.0;0.0;0.0;0.0;0.0;0.027889000000000004;0.0;0.0;0.0;0.0;0.0;0.0;-1.0;0.0;0.0;0.0;0.0;0.0;0.0;0.0;0.0;0.0;0.0;0.0;0.0;0.0;0.0,1778833890,938298460
1732,1778833890,999581234,gps,0.037,-0.03,-0.004,0.0,0.0,0.0,0.027225000000000003;0.0;0.0;0.0;0.0;0.0;0.0;0.027225000000000003;0.0;0.0;0.0;0.0;0.0;0.0;0.027225000000000003;0.0;0.0;0.0;0.0;0.0;0.0;-1.0;0.0;0.0;0.0;0.0;0.0;0.0;0.0;0.0;0.0;0.0;0.0;0.0;0.0;0.0,1778833891,70539643
1733,1778833891,124581168,gps,0.011,-0.063,0.013000000000000001,0.0,0.0,0.0,0.028224000000000003;0.0;0.0;0.0;0.0;0.0;0.0;0.028224000000000003;0.0;0.0;0.0;0.0;0.0;0.0;0.028224000000000003;0.0;0.0;0.0;0.0;0.0;0.0;-1.0;0.0;0.0;0.0;0.0;0.0;0.0;0.0;0.0;0.0;0.0;0.0;0.0;0.0;0.0,1778833891,193417561
1734,1778833891,249581104,gps,0.075,0.008,-0.011,0.0,0.0,0.0,0.0324;0.0;0.0;0.0;0.0;0.0;0.0;0.0324;0.0;0.0;0.0;0.0;0.0;0.0;0.0324;0.0;0.0;0.0;0.0;0.0;0.0;-1.0;0.0;0.0;0.0;0.0;0.0;0.0;0.0;0.0;0.0;0.0;0.0;0.0;0.0;0.0,1778833891,319869124
1735,1778833891,374581039,gps,0.051000000000000004,-0.078,0.001,0.0,0.0,0.0,0.026896000000000003;0.0;0.0;0.0;0.0;0.0;0.0;0.026896000000000003;0.0;0.0;0.0;0.0;0.0;0.0;0.026896000000000003;0.0;0.0;0.0;0.0;0.0;0.0;-1.0;0.0;0.0;0.0;0.0;0.0;0.0;0.0;0.0;0.0;0.0;0.0;0.0;0.0;0.0,1778833891,442278466
1736,1778833891,499580975,gps,0.099,-0.041,0.0,0.0,0.0,0.0,0.029241000000000003;0.0;0.0;0.0;0.0;0.0;0.0;0.029241000000000003;0.0;0.0;0.0;0.0;0.0;0.0;0.029241000000000003;0.0;0.0;0.0;0.0;0.0;0.0;-1.0;0.0;0.0;0.0;0.0;0.0;0.0;0.0;0.0;0.0;0.0;0.0;0.0;0.0;0.0,1778833891,566625116
1737,1778833891,624580910,gps,0.021,-0.083,-0.001,0.0,0.0,0.0,0.027556000000000004;0.0;0.0;0.0;0.0;0.0;0.0;0.027556000000000004;0.0;0.0;0.0;0.0;0.0;0.0;0.027556000000000004;0.0;0.0;0.0;0.0;0.0;0.0;-1.0;0.0;0.0;0.0;0.0;0.0;0.0;0.0;0.0;0.0;0.0;0.0;0.0;0.0;0.0,1778833891,691367651
1738,1778833891,749580846,gps,0.069,-0.098,-0.012,0.0,0.0,0.0,0.026569000000000002;0.0;0.0;0.0;0.0;0.0;0.0;0.026569000000000002;0.0;0.0;0.0;0.0;0.0;0.0;0.026569000000000002;0.0;0.0;0.0;0.0;0.0;0.0;-1.0;0.0;0.0;0.0;0.0;0.0;0.0;0.0;0.0;0.0;0.0;0.0;0.0;0.0;0.0,1778833891,816642794
1739,1778833891,874580781,gps,0.073,-0.07100000000000001,-0.005,0.0,0.0,0.0,0.027556000000000004;0.0;0.0;0.0;0.0;0.0;0.0;0.027556000000000004;0.0;0.0;0.0;0.0;0.0;0.0;0.027556000000000004;0.0;0.0;0.0;0.0;0.0;0.0;-1.0;0.0;0.0;0.0;0.0;0.0;0.0;0.0;0.0;0.0;0.0;0.0;0.0;0.0;0.0,1778833891,941463726
1740,1778833891,999580718,gps,0.1,-0.022,-0.003,0.0,0.0,0.0,0.030625000000000006;0.0;0.0;0.0;0.0;0.0;0.0;0.030625000000000006;0.0;0.0;0.0;0.0;0.0;0.0;0.030625000000000006;0.0;0.0;0.0;0.0;0.0;0.0;-1.0;0.0;0.0;0.0;0.0;0.0;0.0;0.0;0.0;0.0;0.0;0.0;0.0;0.0;0.0,1778833892,71600556
1741,1778833892,124580652,gps,0.029,-0.057,-0.002,0.0,0.0,0.0,0.026896000000000003;0.0;0.0;0.0;0.0;0.0;0.0;0.026896000000000003;0.0;0.0;0.0;0.0;0.0;0.0;0.026896000000000003;0.0;0.0;0.0;0.0;0.0;0.0;-1.0;0.0;0.0;0.0;0.0;0.0;0.0;0.0;0.0;0.0;0.0;0.0;0.0;0.0;0.0,1778833892,193698705
1742,1778833892,249580588,gps,0.003,0.037,-0.002,0.0,0.0,0.0,0.028900000000000006;0.0;0.0;0.0;0.0;0.0;0.0;0.028900000000000006;0.0;0.0;0.0;0.0;0.0;0.0;0.028900000000000006;0.0;0.0;0.0;0.0;0.0;0.0;-1.0;0.0;0.0;0.0;0.0;0.0;0.0;0.0;0.0;0.0;0.0;0.0;0.0;0.0;0.0,1778833892,319269693
1743,1778833892,374580523,gps,-0.083,0.094,0.0,0.0,0.0,0.0,0.028900000000000006;0.0;0.0;0.0;0.0;0.0;0.0;0.028900000000000006;0.0;0.0;0.0;0.0;0.0;0.0;0.028900000000000006;0.0;0.0;0.0;0.0;0.0;0.0;-1.0;0.0;0.0;0.0;0.0;0.0;0.0;0.0;0.0;0.0;0.0;0.0;0.0;0.0;0.0,1778833892,442456356
1744,1778833892,499580459,gps,-0.131,0.1,0.005,0.0,0.0,0.0,0.029929000000000004;0.0;0.0;0.0;0.0;0.0;0.0;0.029929000000000004;0.0;0.0;0.0;0.0;0.0;0.0;0.029929000000000004;0.0;0.0;0.0;0.0;0.0;0.0;-1.0;0.0;0.0;0.0;0.0;0.0;0.0;0.0;0.0;0.0;0.0;0.0;0.0;0.0;0.0,1778833892,568447000
1745,1778833892,624580394,gps,-0.17,0.231,0.006,0.0,0.0,0.0,0.028900000000000006;0.0;0.0;0.0;0.0;0.0;0.0;0.028900000000000006;0.0;0.0;0.0;0.0;0.0;0.0;0.028900000000000006;0.0;0.0;0.0;0.0;0.0;0.0;-1.0;0.0;0.0;0.0;0.0;0.0;0.0;0.0;0.0;0.0;0.0;0.0;0.0;0.0;0.0,1778833892,692547249
1746,1778833892,749580330,gps,-0.192,0.233,0.005,0.0,0.0,0.0,0.028561000000000003;0.0;0.0;0.0;0.0;0.0;0.0;0.028561000000000003;0.0;0.0;0.0;0.0;0.0;0.0;0.028561000000000003;0.0;0.0;0.0;0.0;0.0;0.0;-1.0;0.0;0.0;0.0;0.0;0.0;0.0;0.0;0.0;0.0;0.0;0.0;0.0;0.0;0.0,1778833892,815635234
1747,1778833892,874580265,gps,-0.28200000000000003,0.256,0.013000000000000001,0.0,0.0,0.0,0.028900000000000006;0.0;0.0;0.0;0.0;0.0;0.0;0.028900000000000006;0.0;0.0;0.0;0.0;0.0;0.0;0.028900000000000006;0.0;0.0;0.0;0.0;0.0;0.0;-1.0;0.0;0.0;0.0;0.0;0.0;0.0;0.0;0.0;0.0;0.0;0.0;0.0;0.0;0.0,1778833892,942359648
1748,1778833892,999580201,gps,-0.352,0.35000000000000003,0.019,0.0,0.0,0.0,0.029584000000000006;0.0;0.0;0.0;0.0;0.0;0.0;0.029584000000000006;0.0;0.0;0.0;0.0;0.0;0.0;0.029584000000000006;0.0;0.0;0.0;0.0;0.0;0.0;-1.0;0.0;0.0;0.0;0.0;0.0;0.0;0.0;0.0;0.0;0.0;0.0;0.0;0.0;0.0,1778833893,72572642
1749,1778833893,124580136,gps,-0.418,0.379,0.003,0.0,0.0,0.0,0.029929000000000004;0.0;0.0;0.0;0.0;0.0;0.0;0.029929000000000004;0.0;0.0;0.0;0.0;0.0;0.0;0.029929000000000004;0.0;0.0;0.0;0.0;0.0;0.0;-1.0;0.0;0.0;0.0;0.0;0.0;0.0;0.0;0.0;0.0;0.0;0.0;0.0;0.0;0.0,1778833893,193048583
1750,1778833893,249580071,gps,-0.375,0.355,0.012,0.0,0.0,0.0,0.029241000000000003;0.0;0.0;0.0;0.0;0.0;0.0;0.029241000000000003;0.0;0.0;0.0;0.0;0.0;0.0;0.029241000000000003;0.0;0.0;0.0;0.0;0.0;0.0;-1.0;0.0;0.0;0.0;0.0;0.0;0.0;0.0;0.0;0.0;0.0;0.0;0.0;0.0;0.0,1778833893,319215569
1751,1778833893,374580007,gps,-0.388,0.299,0.006,0.0,0.0,0.0,0.028224000000000003;0.0;0.0;0.0;0.0;0.0;0.0;0.028224000000000003;0.0;0.0;0.0;0.0;0.0;0.0;0.028224000000000003;0.0;0.0;0.0;0.0;0.0;0.0;-1.0;0.0;0.0;0.0;0.0;0.0;0.0;0.0;0.0;0.0;0.0;0.0;0.0;0.0;0.0,1778833893,443512003
1752,1778833893,499579942,gps,-0.28800000000000003,0.298,0.015,0.0,0.0,0.0,0.027556000000000004;0.0;0.0;0.0;0.0;0.0;0.0;0.027556000000000004;0.0;0.0;0.0;0.0;0.0;0.0;0.027556000000000004;0.0;0.0;0.0;0.0;0.0;0.0;-1.0;0.0;0.0;0.0;0.0;0.0;0.0;0.0;0.0;0.0;0.0;0.0;0.0;0.0;0.0,1778833893,567420942
1753,1778833893,624579878,gps,-0.367,0.234,0.0,0.0,0.0,0.0,0.028561000000000003;0.0;0.0;0.0;0.0;0.0;0.0;0.028561000000000003;0.0;0.0;0.0;0.0;0.0;0.0;0.028561000000000003;0.0;0.0;0.0;0.0;0.0;0.0;-1.0;0.0;0.0;0.0;0.0;0.0;0.0;0.0;0.0;0.0;0.0;0.0;0.0;0.0;0.0,1778833893,688089213
1754,1778833893,749579813,gps,-0.33,0.252,0.0,0.0,0.0,0.0,0.027889000000000004;0.0;0.0;0.0;0.0;0.0;0.0;0.027889000000000004;0.0;0.0;0.0;0.0;0.0;0.0;0.027889000000000004;0.0;0.0;0.0;0.0;0.0;0.0;-1.0;0.0;0.0;0.0;0.0;0.0;0.0;0.0;0.0;0.0;0.0;0.0;0.0;0.0;0.0,1778833893,815870875
1755,1778833893,874579749,gps,-0.295,0.232,0.013000000000000001,0.0,0.0,0.0,0.027556000000000004;0.0;0.0;0.0;0.0;0.0;0.0;0.027556000000000004;0.0;0.0;0.0;0.0;0.0;0.0;0.027556000000000004;0.0;0.0;0.0;0.0;0.0;0.0;-1.0;0.0;0.0;0.0;0.0;0.0;0.0;0.0;0.0;0.0;0.0;0.0;0.0;0.0;0.0,1778833893,940653668
1756,1778833893,999579685,gps,-0.357,0.23,0.015,0.0,0.0,0.0,0.027889000000000004;0.0;0.0;0.0;0.0;0.0;0.0;0.027889000000000004;0.0;0.0;0.0;0.0;0.0;0.0;0.027889000000000004;0.0;0.0;0.0;0.0;0.0;0.0;-1.0;0.0;0.0;0.0;0.0;0.0;0.0;0.0;0.0;0.0;0.0;0.0;0.0;0.0;0.0,1778833894,72332671
1757,1778833894,124579620,gps,-0.354,0.263,0.015,0.0,0.0,0.0,0.027889000000000004;0.0;0.0;0.0;0.0;0.0;0.0;0.027889000000000004;0.0;0.0;0.0;0.0;0.0;0.0;0.027889000000000004;0.0;0.0;0.0;0.0;0.0;0.0;-1.0;0.0;0.0;0.0;0.0;0.0;0.0;0.0;0.0;0.0;0.0;0.0;0.0;0.0;0.0,1778833894,192727797
1758,1778833894,249579555,gps,-0.384,0.223,-0.002,0.0,0.0,0.0,0.028900000000000006;0.0;0.0;0.0;0.0;0.0;0.0;0.028900000000000006;0.0;0.0;0.0;0.0;0.0;0.0;0.028900000000000006;0.0;0.0;0.0;0.0;0.0;0.0;-1.0;0.0;0.0;0.0;0.0;0.0;0.0;0.0;0.0;0.0;0.0;0.0;0.0;0.0;0.0,1778833894,319406614
1759,1778833894,374579491,gps,-0.34800000000000003,0.231,-0.009000000000000001,0.0,0.0,0.0,0.027889000000000004;0.0;0.0;0.0;0.0;0.0;0.0;0.027889000000000004;0.0;0.0;0.0;0.0;0.0;0.0;0.027889000000000004;0.0;0.0;0.0;0.0;0.0;0.0;-1.0;0.0;0.0;0.0;0.0;0.0;0.0;0.0;0.0;0.0;0.0;0.0;0.0;0.0;0.0,1778833894,442437718
1760,1778833894,499579426,gps,-0.362,0.266,-0.004,0.0,0.0,0.0,0.027889000000000004;0.0;0.0;0.0;0.0;0.0;0.0;0.027889000000000004;0.0;0.0;0.0;0.0;0.0;0.0;0.027889000000000004;0.0;0.0;0.0;0.0;0.0;0.0;-1.0;0.0;0.0;0.0;0.0;0.0;0.0;0.0;0.0;0.0;0.0;0.0;0.0;0.0;0.0,1778833894,562625159
1761,1778833894,624579362,gps,-0.366,0.217,-0.016,0.0,0.0,0.0,0.027556000000000004;0.0;0.0;0.0;0.0;0.0;0.0;0.027556000000000004;0.0;0.0;0.0;0.0;0.0;0.0;0.027556000000000004;0.0;0.0;0.0;0.0;0.0;0.0;-1.0;0.0;0.0;0.0;0.0;0.0;0.0;0.0;0.0;0.0;0.0;0.0;0.0;0.0;0.0,1778833894,692208505
1762,1778833894,749579297,gps,-0.34700000000000003,0.211,0.008,0.0,0.0,0.0,0.027225000000000003;0.0;0.0;0.0;0.0;0.0;0.0;0.027225000000000003;0.0;0.0;0.0;0.0;0.0;0.0;0.027225000000000003;0.0;0.0;0.0;0.0;0.0;0.0;-1.0;0.0;0.0;0.0;0.0;0.0;0.0;0.0;0.0;0.0;0.0;0.0;0.0;0.0;0.0,1778833894,817778148
1763,1778833894,874579233,gps,-0.307,0.159,-0.005,0.0,0.0,0.0,0.027889000000000004;0.0;0.0;0.0;0.0;0.0;0.0;0.027889000000000004;0.0;0.0;0.0;0.0;0.0;0.0;0.027889000000000004;0.0;0.0;0.0;0.0;0.0;0.0;-1.0;0.0;0.0;0.0;0.0;0.0;0.0;0.0;0.0;0.0;0.0;0.0;0.0;0.0;0.0,1778833894,942625398
1764,1778833894,999579169,gps,-0.343,0.14200000000000002,0.002,0.0,0.0,0.0,0.027889000000000004;0.0;0.0;0.0;0.0;0.0;0.0;0.027889000000000004;0.0;0.0;0.0;0.0;0.0;0.0;0.027889000000000004;0.0;0.0;0.0;0.0;0.0;0.0;-1.0;0.0;0.0;0.0;0.0;0.0;0.0;0.0;0.0;0.0;0.0;0.0;0.0;0.0;0.0,1778833895,72669073
1765,1778833895,124579104,gps,-0.304,0.157,-0.005,0.0,0.0,0.0,0.026896000000000003;0.0;0.0;0.0;0.0;0.0;0.0;0.026896000000000003;0.0;0.0;0.0;0.0;0.0;0.0;0.026896000000000003;0.0;0.0;0.0;0.0;0.0;0.0;-1.0;0.0;0.0;0.0;0.0;0.0;0.0;0.0;0.0;0.0;0.0;0.0;0.0;0.0;0.0,1778833895,192509376
1766,1778833895,249579039,gps,-0.444,0.246,-0.006,0.0,0.0,0.0,0.026569000000000002;0.0;0.0;0.0;0.0;0.0;0.0;0.026569000000000002;0.0;0.0;0.0;0.0;0.0;0.0;0.026569000000000002;0.0;0.0;0.0;0.0;0.0;0.0;-1.0;0.0;0.0;0.0;0.0;0.0;0.0;0.0;0.0;0.0;0.0;0.0;0.0;0.0;0.0,1778833895,316575815
1767,1778833895,374578975,gps,-0.403,0.197,0.007,0.0,0.0,0.0,0.026569000000000002;0.0;0.0;0.0;0.0;0.0;0.0;0.026569000000000002;0.0;0.0;0.0;0.0;0.0;0.0;0.026569000000000002;0.0;0.0;0.0;0.0;0.0;0.0;-1.0;0.0;0.0;0.0;0.0;0.0;0.0;0.0;0.0;0.0;0.0;0.0;0.0;0.0;0.0,1778833895,439451043
1768,1778833895,499578910,gps,-0.527,0.24,0.001,0.0,0.0,0.0,0.026569000000000002;0.0;0.0;0.0;0.0;0.0;0.0;0.026569000000000002;0.0;0.0;0.0;0.0;0.0;0.0;0.026569000000000002;0.0;0.0;0.0;0.0;0.0;0.0;-1.0;0.0;0.0;0.0;0.0;0.0;0.0;0.0;0.0;0.0;0.0;0.0;0.0;0.0;0.0,1778833895,567375409
1769,1778833895,624578846,gps,-0.552,0.24,0.02,0.0,0.0,0.0,0.026569000000000002;0.0;0.0;0.0;0.0;0.0;0.0;0.026569000000000002;0.0;0.0;0.0;0.0;0.0;0.0;0.026569000000000002;0.0;0.0;0.0;0.0;0.0;0.0;-1.0;0.0;0.0;0.0;0.0;0.0;0.0;0.0;0.0;0.0;0.0;0.0;0.0;0.0;0.0,1778833895,692379684
1770,1778833895,749578781,gps,-0.66,0.279,-0.013000000000000001,0.0,0.0,0.0,0.025921000000000003;0.0;0.0;0.0;0.0;0.0;0.0;0.025921000000000003;0.0;0.0;0.0;0.0;0.0;0.0;0.025921000000000003;0.0;0.0;0.0;0.0;0.0;0.0;-1.0;0.0;0.0;0.0;0.0;0.0;0.0;0.0;0.0;0.0;0.0;0.0;0.0;0.0;0.0,1778833895,815733438
1771,1778833895,874578717,gps,-0.5760000000000001,0.255,-0.006,0.0,0.0,0.0,0.025921000000000003;0.0;0.0;0.0;0.0;0.0;0.0;0.025921000000000003;0.0;0.0;0.0;0.0;0.0;0.0;0.025921000000000003;0.0;0.0;0.0;0.0;0.0;0.0;-1.0;0.0;0.0;0.0;0.0;0.0;0.0;0.0;0.0;0.0;0.0;0.0;0.0;0.0;0.0,1778833895,940108101
1772,1778833895,999578653,gps,-0.546,0.184,0.006,0.0,0.0,0.0,0.0256;0.0;0.0;0.0;0.0;0.0;0.0;0.0256;0.0;0.0;0.0;0.0;0.0;0.0;0.0256;0.0;0.0;0.0;0.0;0.0;0.0;-1.0;0.0;0.0;0.0;0.0;0.0;0.0;0.0;0.0;0.0;0.0;0.0;0.0;0.0;0.0,1778833896,70363439
1773,1778833896,124578588,gps,-0.483,0.113,0.01,0.0,0.0,0.0,0.028561000000000003;0.0;0.0;0.0;0.0;0.0;0.0;0.028561000000000003;0.0;0.0;0.0;0.0;0.0;0.0;0.028561000000000003;0.0;0.0;0.0;0.0;0.0;0.0;-1.0;0.0;0.0;0.0;0.0;0.0;0.0;0.0;0.0;0.0;0.0;0.0;0.0;0.0;0.0,1778833896,191378886
1774,1778833896,249578523,gps,-0.445,0.121,0.017,0.0,0.0,0.0,0.028561000000000003;0.0;0.0;0.0;0.0;0.0;0.0;0.028561000000000003;0.0;0.0;0.0;0.0;0.0;0.0;0.028561000000000003;0.0;0.0;0.0;0.0;0.0;0.0;-1.0;0.0;0.0;0.0;0.0;0.0;0.0;0.0;0.0;0.0;0.0;0.0;0.0;0.0;0.0,1778833896,317086281
1775,1778833896,374578459,gps,-0.34800000000000003,0.165,-0.004,0.0,0.0,0.0,0.027225000000000003;0.0;0.0;0.0;0.0;0.0;0.0;0.027225000000000003;0.0;0.0;0.0;0.0;0.0;0.0;0.027225000000000003;0.0;0.0;0.0;0.0;0.0;0.0;-1.0;0.0;0.0;0.0;0.0;0.0;0.0;0.0;0.0;0.0;0.0;0.0;0.0;0.0;0.0,1778833896,441784053
1776,1778833896,499578394,gps,-0.271,0.11,0.01,0.0,0.0,0.0,0.026569000000000002;0.0;0.0;0.0;0.0;0.0;0.0;0.026569000000000002;0.0;0.0;0.0;0.0;0.0;0.0;0.026569000000000002;0.0;0.0;0.0;0.0;0.0;0.0;-1.0;0.0;0.0;0.0;0.0;0.0;0.0;0.0;0.0;0.0;0.0;0.0;0.0;0.0;0.0,1778833896,566660896
1777,1778833896,624578330,gps,-0.222,0.058,0.011,0.0,0.0,0.0,0.026896000000000003;0.0;0.0;0.0;0.0;0.0;0.0;0.026896000000000003;0.0;0.0;0.0;0.0;0.0;0.0;0.026896000000000003;0.0;0.0;0.0;0.0;0.0;0.0;-1.0;0.0;0.0;0.0;0.0;0.0;0.0;0.0;0.0;0.0;0.0;0.0;0.0;0.0;0.0,1778833896,690798620
1778,1778833896,749578265,gps,-0.26,0.065,-0.001,0.0,0.0,0.0,0.027225000000000003;0.0;0.0;0.0;0.0;0.0;0.0;0.027225000000000003;0.0;0.0;0.0;0.0;0.0;0.0;0.027225000000000003;0.0;0.0;0.0;0.0;0.0;0.0;-1.0;0.0;0.0;0.0;0.0;0.0;0.0;0.0;0.0;0.0;0.0;0.0;0.0;0.0;0.0,1778833896,815359273
1779,1778833896,874578201,gps,-0.275,0.095,0.019,0.0,0.0,0.0,0.026896000000000003;0.0;0.0;0.0;0.0;0.0;0.0;0.026896000000000003;0.0;0.0;0.0;0.0;0.0;0.0;0.026896000000000003;0.0;0.0;0.0;0.0;0.0;0.0;-1.0;0.0;0.0;0.0;0.0;0.0;0.0;0.0;0.0;0.0;0.0;0.0;0.0;0.0;0.0,1778833896,940664375
1780,1778833896,999578137,gps,-0.324,0.111,0.009000000000000001,0.0,0.0,0.0,0.026896000000000003;0.0;0.0;0.0;0.0;0.0;0.0;0.026896000000000003;0.0;0.0;0.0;0.0;0.0;0.0;0.026896000000000003;0.0;0.0;0.0;0.0;0.0;0.0;-1.0;0.0;0.0;0.0;0.0;0.0;0.0;0.0;0.0;0.0;0.0;0.0;0.0;0.0;0.0,1778833897,71558761
1781,1778833897,124578072,gps,-0.28700000000000003,0.059000000000000004,0.01,0.0,0.0,0.0,0.026896000000000003;0.0;0.0;0.0;0.0;0.0;0.0;0.026896000000000003;0.0;0.0;0.0;0.0;0.0;0.0;0.026896000000000003;0.0;0.0;0.0;0.0;0.0;0.0;-1.0;0.0;0.0;0.0;0.0;0.0;0.0;0.0;0.0;0.0;0.0;0.0;0.0;0.0;0.0,1778833897,191661704
1782,1778833897,249578007,gps,-0.20400000000000001,0.116,-0.001,0.0,0.0,0.0,0.027556000000000004;0.0;0.0;0.0;0.0;0.0;0.0;0.027556000000000004;0.0;0.0;0.0;0.0;0.0;0.0;0.027556000000000004;0.0;0.0;0.0;0.0;0.0;0.0;-1.0;0.0;0.0;0.0;0.0;0.0;0.0;0.0;0.0;0.0;0.0;0.0;0.0;0.0;0.0,1778833897,314696040
1783,1778833897,374577943,gps,-0.23900000000000002,0.053,0.006,0.0,0.0,0.0,0.027225000000000003;0.0;0.0;0.0;0.0;0.0;0.0;0.027225000000000003;0.0;0.0;0.0;0.0;0.0;0.0;0.027225000000000003;0.0;0.0;0.0;0.0;0.0;0.0;-1.0;0.0;0.0;0.0;0.0;0.0;0.0;0.0;0.0;0.0;0.0;0.0;0.0;0.0;0.0,1778833897,440412482
1784,1778833897,499577878,gps,-0.297,0.034,0.01,0.0,0.0,0.0,0.027225000000000003;0.0;0.0;0.0;0.0;0.0;0.0;0.027225000000000003;0.0;0.0;0.0;0.0;0.0;0.0;0.027225000000000003;0.0;0.0;0.0;0.0;0.0;0.0;-1.0;0.0;0.0;0.0;0.0;0.0;0.0;0.0;0.0;0.0;0.0;0.0;0.0;0.0;0.0,1778833897,565456381
1785,1778833897,624577814,gps,-0.333,0.116,0.016,0.0,0.0,0.0,0.025921000000000003;0.0;0.0;0.0;0.0;0.0;0.0;0.025921000000000003;0.0;0.0;0.0;0.0;0.0;0.0;0.025921000000000003;0.0;0.0;0.0;0.0;0.0;0.0;-1.0;0.0;0.0;0.0;0.0;0.0;0.0;0.0;0.0;0.0;0.0;0.0;0.0;0.0;0.0,1778833897,690557804
1786,1778833897,749577749,gps,-0.443,0.079,0.019,0.0,0.0,0.0,0.025921000000000003;0.0;0.0;0.0;0.0;0.0;0.0;0.025921000000000003;0.0;0.0;0.0;0.0;0.0;0.0;0.025921000000000003;0.0;0.0;0.0;0.0;0.0;0.0;-1.0;0.0;0.0;0.0;0.0;0.0;0.0;0.0;0.0;0.0;0.0;0.0;0.0;0.0;0.0,1778833897,815497898
1787,1778833897,874577685,gps,-0.423,0.084,0.006,0.0,0.0,0.0,0.025921000000000003;0.0;0.0;0.0;0.0;0.0;0.0;0.025921000000000003;0.0;0.0;0.0;0.0;0.0;0.0;0.025921000000000003;0.0;0.0;0.0;0.0;0.0;0.0;-1.0;0.0;0.0;0.0;0.0;0.0;0.0;0.0;0.0;0.0;0.0;0.0;0.0;0.0;0.0,1778833897,941363429
1788,1778833897,999577621,gps,-0.333,0.093,0.008,0.0,0.0,0.0,0.025921000000000003;0.0;0.0;0.0;0.0;0.0;0.0;0.025921000000000003;0.0;0.0;0.0;0.0;0.0;0.0;0.025921000000000003;0.0;0.0;0.0;0.0;0.0;0.0;-1.0;0.0;0.0;0.0;0.0;0.0;0.0;0.0;0.0;0.0;0.0;0.0;0.0;0.0;0.0,1778833898,71693848
1789,1778833898,124577556,gps,-0.358,0.076,0.013000000000000001,0.0,0.0,0.0,0.026569000000000002;0.0;0.0;0.0;0.0;0.0;0.0;0.026569000000000002;0.0;0.0;0.0;0.0;0.0;0.0;0.026569000000000002;0.0;0.0;0.0;0.0;0.0;0.0;-1.0;0.0;0.0;0.0;0.0;0.0;0.0;0.0;0.0;0.0;0.0;0.0;0.0;0.0;0.0,1778833898,187594901
1790,1778833898,249577491,gps,-0.361,0.039,0.009000000000000001,0.0,0.0,0.0,0.026896000000000003;0.0;0.0;0.0;0.0;0.0;0.0;0.026896000000000003;0.0;0.0;0.0;0.0;0.0;0.0;0.026896000000000003;0.0;0.0;0.0;0.0;0.0;0.0;-1.0;0.0;0.0;0.0;0.0;0.0;0.0;0.0;0.0;0.0;0.0;0.0;0.0;0.0;0.0,1778833898,317360769
1791,1778833898,374577427,gps,-0.315,0.052000000000000005,-0.006,0.0,0.0,0.0,0.026569000000000002;0.0;0.0;0.0;0.0;0.0;0.0;0.026569000000000002;0.0;0.0;0.0;0.0;0.0;0.0;0.026569000000000002;0.0;0.0;0.0;0.0;0.0;0.0;-1.0;0.0;0.0;0.0;0.0;0.0;0.0;0.0;0.0;0.0;0.0;0.0;0.0;0.0;0.0,1778833898,440850870
1792,1778833898,499577362,gps,-0.244,0.036000000000000004,0.009000000000000001,0.0,0.0,0.0,0.025921000000000003;0.0;0.0;0.0;0.0;0.0;0.0;0.025921000000000003;0.0;0.0;0.0;0.0;0.0;0.0;0.025921000000000003;0.0;0.0;0.0;0.0;0.0;0.0;-1.0;0.0;0.0;0.0;0.0;0.0;0.0;0.0;0.0;0.0;0.0;0.0;0.0;0.0;0.0,1778833898,566767487
1793,1778833898,624577298,gps,-0.28700000000000003,0.093,0.006,0.0,0.0,0.0,0.026896000000000003;0.0;0.0;0.0;0.0;0.0;0.0;0.026896000000000003;0.0;0.0;0.0;0.0;0.0;0.0;0.026896000000000003;0.0;0.0;0.0;0.0;0.0;0.0;-1.0;0.0;0.0;0.0;0.0;0.0;0.0;0.0;0.0;0.0;0.0;0.0;0.0;0.0;0.0,1778833898,691449203
1794,1778833898,749577233,gps,-0.212,0.005,0.002,0.0,0.0,0.0,0.027556000000000004;0.0;0.0;0.0;0.0;0.0;0.0;0.027556000000000004;0.0;0.0;0.0;0.0;0.0;0.0;0.027556000000000004;0.0;0.0;0.0;0.0;0.0;0.0;-1.0;0.0;0.0;0.0;0.0;0.0;0.0;0.0;0.0;0.0;0.0;0.0;0.0;0.0;0.0,1778833898,816374062
1795,1778833898,874577169,gps,-0.183,0.034,-0.011,0.0,0.0,0.0,0.027556000000000004;0.0;0.0;0.0;0.0;0.0;0.0;0.027556000000000004;0.0;0.0;0.0;0.0;0.0;0.0;0.027556000000000004;0.0;0.0;0.0;0.0;0.0;0.0;-1.0;0.0;0.0;0.0;0.0;0.0;0.0;0.0;0.0;0.0;0.0;0.0;0.0;0.0;0.0,1778833898,940335984
1796,1778833898,999577105,gps,-0.149,0.007,0.006,0.0,0.0,0.0,0.027556000000000004;0.0;0.0;0.0;0.0;0.0;0.0;0.027556000000000004;0.0;0.0;0.0;0.0;0.0;0.0;0.027556000000000004;0.0;0.0;0.0;0.0;0.0;0.0;-1.0;0.0;0.0;0.0;0.0;0.0;0.0;0.0;0.0;0.0;0.0;0.0;0.0;0.0;0.0,1778833899,66379378
1797,1778833899,124577040,gps,-0.056,0.048,0.001,0.0,0.0,0.0,0.026896000000000003;0.0;0.0;0.0;0.0;0.0;0.0;0.026896000000000003;0.0;0.0;0.0;0.0;0.0;0.0;0.026896000000000003;0.0;0.0;0.0;0.0;0.0;0.0;-1.0;0.0;0.0;0.0;0.0;0.0;0.0;0.0;0.0;0.0;0.0;0.0;0.0;0.0;0.0,1778833899,190478096
1798,1778833899,249576975,gps,0.04,-0.018000000000000002,0.009000000000000001,0.0,0.0,0.0,0.026896000000000003;0.0;0.0;0.0;0.0;0.0;0.0;0.026896000000000003;0.0;0.0;0.0;0.0;0.0;0.0;0.026896000000000003;0.0;0.0;0.0;0.0;0.0;0.0;-1.0;0.0;0.0;0.0;0.0;0.0;0.0;0.0;0.0;0.0;0.0;0.0;0.0;0.0;0.0,1778833899,316266543
1799,1778833899,374576911,gps,0.23,-0.078,0.007,0.0,0.0,0.0,0.026896000000000003;0.0;0.0;0.0;0.0;0.0;0.0;0.026896000000000003;0.0;0.0;0.0;0.0;0.0;0.0;0.026896000000000003;0.0;0.0;0.0;0.0;0.0;0.0;-1.0;0.0;0.0;0.0;0.0;0.0;0.0;0.0;0.0;0.0;0.0;0.0;0.0;0.0;0.0,1778833899,440740922
1800,1778833899,499576847,gps,0.313,-0.037,0.003,0.0,0.0,0.0,0.027556000000000004;0.0;0.0;0.0;0.0;0.0;0.0;0.027556000000000004;0.0;0.0;0.0;0.0;0.0;0.0;0.027556000000000004;0.0;0.0;0.0;0.0;0.0;0.0;-1.0;0.0;0.0;0.0;0.0;0.0;0.0;0.0;0.0;0.0;0.0;0.0;0.0;0.0;0.0,1778833899,565631738
1801,1778833899,624576782,gps,0.381,-0.107,-0.008,0.0,0.0,0.0,0.027556000000000004;0.0;0.0;0.0;0.0;0.0;0.0;0.027556000000000004;0.0;0.0;0.0;0.0;0.0;0.0;0.027556000000000004;0.0;0.0;0.0;0.0;0.0;0.0;-1.0;0.0;0.0;0.0;0.0;0.0;0.0;0.0;0.0;0.0;0.0;0.0;0.0;0.0;0.0,1778833899,690163324
1802,1778833899,749576718,gps,0.504,-0.108,0.002,0.0,0.0,0.0,0.027225000000000003;0.0;0.0;0.0;0.0;0.0;0.0;0.027225000000000003;0.0;0.0;0.0;0.0;0.0;0.0;0.027225000000000003;0.0;0.0;0.0;0.0;0.0;0.0;-1.0;0.0;0.0;0.0;0.0;0.0;0.0;0.0;0.0;0.0;0.0;0.0;0.0;0.0;0.0,1778833899,814913148
1803,1778833899,874576653,gps,0.738,-0.092,-0.005,0.0,0.0,0.0,0.027225000000000003;0.0;0.0;0.0;0.0;0.0;0.0;0.027225000000000003;0.0;0.0;0.0;0.0;0.0;0.0;0.027225000000000003;0.0;0.0;0.0;0.0;0.0;0.0;-1.0;0.0;0.0;0.0;0.0;0.0;0.0;0.0;0.0;0.0;0.0;0.0;0.0;0.0;0.0,1778833899,937643193
1804,1778833899,999576590,gps,0.596,-0.078,0.002,0.0,0.0,0.0,0.027556000000000004;0.0;0.0;0.0;0.0;0.0;0.0;0.027556000000000004;0.0;0.0;0.0;0.0;0.0;0.0;0.027556000000000004;0.0;0.0;0.0;0.0;0.0;0.0;-1.0;0.0;0.0;0.0;0.0;0.0;0.0;0.0;0.0;0.0;0.0;0.0;0.0;0.0;0.0,1778833900,69998055
1805,1778833900,124576524,gps,0.624,-0.039,-0.011,0.0,0.0,0.0,0.027556000000000004;0.0;0.0;0.0;0.0;0.0;0.0;0.027556000000000004;0.0;0.0;0.0;0.0;0.0;0.0;0.027556000000000004;0.0;0.0;0.0;0.0;0.0;0.0;-1.0;0.0;0.0;0.0;0.0;0.0;0.0;0.0;0.0;0.0;0.0;0.0;0.0;0.0;0.0,1778833900,192294219
1806,1778833900,249576460,gps,0.526,-0.022,-0.005,0.0,0.0,0.0,0.027889000000000004;0.0;0.0;0.0;0.0;0.0;0.0;0.027889000000000004;0.0;0.0;0.0;0.0;0.0;0.0;0.027889000000000004;0.0;0.0;0.0;0.0;0.0;0.0;-1.0;0.0;0.0;0.0;0.0;0.0;0.0;0.0;0.0;0.0;0.0;0.0;0.0;0.0;0.0,1778833900,316754460
1807,1778833900,374576395,gps,0.359,-0.068,0.003,0.0,0.0,0.0,0.027889000000000004;0.0;0.0;0.0;0.0;0.0;0.0;0.027889000000000004;0.0;0.0;0.0;0.0;0.0;0.0;0.027889000000000004;0.0;0.0;0.0;0.0;0.0;0.0;-1.0;0.0;0.0;0.0;0.0;0.0;0.0;0.0;0.0;0.0;0.0;0.0;0.0;0.0;0.0,1778833900,440404601
1808,1778833900,499576331,gps,0.307,0.035,0.0,0.0,0.0,0.0,0.028561000000000003;0.0;0.0;0.0;0.0;0.0;0.0;0.028561000000000003;0.0;0.0;0.0;0.0;0.0;0.0;0.028561000000000003;0.0;0.0;0.0;0.0;0.0;0.0;-1.0;0.0;0.0;0.0;0.0;0.0;0.0;0.0;0.0;0.0;0.0;0.0;0.0;0.0;0.0,1778833900,565730818
1809,1778833900,624576266,gps,0.268,-0.007,0.01,0.0,0.0,0.0,0.027889000000000004;0.0;0.0;0.0;0.0;0.0;0.0;0.027889000000000004;0.0;0.0;0.0;0.0;0.0;0.0;0.027889000000000004;0.0;0.0;0.0;0.0;0.0;0.0;-1.0;0.0;0.0;0.0;0.0;0.0;0.0;0.0;0.0;0.0;0.0;0.0;0.0;0.0;0.0,1778833900,690689790
1810,1778833900,749576202,gps,0.17300000000000001,-0.026000000000000002,0.003,0.0,0.0,0.0,0.028561000000000003;0.0;0.0;0.0;0.0;0.0;0.0;0.028561000000000003;0.0;0.0;0.0;0.0;0.0;0.0;0.028561000000000003;0.0;0.0;0.0;0.0;0.0;0.0;-1.0;0.0;0.0;0.0;0.0;0.0;0.0;0.0;0.0;0.0;0.0;0.0;0.0;0.0;0.0,1778833900,816632948
1811,1778833900,874576137,gps,0.18,-0.039,0.001,0.0,0.0,0.0,0.027889000000000004;0.0;0.0;0.0;0.0;0.0;0.0;0.027889000000000004;0.0;0.0;0.0;0.0;0.0;0.0;0.027889000000000004;0.0;0.0;0.0;0.0;0.0;0.0;-1.0;0.0;0.0;0.0;0.0;0.0;0.0;0.0;0.0;0.0;0.0;0.0;0.0;0.0;0.0,1778833900,942012953
1812,1778833900,999576074,gps,0.333,-0.004,-0.001,0.0,0.0,0.0,0.027889000000000004;0.0;0.0;0.0;0.0;0.0;0.0;0.027889000000000004;0.0;0.0;0.0;0.0;0.0;0.0;0.027889000000000004;0.0;0.0;0.0;0.0;0.0;0.0;-1.0;0.0;0.0;0.0;0.0;0.0;0.0;0.0;0.0;0.0;0.0;0.0;0.0;0.0;0.0,1778833901,71290784
1813,1778833901,124576008,gps,0.342,0.015,-0.003,0.0,0.0,0.0,0.027889000000000004;0.0;0.0;0.0;0.0;0.0;0.0;0.027889000000000004;0.0;0.0;0.0;0.0;0.0;0.0;0.027889000000000004;0.0;0.0;0.0;0.0;0.0;0.0;-1.0;0.0;0.0;0.0;0.0;0.0;0.0;0.0;0.0;0.0;0.0;0.0;0.0;0.0;0.0,1778833901,191833105
1814,1778833901,249575944,gps,0.451,0.027,-0.012,0.0,0.0,0.0,0.028224000000000003;0.0;0.0;0.0;0.0;0.0;0.0;0.028224000000000003;0.0;0.0;0.0;0.0;0.0;0.0;0.028224000000000003;0.0;0.0;0.0;0.0;0.0;0.0;-1.0;0.0;0.0;0.0;0.0;0.0;0.0;0.0;0.0;0.0;0.0;0.0;0.0;0.0;0.0,1778833901,317459717
1815,1778833901,374575879,gps,0.525,0.044,-0.005,0.0,0.0,0.0,0.028561000000000003;0.0;0.0;0.0;0.0;0.0;0.0;0.028561000000000003;0.0;0.0;0.0;0.0;0.0;0.0;0.028561000000000003;0.0;0.0;0.0;0.0;0.0;0.0;-1.0;0.0;0.0;0.0;0.0;0.0;0.0;0.0;0.0;0.0;0.0;0.0;0.0;0.0;0.0,1778833901,441543099
1816,1778833901,499575815,gps,0.547,0.016,0.015,0.0,0.0,0.0,0.028224000000000003;0.0;0.0;0.0;0.0;0.0;0.0;0.028224000000000003;0.0;0.0;0.0;0.0;0.0;0.0;0.028224000000000003;0.0;0.0;0.0;0.0;0.0;0.0;-1.0;0.0;0.0;0.0;0.0;0.0;0.0;0.0;0.0;0.0;0.0;0.0;0.0;0.0;0.0,1778833901,566424529
1817,1778833901,624575750,gps,0.717,0.11800000000000001,-0.015,0.0,0.0,0.0,0.028224000000000003;0.0;0.0;0.0;0.0;0.0;0.0;0.028224000000000003;0.0;0.0;0.0;0.0;0.0;0.0;0.028224000000000003;0.0;0.0;0.0;0.0;0.0;0.0;-1.0;0.0;0.0;0.0;0.0;0.0;0.0;0.0;0.0;0.0;0.0;0.0;0.0;0.0;0.0,1778833901,691578761
1818,1778833901,749575686,gps,0.651,0.017,0.001,0.0,0.0,0.0,0.027889000000000004;0.0;0.0;0.0;0.0;0.0;0.0;0.027889000000000004;0.0;0.0;0.0;0.0;0.0;0.0;0.027889000000000004;0.0;0.0;0.0;0.0;0.0;0.0;-1.0;0.0;0.0;0.0;0.0;0.0;0.0;0.0;0.0;0.0;0.0;0.0;0.0;0.0;0.0,1778833901,815424664
1819,1778833901,874575621,gps,0.659,0.12,0.008,0.0,0.0,0.0,0.027889000000000004;0.0;0.0;0.0;0.0;0.0;0.0;0.027889000000000004;0.0;0.0;0.0;0.0;0.0;0.0;0.027889000000000004;0.0;0.0;0.0;0.0;0.0;0.0;-1.0;0.0;0.0;0.0;0.0;0.0;0.0;0.0;0.0;0.0;0.0;0.0;0.0;0.0;0.0,1778833901,941754107
1820,1778833901,999575558,gps,0.601,0.11,-0.012,0.0,0.0,0.0,0.027556000000000004;0.0;0.0;0.0;0.0;0.0;0.0;0.027556000000000004;0.0;0.0;0.0;0.0;0.0;0.0;0.027556000000000004;0.0;0.0;0.0;0.0;0.0;0.0;-1.0;0.0;0.0;0.0;0.0;0.0;0.0;0.0;0.0;0.0;0.0;0.0;0.0;0.0;0.0,1778833902,71726392
1821,1778833902,124575492,gps,0.47600000000000003,0.128,0.01,0.0,0.0,0.0,0.027889000000000004;0.0;0.0;0.0;0.0;0.0;0.0;0.027889000000000004;0.0;0.0;0.0;0.0;0.0;0.0;0.027889000000000004;0.0;0.0;0.0;0.0;0.0;0.0;-1.0;0.0;0.0;0.0;0.0;0.0;0.0;0.0;0.0;0.0;0.0;0.0;0.0;0.0;0.0,1778833902,192645459
1822,1778833902,249575428,gps,0.40800000000000003,0.068,0.006,0.0,0.0,0.0,0.027889000000000004;0.0;0.0;0.0;0.0;0.0;0.0;0.027889000000000004;0.0;0.0;0.0;0.0;0.0;0.0;0.027889000000000004;0.0;0.0;0.0;0.0;0.0;0.0;-1.0;0.0;0.0;0.0;0.0;0.0;0.0;0.0;0.0;0.0;0.0;0.0;0.0;0.0;0.0,1778833902,318386569
1823,1778833902,374575364,gps,0.234,0.042,0.019,0.0,0.0,0.0,0.029241000000000003;0.0;0.0;0.0;0.0;0.0;0.0;0.029241000000000003;0.0;0.0;0.0;0.0;0.0;0.0;0.029241000000000003;0.0;0.0;0.0;0.0;0.0;0.0;-1.0;0.0;0.0;0.0;0.0;0.0;0.0;0.0;0.0;0.0;0.0;0.0;0.0;0.0;0.0,1778833902,442627046
1824,1778833902,499575299,gps,0.164,0.041,0.022,0.0,0.0,0.0,0.029241000000000003;0.0;0.0;0.0;0.0;0.0;0.0;0.029241000000000003;0.0;0.0;0.0;0.0;0.0;0.0;0.029241000000000003;0.0;0.0;0.0;0.0;0.0;0.0;-1.0;0.0;0.0;0.0;0.0;0.0;0.0;0.0;0.0;0.0;0.0;0.0;0.0;0.0;0.0,1778833902,567512809
1825,1778833902,624575235,gps,0.091,0.046,0.019,0.0,0.0,0.0,0.028561000000000003;0.0;0.0;0.0;0.0;0.0;0.0;0.028561000000000003;0.0;0.0;0.0;0.0;0.0;0.0;0.028561000000000003;0.0;0.0;0.0;0.0;0.0;0.0;-1.0;0.0;0.0;0.0;0.0;0.0;0.0;0.0;0.0;0.0;0.0;0.0;0.0;0.0;0.0,1778833902,688041628
1826,1778833902,749575170,gps,0.085,0.031,0.008,0.0,0.0,0.0,0.028561000000000003;0.0;0.0;0.0;0.0;0.0;0.0;0.028561000000000003;0.0;0.0;0.0;0.0;0.0;0.0;0.028561000000000003;0.0;0.0;0.0;0.0;0.0;0.0;-1.0;0.0;0.0;0.0;0.0;0.0;0.0;0.0;0.0;0.0;0.0;0.0;0.0;0.0;0.0,1778833902,816363276
1827,1778833902,874575106,gps,0.067,0.015,0.009000000000000001,0.0,0.0,0.0,0.028224000000000003;0.0;0.0;0.0;0.0;0.0;0.0;0.028224000000000003;0.0;0.0;0.0;0.0;0.0;0.0;0.028224000000000003;0.0;0.0;0.0;0.0;0.0;0.0;-1.0;0.0;0.0;0.0;0.0;0.0;0.0;0.0;0.0;0.0;0.0;0.0;0.0;0.0;0.0,1778833902,940760842
1828,1778833902,999575042,gps,0.101,0.023,0.014,0.0,0.0,0.0,0.028561000000000003;0.0;0.0;0.0;0.0;0.0;0.0;0.028561000000000003;0.0;0.0;0.0;0.0;0.0;0.0;0.028561000000000003;0.0;0.0;0.0;0.0;0.0;0.0;-1.0;0.0;0.0;0.0;0.0;0.0;0.0;0.0;0.0;0.0;0.0;0.0;0.0;0.0;0.0,1778833903,72356042
1829,1778833903,124574977,gps,0.199,0.039,0.021,0.0,0.0,0.0,0.028561000000000003;0.0;0.0;0.0;0.0;0.0;0.0;0.028561000000000003;0.0;0.0;0.0;0.0;0.0;0.0;0.028561000000000003;0.0;0.0;0.0;0.0;0.0;0.0;-1.0;0.0;0.0;0.0;0.0;0.0;0.0;0.0;0.0;0.0;0.0;0.0;0.0;0.0;0.0,1778833903,192652522
1830,1778833903,249574912,gps,0.26,0.09,0.019,0.0,0.0,0.0,0.032041;0.0;0.0;0.0;0.0;0.0;0.0;0.032041;0.0;0.0;0.0;0.0;0.0;0.0;0.032041;0.0;0.0;0.0;0.0;0.0;0.0;-1.0;0.0;0.0;0.0;0.0;0.0;0.0;0.0;0.0;0.0;0.0;0.0;0.0;0.0;0.0,1778833903,318540480
1831,1778833903,374574848,gps,0.325,0.099,0.031,0.0,0.0,0.0,0.030975999999999997;0.0;0.0;0.0;0.0;0.0;0.0;0.030975999999999997;0.0;0.0;0.0;0.0;0.0;0.0;0.030975999999999997;0.0;0.0;0.0;0.0;0.0;0.0;-1.0;0.0;0.0;0.0;0.0;0.0;0.0;0.0;0.0;0.0;0.0;0.0;0.0;0.0;0.0,1778833903,441351706
1832,1778833903,499574783,gps,0.41000000000000003,0.137,0.014,0.0,0.0,0.0,0.033489;0.0;0.0;0.0;0.0;0.0;0.0;0.033489;0.0;0.0;0.0;0.0;0.0;0.0;0.033489;0.0;0.0;0.0;0.0;0.0;0.0;-1.0;0.0;0.0;0.0;0.0;0.0;0.0;0.0;0.0;0.0;0.0;0.0;0.0;0.0;0.0,1778833903,562326148
1833,1778833903,624574719,gps,0.542,0.158,0.014,0.0,0.0,0.0,0.033124;0.0;0.0;0.0;0.0;0.0;0.0;0.033124;0.0;0.0;0.0;0.0;0.0;0.0;0.033124;0.0;0.0;0.0;0.0;0.0;0.0;-1.0;0.0;0.0;0.0;0.0;0.0;0.0;0.0;0.0;0.0;0.0;0.0;0.0;0.0;0.0,1778833903,692726496
1834,1778833903,749574654,gps,0.5730000000000001,0.245,0.005,0.0,0.0,0.0,0.033856;0.0;0.0;0.0;0.0;0.0;0.0;0.033856;0.0;0.0;0.0;0.0;0.0;0.0;0.033856;0.0;0.0;0.0;0.0;0.0;0.0;-1.0;0.0;0.0;0.0;0.0;0.0;0.0;0.0;0.0;0.0;0.0;0.0;0.0;0.0;0.0,1778833903,817680122
1835,1778833903,874574590,gps,0.636,0.251,-0.015,0.0,0.0,0.0,0.033856;0.0;0.0;0.0;0.0;0.0;0.0;0.033856;0.0;0.0;0.0;0.0;0.0;0.0;0.033856;0.0;0.0;0.0;0.0;0.0;0.0;-1.0;0.0;0.0;0.0;0.0;0.0;0.0;0.0;0.0;0.0;0.0;0.0;0.0;0.0;0.0,1778833903,942372036
1836,1778833903,999574526,gps,0.7010000000000001,0.362,-0.013000000000000001,0.0,0.0,0.0,0.032041;0.0;0.0;0.0;0.0;0.0;0.0;0.032041;0.0;0.0;0.0;0.0;0.0;0.0;0.032041;0.0;0.0;0.0;0.0;0.0;0.0;-1.0;0.0;0.0;0.0;0.0;0.0;0.0;0.0;0.0;0.0;0.0;0.0;0.0;0.0;0.0,1778833904,72456854
1837,1778833904,124574461,gps,0.773,0.401,0.005,0.0,0.0,0.0,0.032041;0.0;0.0;0.0;0.0;0.0;0.0;0.032041;0.0;0.0;0.0;0.0;0.0;0.0;0.032041;0.0;0.0;0.0;0.0;0.0;0.0;-1.0;0.0;0.0;0.0;0.0;0.0;0.0;0.0;0.0;0.0;0.0;0.0;0.0;0.0;0.0,1778833904,192344462
1838,1778833904,249574396,gps,0.728,0.34900000000000003,-0.002,0.0,0.0,0.0,0.033124;0.0;0.0;0.0;0.0;0.0;0.0;0.033124;0.0;0.0;0.0;0.0;0.0;0.0;0.033124;0.0;0.0;0.0;0.0;0.0;0.0;-1.0;0.0;0.0;0.0;0.0;0.0;0.0;0.0;0.0;0.0;0.0;0.0;0.0;0.0;0.0,1778833904,318706348
1839,1778833904,374574332,gps,0.635,0.367,-0.006,0.0,0.0,0.0,0.032761;0.0;0.0;0.0;0.0;0.0;0.0;0.032761;0.0;0.0;0.0;0.0;0.0;0.0;0.032761;0.0;0.0;0.0;0.0;0.0;0.0;-1.0;0.0;0.0;0.0;0.0;0.0;0.0;0.0;0.0;0.0;0.0;0.0;0.0;0.0;0.0,1778833904,440042580
1840,1778833904,499574267,gps,0.556,0.326,0.011,0.0,0.0,0.0,0.033489;0.0;0.0;0.0;0.0;0.0;0.0;0.033489;0.0;0.0;0.0;0.0;0.0;0.0;0.033489;0.0;0.0;0.0;0.0;0.0;0.0;-1.0;0.0;0.0;0.0;0.0;0.0;0.0;0.0;0.0;0.0;0.0;0.0;0.0;0.0;0.0,1778833904,567807751
1841,1778833904,624574203,gps,0.457,0.331,0.004,0.0,0.0,0.0,0.036864;0.0;0.0;0.0;0.0;0.0;0.0;0.036864;0.0;0.0;0.0;0.0;0.0;0.0;0.036864;0.0;0.0;0.0;0.0;0.0;0.0;-1.0;0.0;0.0;0.0;0.0;0.0;0.0;0.0;0.0;0.0;0.0;0.0;0.0;0.0;0.0,1778833904,693235185
1842,1778833904,749574138,gps,0.41500000000000004,0.215,0.009000000000000001,0.0,0.0,0.0,0.035721;0.0;0.0;0.0;0.0;0.0;0.0;0.035721;0.0;0.0;0.0;0.0;0.0;0.0;0.035721;0.0;0.0;0.0;0.0;0.0;0.0;-1.0;0.0;0.0;0.0;0.0;0.0;0.0;0.0;0.0;0.0;0.0;0.0;0.0;0.0;0.0,1778833904,817265266
1843,1778833904,874574074,gps,0.363,0.247,0.009000000000000001,0.0,0.0,0.0,0.034596;0.0;0.0;0.0;0.0;0.0;0.0;0.034596;0.0;0.0;0.0;0.0;0.0;0.0;0.034596;0.0;0.0;0.0;0.0;0.0;0.0;-1.0;0.0;0.0;0.0;0.0;0.0;0.0;0.0;0.0;0.0;0.0;0.0;0.0;0.0;0.0,1778833904,941474966
1844,1778833904,999574010,gps,0.426,0.308,-0.003,0.0,0.0,0.0,0.034225;0.0;0.0;0.0;0.0;0.0;0.0;0.034225;0.0;0.0;0.0;0.0;0.0;0.0;0.034225;0.0;0.0;0.0;0.0;0.0;0.0;-1.0;0.0;0.0;0.0;0.0;0.0;0.0;0.0;0.0;0.0;0.0;0.0;0.0;0.0;0.0,1778833905,71531461
1845,1778833905,124573945,gps,0.396,0.361,0.008,0.0,0.0,0.0,0.034596;0.0;0.0;0.0;0.0;0.0;0.0;0.034596;0.0;0.0;0.0;0.0;0.0;0.0;0.034596;0.0;0.0;0.0;0.0;0.0;0.0;-1.0;0.0;0.0;0.0;0.0;0.0;0.0;0.0;0.0;0.0;0.0;0.0;0.0;0.0;0.0,1778833905,192255690
1846,1778833905,249573880,gps,0.46,0.34,0.018000000000000002,0.0,0.0,0.0,0.033856;0.0;0.0;0.0;0.0;0.0;0.0;0.033856;0.0;0.0;0.0;0.0;0.0;0.0;0.033856;0.0;0.0;0.0;0.0;0.0;0.0;-1.0;0.0;0.0;0.0;0.0;0.0;0.0;0.0;0.0;0.0;0.0;0.0;0.0;0.0;0.0,1778833905,316521746
1847,1778833905,374573816,gps,0.528,0.449,-0.008,0.0,0.0,0.0,0.034596;0.0;0.0;0.0;0.0;0.0;0.0;0.034596;0.0;0.0;0.0;0.0;0.0;0.0;0.034596;0.0;0.0;0.0;0.0;0.0;0.0;-1.0;0.0;0.0;0.0;0.0;0.0;0.0;0.0;0.0;0.0;0.0;0.0;0.0;0.0;0.0,1778833905,440515344
1848,1778833905,499573751,gps,0.58,0.53,-0.003,0.0,0.0,0.0,0.034596;0.0;0.0;0.0;0.0;0.0;0.0;0.034596;0.0;0.0;0.0;0.0;0.0;0.0;0.034596;0.0;0.0;0.0;0.0;0.0;0.0;-1.0;0.0;0.0;0.0;0.0;0.0;0.0;0.0;0.0;0.0;0.0;0.0;0.0;0.0;0.0,1778833905,565912074
1849,1778833905,624573687,gps,0.553,0.537,0.004,0.0,0.0,0.0,0.034225;0.0;0.0;0.0;0.0;0.0;0.0;0.034225;0.0;0.0;0.0;0.0;0.0;0.0;0.034225;0.0;0.0;0.0;0.0;0.0;0.0;-1.0;0.0;0.0;0.0;0.0;0.0;0.0;0.0;0.0;0.0;0.0;0.0;0.0;0.0;0.0,1778833905,690805729
1850,1778833905,749573622,gps,0.637,0.623,0.009000000000000001,0.0,0.0,0.0,0.034596;0.0;0.0;0.0;0.0;0.0;0.0;0.034596;0.0;0.0;0.0;0.0;0.0;0.0;0.034596;0.0;0.0;0.0;0.0;0.0;0.0;-1.0;0.0;0.0;0.0;0.0;0.0;0.0;0.0;0.0;0.0;0.0;0.0;0.0;0.0;0.0,1778833905,815286528
1851,1778833905,874573558,gps,0.5730000000000001,0.634,0.023,0.0,0.0,0.0,0.034225;0.0;0.0;0.0;0.0;0.0;0.0;0.034225;0.0;0.0;0.0;0.0;0.0;0.0;0.034225;0.0;0.0;0.0;0.0;0.0;0.0;-1.0;0.0;0.0;0.0;0.0;0.0;0.0;0.0;0.0;0.0;0.0;0.0;0.0;0.0;0.0,1778833905,940200249
1852,1778833905,999573494,gps,0.544,0.662,0.011,0.0,0.0,0.0,0.032041;0.0;0.0;0.0;0.0;0.0;0.0;0.032041;0.0;0.0;0.0;0.0;0.0;0.0;0.032041;0.0;0.0;0.0;0.0;0.0;0.0;-1.0;0.0;0.0;0.0;0.0;0.0;0.0;0.0;0.0;0.0;0.0;0.0;0.0;0.0;0.0,1778833906,70734845
1853,1778833906,124573428,gps,0.518,0.675,0.018000000000000002,0.0,0.0,0.0,0.034969;0.0;0.0;0.0;0.0;0.0;0.0;0.034969;0.0;0.0;0.0;0.0;0.0;0.0;0.034969;0.0;0.0;0.0;0.0;0.0;0.0;-1.0;0.0;0.0;0.0;0.0;0.0;0.0;0.0;0.0;0.0;0.0;0.0;0.0;0.0;0.0,1778833906,190584875
1854,1778833906,249573364,gps,0.526,0.6970000000000001,0.015,0.0,0.0,0.0,0.035721;0.0;0.0;0.0;0.0;0.0;0.0;0.035721;0.0;0.0;0.0;0.0;0.0;0.0;0.035721;0.0;0.0;0.0;0.0;0.0;0.0;-1.0;0.0;0.0;0.0;0.0;0.0;0.0;0.0;0.0;0.0;0.0;0.0;0.0;0.0;0.0,1778833906,313986218
1855,1778833906,374573300,gps,0.41500000000000004,0.7000000000000001,0.011,0.0,0.0,0.0,0.033856;0.0;0.0;0.0;0.0;0.0;0.0;0.033856;0.0;0.0;0.0;0.0;0.0;0.0;0.033856;0.0;0.0;0.0;0.0;0.0;0.0;-1.0;0.0;0.0;0.0;0.0;0.0;0.0;0.0;0.0;0.0;0.0;0.0;0.0;0.0;0.0,1778833906,440015216
1856,1778833906,499573235,gps,0.335,0.636,0.011,0.0,0.0,0.0,0.033856;0.0;0.0;0.0;0.0;0.0;0.0;0.033856;0.0;0.0;0.0;0.0;0.0;0.0;0.033856;0.0;0.0;0.0;0.0;0.0;0.0;-1.0;0.0;0.0;0.0;0.0;0.0;0.0;0.0;0.0;0.0;0.0;0.0;0.0;0.0;0.0,1778833906,565134687
1857,1778833906,624573171,gps,0.228,0.47600000000000003,0.006,0.0,0.0,0.0,0.033856;0.0;0.0;0.0;0.0;0.0;0.0;0.033856;0.0;0.0;0.0;0.0;0.0;0.0;0.033856;0.0;0.0;0.0;0.0;0.0;0.0;-1.0;0.0;0.0;0.0;0.0;0.0;0.0;0.0;0.0;0.0;0.0;0.0;0.0;0.0;0.0,1778833906,690194028
1858,1778833906,749573106,gps,0.316,0.46900000000000003,0.021,0.0,0.0,0.0,0.034225;0.0;0.0;0.0;0.0;0.0;0.0;0.034225;0.0;0.0;0.0;0.0;0.0;0.0;0.034225;0.0;0.0;0.0;0.0;0.0;0.0;-1.0;0.0;0.0;0.0;0.0;0.0;0.0;0.0;0.0;0.0;0.0;0.0;0.0;0.0;0.0,1778833906,815616741
1859,1778833906,874573042,gps,0.241,0.47200000000000003,0.007,0.0,0.0,0.0,0.0361;0.0;0.0;0.0;0.0;0.0;0.0;0.0361;0.0;0.0;0.0;0.0;0.0;0.0;0.0361;0.0;0.0;0.0;0.0;0.0;0.0;-1.0;0.0;0.0;0.0;0.0;0.0;0.0;0.0;0.0;0.0;0.0;0.0;0.0;0.0;0.0,1778833906,941351673
1860,1778833906,999572978,gps,0.212,0.481,0.003,0.0,0.0,0.0,0.035721;0.0;0.0;0.0;0.0;0.0;0.0;0.035721;0.0;0.0;0.0;0.0;0.0;0.0;0.035721;0.0;0.0;0.0;0.0;0.0;0.0;-1.0;0.0;0.0;0.0;0.0;0.0;0.0;0.0;0.0;0.0;0.0;0.0;0.0;0.0;0.0,1778833907,71479828
1861,1778833907,124572913,gps,0.195,0.445,0.001,0.0,0.0,0.0,0.035721;0.0;0.0;0.0;0.0;0.0;0.0;0.035721;0.0;0.0;0.0;0.0;0.0;0.0;0.035721;0.0;0.0;0.0;0.0;0.0;0.0;-1.0;0.0;0.0;0.0;0.0;0.0;0.0;0.0;0.0;0.0;0.0;0.0;0.0;0.0;0.0,1778833907,186738444
1862,1778833907,249572848,gps,0.244,0.5720000000000001,-0.006,0.0,0.0,0.0,0.0361;0.0;0.0;0.0;0.0;0.0;0.0;0.0361;0.0;0.0;0.0;0.0;0.0;0.0;0.0361;0.0;0.0;0.0;0.0;0.0;0.0;-1.0;0.0;0.0;0.0;0.0;0.0;0.0;0.0;0.0;0.0;0.0;0.0;0.0;0.0;0.0,1778833907,315135535
1863,1778833907,374572783,gps,0.301,0.648,-0.006,0.0,0.0,0.0,0.0361;0.0;0.0;0.0;0.0;0.0;0.0;0.0361;0.0;0.0;0.0;0.0;0.0;0.0;0.0361;0.0;0.0;0.0;0.0;0.0;0.0;-1.0;0.0;0.0;0.0;0.0;0.0;0.0;0.0;0.0;0.0;0.0;0.0;0.0;0.0;0.0,1778833907,439650341
1864,1778833907,499572719,gps,0.244,0.742,-0.002,0.0,0.0,0.0,0.036864;0.0;0.0;0.0;0.0;0.0;0.0;0.036864;0.0;0.0;0.0;0.0;0.0;0.0;0.036864;0.0;0.0;0.0;0.0;0.0;0.0;-1.0;0.0;0.0;0.0;0.0;0.0;0.0;0.0;0.0;0.0;0.0;0.0;0.0;0.0;0.0,1778833907,565130432
1865,1778833907,624572655,gps,0.232,0.8240000000000001,-0.008,0.0,0.0,0.0,0.036864;0.0;0.0;0.0;0.0;0.0;0.0;0.036864;0.0;0.0;0.0;0.0;0.0;0.0;0.036864;0.0;0.0;0.0;0.0;0.0;0.0;-1.0;0.0;0.0;0.0;0.0;0.0;0.0;0.0;0.0;0.0;0.0;0.0;0.0;0.0;0.0,1778833907,690699186
1866,1778833907,749572590,gps,0.249,0.928,0.008,0.0,0.0,0.0,0.036864;0.0;0.0;0.0;0.0;0.0;0.0;0.036864;0.0;0.0;0.0;0.0;0.0;0.0;0.036864;0.0;0.0;0.0;0.0;0.0;0.0;-1.0;0.0;0.0;0.0;0.0;0.0;0.0;0.0;0.0;0.0;0.0;0.0;0.0;0.0;0.0,1778833907,814868274
1867,1778833907,874572526,gps,0.176,1.014,-0.005,0.0,0.0,0.0,0.0361;0.0;0.0;0.0;0.0;0.0;0.0;0.0361;0.0;0.0;0.0;0.0;0.0;0.0;0.0361;0.0;0.0;0.0;0.0;0.0;0.0;-1.0;0.0;0.0;0.0;0.0;0.0;0.0;0.0;0.0;0.0;0.0;0.0;0.0;0.0;0.0,1778833907,939363022
1868,1778833907,999572462,gps,0.17500000000000002,1.1380000000000001,0.001,0.0,0.0,0.0,0.0361;0.0;0.0;0.0;0.0;0.0;0.0;0.0361;0.0;0.0;0.0;0.0;0.0;0.0;0.0361;0.0;0.0;0.0;0.0;0.0;0.0;-1.0;0.0;0.0;0.0;0.0;0.0;0.0;0.0;0.0;0.0;0.0;0.0;0.0;0.0;0.0,1778833908,65613976
1869,1778833908,124572397,gps,0.12,1.135,-0.015,0.0,0.0,0.0,0.035721;0.0;0.0;0.0;0.0;0.0;0.0;0.035721;0.0;0.0;0.0;0.0;0.0;0.0;0.035721;0.0;0.0;0.0;0.0;0.0;0.0;-1.0;0.0;0.0;0.0;0.0;0.0;0.0;0.0;0.0;0.0;0.0;0.0;0.0;0.0;0.0,1778833908,190544417
1870,1778833908,249572332,gps,0.033,1.219,-0.007,0.0,0.0,0.0,0.034969;0.0;0.0;0.0;0.0;0.0;0.0;0.034969;0.0;0.0;0.0;0.0;0.0;0.0;0.034969;0.0;0.0;0.0;0.0;0.0;0.0;-1.0;0.0;0.0;0.0;0.0;0.0;0.0;0.0;0.0;0.0;0.0;0.0;0.0;0.0;0.0,1778833908,316219798
1871,1778833908,374572267,gps,0.089,1.291,-0.01,0.0,0.0,0.0,0.033856;0.0;0.0;0.0;0.0;0.0;0.0;0.033856;0.0;0.0;0.0;0.0;0.0;0.0;0.033856;0.0;0.0;0.0;0.0;0.0;0.0;-1.0;0.0;0.0;0.0;0.0;0.0;0.0;0.0;0.0;0.0;0.0;0.0;0.0;0.0;0.0,1778833908,440587146
1872,1778833908,499572203,gps,-0.12,1.31,0.0,0.0,0.0,0.0,0.033124;0.0;0.0;0.0;0.0;0.0;0.0;0.033124;0.0;0.0;0.0;0.0;0.0;0.0;0.033124;0.0;0.0;0.0;0.0;0.0;0.0;-1.0;0.0;0.0;0.0;0.0;0.0;0.0;0.0;0.0;0.0;0.0;0.0;0.0;0.0;0.0,1778833908,565645606
1873,1778833908,624572139,gps,-0.126,1.372,-0.01,0.0,0.0,0.0,0.033489;0.0;0.0;0.0;0.0;0.0;0.0;0.033489;0.0;0.0;0.0;0.0;0.0;0.0;0.033489;0.0;0.0;0.0;0.0;0.0;0.0;-1.0;0.0;0.0;0.0;0.0;0.0;0.0;0.0;0.0;0.0;0.0;0.0;0.0;0.0;0.0,1778833908,689869904
1874,1778833908,749572074,gps,-0.193,1.333,0.014,0.0,0.0,0.0,0.031684;0.0;0.0;0.0;0.0;0.0;0.0;0.031684;0.0;0.0;0.0;0.0;0.0;0.0;0.031684;0.0;0.0;0.0;0.0;0.0;0.0;-1.0;0.0;0.0;0.0;0.0;0.0;0.0;0.0;0.0;0.0;0.0;0.0;0.0;0.0;0.0,1778833908,814503496
1875,1778833908,874572009,gps,-0.313,1.218,0.005,0.0,0.0,0.0,0.030975999999999997;0.0;0.0;0.0;0.0;0.0;0.0;0.030975999999999997;0.0;0.0;0.0;0.0;0.0;0.0;0.030975999999999997;0.0;0.0;0.0;0.0;0.0;0.0;-1.0;0.0;0.0;0.0;0.0;0.0;0.0;0.0;0.0;0.0;0.0;0.0;0.0;0.0;0.0,1778833908,938280264
1876,1778833908,999571946,gps,-0.316,1.174,0.014,0.0,0.0,0.0,0.029929000000000004;0.0;0.0;0.0;0.0;0.0;0.0;0.029929000000000004;0.0;0.0;0.0;0.0;0.0;0.0;0.029929000000000004;0.0;0.0;0.0;0.0;0.0;0.0;-1.0;0.0;0.0;0.0;0.0;0.0;0.0;0.0;0.0;0.0;0.0;0.0;0.0;0.0;0.0,1778833909,70430173
1877,1778833909,124571880,gps,-0.338,1.082,0.001,0.0,0.0,0.0,0.030276000000000004;0.0;0.0;0.0;0.0;0.0;0.0;0.030276000000000004;0.0;0.0;0.0;0.0;0.0;0.0;0.030276000000000004;0.0;0.0;0.0;0.0;0.0;0.0;-1.0;0.0;0.0;0.0;0.0;0.0;0.0;0.0;0.0;0.0;0.0;0.0;0.0;0.0;0.0,1778833909,192385435
1878,1778833909,249571816,gps,-0.401,0.966,0.022,0.0,0.0,0.0,0.029929000000000004;0.0;0.0;0.0;0.0;0.0;0.0;0.029929000000000004;0.0;0.0;0.0;0.0;0.0;0.0;0.029929000000000004;0.0;0.0;0.0;0.0;0.0;0.0;-1.0;0.0;0.0;0.0;0.0;0.0;0.0;0.0;0.0;0.0;0.0;0.0;0.0;0.0;0.0,1778833909,316633341
1879,1778833909,374571751,gps,-0.47300000000000003,1.047,0.024,0.0,0.0,0.0,0.029929000000000004;0.0;0.0;0.0;0.0;0.0;0.0;0.029929000000000004;0.0;0.0;0.0;0.0;0.0;0.0;0.029929000000000004;0.0;0.0;0.0;0.0;0.0;0.0;-1.0;0.0;0.0;0.0;0.0;0.0;0.0;0.0;0.0;0.0;0.0;0.0;0.0;0.0;0.0,1778833909,440066584
1880,1778833909,499571687,gps,-0.508,1.0170000000000001,0.02,0.0,0.0,0.0,0.029241000000000003;0.0;0.0;0.0;0.0;0.0;0.0;0.029241000000000003;0.0;0.0;0.0;0.0;0.0;0.0;0.029241000000000003;0.0;0.0;0.0;0.0;0.0;0.0;-1.0;0.0;0.0;0.0;0.0;0.0;0.0;0.0;0.0;0.0;0.0;0.0;0.0;0.0;0.0,1778833909,565737860
1881,1778833909,624571622,gps,-0.597,0.98,0.014,0.0,0.0,0.0,0.028900000000000006;0.0;0.0;0.0;0.0;0.0;0.0;0.028900000000000006;0.0;0.0;0.0;0.0;0.0;0.0;0.028900000000000006;0.0;0.0;0.0;0.0;0.0;0.0;-1.0;0.0;0.0;0.0;0.0;0.0;0.0;0.0;0.0;0.0;0.0;0.0;0.0;0.0;0.0,1778833909,690727761
1882,1778833909,749571558,gps,-0.653,1.006,0.014,0.0,0.0,0.0,0.028900000000000006;0.0;0.0;0.0;0.0;0.0;0.0;0.028900000000000006;0.0;0.0;0.0;0.0;0.0;0.0;0.028900000000000006;0.0;0.0;0.0;0.0;0.0;0.0;-1.0;0.0;0.0;0.0;0.0;0.0;0.0;0.0;0.0;0.0;0.0;0.0;0.0;0.0;0.0,1778833909,816388931
1883,1778833909,874571493,gps,-0.751,1.006,0.03,0.0,0.0,0.0,0.028561000000000003;0.0;0.0;0.0;0.0;0.0;0.0;0.028561000000000003;0.0;0.0;0.0;0.0;0.0;0.0;0.028561000000000003;0.0;0.0;0.0;0.0;0.0;0.0;-1.0;0.0;0.0;0.0;0.0;0.0;0.0;0.0;0.0;0.0;0.0;0.0;0.0;0.0;0.0,1778833909,942616473
1884,1778833909,999571430,gps,-0.837,0.994,0.019,0.0,0.0,0.0,0.028224000000000003;0.0;0.0;0.0;0.0;0.0;0.0;0.028224000000000003;0.0;0.0;0.0;0.0;0.0;0.0;0.028224000000000003;0.0;0.0;0.0;0.0;0.0;0.0;-1.0;0.0;0.0;0.0;0.0;0.0;0.0;0.0;0.0;0.0;0.0;0.0;0.0;0.0;0.0,1778833910,72739764
1885,1778833910,124571364,gps,-0.8290000000000001,0.967,0.026000000000000002,0.0,0.0,0.0,0.028224000000000003;0.0;0.0;0.0;0.0;0.0;0.0;0.028224000000000003;0.0;0.0;0.0;0.0;0.0;0.0;0.028224000000000003;0.0;0.0;0.0;0.0;0.0;0.0;-1.0;0.0;0.0;0.0;0.0;0.0;0.0;0.0;0.0;0.0;0.0;0.0;0.0;0.0;0.0,1778833910,192207160
1886,1778833910,249571300,gps,-0.867,0.967,0.017,0.0,0.0,0.0,0.028900000000000006;0.0;0.0;0.0;0.0;0.0;0.0;0.028900000000000006;0.0;0.0;0.0;0.0;0.0;0.0;0.028900000000000006;0.0;0.0;0.0;0.0;0.0;0.0;-1.0;0.0;0.0;0.0;0.0;0.0;0.0;0.0;0.0;0.0;0.0;0.0;0.0;0.0;0.0,1778833910,317583062
1887,1778833910,374571235,gps,-0.913,0.807,0.029,0.0,0.0,0.0,0.028224000000000003;0.0;0.0;0.0;0.0;0.0;0.0;0.028224000000000003;0.0;0.0;0.0;0.0;0.0;0.0;0.028224000000000003;0.0;0.0;0.0;0.0;0.0;0.0;-1.0;0.0;0.0;0.0;0.0;0.0;0.0;0.0;0.0;0.0;0.0;0.0;0.0;0.0;0.0,1778833910,442044242
1888,1778833910,499571171,gps,-0.858,0.705,0.024,0.0,0.0,0.0,0.027889000000000004;0.0;0.0;0.0;0.0;0.0;0.0;0.027889000000000004;0.0;0.0;0.0;0.0;0.0;0.0;0.027889000000000004;0.0;0.0;0.0;0.0;0.0;0.0;-1.0;0.0;0.0;0.0;0.0;0.0;0.0;0.0;0.0;0.0;0.0;0.0;0.0;0.0;0.0,1778833910,567578246
1889,1778833910,624571106,gps,-0.872,0.761,0.037,0.0,0.0,0.0,0.027889000000000004;0.0;0.0;0.0;0.0;0.0;0.0;0.027889000000000004;0.0;0.0;0.0;0.0;0.0;0.0;0.027889000000000004;0.0;0.0;0.0;0.0;0.0;0.0;-1.0;0.0;0.0;0.0;0.0;0.0;0.0;0.0;0.0;0.0;0.0;0.0;0.0;0.0;0.0,1778833910,692740916
1890,1778833910,749571042,gps,-0.923,0.7010000000000001,0.036000000000000004,0.0,0.0,0.0,0.027556000000000004;0.0;0.0;0.0;0.0;0.0;0.0;0.027556000000000004;0.0;0.0;0.0;0.0;0.0;0.0;0.027556000000000004;0.0;0.0;0.0;0.0;0.0;0.0;-1.0;0.0;0.0;0.0;0.0;0.0;0.0;0.0;0.0;0.0;0.0;0.0;0.0;0.0;0.0,1778833910,815235665
1891,1778833910,874570977,gps,-1.0170000000000001,0.751,0.027,0.0,0.0,0.0,0.027556000000000004;0.0;0.0;0.0;0.0;0.0;0.0;0.027556000000000004;0.0;0.0;0.0;0.0;0.0;0.0;0.027556000000000004;0.0;0.0;0.0;0.0;0.0;0.0;-1.0;0.0;0.0;0.0;0.0;0.0;0.0;0.0;0.0;0.0;0.0;0.0;0.0;0.0;0.0,1778833910,941595410
1892,1778833910,999570914,gps,-1.074,0.784,0.032,0.0,0.0,0.0,0.027556000000000004;0.0;0.0;0.0;0.0;0.0;0.0;0.027556000000000004;0.0;0.0;0.0;0.0;0.0;0.0;0.027556000000000004;0.0;0.0;0.0;0.0;0.0;0.0;-1.0;0.0;0.0;0.0;0.0;0.0;0.0;0.0;0.0;0.0;0.0;0.0;0.0;0.0;0.0,1778833911,70682606
1893,1778833911,124570848,gps,-1.129,0.797,0.035,0.0,0.0,0.0,0.027556000000000004;0.0;0.0;0.0;0.0;0.0;0.0;0.027556000000000004;0.0;0.0;0.0;0.0;0.0;0.0;0.027556000000000004;0.0;0.0;0.0;0.0;0.0;0.0;-1.0;0.0;0.0;0.0;0.0;0.0;0.0;0.0;0.0;0.0;0.0;0.0;0.0;0.0;0.0,1778833911,192451341
1894,1778833911,249570783,gps,-1.193,0.867,0.047,0.0,0.0,0.0,0.027889000000000004;0.0;0.0;0.0;0.0;0.0;0.0;0.027889000000000004;0.0;0.0;0.0;0.0;0.0;0.0;0.027889000000000004;0.0;0.0;0.0;0.0;0.0;0.0;-1.0;0.0;0.0;0.0;0.0;0.0;0.0;0.0;0.0;0.0;0.0;0.0;0.0;0.0;0.0,1778833911,318280730
1895,1778833911,374570719,gps,-1.327,0.862,0.037,0.0,0.0,0.0,0.027889000000000004;0.0;0.0;0.0;0.0;0.0;0.0;0.027889000000000004;0.0;0.0;0.0;0.0;0.0;0.0;0.027889000000000004;0.0;0.0;0.0;0.0;0.0;0.0;-1.0;0.0;0.0;0.0;0.0;0.0;0.0;0.0;0.0;0.0;0.0;0.0;0.0;0.0;0.0,1778833911,441860183
1896,1778833911,499570654,gps,-1.48,0.864,0.048,0.0,0.0,0.0,0.027556000000000004;0.0;0.0;0.0;0.0;0.0;0.0;0.027556000000000004;0.0;0.0;0.0;0.0;0.0;0.0;0.027556000000000004;0.0;0.0;0.0;0.0;0.0;0.0;-1.0;0.0;0.0;0.0;0.0;0.0;0.0;0.0;0.0;0.0;0.0;0.0;0.0;0.0;0.0,1778833911,566865335
1897,1778833911,624570590,gps,-1.3960000000000001,0.99,0.04,0.0,0.0,0.0,0.027889000000000004;0.0;0.0;0.0;0.0;0.0;0.0;0.027889000000000004;0.0;0.0;0.0;0.0;0.0;0.0;0.027889000000000004;0.0;0.0;0.0;0.0;0.0;0.0;-1.0;0.0;0.0;0.0;0.0;0.0;0.0;0.0;0.0;0.0;0.0;0.0;0.0;0.0;0.0,1778833911,688281022
1898,1778833911,749570525,gps,-1.545,1.0090000000000001,0.046,0.0,0.0,0.0,0.030975999999999997;0.0;0.0;0.0;0.0;0.0;0.0;0.030975999999999997;0.0;0.0;0.0;0.0;0.0;0.0;0.030975999999999997;0.0;0.0;0.0;0.0;0.0;0.0;-1.0;0.0;0.0;0.0;0.0;0.0;0.0;0.0;0.0;0.0;0.0;0.0;0.0;0.0;0.0,1778833911,815644005
1899,1778833911,874570461,gps,-1.6500000000000001,1.087,0.042,0.0,0.0,0.0,0.031328999999999996;0.0;0.0;0.0;0.0;0.0;0.0;0.031328999999999996;0.0;0.0;0.0;0.0;0.0;0.0;0.031328999999999996;0.0;0.0;0.0;0.0;0.0;0.0;-1.0;0.0;0.0;0.0;0.0;0.0;0.0;0.0;0.0;0.0;0.0;0.0;0.0;0.0;0.0,1778833911,940767432
1900,1778833911,999570397,gps,-1.6280000000000001,1.202,0.044,0.0,0.0,0.0,0.029584000000000006;0.0;0.0;0.0;0.0;0.0;0.0;0.029584000000000006;0.0;0.0;0.0;0.0;0.0;0.0;0.029584000000000006;0.0;0.0;0.0;0.0;0.0;0.0;-1.0;0.0;0.0;0.0;0.0;0.0;0.0;0.0;0.0;0.0;0.0;0.0;0.0;0.0;0.0,1778833912,71902677
1901,1778833912,124570332,gps,-1.605,1.213,0.049,0.0,0.0,0.0,0.029584000000000006;0.0;0.0;0.0;0.0;0.0;0.0;0.029584000000000006;0.0;0.0;0.0;0.0;0.0;0.0;0.029584000000000006;0.0;0.0;0.0;0.0;0.0;0.0;-1.0;0.0;0.0;0.0;0.0;0.0;0.0;0.0;0.0;0.0;0.0;0.0;0.0;0.0;0.0,1778833912,192742289
1902,1778833912,249570267,gps,-1.629,1.299,0.035,0.0,0.0,0.0,0.029584000000000006;0.0;0.0;0.0;0.0;0.0;0.0;0.029584000000000006;0.0;0.0;0.0;0.0;0.0;0.0;0.029584000000000006;0.0;0.0;0.0;0.0;0.0;0.0;-1.0;0.0;0.0;0.0;0.0;0.0;0.0;0.0;0.0;0.0;0.0;0.0;0.0;0.0;0.0,1778833912,318601416
1903,1778833912,374570203,gps,-1.653,1.292,0.056,0.0,0.0,0.0,0.029584000000000006;0.0;0.0;0.0;0.0;0.0;0.0;0.029584000000000006;0.0;0.0;0.0;0.0;0.0;0.0;0.029584000000000006;0.0;0.0;0.0;0.0;0.0;0.0;-1.0;0.0;0.0;0.0;0.0;0.0;0.0;0.0;0.0;0.0;0.0;0.0;0.0;0.0;0.0,1778833912,441465336
1904,1778833912,499570138,gps,-1.649,1.327,0.045,0.0,0.0,0.0,0.028900000000000006;0.0;0.0;0.0;0.0;0.0;0.0;0.028900000000000006;0.0;0.0;0.0;0.0;0.0;0.0;0.028900000000000006;0.0;0.0;0.0;0.0;0.0;0.0;-1.0;0.0;0.0;0.0;0.0;0.0;0.0;0.0;0.0;0.0;0.0;0.0;0.0;0.0;0.0,1778833912,562454286
1905,1778833912,624570074,gps,-1.671,1.252,0.059000000000000004,0.0,0.0,0.0,0.028900000000000006;0.0;0.0;0.0;0.0;0.0;0.0;0.028900000000000006;0.0;0.0;0.0;0.0;0.0;0.0;0.028900000000000006;0.0;0.0;0.0;0.0;0.0;0.0;-1.0;0.0;0.0;0.0;0.0;0.0;0.0;0.0;0.0;0.0;0.0;0.0;0.0;0.0;0.0,1778833912,693685965
1906,1778833912,749570009,gps,-1.597,1.176,0.054,0.0,0.0,0.0,0.028900000000000006;0.0;0.0;0.0;0.0;0.0;0.0;0.028900000000000006;0.0;0.0;0.0;0.0;0.0;0.0;0.028900000000000006;0.0;0.0;0.0;0.0;0.0;0.0;-1.0;0.0;0.0;0.0;0.0;0.0;0.0;0.0;0.0;0.0;0.0;0.0;0.0;0.0;0.0,1778833912,817588830
1907,1778833912,874569945,gps,-1.597,1.109,0.051000000000000004,0.0,0.0,0.0,0.028561000000000003;0.0;0.0;0.0;0.0;0.0;0.0;0.028561000000000003;0.0;0.0;0.0;0.0;0.0;0.0;0.028561000000000003;0.0;0.0;0.0;0.0;0.0;0.0;-1.0;0.0;0.0;0.0;0.0;0.0;0.0;0.0;0.0;0.0;0.0;0.0;0.0;0.0;0.0,1778833912,942655271
1908,1778833912,999569881,gps,-1.596,0.9400000000000001,0.055,0.0,0.0,0.0,0.028224000000000003;0.0;0.0;0.0;0.0;0.0;0.0;0.028224000000000003;0.0;0.0;0.0;0.0;0.0;0.0;0.028224000000000003;0.0;0.0;0.0;0.0;0.0;0.0;-1.0;0.0;0.0;0.0;0.0;0.0;0.0;0.0;0.0;0.0;0.0;0.0;0.0;0.0;0.0,1778833913,73364542
1909,1778833913,124569816,gps,-1.624,0.972,0.063,0.0,0.0,0.0,0.028224000000000003;0.0;0.0;0.0;0.0;0.0;0.0;0.028224000000000003;0.0;0.0;0.0;0.0;0.0;0.0;0.028224000000000003;0.0;0.0;0.0;0.0;0.0;0.0;-1.0;0.0;0.0;0.0;0.0;0.0;0.0;0.0;0.0;0.0;0.0;0.0;0.0;0.0;0.0,1778833913,192032104
1910,1778833913,249569751,gps,-1.666,1.016,0.044,0.0,0.0,0.0,0.028224000000000003;0.0;0.0;0.0;0.0;0.0;0.0;0.028224000000000003;0.0;0.0;0.0;0.0;0.0;0.0;0.028224000000000003;0.0;0.0;0.0;0.0;0.0;0.0;-1.0;0.0;0.0;0.0;0.0;0.0;0.0;0.0;0.0;0.0;0.0;0.0;0.0;0.0;0.0,1778833913,317577573
1911,1778833913,374569687,gps,-1.689,1.0110000000000001,0.041,0.0,0.0,0.0,0.028561000000000003;0.0;0.0;0.0;0.0;0.0;0.0;0.028561000000000003;0.0;0.0;0.0;0.0;0.0;0.0;0.028561000000000003;0.0;0.0;0.0;0.0;0.0;0.0;-1.0;0.0;0.0;0.0;0.0;0.0;0.0;0.0;0.0;0.0;0.0;0.0;0.0;0.0;0.0,1778833913,438530416
1912,1778833913,499569622,gps,-1.764,1.047,0.03,0.0,0.0,0.0,0.029241000000000003;0.0;0.0;0.0;0.0;0.0;0.0;0.029241000000000003;0.0;0.0;0.0;0.0;0.0;0.0;0.029241000000000003;0.0;0.0;0.0;0.0;0.0;0.0;-1.0;0.0;0.0;0.0;0.0;0.0;0.0;0.0;0.0;0.0;0.0;0.0;0.0;0.0;0.0,1778833913,565475343
1913,1778833913,624569557,gps,-1.793,1.111,0.048,0.0,0.0,0.0,0.029241000000000003;0.0;0.0;0.0;0.0;0.0;0.0;0.029241000000000003;0.0;0.0;0.0;0.0;0.0;0.0;0.029241000000000003;0.0;0.0;0.0;0.0;0.0;0.0;-1.0;0.0;0.0;0.0;0.0;0.0;0.0;0.0;0.0;0.0;0.0;0.0;0.0;0.0;0.0,1778833913,692813655
1914,1778833913,749569493,gps,-1.915,1.178,0.043000000000000003,0.0,0.0,0.0,0.028900000000000006;0.0;0.0;0.0;0.0;0.0;0.0;0.028900000000000006;0.0;0.0;0.0;0.0;0.0;0.0;0.028900000000000006;0.0;0.0;0.0;0.0;0.0;0.0;-1.0;0.0;0.0;0.0;0.0;0.0;0.0;0.0;0.0;0.0;0.0;0.0;0.0;0.0;0.0,1778833913,815708692
1915,1778833913,874569428,gps,-1.925,1.306,0.048,0.0,0.0,0.0,0.028900000000000006;0.0;0.0;0.0;0.0;0.0;0.0;0.028900000000000006;0.0;0.0;0.0;0.0;0.0;0.0;0.028900000000000006;0.0;0.0;0.0;0.0;0.0;0.0;-1.0;0.0;0.0;0.0;0.0;0.0;0.0;0.0;0.0;0.0;0.0;0.0;0.0;0.0;0.0,1778833913,941599174
1916,1778833913,999569365,gps,-1.823,1.416,0.033,0.0,0.0,0.0,0.029584000000000006;0.0;0.0;0.0;0.0;0.0;0.0;0.029584000000000006;0.0;0.0;0.0;0.0;0.0;0.0;0.029584000000000006;0.0;0.0;0.0;0.0;0.0;0.0;-1.0;0.0;0.0;0.0;0.0;0.0;0.0;0.0;0.0;0.0;0.0;0.0;0.0;0.0;0.0,1778833914,70018520
1917,1778833914,124569299,gps,-1.877,1.467,0.047,0.0,0.0,0.0,0.029241000000000003;0.0;0.0;0.0;0.0;0.0;0.0;0.029241000000000003;0.0;0.0;0.0;0.0;0.0;0.0;0.029241000000000003;0.0;0.0;0.0;0.0;0.0;0.0;-1.0;0.0;0.0;0.0;0.0;0.0;0.0;0.0;0.0;0.0;0.0;0.0;0.0;0.0;0.0,1778833914,190144350
1918,1778833914,249569235,gps,-1.961,1.451,0.058,0.0,0.0,0.0,0.029241000000000003;0.0;0.0;0.0;0.0;0.0;0.0;0.029241000000000003;0.0;0.0;0.0;0.0;0.0;0.0;0.029241000000000003;0.0;0.0;0.0;0.0;0.0;0.0;-1.0;0.0;0.0;0.0;0.0;0.0;0.0;0.0;0.0;0.0;0.0;0.0;0.0;0.0;0.0,1778833914,316515000
1919,1778833914,374569170,gps,-1.993,1.604,0.042,0.0,0.0,0.0,0.029584000000000006;0.0;0.0;0.0;0.0;0.0;0.0;0.029584000000000006;0.0;0.0;0.0;0.0;0.0;0.0;0.029584000000000006;0.0;0.0;0.0;0.0;0.0;0.0;-1.0;0.0;0.0;0.0;0.0;0.0;0.0;0.0;0.0;0.0;0.0;0.0;0.0;0.0;0.0,1778833914,440801462
1920,1778833914,499569106,gps,-1.924,1.587,0.042,0.0,0.0,0.0,0.028900000000000006;0.0;0.0;0.0;0.0;0.0;0.0;0.028900000000000006;0.0;0.0;0.0;0.0;0.0;0.0;0.028900000000000006;0.0;0.0;0.0;0.0;0.0;0.0;-1.0;0.0;0.0;0.0;0.0;0.0;0.0;0.0;0.0;0.0;0.0;0.0;0.0;0.0;0.0,1778833914,565507124
1921,1778833914,624569041,gps,-2.008,1.618,0.055,0.0,0.0,0.0,0.029241000000000003;0.0;0.0;0.0;0.0;0.0;0.0;0.029241000000000003;0.0;0.0;0.0;0.0;0.0;0.0;0.029241000000000003;0.0;0.0;0.0;0.0;0.0;0.0;-1.0;0.0;0.0;0.0;0.0;0.0;0.0;0.0;0.0;0.0;0.0;0.0;0.0;0.0;0.0,1778833914,690621879
1922,1778833914,749568977,gps,-2.032,1.615,0.051000000000000004,0.0,0.0,0.0,0.029584000000000006;0.0;0.0;0.0;0.0;0.0;0.0;0.029584000000000006;0.0;0.0;0.0;0.0;0.0;0.0;0.029584000000000006;0.0;0.0;0.0;0.0;0.0;0.0;-1.0;0.0;0.0;0.0;0.0;0.0;0.0;0.0;0.0;0.0;0.0;0.0;0.0;0.0;0.0,1778833914,814927776
1923,1778833914,874568912,gps,-1.999,1.73,0.04,0.0,0.0,0.0,0.029584000000000006;0.0;0.0;0.0;0.0;0.0;0.0;0.029584000000000006;0.0;0.0;0.0;0.0;0.0;0.0;0.029584000000000006;0.0;0.0;0.0;0.0;0.0;0.0;-1.0;0.0;0.0;0.0;0.0;0.0;0.0;0.0;0.0;0.0;0.0;0.0;0.0;0.0;0.0,1778833914,939840243
1924,1778833914,999568849,gps,-2.07,1.832,0.05,0.0,0.0,0.0,0.029241000000000003;0.0;0.0;0.0;0.0;0.0;0.0;0.029241000000000003;0.0;0.0;0.0;0.0;0.0;0.0;0.029241000000000003;0.0;0.0;0.0;0.0;0.0;0.0;-1.0;0.0;0.0;0.0;0.0;0.0;0.0;0.0;0.0;0.0;0.0;0.0;0.0;0.0;0.0,1778833915,70188310
1925,1778833915,124568783,gps,-2.187,1.899,0.05,0.0,0.0,0.0,0.028900000000000006;0.0;0.0;0.0;0.0;0.0;0.0;0.028900000000000006;0.0;0.0;0.0;0.0;0.0;0.0;0.028900000000000006;0.0;0.0;0.0;0.0;0.0;0.0;-1.0;0.0;0.0;0.0;0.0;0.0;0.0;0.0;0.0;0.0;0.0;0.0;0.0;0.0;0.0,1778833915,190851408
1926,1778833915,249568718,gps,-2.222,1.945,0.061,0.0,0.0,0.0,0.029241000000000003;0.0;0.0;0.0;0.0;0.0;0.0;0.029241000000000003;0.0;0.0;0.0;0.0;0.0;0.0;0.029241000000000003;0.0;0.0;0.0;0.0;0.0;0.0;-1.0;0.0;0.0;0.0;0.0;0.0;0.0;0.0;0.0;0.0;0.0;0.0;0.0;0.0;0.0,1778833915,314743981
1927,1778833915,374568654,gps,-2.225,1.954,0.067,0.0,0.0,0.0,0.028900000000000006;0.0;0.0;0.0;0.0;0.0;0.0;0.028900000000000006;0.0;0.0;0.0;0.0;0.0;0.0;0.028900000000000006;0.0;0.0;0.0;0.0;0.0;0.0;-1.0;0.0;0.0;0.0;0.0;0.0;0.0;0.0;0.0;0.0;0.0;0.0;0.0;0.0;0.0,1778833915,440498759
1928,1778833915,499568589,gps,-2.2800000000000002,2.0420000000000003,0.073,0.0,0.0,0.0,0.029241000000000003;0.0;0.0;0.0;0.0;0.0;0.0;0.029241000000000003;0.0;0.0;0.0;0.0;0.0;0.0;0.029241000000000003;0.0;0.0;0.0;0.0;0.0;0.0;-1.0;0.0;0.0;0.0;0.0;0.0;0.0;0.0;0.0;0.0;0.0;0.0;0.0;0.0;0.0,1778833915,565572284
1929,1778833915,624568525,gps,-2.271,2.104,0.065,0.0,0.0,0.0,0.027225000000000003;0.0;0.0;0.0;0.0;0.0;0.0;0.027225000000000003;0.0;0.0;0.0;0.0;0.0;0.0;0.027225000000000003;0.0;0.0;0.0;0.0;0.0;0.0;-1.0;0.0;0.0;0.0;0.0;0.0;0.0;0.0;0.0;0.0;0.0;0.0;0.0;0.0;0.0,1778833915,690731095
1930,1778833915,749568460,gps,-2.312,2.081,0.067,0.0,0.0,0.0,0.026896000000000003;0.0;0.0;0.0;0.0;0.0;0.0;0.026896000000000003;0.0;0.0;0.0;0.0;0.0;0.0;0.026896000000000003;0.0;0.0;0.0;0.0;0.0;0.0;-1.0;0.0;0.0;0.0;0.0;0.0;0.0;0.0;0.0;0.0;0.0;0.0;0.0;0.0;0.0,1778833915,816407913
1931,1778833915,874568396,gps,-2.306,2.107,0.065,0.0,0.0,0.0,0.026896000000000003;0.0;0.0;0.0;0.0;0.0;0.0;0.026896000000000003;0.0;0.0;0.0;0.0;0.0;0.0;0.026896000000000003;0.0;0.0;0.0;0.0;0.0;0.0;-1.0;0.0;0.0;0.0;0.0;0.0;0.0;0.0;0.0;0.0;0.0;0.0;0.0;0.0;0.0,1778833915,941664579
1932,1778833915,999568332,gps,-2.247,2.058,0.07,0.0,0.0,0.0,0.026896000000000003;0.0;0.0;0.0;0.0;0.0;0.0;0.026896000000000003;0.0;0.0;0.0;0.0;0.0;0.0;0.026896000000000003;0.0;0.0;0.0;0.0;0.0;0.0;-1.0;0.0;0.0;0.0;0.0;0.0;0.0;0.0;0.0;0.0;0.0;0.0;0.0;0.0;0.0,1778833916,72130375
1933,1778833916,124568267,gps,-2.201,2.106,0.06,0.0,0.0,0.0,0.026896000000000003;0.0;0.0;0.0;0.0;0.0;0.0;0.026896000000000003;0.0;0.0;0.0;0.0;0.0;0.0;0.026896000000000003;0.0;0.0;0.0;0.0;0.0;0.0;-1.0;0.0;0.0;0.0;0.0;0.0;0.0;0.0;0.0;0.0;0.0;0.0;0.0;0.0;0.0,1778833916,188782046
1934,1778833916,249568202,gps,-2.174,2.096,0.075,0.0,0.0,0.0,0.027225000000000003;0.0;0.0;0.0;0.0;0.0;0.0;0.027225000000000003;0.0;0.0;0.0;0.0;0.0;0.0;0.027225000000000003;0.0;0.0;0.0;0.0;0.0;0.0;-1.0;0.0;0.0;0.0;0.0;0.0;0.0;0.0;0.0;0.0;0.0;0.0;0.0;0.0;0.0,1778833916,317206977
1935,1778833916,374568138,gps,-2.215,2.1310000000000002,0.063,0.0,0.0,0.0,0.027225000000000003;0.0;0.0;0.0;0.0;0.0;0.0;0.027225000000000003;0.0;0.0;0.0;0.0;0.0;0.0;0.027225000000000003;0.0;0.0;0.0;0.0;0.0;0.0;-1.0;0.0;0.0;0.0;0.0;0.0;0.0;0.0;0.0;0.0;0.0;0.0;0.0;0.0;0.0,1778833916,440487101
1936,1778833916,499568073,gps,-2.215,2.111,0.069,0.0,0.0,0.0,0.026896000000000003;0.0;0.0;0.0;0.0;0.0;0.0;0.026896000000000003;0.0;0.0;0.0;0.0;0.0;0.0;0.026896000000000003;0.0;0.0;0.0;0.0;0.0;0.0;-1.0;0.0;0.0;0.0;0.0;0.0;0.0;0.0;0.0;0.0;0.0;0.0;0.0;0.0;0.0,1778833916,566434772
1937,1778833916,624568008,gps,-2.173,2.13,0.074,0.0,0.0,0.0,0.027225000000000003;0.0;0.0;0.0;0.0;0.0;0.0;0.027225000000000003;0.0;0.0;0.0;0.0;0.0;0.0;0.027225000000000003;0.0;0.0;0.0;0.0;0.0;0.0;-1.0;0.0;0.0;0.0;0.0;0.0;0.0;0.0;0.0;0.0;0.0;0.0;0.0;0.0;0.0,1778833916,690811619
1938,1778833916,749567944,gps,-2.148,2.09,0.07100000000000001,0.0,0.0,0.0,0.027556000000000004;0.0;0.0;0.0;0.0;0.0;0.0;0.027556000000000004;0.0;0.0;0.0;0.0;0.0;0.0;0.027556000000000004;0.0;0.0;0.0;0.0;0.0;0.0;-1.0;0.0;0.0;0.0;0.0;0.0;0.0;0.0;0.0;0.0;0.0;0.0;0.0;0.0;0.0,1778833916,815772840
1939,1778833916,874567879,gps,-2.132,2.13,0.058,0.0,0.0,0.0,0.027225000000000003;0.0;0.0;0.0;0.0;0.0;0.0;0.027225000000000003;0.0;0.0;0.0;0.0;0.0;0.0;0.027225000000000003;0.0;0.0;0.0;0.0;0.0;0.0;-1.0;0.0;0.0;0.0;0.0;0.0;0.0;0.0;0.0;0.0;0.0;0.0;0.0;0.0;0.0,1778833916,940389882
1940,1778833916,999567816,gps,-2.095,2.102,0.065,0.0,0.0,0.0,0.027225000000000003;0.0;0.0;0.0;0.0;0.0;0.0;0.027225000000000003;0.0;0.0;0.0;0.0;0.0;0.0;0.027225000000000003;0.0;0.0;0.0;0.0;0.0;0.0;-1.0;0.0;0.0;0.0;0.0;0.0;0.0;0.0;0.0;0.0;0.0;0.0;0.0;0.0;0.0,1778833917,65592433
1941,1778833917,124567750,gps,-2.134,2.126,0.063,0.0,0.0,0.0,0.027225000000000003;0.0;0.0;0.0;0.0;0.0;0.0;0.027225000000000003;0.0;0.0;0.0;0.0;0.0;0.0;0.027225000000000003;0.0;0.0;0.0;0.0;0.0;0.0;-1.0;0.0;0.0;0.0;0.0;0.0;0.0;0.0;0.0;0.0;0.0;0.0;0.0;0.0;0.0,1778833917,190240751
1942,1778833917,249567686,gps,-2.212,2.261,0.076,0.0,0.0,0.0,0.027225000000000003;0.0;0.0;0.0;0.0;0.0;0.0;0.027225000000000003;0.0;0.0;0.0;0.0;0.0;0.0;0.027225000000000003;0.0;0.0;0.0;0.0;0.0;0.0;-1.0;0.0;0.0;0.0;0.0;0.0;0.0;0.0;0.0;0.0;0.0;0.0;0.0;0.0;0.0,1778833917,316892073
1943,1778833917,374567621,gps,-2.1750000000000003,2.185,0.062,0.0,0.0,0.0,0.027225000000000003;0.0;0.0;0.0;0.0;0.0;0.0;0.027225000000000003;0.0;0.0;0.0;0.0;0.0;0.0;0.027225000000000003;0.0;0.0;0.0;0.0;0.0;0.0;-1.0;0.0;0.0;0.0;0.0;0.0;0.0;0.0;0.0;0.0;0.0;0.0;0.0;0.0;0.0,1778833917,442331212
1944,1778833917,499567556,gps,-2.198,2.21,0.067,0.0,0.0,0.0,0.027225000000000003;0.0;0.0;0.0;0.0;0.0;0.0;0.027225000000000003;0.0;0.0;0.0;0.0;0.0;0.0;0.027225000000000003;0.0;0.0;0.0;0.0;0.0;0.0;-1.0;0.0;0.0;0.0;0.0;0.0;0.0;0.0;0.0;0.0;0.0;0.0;0.0;0.0;0.0,1778833917,566646472
1945,1778833917,624567492,gps,-2.197,2.307,0.074,0.0,0.0,0.0,0.027556000000000004;0.0;0.0;0.0;0.0;0.0;0.0;0.027556000000000004;0.0;0.0;0.0;0.0;0.0;0.0;0.027556000000000004;0.0;0.0;0.0;0.0;0.0;0.0;-1.0;0.0;0.0;0.0;0.0;0.0;0.0;0.0;0.0;0.0;0.0;0.0;0.0;0.0;0.0,1778833917,693307574
1946,1778833917,749567427,gps,-2.219,2.229,0.08,0.0,0.0,0.0,0.027225000000000003;0.0;0.0;0.0;0.0;0.0;0.0;0.027225000000000003;0.0;0.0;0.0;0.0;0.0;0.0;0.027225000000000003;0.0;0.0;0.0;0.0;0.0;0.0;-1.0;0.0;0.0;0.0;0.0;0.0;0.0;0.0;0.0;0.0;0.0;0.0;0.0;0.0;0.0,1778833917,815712618
1947,1778833917,874567363,gps,-2.126,2.234,0.083,0.0,0.0,0.0,0.027556000000000004;0.0;0.0;0.0;0.0;0.0;0.0;0.027556000000000004;0.0;0.0;0.0;0.0;0.0;0.0;0.027556000000000004;0.0;0.0;0.0;0.0;0.0;0.0;-1.0;0.0;0.0;0.0;0.0;0.0;0.0;0.0;0.0;0.0;0.0;0.0;0.0;0.0;0.0,1778833917,939031097
1948,1778833917,999567299,gps,-2.136,2.224,0.081,0.0,0.0,0.0,0.027889000000000004;0.0;0.0;0.0;0.0;0.0;0.0;0.027889000000000004;0.0;0.0;0.0;0.0;0.0;0.0;0.027889000000000004;0.0;0.0;0.0;0.0;0.0;0.0;-1.0;0.0;0.0;0.0;0.0;0.0;0.0;0.0;0.0;0.0;0.0;0.0;0.0;0.0;0.0,1778833918,72027864
1949,1778833918,124567234,gps,-2.08,2.16,0.085,0.0,0.0,0.0,0.027889000000000004;0.0;0.0;0.0;0.0;0.0;0.0;0.027889000000000004;0.0;0.0;0.0;0.0;0.0;0.0;0.027889000000000004;0.0;0.0;0.0;0.0;0.0;0.0;-1.0;0.0;0.0;0.0;0.0;0.0;0.0;0.0;0.0;0.0;0.0;0.0;0.0;0.0;0.0,1778833918,191601456
1950,1778833918,249567169,gps,-2.062,2.076,0.08600000000000001,0.0,0.0,0.0,0.027556000000000004;0.0;0.0;0.0;0.0;0.0;0.0;0.027556000000000004;0.0;0.0;0.0;0.0;0.0;0.0;0.027556000000000004;0.0;0.0;0.0;0.0;0.0;0.0;-1.0;0.0;0.0;0.0;0.0;0.0;0.0;0.0;0.0;0.0;0.0;0.0;0.0;0.0;0.0,1778833918,316963970
1951,1778833918,374567104,gps,-2.068,2.136,0.084,0.0,0.0,0.0,0.028224000000000003;0.0;0.0;0.0;0.0;0.0;0.0;0.028224000000000003;0.0;0.0;0.0;0.0;0.0;0.0;0.028224000000000003;0.0;0.0;0.0;0.0;0.0;0.0;-1.0;0.0;0.0;0.0;0.0;0.0;0.0;0.0;0.0;0.0;0.0;0.0;0.0;0.0;0.0,1778833918,440669134
1952,1778833918,499567040,gps,-2.0420000000000003,2.07,0.085,0.0,0.0,0.0,0.027889000000000004;0.0;0.0;0.0;0.0;0.0;0.0;0.027889000000000004;0.0;0.0;0.0;0.0;0.0;0.0;0.027889000000000004;0.0;0.0;0.0;0.0;0.0;0.0;-1.0;0.0;0.0;0.0;0.0;0.0;0.0;0.0;0.0;0.0;0.0;0.0;0.0;0.0;0.0,1778833918,566508713
1953,1778833918,624566975,gps,-2.06,2.112,0.073,0.0,0.0,0.0,0.028561000000000003;0.0;0.0;0.0;0.0;0.0;0.0;0.028561000000000003;0.0;0.0;0.0;0.0;0.0;0.0;0.028561000000000003;0.0;0.0;0.0;0.0;0.0;0.0;-1.0;0.0;0.0;0.0;0.0;0.0;0.0;0.0;0.0;0.0;0.0;0.0;0.0;0.0;0.0,1778833918,690696749
1954,1778833918,749566911,gps,-2.017,2.113,0.069,0.0,0.0,0.0,0.028561000000000003;0.0;0.0;0.0;0.0;0.0;0.0;0.028561000000000003;0.0;0.0;0.0;0.0;0.0;0.0;0.028561000000000003;0.0;0.0;0.0;0.0;0.0;0.0;-1.0;0.0;0.0;0.0;0.0;0.0;0.0;0.0;0.0;0.0;0.0;0.0;0.0;0.0;0.0,1778833918,815807595
1955,1778833918,874566846,gps,-2.069,2.18,0.061,0.0,0.0,0.0,0.027889000000000004;0.0;0.0;0.0;0.0;0.0;0.0;0.027889000000000004;0.0;0.0;0.0;0.0;0.0;0.0;0.027889000000000004;0.0;0.0;0.0;0.0;0.0;0.0;-1.0;0.0;0.0;0.0;0.0;0.0;0.0;0.0;0.0;0.0;0.0;0.0;0.0;0.0;0.0,1778833918,941758602
1956,1778833918,999566783,gps,-2.204,2.164,0.08700000000000001,0.0,0.0,0.0,0.027556000000000004;0.0;0.0;0.0;0.0;0.0;0.0;0.027556000000000004;0.0;0.0;0.0;0.0;0.0;0.0;0.027556000000000004;0.0;0.0;0.0;0.0;0.0;0.0;-1.0;0.0;0.0;0.0;0.0;0.0;0.0;0.0;0.0;0.0;0.0;0.0;0.0;0.0;0.0,1778833919,71505589
1957,1778833919,124566717,gps,-2.116,2.077,0.093,0.0,0.0,0.0,0.027556000000000004;0.0;0.0;0.0;0.0;0.0;0.0;0.027556000000000004;0.0;0.0;0.0;0.0;0.0;0.0;0.027556000000000004;0.0;0.0;0.0;0.0;0.0;0.0;-1.0;0.0;0.0;0.0;0.0;0.0;0.0;0.0;0.0;0.0;0.0;0.0;0.0;0.0;0.0,1778833919,191712475
1958,1778833919,249566653,gps,-2.114,2.146,0.075,0.0,0.0,0.0,0.027889000000000004;0.0;0.0;0.0;0.0;0.0;0.0;0.027889000000000004;0.0;0.0;0.0;0.0;0.0;0.0;0.027889000000000004;0.0;0.0;0.0;0.0;0.0;0.0;-1.0;0.0;0.0;0.0;0.0;0.0;0.0;0.0;0.0;0.0;0.0;0.0;0.0;0.0;0.0,1778833919,316647026
1959,1778833919,374566588,gps,-2.087,2.133,0.076,0.0,0.0,0.0,0.027889000000000004;0.0;0.0;0.0;0.0;0.0;0.0;0.027889000000000004;0.0;0.0;0.0;0.0;0.0;0.0;0.027889000000000004;0.0;0.0;0.0;0.0;0.0;0.0;-1.0;0.0;0.0;0.0;0.0;0.0;0.0;0.0;0.0;0.0;0.0;0.0;0.0;0.0;0.0,1778833919,440498009
1960,1778833919,499566523,gps,-2.148,1.979,0.081,0.0,0.0,0.0,0.028224000000000003;0.0;0.0;0.0;0.0;0.0;0.0;0.028224000000000003;0.0;0.0;0.0;0.0;0.0;0.0;0.028224000000000003;0.0;0.0;0.0;0.0;0.0;0.0;-1.0;0.0;0.0;0.0;0.0;0.0;0.0;0.0;0.0;0.0;0.0;0.0;0.0;0.0;0.0,1778833919,566732162
1961,1778833919,624566459,gps,-2.183,2.103,0.088,0.0,0.0,0.0,0.028224000000000003;0.0;0.0;0.0;0.0;0.0;0.0;0.028224000000000003;0.0;0.0;0.0;0.0;0.0;0.0;0.028224000000000003;0.0;0.0;0.0;0.0;0.0;0.0;-1.0;0.0;0.0;0.0;0.0;0.0;0.0;0.0;0.0;0.0;0.0;0.0;0.0;0.0;0.0,1778833919,691493364
1962,1778833919,749566394,gps,-2.239,2.105,0.08700000000000001,0.0,0.0,0.0,0.028224000000000003;0.0;0.0;0.0;0.0;0.0;0.0;0.028224000000000003;0.0;0.0;0.0;0.0;0.0;0.0;0.028224000000000003;0.0;0.0;0.0;0.0;0.0;0.0;-1.0;0.0;0.0;0.0;0.0;0.0;0.0;0.0;0.0;0.0;0.0;0.0;0.0;0.0;0.0,1778833919,813496017
1963,1778833919,874566330,gps,-2.194,2.096,0.10300000000000001,0.0,0.0,0.0,0.028224000000000003;0.0;0.0;0.0;0.0;0.0;0.0;0.028224000000000003;0.0;0.0;0.0;0.0;0.0;0.0;0.028224000000000003;0.0;0.0;0.0;0.0;0.0;0.0;-1.0;0.0;0.0;0.0;0.0;0.0;0.0;0.0;0.0;0.0;0.0;0.0;0.0;0.0;0.0,1778833919,939782125
1964,1778833919,999566266,gps,-2.231,2.16,0.092,0.0,0.0,0.0,0.028224000000000003;0.0;0.0;0.0;0.0;0.0;0.0;0.028224000000000003;0.0;0.0;0.0;0.0;0.0;0.0;0.028224000000000003;0.0;0.0;0.0;0.0;0.0;0.0;-1.0;0.0;0.0;0.0;0.0;0.0;0.0;0.0;0.0;0.0;0.0;0.0;0.0;0.0;0.0,1778833920,70082591
1965,1778833920,124566201,gps,-2.233,2.169,0.105,0.0,0.0,0.0,0.028224000000000003;0.0;0.0;0.0;0.0;0.0;0.0;0.028224000000000003;0.0;0.0;0.0;0.0;0.0;0.0;0.028224000000000003;0.0;0.0;0.0;0.0;0.0;0.0;-1.0;0.0;0.0;0.0;0.0;0.0;0.0;0.0;0.0;0.0;0.0;0.0;0.0;0.0;0.0,1778833920,190440857
1966,1778833920,249566136,gps,-2.361,2.096,0.099,0.0,0.0,0.0,0.027556000000000004;0.0;0.0;0.0;0.0;0.0;0.0;0.027556000000000004;0.0;0.0;0.0;0.0;0.0;0.0;0.027556000000000004;0.0;0.0;0.0;0.0;0.0;0.0;-1.0;0.0;0.0;0.0;0.0;0.0;0.0;0.0;0.0;0.0;0.0;0.0;0.0;0.0;0.0,1778833920,316776486
1967,1778833920,374566071,gps,-2.2880000000000003,2.071,0.089,0.0,0.0,0.0,0.027889000000000004;0.0;0.0;0.0;0.0;0.0;0.0;0.027889000000000004;0.0;0.0;0.0;0.0;0.0;0.0;0.027889000000000004;0.0;0.0;0.0;0.0;0.0;0.0;-1.0;0.0;0.0;0.0;0.0;0.0;0.0;0.0;0.0;0.0;0.0;0.0;0.0;0.0;0.0,1778833920,440717387
1968,1778833920,499566007,gps,-2.3000000000000003,2.066,0.10200000000000001,0.0,0.0,0.0,0.027889000000000004;0.0;0.0;0.0;0.0;0.0;0.0;0.027889000000000004;0.0;0.0;0.0;0.0;0.0;0.0;0.027889000000000004;0.0;0.0;0.0;0.0;0.0;0.0;-1.0;0.0;0.0;0.0;0.0;0.0;0.0;0.0;0.0;0.0;0.0;0.0;0.0;0.0;0.0,1778833920,566403734
1969,1778833920,624565942,gps,-2.295,2.109,0.108,0.0,0.0,0.0,0.027889000000000004;0.0;0.0;0.0;0.0;0.0;0.0;0.027889000000000004;0.0;0.0;0.0;0.0;0.0;0.0;0.027889000000000004;0.0;0.0;0.0;0.0;0.0;0.0;-1.0;0.0;0.0;0.0;0.0;0.0;0.0;0.0;0.0;0.0;0.0;0.0;0.0;0.0;0.0,1778833920,687733779
1970,1778833920,749565878,gps,-2.34,2.053,0.11,0.0,0.0,0.0,0.028224000000000003;0.0;0.0;0.0;0.0;0.0;0.0;0.028224000000000003;0.0;0.0;0.0;0.0;0.0;0.0;0.028224000000000003;0.0;0.0;0.0;0.0;0.0;0.0;-1.0;0.0;0.0;0.0;0.0;0.0;0.0;0.0;0.0;0.0;0.0;0.0;0.0;0.0;0.0,1778833920,815696420
1971,1778833920,874565813,gps,-2.3040000000000003,2.115,0.109,0.0,0.0,0.0,0.027889000000000004;0.0;0.0;0.0;0.0;0.0;0.0;0.027889000000000004;0.0;0.0;0.0;0.0;0.0;0.0;0.027889000000000004;0.0;0.0;0.0;0.0;0.0;0.0;-1.0;0.0;0.0;0.0;0.0;0.0;0.0;0.0;0.0;0.0;0.0;0.0;0.0;0.0;0.0,1778833920,940742275
1972,1778833920,999565750,gps,-2.456,2.154,0.101,0.0,0.0,0.0,0.028224000000000003;0.0;0.0;0.0;0.0;0.0;0.0;0.028224000000000003;0.0;0.0;0.0;0.0;0.0;0.0;0.028224000000000003;0.0;0.0;0.0;0.0;0.0;0.0;-1.0;0.0;0.0;0.0;0.0;0.0;0.0;0.0;0.0;0.0;0.0;0.0;0.0;0.0;0.0,1778833921,70664911
1973,1778833921,124565684,gps,-2.487,2.126,0.099,0.0,0.0,0.0,0.028224000000000003;0.0;0.0;0.0;0.0;0.0;0.0;0.028224000000000003;0.0;0.0;0.0;0.0;0.0;0.0;0.028224000000000003;0.0;0.0;0.0;0.0;0.0;0.0;-1.0;0.0;0.0;0.0;0.0;0.0;0.0;0.0;0.0;0.0;0.0;0.0;0.0;0.0;0.0,1778833921,192487480
1974,1778833921,249565619,gps,-2.441,2.2720000000000002,0.112,0.0,0.0,0.0,0.028561000000000003;0.0;0.0;0.0;0.0;0.0;0.0;0.028561000000000003;0.0;0.0;0.0;0.0;0.0;0.0;0.028561000000000003;0.0;0.0;0.0;0.0;0.0;0.0;-1.0;0.0;0.0;0.0;0.0;0.0;0.0;0.0;0.0;0.0;0.0;0.0;0.0;0.0;0.0,1778833921,317224152
1975,1778833921,374565555,gps,-2.441,2.455,0.109,0.0,0.0,0.0,0.028561000000000003;0.0;0.0;0.0;0.0;0.0;0.0;0.028561000000000003;0.0;0.0;0.0;0.0;0.0;0.0;0.028561000000000003;0.0;0.0;0.0;0.0;0.0;0.0;-1.0;0.0;0.0;0.0;0.0;0.0;0.0;0.0;0.0;0.0;0.0;0.0;0.0;0.0;0.0,1778833921,440582377
1976,1778833921,499565490,gps,-2.503,2.484,0.112,0.0,0.0,0.0,0.028224000000000003;0.0;0.0;0.0;0.0;0.0;0.0;0.028224000000000003;0.0;0.0;0.0;0.0;0.0;0.0;0.028224000000000003;0.0;0.0;0.0;0.0;0.0;0.0;-1.0;0.0;0.0;0.0;0.0;0.0;0.0;0.0;0.0;0.0;0.0;0.0;0.0;0.0;0.0,1778833921,562304885
1977,1778833921,624565426,gps,-2.585,2.477,0.121,0.0,0.0,0.0,0.028224000000000003;0.0;0.0;0.0;0.0;0.0;0.0;0.028224000000000003;0.0;0.0;0.0;0.0;0.0;0.0;0.028224000000000003;0.0;0.0;0.0;0.0;0.0;0.0;-1.0;0.0;0.0;0.0;0.0;0.0;0.0;0.0;0.0;0.0;0.0;0.0;0.0;0.0;0.0,1778833921,693372788
1978,1778833921,749565361,gps,-2.565,2.579,0.112,0.0,0.0,0.0,0.028561000000000003;0.0;0.0;0.0;0.0;0.0;0.0;0.028561000000000003;0.0;0.0;0.0;0.0;0.0;0.0;0.028561000000000003;0.0;0.0;0.0;0.0;0.0;0.0;-1.0;0.0;0.0;0.0;0.0;0.0;0.0;0.0;0.0;0.0;0.0;0.0;0.0;0.0;0.0,1778833921,817823220
1979,1778833921,874565297,gps,-2.498,2.5460000000000003,0.114,0.0,0.0,0.0,0.028224000000000003;0.0;0.0;0.0;0.0;0.0;0.0;0.028224000000000003;0.0;0.0;0.0;0.0;0.0;0.0;0.028224000000000003;0.0;0.0;0.0;0.0;0.0;0.0;-1.0;0.0;0.0;0.0;0.0;0.0;0.0;0.0;0.0;0.0;0.0;0.0;0.0;0.0;0.0,1778833921,942108298
1980,1778833921,999565233,gps,-2.496,2.56,0.101,0.0,0.0,0.0,0.028561000000000003;0.0;0.0;0.0;0.0;0.0;0.0;0.028561000000000003;0.0;0.0;0.0;0.0;0.0;0.0;0.028561000000000003;0.0;0.0;0.0;0.0;0.0;0.0;-1.0;0.0;0.0;0.0;0.0;0.0;0.0;0.0;0.0;0.0;0.0;0.0;0.0;0.0;0.0,1778833922,72310783
1981,1778833922,124565168,gps,-2.471,2.5,0.092,0.0,0.0,0.0,0.028224000000000003;0.0;0.0;0.0;0.0;0.0;0.0;0.028224000000000003;0.0;0.0;0.0;0.0;0.0;0.0;0.028224000000000003;0.0;0.0;0.0;0.0;0.0;0.0;-1.0;0.0;0.0;0.0;0.0;0.0;0.0;0.0;0.0;0.0;0.0;0.0;0.0;0.0;0.0,1778833922,192405367
1982,1778833922,249565103,gps,-2.327,2.411,0.096,0.0,0.0,0.0,0.028224000000000003;0.0;0.0;0.0;0.0;0.0;0.0;0.028224000000000003;0.0;0.0;0.0;0.0;0.0;0.0;0.028224000000000003;0.0;0.0;0.0;0.0;0.0;0.0;-1.0;0.0;0.0;0.0;0.0;0.0;0.0;0.0;0.0;0.0;0.0;0.0;0.0;0.0;0.0,1778833922,318713154
1983,1778833922,374565039,gps,-2.233,2.34,0.083,0.0,0.0,0.0,0.028224000000000003;0.0;0.0;0.0;0.0;0.0;0.0;0.028224000000000003;0.0;0.0;0.0;0.0;0.0;0.0;0.028224000000000003;0.0;0.0;0.0;0.0;0.0;0.0;-1.0;0.0;0.0;0.0;0.0;0.0;0.0;0.0;0.0;0.0;0.0;0.0;0.0;0.0;0.0,1778833922,439858400
1984,1778833922,499564974,gps,-2.062,2.208,0.095,0.0,0.0,0.0,0.028224000000000003;0.0;0.0;0.0;0.0;0.0;0.0;0.028224000000000003;0.0;0.0;0.0;0.0;0.0;0.0;0.028224000000000003;0.0;0.0;0.0;0.0;0.0;0.0;-1.0;0.0;0.0;0.0;0.0;0.0;0.0;0.0;0.0;0.0;0.0;0.0;0.0;0.0;0.0,1778833922,568582002
1985,1778833922,624564909,gps,-1.986,2.136,0.10300000000000001,0.0,0.0,0.0,0.028900000000000006;0.0;0.0;0.0;0.0;0.0;0.0;0.028900000000000006;0.0;0.0;0.0;0.0;0.0;0.0;0.028900000000000006;0.0;0.0;0.0;0.0;0.0;0.0;-1.0;0.0;0.0;0.0;0.0;0.0;0.0;0.0;0.0;0.0;0.0;0.0;0.0;0.0;0.0,1778833922,693522581
1986,1778833922,749564845,gps,-1.993,2.0340000000000003,0.095,0.0,0.0,0.0,0.028561000000000003;0.0;0.0;0.0;0.0;0.0;0.0;0.028561000000000003;0.0;0.0;0.0;0.0;0.0;0.0;0.028561000000000003;0.0;0.0;0.0;0.0;0.0;0.0;-1.0;0.0;0.0;0.0;0.0;0.0;0.0;0.0;0.0;0.0;0.0;0.0;0.0;0.0;0.0,1778833922,818436970
1987,1778833922,874564780,gps,-1.938,1.903,0.074,0.0,0.0,0.0,0.028561000000000003;0.0;0.0;0.0;0.0;0.0;0.0;0.028561000000000003;0.0;0.0;0.0;0.0;0.0;0.0;0.028561000000000003;0.0;0.0;0.0;0.0;0.0;0.0;-1.0;0.0;0.0;0.0;0.0;0.0;0.0;0.0;0.0;0.0;0.0;0.0;0.0;0.0;0.0,1778833922,942012990
1988,1778833922,999564717,gps,-1.8960000000000001,1.79,0.08700000000000001,0.0,0.0,0.0,0.028561000000000003;0.0;0.0;0.0;0.0;0.0;0.0;0.028561000000000003;0.0;0.0;0.0;0.0;0.0;0.0;0.028561000000000003;0.0;0.0;0.0;0.0;0.0;0.0;-1.0;0.0;0.0;0.0;0.0;0.0;0.0;0.0;0.0;0.0;0.0;0.0;0.0;0.0;0.0,1778833923,72464935
1989,1778833923,124564651,gps,-1.866,1.85,0.09,0.0,0.0,0.0,0.028561000000000003;0.0;0.0;0.0;0.0;0.0;0.0;0.028561000000000003;0.0;0.0;0.0;0.0;0.0;0.0;0.028561000000000003;0.0;0.0;0.0;0.0;0.0;0.0;-1.0;0.0;0.0;0.0;0.0;0.0;0.0;0.0;0.0;0.0;0.0;0.0;0.0;0.0;0.0,1778833923,193220770
1990,1778833923,249564587,gps,-1.9040000000000001,1.836,0.094,0.0,0.0,0.0,0.028561000000000003;0.0;0.0;0.0;0.0;0.0;0.0;0.028561000000000003;0.0;0.0;0.0;0.0;0.0;0.0;0.028561000000000003;0.0;0.0;0.0;0.0;0.0;0.0;-1.0;0.0;0.0;0.0;0.0;0.0;0.0;0.0;0.0;0.0;0.0;0.0;0.0;0.0;0.0,1778833923,318434303
1991,1778833923,374564522,gps,-1.965,1.846,0.099,0.0,0.0,0.0,0.028224000000000003;0.0;0.0;0.0;0.0;0.0;0.0;0.028224000000000003;0.0;0.0;0.0;0.0;0.0;0.0;0.028224000000000003;0.0;0.0;0.0;0.0;0.0;0.0;-1.0;0.0;0.0;0.0;0.0;0.0;0.0;0.0;0.0;0.0;0.0;0.0;0.0;0.0;0.0,1778833923,442290562
1992,1778833923,499564457,gps,-2.011,1.957,0.08,0.0,0.0,0.0,0.028561000000000003;0.0;0.0;0.0;0.0;0.0;0.0;0.028561000000000003;0.0;0.0;0.0;0.0;0.0;0.0;0.028561000000000003;0.0;0.0;0.0;0.0;0.0;0.0;-1.0;0.0;0.0;0.0;0.0;0.0;0.0;0.0;0.0;0.0;0.0;0.0;0.0;0.0;0.0,1778833923,567533602
1993,1778833923,624564393,gps,-2.024,2.019,0.073,0.0,0.0,0.0,0.028561000000000003;0.0;0.0;0.0;0.0;0.0;0.0;0.028561000000000003;0.0;0.0;0.0;0.0;0.0;0.0;0.028561000000000003;0.0;0.0;0.0;0.0;0.0;0.0;-1.0;0.0;0.0;0.0;0.0;0.0;0.0;0.0;0.0;0.0;0.0;0.0;0.0;0.0;0.0,1778833923,693258210
1994,1778833923,749564328,gps,-2.104,2.06,0.093,0.0,0.0,0.0,0.028224000000000003;0.0;0.0;0.0;0.0;0.0;0.0;0.028224000000000003;0.0;0.0;0.0;0.0;0.0;0.0;0.028224000000000003;0.0;0.0;0.0;0.0;0.0;0.0;-1.0;0.0;0.0;0.0;0.0;0.0;0.0;0.0;0.0;0.0;0.0;0.0;0.0;0.0;0.0,1778833923,816658555
1995,1778833923,874564264,gps,-2.121,2.1390000000000002,0.089,0.0,0.0,0.0,0.028561000000000003;0.0;0.0;0.0;0.0;0.0;0.0;0.028561000000000003;0.0;0.0;0.0;0.0;0.0;0.0;0.028561000000000003;0.0;0.0;0.0;0.0;0.0;0.0;-1.0;0.0;0.0;0.0;0.0;0.0;0.0;0.0;0.0;0.0;0.0;0.0;0.0;0.0;0.0,1778833923,941574189
1996,1778833923,999564200,gps,-2.1670000000000003,2.114,0.082,0.0,0.0,0.0,0.028561000000000003;0.0;0.0;0.0;0.0;0.0;0.0;0.028561000000000003;0.0;0.0;0.0;0.0;0.0;0.0;0.028561000000000003;0.0;0.0;0.0;0.0;0.0;0.0;-1.0;0.0;0.0;0.0;0.0;0.0;0.0;0.0;0.0;0.0;0.0;0.0;0.0;0.0;0.0,1778833924,72578859
1997,1778833924,124564135,gps,-2.2640000000000002,2.247,0.077,0.0,0.0,0.0,0.028561000000000003;0.0;0.0;0.0;0.0;0.0;0.0;0.028561000000000003;0.0;0.0;0.0;0.0;0.0;0.0;0.028561000000000003;0.0;0.0;0.0;0.0;0.0;0.0;-1.0;0.0;0.0;0.0;0.0;0.0;0.0;0.0;0.0;0.0;0.0;0.0;0.0;0.0;0.0,1778833924,193190992
1998,1778833924,249564070,gps,-2.2920000000000003,2.277,0.1,0.0,0.0,0.0,0.027889000000000004;0.0;0.0;0.0;0.0;0.0;0.0;0.027889000000000004;0.0;0.0;0.0;0.0;0.0;0.0;0.027889000000000004;0.0;0.0;0.0;0.0;0.0;0.0;-1.0;0.0;0.0;0.0;0.0;0.0;0.0;0.0;0.0;0.0;0.0;0.0;0.0;0.0;0.0,1778833924,316424368
1999,1778833924,374564005,gps,-2.286,2.285,0.081,0.0,0.0,0.0,0.028561000000000003;0.0;0.0;0.0;0.0;0.0;0.0;0.028561000000000003;0.0;0.0;0.0;0.0;0.0;0.0;0.028561000000000003;0.0;0.0;0.0;0.0;0.0;0.0;-1.0;0.0;0.0;0.0;0.0;0.0;0.0;0.0;0.0;0.0;0.0;0.0;0.0;0.0;0.0,1778833924,441739494
2000,1778833924,499563941,gps,-2.281,2.311,0.084,0.0,0.0,0.0,0.028561000000000003;0.0;0.0;0.0;0.0;0.0;0.0;0.028561000000000003;0.0;0.0;0.0;0.0;0.0;0.0;0.028561000000000003;0.0;0.0;0.0;0.0;0.0;0.0;-1.0;0.0;0.0;0.0;0.0;0.0;0.0;0.0;0.0;0.0;0.0;0.0;0.0;0.0;0.0,1778833924,566868767
2001,1778833924,624563876,gps,-2.283,2.379,0.08700000000000001,0.0,0.0,0.0,0.029241000000000003;0.0;0.0;0.0;0.0;0.0;0.0;0.029241000000000003;0.0;0.0;0.0;0.0;0.0;0.0;0.029241000000000003;0.0;0.0;0.0;0.0;0.0;0.0;-1.0;0.0;0.0;0.0;0.0;0.0;0.0;0.0;0.0;0.0;0.0;0.0;0.0;0.0;0.0,1778833924,692430465
2002,1778833924,749563812,gps,-2.369,2.33,0.098,0.0,0.0,0.0,0.028900000000000006;0.0;0.0;0.0;0.0;0.0;0.0;0.028900000000000006;0.0;0.0;0.0;0.0;0.0;0.0;0.028900000000000006;0.0;0.0;0.0;0.0;0.0;0.0;-1.0;0.0;0.0;0.0;0.0;0.0;0.0;0.0;0.0;0.0;0.0;0.0;0.0;0.0;0.0,1778833924,817623527
2003,1778833924,874563747,gps,-2.422,2.352,0.095,0.0,0.0,0.0,0.028900000000000006;0.0;0.0;0.0;0.0;0.0;0.0;0.028900000000000006;0.0;0.0;0.0;0.0;0.0;0.0;0.028900000000000006;0.0;0.0;0.0;0.0;0.0;0.0;-1.0;0.0;0.0;0.0;0.0;0.0;0.0;0.0;0.0;0.0;0.0;0.0;0.0;0.0;0.0,1778833924,942716935
2004,1778833924,999563683,gps,-2.355,2.301,0.11900000000000001,0.0,0.0,0.0,0.029584000000000006;0.0;0.0;0.0;0.0;0.0;0.0;0.029584000000000006;0.0;0.0;0.0;0.0;0.0;0.0;0.029584000000000006;0.0;0.0;0.0;0.0;0.0;0.0;-1.0;0.0;0.0;0.0;0.0;0.0;0.0;0.0;0.0;0.0;0.0;0.0;0.0;0.0;0.0,1778833925,71690298
2005,1778833925,124563618,gps,-2.355,2.335,0.099,0.0,0.0,0.0,0.029584000000000006;0.0;0.0;0.0;0.0;0.0;0.0;0.029584000000000006;0.0;0.0;0.0;0.0;0.0;0.0;0.029584000000000006;0.0;0.0;0.0;0.0;0.0;0.0;-1.0;0.0;0.0;0.0;0.0;0.0;0.0;0.0;0.0;0.0;0.0;0.0;0.0;0.0;0.0,1778833925,187415732
2006,1778833925,249563553,gps,-2.343,2.321,0.10200000000000001,0.0,0.0,0.0,0.029241000000000003;0.0;0.0;0.0;0.0;0.0;0.0;0.029241000000000003;0.0;0.0;0.0;0.0;0.0;0.0;0.029241000000000003;0.0;0.0;0.0;0.0;0.0;0.0;-1.0;0.0;0.0;0.0;0.0;0.0;0.0;0.0;0.0;0.0;0.0;0.0;0.0;0.0;0.0,1778833925,316631731
2007,1778833925,374563489,gps,-2.46,2.383,0.106,0.0,0.0,0.0,0.028900000000000006;0.0;0.0;0.0;0.0;0.0;0.0;0.028900000000000006;0.0;0.0;0.0;0.0;0.0;0.0;0.028900000000000006;0.0;0.0;0.0;0.0;0.0;0.0;-1.0;0.0;0.0;0.0;0.0;0.0;0.0;0.0;0.0;0.0;0.0;0.0;0.0;0.0;0.0,1778833925,440709642
2008,1778833925,499563424,gps,-2.449,2.46,0.111,0.0,0.0,0.0,0.030276000000000004;0.0;0.0;0.0;0.0;0.0;0.0;0.030276000000000004;0.0;0.0;0.0;0.0;0.0;0.0;0.030276000000000004;0.0;0.0;0.0;0.0;0.0;0.0;-1.0;0.0;0.0;0.0;0.0;0.0;0.0;0.0;0.0;0.0;0.0;0.0;0.0;0.0;0.0,1778833925,566441886
2009,1778833925,624563360,gps,-2.442,2.45,0.10200000000000001,0.0,0.0,0.0,0.030276000000000004;0.0;0.0;0.0;0.0;0.0;0.0;0.030276000000000004;0.0;0.0;0.0;0.0;0.0;0.0;0.030276000000000004;0.0;0.0;0.0;0.0;0.0;0.0;-1.0;0.0;0.0;0.0;0.0;0.0;0.0;0.0;0.0;0.0;0.0;0.0;0.0;0.0;0.0,1778833925,692214292
2010,1778833925,749563295,gps,-2.49,2.556,0.11,0.0,0.0,0.0,0.028561000000000003;0.0;0.0;0.0;0.0;0.0;0.0;0.028561000000000003;0.0;0.0;0.0;0.0;0.0;0.0;0.028561000000000003;0.0;0.0;0.0;0.0;0.0;0.0;-1.0;0.0;0.0;0.0;0.0;0.0;0.0;0.0;0.0;0.0;0.0;0.0;0.0;0.0;0.0,1778833925,815692524
2011,1778833925,874563230,gps,-2.602,2.511,0.092,0.0,0.0,0.0,0.028561000000000003;0.0;0.0;0.0;0.0;0.0;0.0;0.028561000000000003;0.0;0.0;0.0;0.0;0.0;0.0;0.028561000000000003;0.0;0.0;0.0;0.0;0.0;0.0;-1.0;0.0;0.0;0.0;0.0;0.0;0.0;0.0;0.0;0.0;0.0;0.0;0.0;0.0;0.0,1778833925,939811644
2012,1778833925,999563167,gps,-2.505,2.593,0.116,0.0,0.0,0.0,0.029241000000000003;0.0;0.0;0.0;0.0;0.0;0.0;0.029241000000000003;0.0;0.0;0.0;0.0;0.0;0.0;0.029241000000000003;0.0;0.0;0.0;0.0;0.0;0.0;-1.0;0.0;0.0;0.0;0.0;0.0;0.0;0.0;0.0;0.0;0.0;0.0;0.0;0.0;0.0,1778833926,65733251
2013,1778833926,124563101,gps,-2.549,2.5500000000000003,0.11,0.0,0.0,0.0,0.029241000000000003;0.0;0.0;0.0;0.0;0.0;0.0;0.029241000000000003;0.0;0.0;0.0;0.0;0.0;0.0;0.029241000000000003;0.0;0.0;0.0;0.0;0.0;0.0;-1.0;0.0;0.0;0.0;0.0;0.0;0.0;0.0;0.0;0.0;0.0;0.0;0.0;0.0;0.0,1778833926,190286992
2014,1778833926,249563037,gps,-2.582,2.714,0.105,0.0,0.0,0.0,0.029241000000000003;0.0;0.0;0.0;0.0;0.0;0.0;0.029241000000000003;0.0;0.0;0.0;0.0;0.0;0.0;0.029241000000000003;0.0;0.0;0.0;0.0;0.0;0.0;-1.0;0.0;0.0;0.0;0.0;0.0;0.0;0.0;0.0;0.0;0.0;0.0;0.0;0.0;0.0,1778833926,316468459
2015,1778833926,374562972,gps,-2.596,2.613,0.133,0.0,0.0,0.0,0.029241000000000003;0.0;0.0;0.0;0.0;0.0;0.0;0.029241000000000003;0.0;0.0;0.0;0.0;0.0;0.0;0.029241000000000003;0.0;0.0;0.0;0.0;0.0;0.0;-1.0;0.0;0.0;0.0;0.0;0.0;0.0;0.0;0.0;0.0;0.0;0.0;0.0;0.0;0.0,1778833926,440596411
2016,1778833926,499562907,gps,-2.618,2.564,0.124,0.0,0.0,0.0,0.029241000000000003;0.0;0.0;0.0;0.0;0.0;0.0;0.029241000000000003;0.0;0.0;0.0;0.0;0.0;0.0;0.029241000000000003;0.0;0.0;0.0;0.0;0.0;0.0;-1.0;0.0;0.0;0.0;0.0;0.0;0.0;0.0;0.0;0.0;0.0;0.0;0.0;0.0;0.0,1778833926,565661539
2017,1778833926,624562843,gps,-2.564,2.621,0.105,0.0,0.0,0.0,0.029584000000000006;0.0;0.0;0.0;0.0;0.0;0.0;0.029584000000000006;0.0;0.0;0.0;0.0;0.0;0.0;0.029584000000000006;0.0;0.0;0.0;0.0;0.0;0.0;-1.0;0.0;0.0;0.0;0.0;0.0;0.0;0.0;0.0;0.0;0.0;0.0;0.0;0.0;0.0,1778833926,690427571
2018,1778833926,749562778,gps,-2.472,2.5060000000000002,0.113,0.0,0.0,0.0,0.029241000000000003;0.0;0.0;0.0;0.0;0.0;0.0;0.029241000000000003;0.0;0.0;0.0;0.0;0.0;0.0;0.029241000000000003;0.0;0.0;0.0;0.0;0.0;0.0;-1.0;0.0;0.0;0.0;0.0;0.0;0.0;0.0;0.0;0.0;0.0;0.0;0.0;0.0;0.0,1778833926,815096949
2019,1778833926,874562714,gps,-2.47,2.391,0.091,0.0,0.0,0.0,0.029929000000000004;0.0;0.0;0.0;0.0;0.0;0.0;0.029929000000000004;0.0;0.0;0.0;0.0;0.0;0.0;0.029929000000000004;0.0;0.0;0.0;0.0;0.0;0.0;-1.0;0.0;0.0;0.0;0.0;0.0;0.0;0.0;0.0;0.0;0.0;0.0;0.0;0.0;0.0,1778833926,938152348
2020,1778833926,999562650,gps,-2.227,2.316,0.10400000000000001,0.0,0.0,0.0,0.030276000000000004;0.0;0.0;0.0;0.0;0.0;0.0;0.030276000000000004;0.0;0.0;0.0;0.0;0.0;0.0;0.030276000000000004;0.0;0.0;0.0;0.0;0.0;0.0;-1.0;0.0;0.0;0.0;0.0;0.0;0.0;0.0;0.0;0.0;0.0;0.0;0.0;0.0;0.0,1778833927,70764165
2021,1778833927,124562585,gps,-2.154,2.209,0.099,0.0,0.0,0.0,0.030276000000000004;0.0;0.0;0.0;0.0;0.0;0.0;0.030276000000000004;0.0;0.0;0.0;0.0;0.0;0.0;0.030276000000000004;0.0;0.0;0.0;0.0;0.0;0.0;-1.0;0.0;0.0;0.0;0.0;0.0;0.0;0.0;0.0;0.0;0.0;0.0;0.0;0.0;0.0,1778833927,192492685
2022,1778833927,249562520,gps,-2.136,2.096,0.098,0.0,0.0,0.0,0.030276000000000004;0.0;0.0;0.0;0.0;0.0;0.0;0.030276000000000004;0.0;0.0;0.0;0.0;0.0;0.0;0.030276000000000004;0.0;0.0;0.0;0.0;0.0;0.0;-1.0;0.0;0.0;0.0;0.0;0.0;0.0;0.0;0.0;0.0;0.0;0.0;0.0;0.0;0.0,1778833927,316747906
2023,1778833927,374562455,gps,-2.095,2.0,0.091,0.0,0.0,0.0,0.030276000000000004;0.0;0.0;0.0;0.0;0.0;0.0;0.030276000000000004;0.0;0.0;0.0;0.0;0.0;0.0;0.030276000000000004;0.0;0.0;0.0;0.0;0.0;0.0;-1.0;0.0;0.0;0.0;0.0;0.0;0.0;0.0;0.0;0.0;0.0;0.0;0.0;0.0;0.0,1778833927,440240629
2024,1778833927,499562391,gps,-2.1,2.0180000000000002,0.107,0.0,0.0,0.0,0.030276000000000004;0.0;0.0;0.0;0.0;0.0;0.0;0.030276000000000004;0.0;0.0;0.0;0.0;0.0;0.0;0.030276000000000004;0.0;0.0;0.0;0.0;0.0;0.0;-1.0;0.0;0.0;0.0;0.0;0.0;0.0;0.0;0.0;0.0;0.0;0.0;0.0;0.0;0.0,1778833927,564691827
2025,1778833927,624562326,gps,-2.132,2.047,0.08600000000000001,0.0,0.0,0.0,0.030276000000000004;0.0;0.0;0.0;0.0;0.0;0.0;0.030276000000000004;0.0;0.0;0.0;0.0;0.0;0.0;0.030276000000000004;0.0;0.0;0.0;0.0;0.0;0.0;-1.0;0.0;0.0;0.0;0.0;0.0;0.0;0.0;0.0;0.0;0.0;0.0;0.0;0.0;0.0,1778833927,689345870
2026,1778833927,749562262,gps,-2.152,2.0460000000000003,0.088,0.0,0.0,0.0,0.030625000000000006;0.0;0.0;0.0;0.0;0.0;0.0;0.030625000000000006;0.0;0.0;0.0;0.0;0.0;0.0;0.030625000000000006;0.0;0.0;0.0;0.0;0.0;0.0;-1.0;0.0;0.0;0.0;0.0;0.0;0.0;0.0;0.0;0.0;0.0;0.0;0.0;0.0;0.0,1778833927,814641557
2027,1778833927,874562197,gps,-2.168,2.021,0.094,0.0,0.0,0.0,0.030276000000000004;0.0;0.0;0.0;0.0;0.0;0.0;0.030276000000000004;0.0;0.0;0.0;0.0;0.0;0.0;0.030276000000000004;0.0;0.0;0.0;0.0;0.0;0.0;-1.0;0.0;0.0;0.0;0.0;0.0;0.0;0.0;0.0;0.0;0.0;0.0;0.0;0.0;0.0,1778833927,940229701
2028,1778833927,999562133,gps,-2.246,2.1670000000000003,0.07,0.0,0.0,0.0,0.029929000000000004;0.0;0.0;0.0;0.0;0.0;0.0;0.029929000000000004;0.0;0.0;0.0;0.0;0.0;0.0;0.029929000000000004;0.0;0.0;0.0;0.0;0.0;0.0;-1.0;0.0;0.0;0.0;0.0;0.0;0.0;0.0;0.0;0.0;0.0;0.0;0.0;0.0;0.0,1778833928,70210796
2029,1778833928,124562068,gps,-2.302,2.311,0.085,0.0,0.0,0.0,0.029584000000000006;0.0;0.0;0.0;0.0;0.0;0.0;0.029584000000000006;0.0;0.0;0.0;0.0;0.0;0.0;0.029584000000000006;0.0;0.0;0.0;0.0;0.0;0.0;-1.0;0.0;0.0;0.0;0.0;0.0;0.0;0.0;0.0;0.0;0.0;0.0;0.0;0.0;0.0,1778833928,190480345
2030,1778833928,249562003,gps,-2.348,2.248,0.08700000000000001,0.0,0.0,0.0,0.029929000000000004;0.0;0.0;0.0;0.0;0.0;0.0;0.029929000000000004;0.0;0.0;0.0;0.0;0.0;0.0;0.029929000000000004;0.0;0.0;0.0;0.0;0.0;0.0;-1.0;0.0;0.0;0.0;0.0;0.0;0.0;0.0;0.0;0.0;0.0;0.0;0.0;0.0;0.0,1778833928,315764232
2031,1778833928,374561939,gps,-2.362,2.259,0.099,0.0,0.0,0.0,0.029584000000000006;0.0;0.0;0.0;0.0;0.0;0.0;0.029584000000000006;0.0;0.0;0.0;0.0;0.0;0.0;0.029584000000000006;0.0;0.0;0.0;0.0;0.0;0.0;-1.0;0.0;0.0;0.0;0.0;0.0;0.0;0.0;0.0;0.0;0.0;0.0;0.0;0.0;0.0,1778833928,440160850
2032,1778833928,499561874,gps,-2.308,2.324,0.08700000000000001,0.0,0.0,0.0,0.029584000000000006;0.0;0.0;0.0;0.0;0.0;0.0;0.029584000000000006;0.0;0.0;0.0;0.0;0.0;0.0;0.029584000000000006;0.0;0.0;0.0;0.0;0.0;0.0;-1.0;0.0;0.0;0.0;0.0;0.0;0.0;0.0;0.0;0.0;0.0;0.0;0.0;0.0;0.0,1778833928,565867365
2033,1778833928,624561809,gps,-2.402,2.376,0.095,0.0,0.0,0.0,0.029584000000000006;0.0;0.0;0.0;0.0;0.0;0.0;0.029584000000000006;0.0;0.0;0.0;0.0;0.0;0.0;0.029584000000000006;0.0;0.0;0.0;0.0;0.0;0.0;-1.0;0.0;0.0;0.0;0.0;0.0;0.0;0.0;0.0;0.0;0.0;0.0;0.0;0.0;0.0,1778833928,690366523
2034,1778833928,749561745,gps,-2.483,2.374,0.109,0.0,0.0,0.0,0.029584000000000006;0.0;0.0;0.0;0.0;0.0;0.0;0.029584000000000006;0.0;0.0;0.0;0.0;0.0;0.0;0.029584000000000006;0.0;0.0;0.0;0.0;0.0;0.0;-1.0;0.0;0.0;0.0;0.0;0.0;0.0;0.0;0.0;0.0;0.0;0.0;0.0;0.0;0.0,1778833928,812749470
2035,1778833928,874561680,gps,-2.491,2.359,0.113,0.0,0.0,0.0,0.030625000000000006;0.0;0.0;0.0;0.0;0.0;0.0;0.030625000000000006;0.0;0.0;0.0;0.0;0.0;0.0;0.030625000000000006;0.0;0.0;0.0;0.0;0.0;0.0;-1.0;0.0;0.0;0.0;0.0;0.0;0.0;0.0;0.0;0.0;0.0;0.0;0.0;0.0;0.0,1778833928,939321020
2036,1778833928,999561617,gps,-2.383,2.315,0.1,0.0,0.0,0.0,0.031328999999999996;0.0;0.0;0.0;0.0;0.0;0.0;0.031328999999999996;0.0;0.0;0.0;0.0;0.0;0.0;0.031328999999999996;0.0;0.0;0.0;0.0;0.0;0.0;-1.0;0.0;0.0;0.0;0.0;0.0;0.0;0.0;0.0;0.0;0.0;0.0;0.0;0.0;0.0,1778833929,69439362
2037,1778833929,124561551,gps,-2.515,2.236,0.107,0.0,0.0,0.0,0.030975999999999997;0.0;0.0;0.0;0.0;0.0;0.0;0.030975999999999997;0.0;0.0;0.0;0.0;0.0;0.0;0.030975999999999997;0.0;0.0;0.0;0.0;0.0;0.0;-1.0;0.0;0.0;0.0;0.0;0.0;0.0;0.0;0.0;0.0;0.0;0.0;0.0;0.0;0.0,1778833929,189692000
2038,1778833929,249561487,gps,-2.5060000000000002,2.187,0.097,0.0,0.0,0.0,0.030975999999999997;0.0;0.0;0.0;0.0;0.0;0.0;0.030975999999999997;0.0;0.0;0.0;0.0;0.0;0.0;0.030975999999999997;0.0;0.0;0.0;0.0;0.0;0.0;-1.0;0.0;0.0;0.0;0.0;0.0;0.0;0.0;0.0;0.0;0.0;0.0;0.0;0.0;0.0,1778833929,315652958
2039,1778833929,374561422,gps,-2.587,2.102,0.1,0.0,0.0,0.0,0.030975999999999997;0.0;0.0;0.0;0.0;0.0;0.0;0.030975999999999997;0.0;0.0;0.0;0.0;0.0;0.0;0.030975999999999997;0.0;0.0;0.0;0.0;0.0;0.0;-1.0;0.0;0.0;0.0;0.0;0.0;0.0;0.0;0.0;0.0;0.0;0.0;0.0;0.0;0.0,1778833929,440145845
2040,1778833929,499561357,gps,-2.6390000000000002,2.154,0.101,0.0,0.0,0.0,0.030975999999999997;0.0;0.0;0.0;0.0;0.0;0.0;0.030975999999999997;0.0;0.0;0.0;0.0;0.0;0.0;0.030975999999999997;0.0;0.0;0.0;0.0;0.0;0.0;-1.0;0.0;0.0;0.0;0.0;0.0;0.0;0.0;0.0;0.0;0.0;0.0;0.0;0.0;0.0,1778833929,565327197
2041,1778833929,624561293,gps,-2.715,2.189,0.09,0.0,0.0,0.0,0.031328999999999996;0.0;0.0;0.0;0.0;0.0;0.0;0.031328999999999996;0.0;0.0;0.0;0.0;0.0;0.0;0.031328999999999996;0.0;0.0;0.0;0.0;0.0;0.0;-1.0;0.0;0.0;0.0;0.0;0.0;0.0;0.0;0.0;0.0;0.0;0.0;0.0;0.0;0.0,1778833929,687242465
2042,1778833929,749561228,gps,-2.6470000000000002,2.212,0.10400000000000001,0.0,0.0,0.0,0.031328999999999996;0.0;0.0;0.0;0.0;0.0;0.0;0.031328999999999996;0.0;0.0;0.0;0.0;0.0;0.0;0.031328999999999996;0.0;0.0;0.0;0.0;0.0;0.0;-1.0;0.0;0.0;0.0;0.0;0.0;0.0;0.0;0.0;0.0;0.0;0.0;0.0;0.0;0.0,1778833929,813947773
2043,1778833929,874561164,gps,-2.6510000000000002,2.2880000000000003,0.09,0.0,0.0,0.0,0.031684;0.0;0.0;0.0;0.0;0.0;0.0;0.031684;0.0;0.0;0.0;0.0;0.0;0.0;0.031684;0.0;0.0;0.0;0.0;0.0;0.0;-1.0;0.0;0.0;0.0;0.0;0.0;0.0;0.0;0.0;0.0;0.0;0.0;0.0;0.0;0.0,1778833929,939370981
2044,1778833929,999561100,gps,-2.646,2.307,0.10400000000000001,0.0,0.0,0.0,0.031328999999999996;0.0;0.0;0.0;0.0;0.0;0.0;0.031328999999999996;0.0;0.0;0.0;0.0;0.0;0.0;0.031328999999999996;0.0;0.0;0.0;0.0;0.0;0.0;-1.0;0.0;0.0;0.0;0.0;0.0;0.0;0.0;0.0;0.0;0.0;0.0;0.0;0.0;0.0,1778833930,69789814
2045,1778833930,124561034,gps,-2.71,2.371,0.097,0.0,0.0,0.0,0.030975999999999997;0.0;0.0;0.0;0.0;0.0;0.0;0.030975999999999997;0.0;0.0;0.0;0.0;0.0;0.0;0.030975999999999997;0.0;0.0;0.0;0.0;0.0;0.0;-1.0;0.0;0.0;0.0;0.0;0.0;0.0;0.0;0.0;0.0;0.0;0.0;0.0;0.0;0.0,1778833930,191473183
2046,1778833930,249560970,gps,-2.693,2.402,0.106,0.0,0.0,0.0,0.031684;0.0;0.0;0.0;0.0;0.0;0.0;0.031684;0.0;0.0;0.0;0.0;0.0;0.0;0.031684;0.0;0.0;0.0;0.0;0.0;0.0;-1.0;0.0;0.0;0.0;0.0;0.0;0.0;0.0;0.0;0.0;0.0;0.0;0.0;0.0;0.0,1778833930,315411651
2047,1778833930,374560905,gps,-2.718,2.494,0.099,0.0,0.0,0.0,0.030975999999999997;0.0;0.0;0.0;0.0;0.0;0.0;0.030975999999999997;0.0;0.0;0.0;0.0;0.0;0.0;0.030975999999999997;0.0;0.0;0.0;0.0;0.0;0.0;-1.0;0.0;0.0;0.0;0.0;0.0;0.0;0.0;0.0;0.0;0.0;0.0;0.0;0.0;0.0,1778833930,439456262
2048,1778833930,499560841,gps,-2.807,2.563,0.108,0.0,0.0,0.0,0.030975999999999997;0.0;0.0;0.0;0.0;0.0;0.0;0.030975999999999997;0.0;0.0;0.0;0.0;0.0;0.0;0.030975999999999997;0.0;0.0;0.0;0.0;0.0;0.0;-1.0;0.0;0.0;0.0;0.0;0.0;0.0;0.0;0.0;0.0;0.0;0.0;0.0;0.0;0.0,1778833930,560670815
2049,1778833930,624560776,gps,-2.704,2.692,0.08700000000000001,0.0,0.0,0.0,0.031684;0.0;0.0;0.0;0.0;0.0;0.0;0.031684;0.0;0.0;0.0;0.0;0.0;0.0;0.031684;0.0;0.0;0.0;0.0;0.0;0.0;-1.0;0.0;0.0;0.0;0.0;0.0;0.0;0.0;0.0;0.0;0.0;0.0;0.0;0.0;0.0,1778833930,690097819
2050,1778833930,749560711,gps,-2.7960000000000003,2.738,0.10300000000000001,0.0,0.0,0.0,0.033489;0.0;0.0;0.0;0.0;0.0;0.0;0.033489;0.0;0.0;0.0;0.0;0.0;0.0;0.033489;0.0;0.0;0.0;0.0;0.0;0.0;-1.0;0.0;0.0;0.0;0.0;0.0;0.0;0.0;0.0;0.0;0.0;0.0;0.0;0.0;0.0,1778833930,814331030
2051,1778833930,874560647,gps,-2.844,2.81,0.099,0.0,0.0,0.0,0.033856;0.0;0.0;0.0;0.0;0.0;0.0;0.033856;0.0;0.0;0.0;0.0;0.0;0.0;0.033856;0.0;0.0;0.0;0.0;0.0;0.0;-1.0;0.0;0.0;0.0;0.0;0.0;0.0;0.0;0.0;0.0;0.0;0.0;0.0;0.0;0.0,1778833930,939281313
2052,1778833930,999560583,gps,-2.8080000000000003,2.83,0.107,0.0,0.0,0.0,0.033856;0.0;0.0;0.0;0.0;0.0;0.0;0.033856;0.0;0.0;0.0;0.0;0.0;0.0;0.033856;0.0;0.0;0.0;0.0;0.0;0.0;-1.0;0.0;0.0;0.0;0.0;0.0;0.0;0.0;0.0;0.0;0.0;0.0;0.0;0.0;0.0,1778833931,70057919
2053,1778833931,124560518,gps,-2.9170000000000003,2.923,0.099,0.0,0.0,0.0,0.033856;0.0;0.0;0.0;0.0;0.0;0.0;0.033856;0.0;0.0;0.0;0.0;0.0;0.0;0.033856;0.0;0.0;0.0;0.0;0.0;0.0;-1.0;0.0;0.0;0.0;0.0;0.0;0.0;0.0;0.0;0.0;0.0;0.0;0.0;0.0;0.0,1778833931,189810281
2054,1778833931,249560453,gps,-2.82,2.955,0.099,0.0,0.0,0.0,0.034225;0.0;0.0;0.0;0.0;0.0;0.0;0.034225;0.0;0.0;0.0;0.0;0.0;0.0;0.034225;0.0;0.0;0.0;0.0;0.0;0.0;-1.0;0.0;0.0;0.0;0.0;0.0;0.0;0.0;0.0;0.0;0.0;0.0;0.0;0.0;0.0,1778833931,315706421
2055,1778833931,374560388,gps,-2.895,2.935,0.10200000000000001,0.0,0.0,0.0,0.033856;0.0;0.0;0.0;0.0;0.0;0.0;0.033856;0.0;0.0;0.0;0.0;0.0;0.0;0.033856;0.0;0.0;0.0;0.0;0.0;0.0;-1.0;0.0;0.0;0.0;0.0;0.0;0.0;0.0;0.0;0.0;0.0;0.0;0.0;0.0;0.0,1778833931,438305324
2056,1778833931,499560324,gps,-2.876,2.8890000000000002,0.106,0.0,0.0,0.0,0.033856;0.0;0.0;0.0;0.0;0.0;0.0;0.033856;0.0;0.0;0.0;0.0;0.0;0.0;0.033856;0.0;0.0;0.0;0.0;0.0;0.0;-1.0;0.0;0.0;0.0;0.0;0.0;0.0;0.0;0.0;0.0;0.0;0.0;0.0;0.0;0.0,1778833931,565625645
2057,1778833931,624560259,gps,-2.754,2.932,0.106,0.0,0.0,0.0,0.031684;0.0;0.0;0.0;0.0;0.0;0.0;0.031684;0.0;0.0;0.0;0.0;0.0;0.0;0.031684;0.0;0.0;0.0;0.0;0.0;0.0;-1.0;0.0;0.0;0.0;0.0;0.0;0.0;0.0;0.0;0.0;0.0;0.0;0.0;0.0;0.0,1778833931,692915131
2058,1778833931,749560195,gps,-2.614,2.763,0.107,0.0,0.0,0.0,0.031328999999999996;0.0;0.0;0.0;0.0;0.0;0.0;0.031328999999999996;0.0;0.0;0.0;0.0;0.0;0.0;0.031328999999999996;0.0;0.0;0.0;0.0;0.0;0.0;-1.0;0.0;0.0;0.0;0.0;0.0;0.0;0.0;0.0;0.0;0.0;0.0;0.0;0.0;0.0,1778833931,816517951
2059,1778833931,874560130,gps,-2.513,2.509,0.098,0.0,0.0,0.0,0.031328999999999996;0.0;0.0;0.0;0.0;0.0;0.0;0.031328999999999996;0.0;0.0;0.0;0.0;0.0;0.0;0.031328999999999996;0.0;0.0;0.0;0.0;0.0;0.0;-1.0;0.0;0.0;0.0;0.0;0.0;0.0;0.0;0.0;0.0;0.0;0.0;0.0;0.0;0.0,1778833931,940642210
2060,1778833931,999560067,gps,-2.433,2.187,0.116,0.0,0.0,0.0,0.031328999999999996;0.0;0.0;0.0;0.0;0.0;0.0;0.031328999999999996;0.0;0.0;0.0;0.0;0.0;0.0;0.031328999999999996;0.0;0.0;0.0;0.0;0.0;0.0;-1.0;0.0;0.0;0.0;0.0;0.0;0.0;0.0;0.0;0.0;0.0;0.0;0.0;0.0;0.0,1778833932,70005682
2061,1778833932,124560001,gps,-2.183,2.053,0.084,0.0,0.0,0.0,0.031328999999999996;0.0;0.0;0.0;0.0;0.0;0.0;0.031328999999999996;0.0;0.0;0.0;0.0;0.0;0.0;0.031328999999999996;0.0;0.0;0.0;0.0;0.0;0.0;-1.0;0.0;0.0;0.0;0.0;0.0;0.0;0.0;0.0;0.0;0.0;0.0;0.0;0.0;0.0,1778833932,190885524
2062,1778833932,249559936,gps,-2.024,1.835,0.08,0.0,0.0,0.0,0.031328999999999996;0.0;0.0;0.0;0.0;0.0;0.0;0.031328999999999996;0.0;0.0;0.0;0.0;0.0;0.0;0.031328999999999996;0.0;0.0;0.0;0.0;0.0;0.0;-1.0;0.0;0.0;0.0;0.0;0.0;0.0;0.0;0.0;0.0;0.0;0.0;0.0;0.0;0.0,1778833932,317391524
2063,1778833932,374559872,gps,-1.82,1.752,0.082,0.0,0.0,0.0,0.031684;0.0;0.0;0.0;0.0;0.0;0.0;0.031684;0.0;0.0;0.0;0.0;0.0;0.0;0.031684;0.0;0.0;0.0;0.0;0.0;0.0;-1.0;0.0;0.0;0.0;0.0;0.0;0.0;0.0;0.0;0.0;0.0;0.0;0.0;0.0;0.0,1778833932,441422654
2064,1778833932,499559807,gps,-1.643,1.584,0.069,0.0,0.0,0.0,0.032041;0.0;0.0;0.0;0.0;0.0;0.0;0.032041;0.0;0.0;0.0;0.0;0.0;0.0;0.032041;0.0;0.0;0.0;0.0;0.0;0.0;-1.0;0.0;0.0;0.0;0.0;0.0;0.0;0.0;0.0;0.0;0.0;0.0;0.0;0.0;0.0,1778833932,567288364
2065,1778833932,624559743,gps,-1.6460000000000001,1.47,0.081,0.0,0.0,0.0,0.031684;0.0;0.0;0.0;0.0;0.0;0.0;0.031684;0.0;0.0;0.0;0.0;0.0;0.0;0.031684;0.0;0.0;0.0;0.0;0.0;0.0;-1.0;0.0;0.0;0.0;0.0;0.0;0.0;0.0;0.0;0.0;0.0;0.0;0.0;0.0;0.0,1778833932,690469786
2066,1778833932,749559678,gps,-1.491,1.473,0.066,0.0,0.0,0.0,0.031328999999999996;0.0;0.0;0.0;0.0;0.0;0.0;0.031328999999999996;0.0;0.0;0.0;0.0;0.0;0.0;0.031328999999999996;0.0;0.0;0.0;0.0;0.0;0.0;-1.0;0.0;0.0;0.0;0.0;0.0;0.0;0.0;0.0;0.0;0.0;0.0;0.0;0.0;0.0,1778833932,816351128
2067,1778833932,874559614,gps,-1.459,1.424,0.079,0.0,0.0,0.0,0.031328999999999996;0.0;0.0;0.0;0.0;0.0;0.0;0.031328999999999996;0.0;0.0;0.0;0.0;0.0;0.0;0.031328999999999996;0.0;0.0;0.0;0.0;0.0;0.0;-1.0;0.0;0.0;0.0;0.0;0.0;0.0;0.0;0.0;0.0;0.0;0.0;0.0;0.0;0.0,1778833932,941961824
2068,1778833932,999559550,gps,-1.5010000000000001,1.421,0.073,0.0,0.0,0.0,0.031328999999999996;0.0;0.0;0.0;0.0;0.0;0.0;0.031328999999999996;0.0;0.0;0.0;0.0;0.0;0.0;0.031328999999999996;0.0;0.0;0.0;0.0;0.0;0.0;-1.0;0.0;0.0;0.0;0.0;0.0;0.0;0.0;0.0;0.0;0.0;0.0;0.0;0.0;0.0,1778833933,72402304
2069,1778833933,124559484,gps,-1.518,1.463,0.069,0.0,0.0,0.0,0.030276000000000004;0.0;0.0;0.0;0.0;0.0;0.0;0.030276000000000004;0.0;0.0;0.0;0.0;0.0;0.0;0.030276000000000004;0.0;0.0;0.0;0.0;0.0;0.0;-1.0;0.0;0.0;0.0;0.0;0.0;0.0;0.0;0.0;0.0;0.0;0.0;0.0;0.0;0.0,1778833933,192441328
2070,1778833933,249559420,gps,-1.489,1.5030000000000001,0.07200000000000001,0.0,0.0,0.0,0.030625000000000006;0.0;0.0;0.0;0.0;0.0;0.0;0.030625000000000006;0.0;0.0;0.0;0.0;0.0;0.0;0.030625000000000006;0.0;0.0;0.0;0.0;0.0;0.0;-1.0;0.0;0.0;0.0;0.0;0.0;0.0;0.0;0.0;0.0;0.0;0.0;0.0;0.0;0.0,1778833933,316033484
2071,1778833933,374559355,gps,-1.512,1.627,0.078,0.0,0.0,0.0,0.030276000000000004;0.0;0.0;0.0;0.0;0.0;0.0;0.030276000000000004;0.0;0.0;0.0;0.0;0.0;0.0;0.030276000000000004;0.0;0.0;0.0;0.0;0.0;0.0;-1.0;0.0;0.0;0.0;0.0;0.0;0.0;0.0;0.0;0.0;0.0;0.0;0.0;0.0;0.0,1778833933,442594161
2072,1778833933,499559291,gps,-1.621,1.6480000000000001,0.064,0.0,0.0,0.0,0.029584000000000006;0.0;0.0;0.0;0.0;0.0;0.0;0.029584000000000006;0.0;0.0;0.0;0.0;0.0;0.0;0.029584000000000006;0.0;0.0;0.0;0.0;0.0;0.0;-1.0;0.0;0.0;0.0;0.0;0.0;0.0;0.0;0.0;0.0;0.0;0.0;0.0;0.0;0.0,1778833933,567976331
2073,1778833933,624559226,gps,-1.681,1.6540000000000001,0.074,0.0,0.0,0.0,0.030625000000000006;0.0;0.0;0.0;0.0;0.0;0.0;0.030625000000000006;0.0;0.0;0.0;0.0;0.0;0.0;0.030625000000000006;0.0;0.0;0.0;0.0;0.0;0.0;-1.0;0.0;0.0;0.0;0.0;0.0;0.0;0.0;0.0;0.0;0.0;0.0;0.0;0.0;0.0,1778833933,692671332
2074,1778833933,749559162,gps,-1.76,1.77,0.075,0.0,0.0,0.0,0.031328999999999996;0.0;0.0;0.0;0.0;0.0;0.0;0.031328999999999996;0.0;0.0;0.0;0.0;0.0;0.0;0.031328999999999996;0.0;0.0;0.0;0.0;0.0;0.0;-1.0;0.0;0.0;0.0;0.0;0.0;0.0;0.0;0.0;0.0;0.0;0.0;0.0;0.0;0.0,1778833933,817782936
2075,1778833933,874559097,gps,-1.899,1.7750000000000001,0.084,0.0,0.0,0.0,0.030625000000000006;0.0;0.0;0.0;0.0;0.0;0.0;0.030625000000000006;0.0;0.0;0.0;0.0;0.0;0.0;0.030625000000000006;0.0;0.0;0.0;0.0;0.0;0.0;-1.0;0.0;0.0;0.0;0.0;0.0;0.0;0.0;0.0;0.0;0.0;0.0;0.0;0.0;0.0,1778833933,942843376
2076,1778833933,999559033,gps,-1.868,1.915,0.10300000000000001,0.0,0.0,0.0,0.030975999999999997;0.0;0.0;0.0;0.0;0.0;0.0;0.030975999999999997;0.0;0.0;0.0;0.0;0.0;0.0;0.030975999999999997;0.0;0.0;0.0;0.0;0.0;0.0;-1.0;0.0;0.0;0.0;0.0;0.0;0.0;0.0;0.0;0.0;0.0;0.0;0.0;0.0;0.0,1778833934,73309438
2077,1778833934,124558968,gps,-1.917,2.051,0.099,0.0,0.0,0.0,0.030625000000000006;0.0;0.0;0.0;0.0;0.0;0.0;0.030625000000000006;0.0;0.0;0.0;0.0;0.0;0.0;0.030625000000000006;0.0;0.0;0.0;0.0;0.0;0.0;-1.0;0.0;0.0;0.0;0.0;0.0;0.0;0.0;0.0;0.0;0.0;0.0;0.0;0.0;0.0,1778833934,188780350
2078,1778833934,249558903,gps,-2.033,2.071,0.063,0.0,0.0,0.0,0.030625000000000006;0.0;0.0;0.0;0.0;0.0;0.0;0.030625000000000006;0.0;0.0;0.0;0.0;0.0;0.0;0.030625000000000006;0.0;0.0;0.0;0.0;0.0;0.0;-1.0;0.0;0.0;0.0;0.0;0.0;0.0;0.0;0.0;0.0;0.0;0.0;0.0;0.0;0.0,1778833934,318641907
2079,1778833934,374558839,gps,-2.019,2.106,0.073,0.0,0.0,0.0,0.030276000000000004;0.0;0.0;0.0;0.0;0.0;0.0;0.030276000000000004;0.0;0.0;0.0;0.0;0.0;0.0;0.030276000000000004;0.0;0.0;0.0;0.0;0.0;0.0;-1.0;0.0;0.0;0.0;0.0;0.0;0.0;0.0;0.0;0.0;0.0;0.0;0.0;0.0;0.0,1778833934,442473879
2080,1778833934,499558774,gps,-1.987,2.162,0.075,0.0,0.0,0.0,0.030625000000000006;0.0;0.0;0.0;0.0;0.0;0.0;0.030625000000000006;0.0;0.0;0.0;0.0;0.0;0.0;0.030625000000000006;0.0;0.0;0.0;0.0;0.0;0.0;-1.0;0.0;0.0;0.0;0.0;0.0;0.0;0.0;0.0;0.0;0.0;0.0;0.0;0.0;0.0,1778833934,568969232
2081,1778833934,624558710,gps,-2.097,2.144,0.092,0.0,0.0,0.0,0.030276000000000004;0.0;0.0;0.0;0.0;0.0;0.0;0.030276000000000004;0.0;0.0;0.0;0.0;0.0;0.0;0.030276000000000004;0.0;0.0;0.0;0.0;0.0;0.0;-1.0;0.0;0.0;0.0;0.0;0.0;0.0;0.0;0.0;0.0;0.0;0.0;0.0;0.0;0.0,1778833934,692628450
2082,1778833934,749558645,gps,-2.148,2.206,0.085,0.0,0.0,0.0,0.030276000000000004;0.0;0.0;0.0;0.0;0.0;0.0;0.030276000000000004;0.0;0.0;0.0;0.0;0.0;0.0;0.030276000000000004;0.0;0.0;0.0;0.0;0.0;0.0;-1.0;0.0;0.0;0.0;0.0;0.0;0.0;0.0;0.0;0.0;0.0;0.0;0.0;0.0;0.0,1778833934,818776920
2083,1778833934,874558581,gps,-2.198,2.251,0.091,0.0,0.0,0.0,0.030276000000000004;0.0;0.0;0.0;0.0;0.0;0.0;0.030276000000000004;0.0;0.0;0.0;0.0;0.0;0.0;0.030276000000000004;0.0;0.0;0.0;0.0;0.0;0.0;-1.0;0.0;0.0;0.0;0.0;0.0;0.0;0.0;0.0;0.0;0.0;0.0;0.0;0.0;0.0,1778833934,942454547
2084,1778833934,999558517,gps,-2.215,2.227,0.098,0.0,0.0,0.0,0.029929000000000004;0.0;0.0;0.0;0.0;0.0;0.0;0.029929000000000004;0.0;0.0;0.0;0.0;0.0;0.0;0.029929000000000004;0.0;0.0;0.0;0.0;0.0;0.0;-1.0;0.0;0.0;0.0;0.0;0.0;0.0;0.0;0.0;0.0;0.0;0.0;0.0;0.0;0.0,1778833935,68374139
2085,1778833935,124558452,gps,-2.183,2.226,0.093,0.0,0.0,0.0,0.029929000000000004;0.0;0.0;0.0;0.0;0.0;0.0;0.029929000000000004;0.0;0.0;0.0;0.0;0.0;0.0;0.029929000000000004;0.0;0.0;0.0;0.0;0.0;0.0;-1.0;0.0;0.0;0.0;0.0;0.0;0.0;0.0;0.0;0.0;0.0;0.0;0.0;0.0;0.0,1778833935,192836357
2086,1778833935,249558387,gps,-2.255,2.282,0.08600000000000001,0.0,0.0,0.0,0.030276000000000004;0.0;0.0;0.0;0.0;0.0;0.0;0.030276000000000004;0.0;0.0;0.0;0.0;0.0;0.0;0.030276000000000004;0.0;0.0;0.0;0.0;0.0;0.0;-1.0;0.0;0.0;0.0;0.0;0.0;0.0;0.0;0.0;0.0;0.0;0.0;0.0;0.0;0.0,1778833935,316870991
2087,1778833935,374558323,gps,-2.23,2.2800000000000002,0.098,0.0,0.0,0.0,0.030276000000000004;0.0;0.0;0.0;0.0;0.0;0.0;0.030276000000000004;0.0;0.0;0.0;0.0;0.0;0.0;0.030276000000000004;0.0;0.0;0.0;0.0;0.0;0.0;-1.0;0.0;0.0;0.0;0.0;0.0;0.0;0.0;0.0;0.0;0.0;0.0;0.0;0.0;0.0,1778833935,441391939
2088,1778833935,499558258,gps,-2.2840000000000003,2.144,0.105,0.0,0.0,0.0,0.029929000000000004;0.0;0.0;0.0;0.0;0.0;0.0;0.029929000000000004;0.0;0.0;0.0;0.0;0.0;0.0;0.029929000000000004;0.0;0.0;0.0;0.0;0.0;0.0;-1.0;0.0;0.0;0.0;0.0;0.0;0.0;0.0;0.0;0.0;0.0;0.0;0.0;0.0;0.0,1778833935,565978515
2089,1778833935,624558193,gps,-2.222,2.169,0.098,0.0,0.0,0.0,0.030625000000000006;0.0;0.0;0.0;0.0;0.0;0.0;0.030625000000000006;0.0;0.0;0.0;0.0;0.0;0.0;0.030625000000000006;0.0;0.0;0.0;0.0;0.0;0.0;-1.0;0.0;0.0;0.0;0.0;0.0;0.0;0.0;0.0;0.0;0.0;0.0;0.0;0.0;0.0,1778833935,690241655
2090,1778833935,749558129,gps,-2.302,2.222,0.109,0.0,0.0,0.0,0.030625000000000006;0.0;0.0;0.0;0.0;0.0;0.0;0.030625000000000006;0.0;0.0;0.0;0.0;0.0;0.0;0.030625000000000006;0.0;0.0;0.0;0.0;0.0;0.0;-1.0;0.0;0.0;0.0;0.0;0.0;0.0;0.0;0.0;0.0;0.0;0.0;0.0;0.0;0.0,1778833935,815800056
2091,1778833935,874558064,gps,-2.3040000000000003,2.192,0.107,0.0,0.0,0.0,0.030276000000000004;0.0;0.0;0.0;0.0;0.0;0.0;0.030276000000000004;0.0;0.0;0.0;0.0;0.0;0.0;0.030276000000000004;0.0;0.0;0.0;0.0;0.0;0.0;-1.0;0.0;0.0;0.0;0.0;0.0;0.0;0.0;0.0;0.0;0.0;0.0;0.0;0.0;0.0,1778833935,938544943
2092,1778833935,999558001,gps,-2.4010000000000002,2.248,0.106,0.0,0.0,0.0,0.030276000000000004;0.0;0.0;0.0;0.0;0.0;0.0;0.030276000000000004;0.0;0.0;0.0;0.0;0.0;0.0;0.030276000000000004;0.0;0.0;0.0;0.0;0.0;0.0;-1.0;0.0;0.0;0.0;0.0;0.0;0.0;0.0;0.0;0.0;0.0;0.0;0.0;0.0;0.0,1778833936,70491842
2093,1778833936,124557935,gps,-2.403,2.2520000000000002,0.114,0.0,0.0,0.0,0.030276000000000004;0.0;0.0;0.0;0.0;0.0;0.0;0.030276000000000004;0.0;0.0;0.0;0.0;0.0;0.0;0.030276000000000004;0.0;0.0;0.0;0.0;0.0;0.0;-1.0;0.0;0.0;0.0;0.0;0.0;0.0;0.0;0.0;0.0;0.0;0.0;0.0;0.0;0.0,1778833936,191584933
2094,1778833936,249557871,gps,-2.437,2.307,0.109,0.0,0.0,0.0,0.029584000000000006;0.0;0.0;0.0;0.0;0.0;0.0;0.029584000000000006;0.0;0.0;0.0;0.0;0.0;0.0;0.029584000000000006;0.0;0.0;0.0;0.0;0.0;0.0;-1.0;0.0;0.0;0.0;0.0;0.0;0.0;0.0;0.0;0.0;0.0;0.0;0.0;0.0;0.0,1778833936,317806286
2095,1778833936,374557806,gps,-2.416,2.294,0.098,0.0,0.0,0.0,0.029929000000000004;0.0;0.0;0.0;0.0;0.0;0.0;0.029929000000000004;0.0;0.0;0.0;0.0;0.0;0.0;0.029929000000000004;0.0;0.0;0.0;0.0;0.0;0.0;-1.0;0.0;0.0;0.0;0.0;0.0;0.0;0.0;0.0;0.0;0.0;0.0;0.0;0.0;0.0,1778833936,440886271
2096,1778833936,499557742,gps,-2.36,2.2800000000000002,0.10300000000000001,0.0,0.0,0.0,0.030276000000000004;0.0;0.0;0.0;0.0;0.0;0.0;0.030276000000000004;0.0;0.0;0.0;0.0;0.0;0.0;0.030276000000000004;0.0;0.0;0.0;0.0;0.0;0.0;-1.0;0.0;0.0;0.0;0.0;0.0;0.0;0.0;0.0;0.0;0.0;0.0;0.0;0.0;0.0,1778833936,565748401
2097,1778833936,624557677,gps,-2.46,2.295,0.112,0.0,0.0,0.0,0.029929000000000004;0.0;0.0;0.0;0.0;0.0;0.0;0.029929000000000004;0.0;0.0;0.0;0.0;0.0;0.0;0.029929000000000004;0.0;0.0;0.0;0.0;0.0;0.0;-1.0;0.0;0.0;0.0;0.0;0.0;0.0;0.0;0.0;0.0;0.0;0.0;0.0;0.0;0.0,1778833936,691607182
2098,1778833936,749557612,gps,-2.308,2.242,0.12,0.0,0.0,0.0,0.029929000000000004;0.0;0.0;0.0;0.0;0.0;0.0;0.029929000000000004;0.0;0.0;0.0;0.0;0.0;0.0;0.029929000000000004;0.0;0.0;0.0;0.0;0.0;0.0;-1.0;0.0;0.0;0.0;0.0;0.0;0.0;0.0;0.0;0.0;0.0;0.0;0.0;0.0;0.0,1778833936,817414000
2099,1778833936,874557548,gps,-2.347,2.251,0.10400000000000001,0.0,0.0,0.0,0.029929000000000004;0.0;0.0;0.0;0.0;0.0;0.0;0.029929000000000004;0.0;0.0;0.0;0.0;0.0;0.0;0.029929000000000004;0.0;0.0;0.0;0.0;0.0;0.0;-1.0;0.0;0.0;0.0;0.0;0.0;0.0;0.0;0.0;0.0;0.0;0.0;0.0;0.0;0.0,1778833936,941740656
2100,1778833936,999557484,gps,-2.343,2.229,0.096,0.0,0.0,0.0,0.029929000000000004;0.0;0.0;0.0;0.0;0.0;0.0;0.029929000000000004;0.0;0.0;0.0;0.0;0.0;0.0;0.029929000000000004;0.0;0.0;0.0;0.0;0.0;0.0;-1.0;0.0;0.0;0.0;0.0;0.0;0.0;0.0;0.0;0.0;0.0;0.0;0.0;0.0;0.0,1778833937,71881482
2101,1778833937,124557419,gps,-2.294,2.202,0.10400000000000001,0.0,0.0,0.0,0.029929000000000004;0.0;0.0;0.0;0.0;0.0;0.0;0.029929000000000004;0.0;0.0;0.0;0.0;0.0;0.0;0.029929000000000004;0.0;0.0;0.0;0.0;0.0;0.0;-1.0;0.0;0.0;0.0;0.0;0.0;0.0;0.0;0.0;0.0;0.0;0.0;0.0;0.0;0.0,1778833937,190454539
2102,1778833937,249557354,gps,-2.344,2.2720000000000002,0.113,0.0,0.0,0.0,0.032041;0.0;0.0;0.0;0.0;0.0;0.0;0.032041;0.0;0.0;0.0;0.0;0.0;0.0;0.032041;0.0;0.0;0.0;0.0;0.0;0.0;-1.0;0.0;0.0;0.0;0.0;0.0;0.0;0.0;0.0;0.0;0.0;0.0;0.0;0.0;0.0,1778833937,316863432
2103,1778833937,374557290,gps,-2.261,2.2960000000000003,0.11,0.0,0.0,0.0,0.0324;0.0;0.0;0.0;0.0;0.0;0.0;0.0324;0.0;0.0;0.0;0.0;0.0;0.0;0.0324;0.0;0.0;0.0;0.0;0.0;0.0;-1.0;0.0;0.0;0.0;0.0;0.0;0.0;0.0;0.0;0.0;0.0;0.0;0.0;0.0;0.0,1778833937,440626422
2104,1778833937,499557225,gps,-2.319,2.2800000000000002,0.115,0.0,0.0,0.0,0.032041;0.0;0.0;0.0;0.0;0.0;0.0;0.032041;0.0;0.0;0.0;0.0;0.0;0.0;0.032041;0.0;0.0;0.0;0.0;0.0;0.0;-1.0;0.0;0.0;0.0;0.0;0.0;0.0;0.0;0.0;0.0;0.0;0.0;0.0;0.0;0.0,1778833937,566573259
2105,1778833937,624557161,gps,-2.3810000000000002,2.309,0.111,0.0,0.0,0.0,0.032041;0.0;0.0;0.0;0.0;0.0;0.0;0.032041;0.0;0.0;0.0;0.0;0.0;0.0;0.032041;0.0;0.0;0.0;0.0;0.0;0.0;-1.0;0.0;0.0;0.0;0.0;0.0;0.0;0.0;0.0;0.0;0.0;0.0;0.0;0.0;0.0,1778833937,691406636
2106,1778833937,749557096,gps,-2.362,2.314,0.105,0.0,0.0,0.0,0.032041;0.0;0.0;0.0;0.0;0.0;0.0;0.032041;0.0;0.0;0.0;0.0;0.0;0.0;0.032041;0.0;0.0;0.0;0.0;0.0;0.0;-1.0;0.0;0.0;0.0;0.0;0.0;0.0;0.0;0.0;0.0;0.0;0.0;0.0;0.0;0.0,1778833937,813840401
2107,1778833937,874557032,gps,-2.369,2.437,0.114,0.0,0.0,0.0,0.032041;0.0;0.0;0.0;0.0;0.0;0.0;0.032041;0.0;0.0;0.0;0.0;0.0;0.0;0.032041;0.0;0.0;0.0;0.0;0.0;0.0;-1.0;0.0;0.0;0.0;0.0;0.0;0.0;0.0;0.0;0.0;0.0;0.0;0.0;0.0;0.0,1778833937,940372563
2108,1778833937,999556968,gps,-2.517,2.376,0.112,0.0,0.0,0.0,0.032041;0.0;0.0;0.0;0.0;0.0;0.0;0.032041;0.0;0.0;0.0;0.0;0.0;0.0;0.032041;0.0;0.0;0.0;0.0;0.0;0.0;-1.0;0.0;0.0;0.0;0.0;0.0;0.0;0.0;0.0;0.0;0.0;0.0;0.0;0.0;0.0,1778833938,70386318
2109,1778833938,124556903,gps,-2.516,2.343,0.114,0.0,0.0,0.0,0.0324;0.0;0.0;0.0;0.0;0.0;0.0;0.0324;0.0;0.0;0.0;0.0;0.0;0.0;0.0324;0.0;0.0;0.0;0.0;0.0;0.0;-1.0;0.0;0.0;0.0;0.0;0.0;0.0;0.0;0.0;0.0;0.0;0.0;0.0;0.0;0.0,1778833938,190479992
2110,1778833938,249556838,gps,-2.376,2.326,0.122,0.0,0.0,0.0,0.0324;0.0;0.0;0.0;0.0;0.0;0.0;0.0324;0.0;0.0;0.0;0.0;0.0;0.0;0.0324;0.0;0.0;0.0;0.0;0.0;0.0;-1.0;0.0;0.0;0.0;0.0;0.0;0.0;0.0;0.0;0.0;0.0;0.0;0.0;0.0;0.0,1778833938,316772266
2111,1778833938,374556773,gps,-2.348,2.251,0.117,0.0,0.0,0.0,0.033124;0.0;0.0;0.0;0.0;0.0;0.0;0.033124;0.0;0.0;0.0;0.0;0.0;0.0;0.033124;0.0;0.0;0.0;0.0;0.0;0.0;-1.0;0.0;0.0;0.0;0.0;0.0;0.0;0.0;0.0;0.0;0.0;0.0;0.0;0.0;0.0,1778833938,440753792
2112,1778833938,499556709,gps,-2.242,2.181,0.105,0.0,0.0,0.0,0.033124;0.0;0.0;0.0;0.0;0.0;0.0;0.033124;0.0;0.0;0.0;0.0;0.0;0.0;0.033124;0.0;0.0;0.0;0.0;0.0;0.0;-1.0;0.0;0.0;0.0;0.0;0.0;0.0;0.0;0.0;0.0;0.0;0.0;0.0;0.0;0.0,1778833938,565869675
2113,1778833938,624556644,gps,-2.241,2.174,0.11,0.0,0.0,0.0,0.033489;0.0;0.0;0.0;0.0;0.0;0.0;0.033489;0.0;0.0;0.0;0.0;0.0;0.0;0.033489;0.0;0.0;0.0;0.0;0.0;0.0;-1.0;0.0;0.0;0.0;0.0;0.0;0.0;0.0;0.0;0.0;0.0;0.0;0.0;0.0;0.0,1778833938,686640553
2114,1778833938,749556580,gps,-2.14,2.095,0.112,0.0,0.0,0.0,0.033124;0.0;0.0;0.0;0.0;0.0;0.0;0.033124;0.0;0.0;0.0;0.0;0.0;0.0;0.033124;0.0;0.0;0.0;0.0;0.0;0.0;-1.0;0.0;0.0;0.0;0.0;0.0;0.0;0.0;0.0;0.0;0.0;0.0;0.0;0.0;0.0,1778833938,815149454
2115,1778833938,874556515,gps,-2.174,2.08,0.105,0.0,0.0,0.0,0.033124;0.0;0.0;0.0;0.0;0.0;0.0;0.033124;0.0;0.0;0.0;0.0;0.0;0.0;0.033124;0.0;0.0;0.0;0.0;0.0;0.0;-1.0;0.0;0.0;0.0;0.0;0.0;0.0;0.0;0.0;0.0;0.0;0.0;0.0;0.0;0.0,1778833938,939973215
2116,1778833938,999556452,gps,-2.1750000000000003,2.129,0.097,0.0,0.0,0.0,0.033124;0.0;0.0;0.0;0.0;0.0;0.0;0.033124;0.0;0.0;0.0;0.0;0.0;0.0;0.033124;0.0;0.0;0.0;0.0;0.0;0.0;-1.0;0.0;0.0;0.0;0.0;0.0;0.0;0.0;0.0;0.0;0.0;0.0;0.0;0.0;0.0,1778833939,70937631
2117,1778833939,124556386,gps,-2.2,2.152,0.10400000000000001,0.0,0.0,0.0,0.033124;0.0;0.0;0.0;0.0;0.0;0.0;0.033124;0.0;0.0;0.0;0.0;0.0;0.0;0.033124;0.0;0.0;0.0;0.0;0.0;0.0;-1.0;0.0;0.0;0.0;0.0;0.0;0.0;0.0;0.0;0.0;0.0;0.0;0.0;0.0;0.0,1778833939,191540925
2118,1778833939,249556322,gps,-2.246,2.238,0.105,0.0,0.0,0.0,0.033489;0.0;0.0;0.0;0.0;0.0;0.0;0.033489;0.0;0.0;0.0;0.0;0.0;0.0;0.033489;0.0;0.0;0.0;0.0;0.0;0.0;-1.0;0.0;0.0;0.0;0.0;0.0;0.0;0.0;0.0;0.0;0.0;0.0;0.0;0.0;0.0,1778833939,316700185
2119,1778833939,374556257,gps,-2.289,2.294,0.11,0.0,0.0,0.0,0.0324;0.0;0.0;0.0;0.0;0.0;0.0;0.0324;0.0;0.0;0.0;0.0;0.0;0.0;0.0324;0.0;0.0;0.0;0.0;0.0;0.0;-1.0;0.0;0.0;0.0;0.0;0.0;0.0;0.0;0.0;0.0;0.0;0.0;0.0;0.0;0.0,1778833939,439578692
2120,1778833939,499556192,gps,-2.426,2.324,0.117,0.0,0.0,0.0,0.032041;0.0;0.0;0.0;0.0;0.0;0.0;0.032041;0.0;0.0;0.0;0.0;0.0;0.0;0.032041;0.0;0.0;0.0;0.0;0.0;0.0;-1.0;0.0;0.0;0.0;0.0;0.0;0.0;0.0;0.0;0.0;0.0;0.0;0.0;0.0;0.0,1778833939,560819958
2121,1778833939,624556128,gps,-2.383,2.378,0.10400000000000001,0.0,0.0,0.0,0.032041;0.0;0.0;0.0;0.0;0.0;0.0;0.032041;0.0;0.0;0.0;0.0;0.0;0.0;0.032041;0.0;0.0;0.0;0.0;0.0;0.0;-1.0;0.0;0.0;0.0;0.0;0.0;0.0;0.0;0.0;0.0;0.0;0.0;0.0;0.0;0.0,1778833939,690122389
2122,1778833939,749556063,gps,-2.5140000000000002,2.42,0.10300000000000001,0.0,0.0,0.0,0.031328999999999996;0.0;0.0;0.0;0.0;0.0;0.0;0.031328999999999996;0.0;0.0;0.0;0.0;0.0;0.0;0.031328999999999996;0.0;0.0;0.0;0.0;0.0;0.0;-1.0;0.0;0.0;0.0;0.0;0.0;0.0;0.0;0.0;0.0;0.0;0.0;0.0;0.0;0.0,1778833939,814763362
2123,1778833939,874555999,gps,-2.5260000000000002,2.508,0.12,0.0,0.0,0.0,0.032041;0.0;0.0;0.0;0.0;0.0;0.0;0.032041;0.0;0.0;0.0;0.0;0.0;0.0;0.032041;0.0;0.0;0.0;0.0;0.0;0.0;-1.0;0.0;0.0;0.0;0.0;0.0;0.0;0.0;0.0;0.0;0.0;0.0;0.0;0.0;0.0,1778833939,940582017
2124,1778833939,999555935,gps,-2.521,2.5140000000000002,0.10400000000000001,0.0,0.0,0.0,0.032041;0.0;0.0;0.0;0.0;0.0;0.0;0.032041;0.0;0.0;0.0;0.0;0.0;0.0;0.032041;0.0;0.0;0.0;0.0;0.0;0.0;-1.0;0.0;0.0;0.0;0.0;0.0;0.0;0.0;0.0;0.0;0.0;0.0;0.0;0.0;0.0,1778833940,70459224
2125,1778833940,124555870,gps,-2.58,2.585,0.10300000000000001,0.0,0.0,0.0,0.0324;0.0;0.0;0.0;0.0;0.0;0.0;0.0324;0.0;0.0;0.0;0.0;0.0;0.0;0.0324;0.0;0.0;0.0;0.0;0.0;0.0;-1.0;0.0;0.0;0.0;0.0;0.0;0.0;0.0;0.0;0.0;0.0;0.0;0.0;0.0;0.0,1778833940,192824537
2126,1778833940,249555805,gps,-2.595,2.5020000000000002,0.108,0.0,0.0,0.0,0.031684;0.0;0.0;0.0;0.0;0.0;0.0;0.031684;0.0;0.0;0.0;0.0;0.0;0.0;0.031684;0.0;0.0;0.0;0.0;0.0;0.0;-1.0;0.0;0.0;0.0;0.0;0.0;0.0;0.0;0.0;0.0;0.0;0.0;0.0;0.0;0.0,1778833940,318706177
2127,1778833940,374555741,gps,-2.593,2.591,0.112,0.0,0.0,0.0,0.031684;0.0;0.0;0.0;0.0;0.0;0.0;0.031684;0.0;0.0;0.0;0.0;0.0;0.0;0.031684;0.0;0.0;0.0;0.0;0.0;0.0;-1.0;0.0;0.0;0.0;0.0;0.0;0.0;0.0;0.0;0.0;0.0;0.0;0.0;0.0;0.0,1778833940,439758259
2128,1778833940,499555676,gps,-2.602,2.565,0.127,0.0,0.0,0.0,0.031684;0.0;0.0;0.0;0.0;0.0;0.0;0.031684;0.0;0.0;0.0;0.0;0.0;0.0;0.031684;0.0;0.0;0.0;0.0;0.0;0.0;-1.0;0.0;0.0;0.0;0.0;0.0;0.0;0.0;0.0;0.0;0.0;0.0;0.0;0.0;0.0,1778833940,565832249
2129,1778833940,624555612,gps,-2.517,2.525,0.10200000000000001,0.0,0.0,0.0,0.032761;0.0;0.0;0.0;0.0;0.0;0.0;0.032761;0.0;0.0;0.0;0.0;0.0;0.0;0.032761;0.0;0.0;0.0;0.0;0.0;0.0;-1.0;0.0;0.0;0.0;0.0;0.0;0.0;0.0;0.0;0.0;0.0;0.0;0.0;0.0;0.0,1778833940,691678164
2130,1778833940,749555547,gps,-2.523,2.498,0.107,0.0,0.0,0.0,0.032041;0.0;0.0;0.0;0.0;0.0;0.0;0.032041;0.0;0.0;0.0;0.0;0.0;0.0;0.032041;0.0;0.0;0.0;0.0;0.0;0.0;-1.0;0.0;0.0;0.0;0.0;0.0;0.0;0.0;0.0;0.0;0.0;0.0;0.0;0.0;0.0,1778833940,816334294
2131,1778833940,874555482,gps,-2.46,2.3970000000000002,0.121,0.0,0.0,0.0,0.032041;0.0;0.0;0.0;0.0;0.0;0.0;0.032041;0.0;0.0;0.0;0.0;0.0;0.0;0.032041;0.0;0.0;0.0;0.0;0.0;0.0;-1.0;0.0;0.0;0.0;0.0;0.0;0.0;0.0;0.0;0.0;0.0;0.0;0.0;0.0;0.0,1778833940,940584185
2132,1778833940,999555419,gps,-2.42,2.3040000000000003,0.105,0.0,0.0,0.0,0.031684;0.0;0.0;0.0;0.0;0.0;0.0;0.031684;0.0;0.0;0.0;0.0;0.0;0.0;0.031684;0.0;0.0;0.0;0.0;0.0;0.0;-1.0;0.0;0.0;0.0;0.0;0.0;0.0;0.0;0.0;0.0;0.0;0.0;0.0;0.0;0.0,1778833941,70225383
2133,1778833941,124555353,gps,-2.511,2.3040000000000003,0.11,0.0,0.0,0.0,0.031328999999999996;0.0;0.0;0.0;0.0;0.0;0.0;0.031328999999999996;0.0;0.0;0.0;0.0;0.0;0.0;0.031328999999999996;0.0;0.0;0.0;0.0;0.0;0.0;-1.0;0.0;0.0;0.0;0.0;0.0;0.0;0.0;0.0;0.0;0.0;0.0;0.0;0.0;0.0,1778833941,190756928
2134,1778833941,249555289,gps,-2.44,2.333,0.089,0.0,0.0,0.0,0.029241000000000003;0.0;0.0;0.0;0.0;0.0;0.0;0.029241000000000003;0.0;0.0;0.0;0.0;0.0;0.0;0.029241000000000003;0.0;0.0;0.0;0.0;0.0;0.0;-1.0;0.0;0.0;0.0;0.0;0.0;0.0;0.0;0.0;0.0;0.0;0.0;0.0;0.0;0.0,1778833941,317408364
2135,1778833941,374555224,gps,-2.491,2.415,0.10200000000000001,0.0,0.0,0.0,0.028900000000000006;0.0;0.0;0.0;0.0;0.0;0.0;0.028900000000000006;0.0;0.0;0.0;0.0;0.0;0.0;0.028900000000000006;0.0;0.0;0.0;0.0;0.0;0.0;-1.0;0.0;0.0;0.0;0.0;0.0;0.0;0.0;0.0;0.0;0.0;0.0;0.0;0.0;0.0,1778833941,441651448
2136,1778833941,499555160,gps,-2.57,2.4090000000000003,0.10200000000000001,0.0,0.0,0.0,0.028900000000000006;0.0;0.0;0.0;0.0;0.0;0.0;0.028900000000000006;0.0;0.0;0.0;0.0;0.0;0.0;0.028900000000000006;0.0;0.0;0.0;0.0;0.0;0.0;-1.0;0.0;0.0;0.0;0.0;0.0;0.0;0.0;0.0;0.0;0.0;0.0;0.0;0.0;0.0,1778833941,566770339
2137,1778833941,624555095,gps,-2.484,2.371,0.11,0.0,0.0,0.0,0.028561000000000003;0.0;0.0;0.0;0.0;0.0;0.0;0.028561000000000003;0.0;0.0;0.0;0.0;0.0;0.0;0.028561000000000003;0.0;0.0;0.0;0.0;0.0;0.0;-1.0;0.0;0.0;0.0;0.0;0.0;0.0;0.0;0.0;0.0;0.0;0.0;0.0;0.0;0.0,1778833941,690767278
2138,1778833941,749555031,gps,-2.582,2.418,0.101,0.0,0.0,0.0,0.029241000000000003;0.0;0.0;0.0;0.0;0.0;0.0;0.029241000000000003;0.0;0.0;0.0;0.0;0.0;0.0;0.029241000000000003;0.0;0.0;0.0;0.0;0.0;0.0;-1.0;0.0;0.0;0.0;0.0;0.0;0.0;0.0;0.0;0.0;0.0;0.0;0.0;0.0;0.0,1778833941,816601728
2139,1778833941,874554966,gps,-2.5180000000000002,2.442,0.106,0.0,0.0,0.0,0.029584000000000006;0.0;0.0;0.0;0.0;0.0;0.0;0.029584000000000006;0.0;0.0;0.0;0.0;0.0;0.0;0.029584000000000006;0.0;0.0;0.0;0.0;0.0;0.0;-1.0;0.0;0.0;0.0;0.0;0.0;0.0;0.0;0.0;0.0;0.0;0.0;0.0;0.0;0.0,1778833941,940664145
2140,1778833941,999554903,gps,-2.505,2.354,0.096,0.0,0.0,0.0,0.028561000000000003;0.0;0.0;0.0;0.0;0.0;0.0;0.028561000000000003;0.0;0.0;0.0;0.0;0.0;0.0;0.028561000000000003;0.0;0.0;0.0;0.0;0.0;0.0;-1.0;0.0;0.0;0.0;0.0;0.0;0.0;0.0;0.0;0.0;0.0;0.0;0.0;0.0;0.0,1778833942,71868261
2141,1778833942,124554837,gps,-2.519,2.394,0.093,0.0,0.0,0.0,0.028900000000000006;0.0;0.0;0.0;0.0;0.0;0.0;0.028900000000000006;0.0;0.0;0.0;0.0;0.0;0.0;0.028900000000000006;0.0;0.0;0.0;0.0;0.0;0.0;-1.0;0.0;0.0;0.0;0.0;0.0;0.0;0.0;0.0;0.0;0.0;0.0;0.0;0.0;0.0,1778833942,191963473
2142,1778833942,249554773,gps,-2.574,2.372,0.10400000000000001,0.0,0.0,0.0,0.028561000000000003;0.0;0.0;0.0;0.0;0.0;0.0;0.028561000000000003;0.0;0.0;0.0;0.0;0.0;0.0;0.028561000000000003;0.0;0.0;0.0;0.0;0.0;0.0;-1.0;0.0;0.0;0.0;0.0;0.0;0.0;0.0;0.0;0.0;0.0;0.0;0.0;0.0;0.0,1778833942,314861274
2143,1778833942,374554708,gps,-2.529,2.36,0.106,0.0,0.0,0.0,0.029241000000000003;0.0;0.0;0.0;0.0;0.0;0.0;0.029241000000000003;0.0;0.0;0.0;0.0;0.0;0.0;0.029241000000000003;0.0;0.0;0.0;0.0;0.0;0.0;-1.0;0.0;0.0;0.0;0.0;0.0;0.0;0.0;0.0;0.0;0.0;0.0;0.0;0.0;0.0,1778833942,440713784
2144,1778833942,499554643,gps,-2.556,2.471,0.099,0.0,0.0,0.0,0.029584000000000006;0.0;0.0;0.0;0.0;0.0;0.0;0.029584000000000006;0.0;0.0;0.0;0.0;0.0;0.0;0.029584000000000006;0.0;0.0;0.0;0.0;0.0;0.0;-1.0;0.0;0.0;0.0;0.0;0.0;0.0;0.0;0.0;0.0;0.0;0.0;0.0;0.0;0.0,1778833942,565574231
2145,1778833942,624554579,gps,-2.531,2.378,0.101,0.0,0.0,0.0,0.031684;0.0;0.0;0.0;0.0;0.0;0.0;0.031684;0.0;0.0;0.0;0.0;0.0;0.0;0.031684;0.0;0.0;0.0;0.0;0.0;0.0;-1.0;0.0;0.0;0.0;0.0;0.0;0.0;0.0;0.0;0.0;0.0;0.0;0.0;0.0;0.0,1778833942,690639904
2146,1778833942,749554514,gps,-2.484,2.392,0.107,0.0,0.0,0.0,0.032041;0.0;0.0;0.0;0.0;0.0;0.0;0.032041;0.0;0.0;0.0;0.0;0.0;0.0;0.032041;0.0;0.0;0.0;0.0;0.0;0.0;-1.0;0.0;0.0;0.0;0.0;0.0;0.0;0.0;0.0;0.0;0.0;0.0;0.0;0.0;0.0,1778833942,815893894
2147,1778833942,874554450,gps,-2.549,2.431,0.10200000000000001,0.0,0.0,0.0,0.031684;0.0;0.0;0.0;0.0;0.0;0.0;0.031684;0.0;0.0;0.0;0.0;0.0;0.0;0.031684;0.0;0.0;0.0;0.0;0.0;0.0;-1.0;0.0;0.0;0.0;0.0;0.0;0.0;0.0;0.0;0.0;0.0;0.0;0.0;0.0;0.0,1778833942,940895072
2148,1778833942,999554386,gps,-2.584,2.448,0.10400000000000001,0.0,0.0,0.0,0.032041;0.0;0.0;0.0;0.0;0.0;0.0;0.032041;0.0;0.0;0.0;0.0;0.0;0.0;0.032041;0.0;0.0;0.0;0.0;0.0;0.0;-1.0;0.0;0.0;0.0;0.0;0.0;0.0;0.0;0.0;0.0;0.0;0.0;0.0;0.0;0.0,1778833943,70450895
2149,1778833943,124554321,gps,-2.609,2.451,0.112,0.0,0.0,0.0,0.031684;0.0;0.0;0.0;0.0;0.0;0.0;0.031684;0.0;0.0;0.0;0.0;0.0;0.0;0.031684;0.0;0.0;0.0;0.0;0.0;0.0;-1.0;0.0;0.0;0.0;0.0;0.0;0.0;0.0;0.0;0.0;0.0;0.0;0.0;0.0;0.0,1778833943,188089298
2150,1778833943,249554256,gps,-2.57,2.508,0.106,0.0,0.0,0.0,0.031684;0.0;0.0;0.0;0.0;0.0;0.0;0.031684;0.0;0.0;0.0;0.0;0.0;0.0;0.031684;0.0;0.0;0.0;0.0;0.0;0.0;-1.0;0.0;0.0;0.0;0.0;0.0;0.0;0.0;0.0;0.0;0.0;0.0;0.0;0.0;0.0,1778833943,317542120
2151,1778833943,374554192,gps,-2.54,2.404,0.122,0.0,0.0,0.0,0.031328999999999996;0.0;0.0;0.0;0.0;0.0;0.0;0.031328999999999996;0.0;0.0;0.0;0.0;0.0;0.0;0.031328999999999996;0.0;0.0;0.0;0.0;0.0;0.0;-1.0;0.0;0.0;0.0;0.0;0.0;0.0;0.0;0.0;0.0;0.0;0.0;0.0;0.0;0.0,1778833943,441587336
2152,1778833943,499554127,gps,-2.453,2.36,0.10200000000000001,0.0,0.0,0.0,0.031328999999999996;0.0;0.0;0.0;0.0;0.0;0.0;0.031328999999999996;0.0;0.0;0.0;0.0;0.0;0.0;0.031328999999999996;0.0;0.0;0.0;0.0;0.0;0.0;-1.0;0.0;0.0;0.0;0.0;0.0;0.0;0.0;0.0;0.0;0.0;0.0;0.0;0.0;0.0,1778833943,567386306
2153,1778833943,624554063,gps,-2.388,2.32,0.105,0.0,0.0,0.0,0.032041;0.0;0.0;0.0;0.0;0.0;0.0;0.032041;0.0;0.0;0.0;0.0;0.0;0.0;0.032041;0.0;0.0;0.0;0.0;0.0;0.0;-1.0;0.0;0.0;0.0;0.0;0.0;0.0;0.0;0.0;0.0;0.0;0.0;0.0;0.0;0.0,1778833943,691684256
2154,1778833943,749553998,gps,-2.376,2.274,0.10200000000000001,0.0,0.0,0.0,0.031684;0.0;0.0;0.0;0.0;0.0;0.0;0.031684;0.0;0.0;0.0;0.0;0.0;0.0;0.031684;0.0;0.0;0.0;0.0;0.0;0.0;-1.0;0.0;0.0;0.0;0.0;0.0;0.0;0.0;0.0;0.0;0.0;0.0;0.0;0.0;0.0,1778833943,816580208
2155,1778833943,874553934,gps,-2.253,2.273,0.11,0.0,0.0,0.0,0.031684;0.0;0.0;0.0;0.0;0.0;0.0;0.031684;0.0;0.0;0.0;0.0;0.0;0.0;0.031684;0.0;0.0;0.0;0.0;0.0;0.0;-1.0;0.0;0.0;0.0;0.0;0.0;0.0;0.0;0.0;0.0;0.0;0.0;0.0;0.0;0.0,1778833943,940626311
2156,1778833943,999553870,gps,-2.188,2.161,0.085,0.0,0.0,0.0,0.031328999999999996;0.0;0.0;0.0;0.0;0.0;0.0;0.031328999999999996;0.0;0.0;0.0;0.0;0.0;0.0;0.031328999999999996;0.0;0.0;0.0;0.0;0.0;0.0;-1.0;0.0;0.0;0.0;0.0;0.0;0.0;0.0;0.0;0.0;0.0;0.0;0.0;0.0;0.0,1778833944,66798549
2157,1778833944,124553804,gps,-2.187,2.142,0.095,0.0,0.0,0.0,0.031684;0.0;0.0;0.0;0.0;0.0;0.0;0.031684;0.0;0.0;0.0;0.0;0.0;0.0;0.031684;0.0;0.0;0.0;0.0;0.0;0.0;-1.0;0.0;0.0;0.0;0.0;0.0;0.0;0.0;0.0;0.0;0.0;0.0;0.0;0.0;0.0,1778833944,190172648
2158,1778833944,249553740,gps,-2.213,2.14,0.093,0.0,0.0,0.0,0.031684;0.0;0.0;0.0;0.0;0.0;0.0;0.031684;0.0;0.0;0.0;0.0;0.0;0.0;0.031684;0.0;0.0;0.0;0.0;0.0;0.0;-1.0;0.0;0.0;0.0;0.0;0.0;0.0;0.0;0.0;0.0;0.0;0.0;0.0;0.0;0.0,1778833944,315744135
2159,1778833944,374553675,gps,-2.216,2.181,0.096,0.0,0.0,0.0,0.030975999999999997;0.0;0.0;0.0;0.0;0.0;0.0;0.030975999999999997;0.0;0.0;0.0;0.0;0.0;0.0;0.030975999999999997;0.0;0.0;0.0;0.0;0.0;0.0;-1.0;0.0;0.0;0.0;0.0;0.0;0.0;0.0;0.0;0.0;0.0;0.0;0.0;0.0;0.0,1778833944,440211962
2160,1778833944,499553611,gps,-2.297,2.275,0.09,0.0,0.0,0.0,0.031328999999999996;0.0;0.0;0.0;0.0;0.0;0.0;0.031328999999999996;0.0;0.0;0.0;0.0;0.0;0.0;0.031328999999999996;0.0;0.0;0.0;0.0;0.0;0.0;-1.0;0.0;0.0;0.0;0.0;0.0;0.0;0.0;0.0;0.0;0.0;0.0;0.0;0.0;0.0,1778833944,564968710
2161,1778833944,624553546,gps,-2.243,2.244,0.1,0.0,0.0,0.0,0.032041;0.0;0.0;0.0;0.0;0.0;0.0;0.032041;0.0;0.0;0.0;0.0;0.0;0.0;0.032041;0.0;0.0;0.0;0.0;0.0;0.0;-1.0;0.0;0.0;0.0;0.0;0.0;0.0;0.0;0.0;0.0;0.0;0.0;0.0;0.0;0.0,1778833944,690490958
2162,1778833944,749553482,gps,-2.297,2.2680000000000002,0.085,0.0,0.0,0.0,0.031328999999999996;0.0;0.0;0.0;0.0;0.0;0.0;0.031328999999999996;0.0;0.0;0.0;0.0;0.0;0.0;0.031328999999999996;0.0;0.0;0.0;0.0;0.0;0.0;-1.0;0.0;0.0;0.0;0.0;0.0;0.0;0.0;0.0;0.0;0.0;0.0;0.0;0.0;0.0,1778833944,816302063
2163,1778833944,874553417,gps,-2.408,2.376,0.092,0.0,0.0,0.0,0.031328999999999996;0.0;0.0;0.0;0.0;0.0;0.0;0.031328999999999996;0.0;0.0;0.0;0.0;0.0;0.0;0.031328999999999996;0.0;0.0;0.0;0.0;0.0;0.0;-1.0;0.0;0.0;0.0;0.0;0.0;0.0;0.0;0.0;0.0;0.0;0.0;0.0;0.0;0.0,1778833944,938747926
2164,1778833944,999553354,gps,-2.457,2.46,0.091,0.0,0.0,0.0,0.031684;0.0;0.0;0.0;0.0;0.0;0.0;0.031684;0.0;0.0;0.0;0.0;0.0;0.0;0.031684;0.0;0.0;0.0;0.0;0.0;0.0;-1.0;0.0;0.0;0.0;0.0;0.0;0.0;0.0;0.0;0.0;0.0;0.0;0.0;0.0;0.0,1778833945,72230822
2165,1778833945,124553288,gps,-2.475,2.457,0.094,0.0,0.0,0.0,0.031684;0.0;0.0;0.0;0.0;0.0;0.0;0.031684;0.0;0.0;0.0;0.0;0.0;0.0;0.031684;0.0;0.0;0.0;0.0;0.0;0.0;-1.0;0.0;0.0;0.0;0.0;0.0;0.0;0.0;0.0;0.0;0.0;0.0;0.0;0.0;0.0,1778833945,192220673
2166,1778833945,249553224,gps,-2.442,2.462,0.08700000000000001,0.0,0.0,0.0,0.031684;0.0;0.0;0.0;0.0;0.0;0.0;0.031684;0.0;0.0;0.0;0.0;0.0;0.0;0.031684;0.0;0.0;0.0;0.0;0.0;0.0;-1.0;0.0;0.0;0.0;0.0;0.0;0.0;0.0;0.0;0.0;0.0;0.0;0.0;0.0;0.0,1778833945,316949346
2167,1778833945,374553159,gps,-2.407,2.482,0.096,0.0,0.0,0.0,0.031684;0.0;0.0;0.0;0.0;0.0;0.0;0.031684;0.0;0.0;0.0;0.0;0.0;0.0;0.031684;0.0;0.0;0.0;0.0;0.0;0.0;-1.0;0.0;0.0;0.0;0.0;0.0;0.0;0.0;0.0;0.0;0.0;0.0;0.0;0.0;0.0,1778833945,441380957
2168,1778833945,499553095,gps,-2.427,2.459,0.085,0.0,0.0,0.0,0.031328999999999996;0.0;0.0;0.0;0.0;0.0;0.0;0.031328999999999996;0.0;0.0;0.0;0.0;0.0;0.0;0.031328999999999996;0.0;0.0;0.0;0.0;0.0;0.0;-1.0;0.0;0.0;0.0;0.0;0.0;0.0;0.0;0.0;0.0;0.0;0.0;0.0;0.0;0.0,1778833945,567469490
2169,1778833945,624553030,gps,-2.4090000000000003,2.43,0.095,0.0,0.0,0.0,0.031684;0.0;0.0;0.0;0.0;0.0;0.0;0.031684;0.0;0.0;0.0;0.0;0.0;0.0;0.031684;0.0;0.0;0.0;0.0;0.0;0.0;-1.0;0.0;0.0;0.0;0.0;0.0;0.0;0.0;0.0;0.0;0.0;0.0;0.0;0.0;0.0,1778833945,690530375
2170,1778833945,749552965,gps,-2.414,2.494,0.098,0.0,0.0,0.0,0.031328999999999996;0.0;0.0;0.0;0.0;0.0;0.0;0.031328999999999996;0.0;0.0;0.0;0.0;0.0;0.0;0.031328999999999996;0.0;0.0;0.0;0.0;0.0;0.0;-1.0;0.0;0.0;0.0;0.0;0.0;0.0;0.0;0.0;0.0;0.0;0.0;0.0;0.0;0.0,1778833945,815785724
2171,1778833945,874552901,gps,-2.469,2.452,0.092,0.0,0.0,0.0,0.031684;0.0;0.0;0.0;0.0;0.0;0.0;0.031684;0.0;0.0;0.0;0.0;0.0;0.0;0.031684;0.0;0.0;0.0;0.0;0.0;0.0;-1.0;0.0;0.0;0.0;0.0;0.0;0.0;0.0;0.0;0.0;0.0;0.0;0.0;0.0;0.0,1778833945,941234547
2172,1778833945,999552837,gps,-2.348,2.438,0.092,0.0,0.0,0.0,0.031684;0.0;0.0;0.0;0.0;0.0;0.0;0.031684;0.0;0.0;0.0;0.0;0.0;0.0;0.031684;0.0;0.0;0.0;0.0;0.0;0.0;-1.0;0.0;0.0;0.0;0.0;0.0;0.0;0.0;0.0;0.0;0.0;0.0;0.0;0.0;0.0,1778833946,70809956
2173,1778833946,124552772,gps,-2.212,2.306,0.088,0.0,0.0,0.0,0.032041;0.0;0.0;0.0;0.0;0.0;0.0;0.032041;0.0;0.0;0.0;0.0;0.0;0.0;0.032041;0.0;0.0;0.0;0.0;0.0;0.0;-1.0;0.0;0.0;0.0;0.0;0.0;0.0;0.0;0.0;0.0;0.0;0.0;0.0;0.0;0.0,1778833946,191395677
2174,1778833946,249552707,gps,-2.073,2.067,0.109,0.0,0.0,0.0,0.031684;0.0;0.0;0.0;0.0;0.0;0.0;0.031684;0.0;0.0;0.0;0.0;0.0;0.0;0.031684;0.0;0.0;0.0;0.0;0.0;0.0;-1.0;0.0;0.0;0.0;0.0;0.0;0.0;0.0;0.0;0.0;0.0;0.0;0.0;0.0;0.0,1778833946,317735026
2175,1778833946,374552643,gps,-1.818,1.929,0.10300000000000001,0.0,0.0,0.0,0.032041;0.0;0.0;0.0;0.0;0.0;0.0;0.032041;0.0;0.0;0.0;0.0;0.0;0.0;0.032041;0.0;0.0;0.0;0.0;0.0;0.0;-1.0;0.0;0.0;0.0;0.0;0.0;0.0;0.0;0.0;0.0;0.0;0.0;0.0;0.0;0.0,1778833946,441614953
2176,1778833946,499552578,gps,-1.449,1.583,0.099,0.0,0.0,0.0,0.032761;0.0;0.0;0.0;0.0;0.0;0.0;0.032761;0.0;0.0;0.0;0.0;0.0;0.0;0.032761;0.0;0.0;0.0;0.0;0.0;0.0;-1.0;0.0;0.0;0.0;0.0;0.0;0.0;0.0;0.0;0.0;0.0;0.0;0.0;0.0;0.0,1778833946,567708918
2177,1778833946,624552514,gps,-1.077,1.178,0.082,0.0,0.0,0.0,0.032761;0.0;0.0;0.0;0.0;0.0;0.0;0.032761;0.0;0.0;0.0;0.0;0.0;0.0;0.032761;0.0;0.0;0.0;0.0;0.0;0.0;-1.0;0.0;0.0;0.0;0.0;0.0;0.0;0.0;0.0;0.0;0.0;0.0;0.0;0.0;0.0,1778833946,691722994
2178,1778833946,749552449,gps,-0.761,0.856,0.082,0.0,0.0,0.0,0.033124;0.0;0.0;0.0;0.0;0.0;0.0;0.033124;0.0;0.0;0.0;0.0;0.0;0.0;0.033124;0.0;0.0;0.0;0.0;0.0;0.0;-1.0;0.0;0.0;0.0;0.0;0.0;0.0;0.0;0.0;0.0;0.0;0.0;0.0;0.0;0.0,1778833946,814542057
2179,1778833946,874552385,gps,-0.445,0.504,0.083,0.0,0.0,0.0,0.033489;0.0;0.0;0.0;0.0;0.0;0.0;0.033489;0.0;0.0;0.0;0.0;0.0;0.0;0.033489;0.0;0.0;0.0;0.0;0.0;0.0;-1.0;0.0;0.0;0.0;0.0;0.0;0.0;0.0;0.0;0.0;0.0;0.0;0.0;0.0;0.0,1778833946,940880108
2180,1778833946,999552321,gps,-0.242,0.261,0.063,0.0,0.0,0.0,0.033124;0.0;0.0;0.0;0.0;0.0;0.0;0.033124;0.0;0.0;0.0;0.0;0.0;0.0;0.033124;0.0;0.0;0.0;0.0;0.0;0.0;-1.0;0.0;0.0;0.0;0.0;0.0;0.0;0.0;0.0;0.0;0.0;0.0;0.0;0.0;0.0,1778833947,69721435
2181,1778833947,124552255,gps,0.004,0.106,0.047,0.0,0.0,0.0,0.039601000000000004;0.0;0.0;0.0;0.0;0.0;0.0;0.039601000000000004;0.0;0.0;0.0;0.0;0.0;0.0;0.039601000000000004;0.0;0.0;0.0;0.0;0.0;0.0;-1.0;0.0;0.0;0.0;0.0;0.0;0.0;0.0;0.0;0.0;0.0;0.0;0.0;0.0;0.0,1778833947,190478365
2182,1778833947,249552191,gps,0.089,-0.08,0.036000000000000004,0.0,0.0,0.0,0.030975999999999997;0.0;0.0;0.0;0.0;0.0;0.0;0.030975999999999997;0.0;0.0;0.0;0.0;0.0;0.0;0.030975999999999997;0.0;0.0;0.0;0.0;0.0;0.0;-1.0;0.0;0.0;0.0;0.0;0.0;0.0;0.0;0.0;0.0;0.0;0.0;0.0;0.0;0.0,1778833947,315624716
2183,1778833947,374552126,gps,-0.046,0.008,0.038,0.0,0.0,0.0,0.029241000000000003;0.0;0.0;0.0;0.0;0.0;0.0;0.029241000000000003;0.0;0.0;0.0;0.0;0.0;0.0;0.029241000000000003;0.0;0.0;0.0;0.0;0.0;0.0;-1.0;0.0;0.0;0.0;0.0;0.0;0.0;0.0;0.0;0.0;0.0;0.0;0.0;0.0;0.0,1778833947,440169455
2184,1778833947,499552062,gps,-0.041,0.047,0.06,0.0,0.0,0.0,0.029241000000000003;0.0;0.0;0.0;0.0;0.0;0.0;0.029241000000000003;0.0;0.0;0.0;0.0;0.0;0.0;0.029241000000000003;0.0;0.0;0.0;0.0;0.0;0.0;-1.0;0.0;0.0;0.0;0.0;0.0;0.0;0.0;0.0;0.0;0.0;0.0;0.0;0.0;0.0,1778833947,564959102
2185,1778833947,624551997,gps,0.044,-0.069,0.045,0.0,0.0,0.0,0.032761;0.0;0.0;0.0;0.0;0.0;0.0;0.032761;0.0;0.0;0.0;0.0;0.0;0.0;0.032761;0.0;0.0;0.0;0.0;0.0;0.0;-1.0;0.0;0.0;0.0;0.0;0.0;0.0;0.0;0.0;0.0;0.0;0.0;0.0;0.0;0.0,1778833947,685753107
2186,1778833947,749551933,gps,0.024,-0.013000000000000001,0.038,0.0,0.0,0.0,0.026244;0.0;0.0;0.0;0.0;0.0;0.0;0.026244;0.0;0.0;0.0;0.0;0.0;0.0;0.026244;0.0;0.0;0.0;0.0;0.0;0.0;-1.0;0.0;0.0;0.0;0.0;0.0;0.0;0.0;0.0;0.0;0.0;0.0;0.0;0.0;0.0,1778833947,814378974
2187,1778833947,874551868,gps,0.006,0.043000000000000003,0.027,0.0,0.0,0.0,0.036864;0.0;0.0;0.0;0.0;0.0;0.0;0.036864;0.0;0.0;0.0;0.0;0.0;0.0;0.036864;0.0;0.0;0.0;0.0;0.0;0.0;-1.0;0.0;0.0;0.0;0.0;0.0;0.0;0.0;0.0;0.0;0.0;0.0;0.0;0.0;0.0,1778833947,938630121
2188,1778833947,999551805,gps,-0.029,0.011,0.037,0.0,0.0,0.0,0.028224000000000003;0.0;0.0;0.0;0.0;0.0;0.0;0.028224000000000003;0.0;0.0;0.0;0.0;0.0;0.0;0.028224000000000003;0.0;0.0;0.0;0.0;0.0;0.0;-1.0;0.0;0.0;0.0;0.0;0.0;0.0;0.0;0.0;0.0;0.0;0.0;0.0;0.0;0.0,1778833948,69412426
2189,1778833948,124551739,gps,0.006,-0.067,0.025,0.0,0.0,0.0,0.04080400000000001;0.0;0.0;0.0;0.0;0.0;0.0;0.04080400000000001;0.0;0.0;0.0;0.0;0.0;0.0;0.04080400000000001;0.0;0.0;0.0;0.0;0.0;0.0;-1.0;0.0;0.0;0.0;0.0;0.0;0.0;0.0;0.0;0.0;0.0;0.0;0.0;0.0;0.0,1778833948,190496171
2190,1778833948,249551675,gps,-0.005,-0.021,0.023,0.0,0.0,0.0,0.036481;0.0;0.0;0.0;0.0;0.0;0.0;0.036481;0.0;0.0;0.0;0.0;0.0;0.0;0.036481;0.0;0.0;0.0;0.0;0.0;0.0;-1.0;0.0;0.0;0.0;0.0;0.0;0.0;0.0;0.0;0.0;0.0;0.0;0.0;0.0;0.0,1778833948,315426745
2191,1778833948,374551610,gps,-0.002,0.035,0.016,0.0,0.0,0.0,0.038416000000000006;0.0;0.0;0.0;0.0;0.0;0.0;0.038416000000000006;0.0;0.0;0.0;0.0;0.0;0.0;0.038416000000000006;0.0;0.0;0.0;0.0;0.0;0.0;-1.0;0.0;0.0;0.0;0.0;0.0;0.0;0.0;0.0;0.0;0.0;0.0;0.0;0.0;0.0,1778833948,438383824
2192,1778833948,499551545,gps,-0.01,-0.02,0.024,0.0,0.0,0.0,0.036481;0.0;0.0;0.0;0.0;0.0;0.0;0.036481;0.0;0.0;0.0;0.0;0.0;0.0;0.036481;0.0;0.0;0.0;0.0;0.0;0.0;-1.0;0.0;0.0;0.0;0.0;0.0;0.0;0.0;0.0;0.0;0.0;0.0;0.0;0.0;0.0,1778833948,559685186
2193,1778833948,624551481,gps,0.016,-0.014,0.017,0.0,0.0,0.0,0.028900000000000006;0.0;0.0;0.0;0.0;0.0;0.0;0.028900000000000006;0.0;0.0;0.0;0.0;0.0;0.0;0.028900000000000006;0.0;0.0;0.0;0.0;0.0;0.0;-1.0;0.0;0.0;0.0;0.0;0.0;0.0;0.0;0.0;0.0;0.0;0.0;0.0;0.0;0.0,1778833948,688612811
2194,1778833948,749551416,gps,-0.037,-0.02,0.015,0.0,0.0,0.0,0.038809;0.0;0.0;0.0;0.0;0.0;0.0;0.038809;0.0;0.0;0.0;0.0;0.0;0.0;0.038809;0.0;0.0;0.0;0.0;0.0;0.0;-1.0;0.0;0.0;0.0;0.0;0.0;0.0;0.0;0.0;0.0;0.0;0.0;0.0;0.0;0.0,1778833948,813898778
2195,1778833948,874551352,gps,-0.021,0.004,0.022,0.0,0.0,0.0,0.029241000000000003;0.0;0.0;0.0;0.0;0.0;0.0;0.029241000000000003;0.0;0.0;0.0;0.0;0.0;0.0;0.029241000000000003;0.0;0.0;0.0;0.0;0.0;0.0;-1.0;0.0;0.0;0.0;0.0;0.0;0.0;0.0;0.0;0.0;0.0;0.0;0.0;0.0;0.0,1778833948,939560153
2196,1778833948,999551288,gps,-0.01,0.025,0.019,0.0,0.0,0.0,0.033489;0.0;0.0;0.0;0.0;0.0;0.0;0.033489;0.0;0.0;0.0;0.0;0.0;0.0;0.033489;0.0;0.0;0.0;0.0;0.0;0.0;-1.0;0.0;0.0;0.0;0.0;0.0;0.0;0.0;0.0;0.0;0.0;0.0;0.0;0.0;0.0,1778833949,69813023
2197,1778833949,124551223,gps,0.021,0.038,0.009000000000000001,0.0,0.0,0.0,0.04326400000000001;0.0;0.0;0.0;0.0;0.0;0.0;0.04326400000000001;0.0;0.0;0.0;0.0;0.0;0.0;0.04326400000000001;0.0;0.0;0.0;0.0;0.0;0.0;-1.0;0.0;0.0;0.0;0.0;0.0;0.0;0.0;0.0;0.0;0.0;0.0;0.0;0.0;0.0,1778833949,188694779
2198,1778833949,249551158,gps,0.014,-0.044,0.011,0.0,0.0,0.0,0.039204;0.0;0.0;0.0;0.0;0.0;0.0;0.039204;0.0;0.0;0.0;0.0;0.0;0.0;0.039204;0.0;0.0;0.0;0.0;0.0;0.0;-1.0;0.0;0.0;0.0;0.0;0.0;0.0;0.0;0.0;0.0;0.0;0.0;0.0;0.0;0.0,1778833949,315584620
2199,1778833949,374551094,gps,-0.02,0.003,0.006,0.0,0.0,0.0,0.030975999999999997;0.0;0.0;0.0;0.0;0.0;0.0;0.030975999999999997;0.0;0.0;0.0;0.0;0.0;0.0;0.030975999999999997;0.0;0.0;0.0;0.0;0.0;0.0;-1.0;0.0;0.0;0.0;0.0;0.0;0.0;0.0;0.0;0.0;0.0;0.0;0.0;0.0;0.0,1778833949,437444666
2200,1778833949,499551029,gps,0.019,0.031,0.014,0.0,0.0,0.0,0.04243600000000001;0.0;0.0;0.0;0.0;0.0;0.0;0.04243600000000001;0.0;0.0;0.0;0.0;0.0;0.0;0.04243600000000001;0.0;0.0;0.0;0.0;0.0;0.0;-1.0;0.0;0.0;0.0;0.0;0.0;0.0;0.0;0.0;0.0;0.0;0.0;0.0;0.0;0.0,1778833949,565394409
2201,1778833949,624550965,gps,0.014,0.017,0.01,0.0,0.0,0.0,0.04000000000000001;0.0;0.0;0.0;0.0;0.0;0.0;0.04000000000000001;0.0;0.0;0.0;0.0;0.0;0.0;0.04000000000000001;0.0;0.0;0.0;0.0;0.0;0.0;-1.0;0.0;0.0;0.0;0.0;0.0;0.0;0.0;0.0;0.0;0.0;0.0;0.0;0.0;0.0,1778833949,690910104
2202,1778833949,749550900,gps,0.02,0.001,0.004,0.0,0.0,0.0,0.031328999999999996;0.0;0.0;0.0;0.0;0.0;0.0;0.031328999999999996;0.0;0.0;0.0;0.0;0.0;0.0;0.031328999999999996;0.0;0.0;0.0;0.0;0.0;0.0;-1.0;0.0;0.0;0.0;0.0;0.0;0.0;0.0;0.0;0.0;0.0;0.0;0.0;0.0;0.0,1778833949,814978388
2203,1778833949,874550836,gps,-0.012,0.0,-0.003,0.0,0.0,0.0,0.030276000000000004;0.0;0.0;0.0;0.0;0.0;0.0;0.030276000000000004;0.0;0.0;0.0;0.0;0.0;0.0;0.030276000000000004;0.0;0.0;0.0;0.0;0.0;0.0;-1.0;0.0;0.0;0.0;0.0;0.0;0.0;0.0;0.0;0.0;0.0;0.0;0.0;0.0;0.0,1778833949,937944792
2204,1778833949,999550772,gps,0.02,-0.017,0.007,0.0,0.0,0.0,0.030975999999999997;0.0;0.0;0.0;0.0;0.0;0.0;0.030975999999999997;0.0;0.0;0.0;0.0;0.0;0.0;0.030975999999999997;0.0;0.0;0.0;0.0;0.0;0.0;-1.0;0.0;0.0;0.0;0.0;0.0;0.0;0.0;0.0;0.0;0.0;0.0;0.0;0.0;0.0,1778833950,68512722
2205,1778833950,124550706,gps,0.004,0.048,0.002,0.0,0.0,0.0,0.043681;0.0;0.0;0.0;0.0;0.0;0.0;0.043681;0.0;0.0;0.0;0.0;0.0;0.0;0.043681;0.0;0.0;0.0;0.0;0.0;0.0;-1.0;0.0;0.0;0.0;0.0;0.0;0.0;0.0;0.0;0.0;0.0;0.0;0.0;0.0;0.0,1778833950,189979988
2206,1778833950,249550642,gps,-0.035,-0.012,0.001,0.0,0.0,0.0,0.036481;0.0;0.0;0.0;0.0;0.0;0.0;0.036481;0.0;0.0;0.0;0.0;0.0;0.0;0.036481;0.0;0.0;0.0;0.0;0.0;0.0;-1.0;0.0;0.0;0.0;0.0;0.0;0.0;0.0;0.0;0.0;0.0;0.0;0.0;0.0;0.0,1778833950,316900081
2207,1778833950,374550577,gps,0.033,0.025,0.006,0.0,0.0,0.0,0.039601000000000004;0.0;0.0;0.0;0.0;0.0;0.0;0.039601000000000004;0.0;0.0;0.0;0.0;0.0;0.0;0.039601000000000004;0.0;0.0;0.0;0.0;0.0;0.0;-1.0;0.0;0.0;0.0;0.0;0.0;0.0;0.0;0.0;0.0;0.0;0.0;0.0;0.0;0.0,1778833950,439485670
2208,1778833950,499550513,gps,0.018000000000000002,0.017,-0.01,0.0,0.0,0.0,0.04080400000000001;0.0;0.0;0.0;0.0;0.0;0.0;0.04080400000000001;0.0;0.0;0.0;0.0;0.0;0.0;0.04080400000000001;0.0;0.0;0.0;0.0;0.0;0.0;-1.0;0.0;0.0;0.0;0.0;0.0;0.0;0.0;0.0;0.0;0.0;0.0;0.0;0.0;0.0,1778833950,564683981
2209,1778833950,624550448,gps,-0.032,-0.026000000000000002,-0.001,0.0,0.0,0.0,0.04080400000000001;0.0;0.0;0.0;0.0;0.0;0.0;0.04080400000000001;0.0;0.0;0.0;0.0;0.0;0.0;0.04080400000000001;0.0;0.0;0.0;0.0;0.0;0.0;-1.0;0.0;0.0;0.0;0.0;0.0;0.0;0.0;0.0;0.0;0.0;0.0;0.0;0.0;0.0,1778833950,689579638
2210,1778833950,749550384,gps,0.008,-0.021,0.006,0.0,0.0,0.0,0.037636;0.0;0.0;0.0;0.0;0.0;0.0;0.037636;0.0;0.0;0.0;0.0;0.0;0.0;0.037636;0.0;0.0;0.0;0.0;0.0;0.0;-1.0;0.0;0.0;0.0;0.0;0.0;0.0;0.0;0.0;0.0;0.0;0.0;0.0;0.0;0.0,1778833950,814340902
2211,1778833950,874550319,gps,-0.028,-0.016,0.008,0.0,0.0,0.0,0.039204;0.0;0.0;0.0;0.0;0.0;0.0;0.039204;0.0;0.0;0.0;0.0;0.0;0.0;0.039204;0.0;0.0;0.0;0.0;0.0;0.0;-1.0;0.0;0.0;0.0;0.0;0.0;0.0;0.0;0.0;0.0;0.0;0.0;0.0;0.0;0.0,1778833950,938725374
2212,1778833950,999550256,gps,-0.01,0.013000000000000001,0.011,0.0,0.0,0.0,0.030975999999999997;0.0;0.0;0.0;0.0;0.0;0.0;0.030975999999999997;0.0;0.0;0.0;0.0;0.0;0.0;0.030975999999999997;0.0;0.0;0.0;0.0;0.0;0.0;-1.0;0.0;0.0;0.0;0.0;0.0;0.0;0.0;0.0;0.0;0.0;0.0;0.0;0.0;0.0,1778833951,69678079
2213,1778833951,124550190,gps,0.007,-0.036000000000000004,0.005,0.0,0.0,0.0,0.04080400000000001;0.0;0.0;0.0;0.0;0.0;0.0;0.04080400000000001;0.0;0.0;0.0;0.0;0.0;0.0;0.04080400000000001;0.0;0.0;0.0;0.0;0.0;0.0;-1.0;0.0;0.0;0.0;0.0;0.0;0.0;0.0;0.0;0.0;0.0;0.0;0.0;0.0;0.0,1778833951,191952984
2214,1778833951,249550126,gps,-0.03,-0.032,0.006,0.0,0.0,0.0,0.042849000000000005;0.0;0.0;0.0;0.0;0.0;0.0;0.042849000000000005;0.0;0.0;0.0;0.0;0.0;0.0;0.042849000000000005;0.0;0.0;0.0;0.0;0.0;0.0;-1.0;0.0;0.0;0.0;0.0;0.0;0.0;0.0;0.0;0.0;0.0;0.0;0.0;0.0;0.0,1778833951,313836287
2215,1778833951,374550061,gps,0.024,0.01,0.01,0.0,0.0,0.0,0.034596;0.0;0.0;0.0;0.0;0.0;0.0;0.034596;0.0;0.0;0.0;0.0;0.0;0.0;0.034596;0.0;0.0;0.0;0.0;0.0;0.0;-1.0;0.0;0.0;0.0;0.0;0.0;0.0;0.0;0.0;0.0;0.0;0.0;0.0;0.0;0.0,1778833951,439913921
2216,1778833951,499549997,gps,-0.002,-0.02,0.001,0.0,0.0,0.0,0.044521;0.0;0.0;0.0;0.0;0.0;0.0;0.044521;0.0;0.0;0.0;0.0;0.0;0.0;0.044521;0.0;0.0;0.0;0.0;0.0;0.0;-1.0;0.0;0.0;0.0;0.0;0.0;0.0;0.0;0.0;0.0;0.0;0.0;0.0;0.0;0.0,1778833951,563928397
2217,1778833951,624549932,gps,-0.003,0.002,0.017,0.0,0.0,0.0,0.028561000000000003;0.0;0.0;0.0;0.0;0.0;0.0;0.028561000000000003;0.0;0.0;0.0;0.0;0.0;0.0;0.028561000000000003;0.0;0.0;0.0;0.0;0.0;0.0;-1.0;0.0;0.0;0.0;0.0;0.0;0.0;0.0;0.0;0.0;0.0;0.0;0.0;0.0;0.0,1778833951,689355427
2218,1778833951,749549868,gps,0.029,0.014,0.0,0.0,0.0,0.0,0.038416000000000006;0.0;0.0;0.0;0.0;0.0;0.0;0.038416000000000006;0.0;0.0;0.0;0.0;0.0;0.0;0.038416000000000006;0.0;0.0;0.0;0.0;0.0;0.0;-1.0;0.0;0.0;0.0;0.0;0.0;0.0;0.0;0.0;0.0;0.0;0.0;0.0;0.0;0.0,1778833951,814475271
2219,1778833951,874549803,gps,0.006,0.022,0.009000000000000001,0.0,0.0,0.0,0.04161600000000001;0.0;0.0;0.0;0.0;0.0;0.0;0.04161600000000001;0.0;0.0;0.0;0.0;0.0;0.0;0.04161600000000001;0.0;0.0;0.0;0.0;0.0;0.0;-1.0;0.0;0.0;0.0;0.0;0.0;0.0;0.0;0.0;0.0;0.0;0.0;0.0;0.0;0.0,1778833951,939815098
2220,1778833951,999549740,gps,-0.053,-0.021,-0.001,0.0,0.0,0.0,0.036864;0.0;0.0;0.0;0.0;0.0;0.0;0.036864;0.0;0.0;0.0;0.0;0.0;0.0;0.036864;0.0;0.0;0.0;0.0;0.0;0.0;-1.0;0.0;0.0;0.0;0.0;0.0;0.0;0.0;0.0;0.0;0.0;0.0;0.0;0.0;0.0,1778833952,70011750
2221,1778833952,124549674,gps,0.042,0.01,0.006,0.0,0.0,0.0,0.034225;0.0;0.0;0.0;0.0;0.0;0.0;0.034225;0.0;0.0;0.0;0.0;0.0;0.0;0.034225;0.0;0.0;0.0;0.0;0.0;0.0;-1.0;0.0;0.0;0.0;0.0;0.0;0.0;0.0;0.0;0.0;0.0;0.0;0.0;0.0;0.0,1778833952,186595284
2222,1778833952,249549610,gps,0.008,-0.014,-0.001,0.0,0.0,0.0,0.0361;0.0;0.0;0.0;0.0;0.0;0.0;0.0361;0.0;0.0;0.0;0.0;0.0;0.0;0.0361;0.0;0.0;0.0;0.0;0.0;0.0;-1.0;0.0;0.0;0.0;0.0;0.0;0.0;0.0;0.0;0.0;0.0;0.0;0.0;0.0;0.0,1778833952,315713988
2223,1778833952,374549545,gps,0.01,0.004,-0.002,0.0,0.0,0.0,0.036481;0.0;0.0;0.0;0.0;0.0;0.0;0.036481;0.0;0.0;0.0;0.0;0.0;0.0;0.036481;0.0;0.0;0.0;0.0;0.0;0.0;-1.0;0.0;0.0;0.0;0.0;0.0;0.0;0.0;0.0;0.0;0.0;0.0;0.0;0.0;0.0,1778833952,439842557
2224,1778833952,499549481,gps,-0.003,0.006,0.001,0.0,0.0,0.0,0.038809;0.0;0.0;0.0;0.0;0.0;0.0;0.038809;0.0;0.0;0.0;0.0;0.0;0.0;0.038809;0.0;0.0;0.0;0.0;0.0;0.0;-1.0;0.0;0.0;0.0;0.0;0.0;0.0;0.0;0.0;0.0;0.0;0.0;0.0;0.0;0.0,1778833952,565431294
2225,1778833952,624549416,gps,0.026000000000000002,0.004,-0.001,0.0,0.0,0.0,0.033489;0.0;0.0;0.0;0.0;0.0;0.0;0.033489;0.0;0.0;0.0;0.0;0.0;0.0;0.033489;0.0;0.0;0.0;0.0;0.0;0.0;-1.0;0.0;0.0;0.0;0.0;0.0;0.0;0.0;0.0;0.0;0.0;0.0;0.0;0.0;0.0,1778833952,690610508
2226,1778833952,749549352,gps,-0.009000000000000001,0.017,-0.004,0.0,0.0,0.0,0.0361;0.0;0.0;0.0;0.0;0.0;0.0;0.0361;0.0;0.0;0.0;0.0;0.0;0.0;0.0361;0.0;0.0;0.0;0.0;0.0;0.0;-1.0;0.0;0.0;0.0;0.0;0.0;0.0;0.0;0.0;0.0;0.0;0.0;0.0;0.0;0.0,1778833952,814655726
2227,1778833952,874549287,gps,-0.037,-0.008,-0.01,0.0,0.0,0.0,0.033124;0.0;0.0;0.0;0.0;0.0;0.0;0.033124;0.0;0.0;0.0;0.0;0.0;0.0;0.033124;0.0;0.0;0.0;0.0;0.0;0.0;-1.0;0.0;0.0;0.0;0.0;0.0;0.0;0.0;0.0;0.0;0.0;0.0;0.0;0.0;0.0,1778833952,938542368
2228,1778833952,999549224,gps,0.01,0.022,-0.027,0.0,0.0,0.0,0.0361;0.0;0.0;0.0;0.0;0.0;0.0;0.0361;0.0;0.0;0.0;0.0;0.0;0.0;0.0361;0.0;0.0;0.0;0.0;0.0;0.0;-1.0;0.0;0.0;0.0;0.0;0.0;0.0;0.0;0.0;0.0;0.0;0.0;0.0;0.0;0.0,1778833953,64852188
2229,1778833953,124549158,gps,0.006,-0.026000000000000002,-0.005,0.0,0.0,0.0,0.039204;0.0;0.0;0.0;0.0;0.0;0.0;0.039204;0.0;0.0;0.0;0.0;0.0;0.0;0.039204;0.0;0.0;0.0;0.0;0.0;0.0;-1.0;0.0;0.0;0.0;0.0;0.0;0.0;0.0;0.0;0.0;0.0;0.0;0.0;0.0;0.0,1778833953,189399172
2230,1778833953,249549093,gps,0.002,0.005,-0.021,0.0,0.0,0.0,0.030625000000000006;0.0;0.0;0.0;0.0;0.0;0.0;0.030625000000000006;0.0;0.0;0.0;0.0;0.0;0.0;0.030625000000000006;0.0;0.0;0.0;0.0;0.0;0.0;-1.0;0.0;0.0;0.0;0.0;0.0;0.0;0.0;0.0;0.0;0.0;0.0;0.0;0.0;0.0,1778833953,315750058
2231,1778833953,374549029,gps,-0.004,0.03,-0.015,0.0,0.0,0.0,0.039204;0.0;0.0;0.0;0.0;0.0;0.0;0.039204;0.0;0.0;0.0;0.0;0.0;0.0;0.039204;0.0;0.0;0.0;0.0;0.0;0.0;-1.0;0.0;0.0;0.0;0.0;0.0;0.0;0.0;0.0;0.0;0.0;0.0;0.0;0.0;0.0,1778833953,439915128
2232,1778833953,499548964,gps,0.024,0.004,-0.02,0.0,0.0,0.0,0.032041;0.0;0.0;0.0;0.0;0.0;0.0;0.032041;0.0;0.0;0.0;0.0;0.0;0.0;0.032041;0.0;0.0;0.0;0.0;0.0;0.0;-1.0;0.0;0.0;0.0;0.0;0.0;0.0;0.0;0.0;0.0;0.0;0.0;0.0;0.0;0.0,1778833953,563998346
2233,1778833953,624548900,gps,-0.031,-0.004,-0.011,0.0,0.0,0.0,0.031328999999999996;0.0;0.0;0.0;0.0;0.0;0.0;0.031328999999999996;0.0;0.0;0.0;0.0;0.0;0.0;0.031328999999999996;0.0;0.0;0.0;0.0;0.0;0.0;-1.0;0.0;0.0;0.0;0.0;0.0;0.0;0.0;0.0;0.0;0.0;0.0;0.0;0.0;0.0,1778833953,689191611
2234,1778833953,749548835,gps,0.061,0.024,-0.01,0.0,0.0,0.0,0.036864;0.0;0.0;0.0;0.0;0.0;0.0;0.036864;0.0;0.0;0.0;0.0;0.0;0.0;0.036864;0.0;0.0;0.0;0.0;0.0;0.0;-1.0;0.0;0.0;0.0;0.0;0.0;0.0;0.0;0.0;0.0;0.0;0.0;0.0;0.0;0.0,1778833953,813665840
2235,1778833953,874548771,gps,0.0,-0.009000000000000001,-0.023,0.0,0.0,0.0,0.026896000000000003;0.0;0.0;0.0;0.0;0.0;0.0;0.026896000000000003;0.0;0.0;0.0;0.0;0.0;0.0;0.026896000000000003;0.0;0.0;0.0;0.0;0.0;0.0;-1.0;0.0;0.0;0.0;0.0;0.0;0.0;0.0;0.0;0.0;0.0;0.0;0.0;0.0;0.0,1778833953,936768488
2236,1778833953,999548707,gps,0.004,0.02,-0.036000000000000004,0.0,0.0,0.0,0.031328999999999996;0.0;0.0;0.0;0.0;0.0;0.0;0.031328999999999996;0.0;0.0;0.0;0.0;0.0;0.0;0.031328999999999996;0.0;0.0;0.0;0.0;0.0;0.0;-1.0;0.0;0.0;0.0;0.0;0.0;0.0;0.0;0.0;0.0;0.0;0.0;0.0;0.0;0.0,1778833954,69627087
2237,1778833954,124548642,gps,0.001,0.025,-0.022,0.0,0.0,0.0,0.036864;0.0;0.0;0.0;0.0;0.0;0.0;0.036864;0.0;0.0;0.0;0.0;0.0;0.0;0.036864;0.0;0.0;0.0;0.0;0.0;0.0;-1.0;0.0;0.0;0.0;0.0;0.0;0.0;0.0;0.0;0.0;0.0;0.0;0.0;0.0;0.0,1778833954,189868127
2238,1778833954,249548577,gps,-0.024,-0.017,-0.021,0.0,0.0,0.0,0.032761;0.0;0.0;0.0;0.0;0.0;0.0;0.032761;0.0;0.0;0.0;0.0;0.0;0.0;0.032761;0.0;0.0;0.0;0.0;0.0;0.0;-1.0;0.0;0.0;0.0;0.0;0.0;0.0;0.0;0.0;0.0;0.0;0.0;0.0;0.0;0.0,1778833954,315935838
2239,1778833954,374548513,gps,-0.022,0.026000000000000002,-0.022,0.0,0.0,0.0,0.030975999999999997;0.0;0.0;0.0;0.0;0.0;0.0;0.030975999999999997;0.0;0.0;0.0;0.0;0.0;0.0;0.030975999999999997;0.0;0.0;0.0;0.0;0.0;0.0;-1.0;0.0;0.0;0.0;0.0;0.0;0.0;0.0;0.0;0.0;0.0;0.0;0.0;0.0;0.0,1778833954,439469700
2240,1778833954,499548448,gps,0.034,0.018000000000000002,-0.021,0.0,0.0,0.0,0.037636;0.0;0.0;0.0;0.0;0.0;0.0;0.037636;0.0;0.0;0.0;0.0;0.0;0.0;0.037636;0.0;0.0;0.0;0.0;0.0;0.0;-1.0;0.0;0.0;0.0;0.0;0.0;0.0;0.0;0.0;0.0;0.0;0.0;0.0;0.0;0.0,1778833954,564682909
2241,1778833954,624548384,gps,0.041,-0.001,-0.016,0.0,0.0,0.0,0.031684;0.0;0.0;0.0;0.0;0.0;0.0;0.031684;0.0;0.0;0.0;0.0;0.0;0.0;0.031684;0.0;0.0;0.0;0.0;0.0;0.0;-1.0;0.0;0.0;0.0;0.0;0.0;0.0;0.0;0.0;0.0;0.0;0.0;0.0;0.0;0.0,1778833954,690511691
2242,1778833954,749548319,gps,-0.031,0.031,-0.013000000000000001,0.0,0.0,0.0,0.032041;0.0;0.0;0.0;0.0;0.0;0.0;0.032041;0.0;0.0;0.0;0.0;0.0;0.0;0.032041;0.0;0.0;0.0;0.0;0.0;0.0;-1.0;0.0;0.0;0.0;0.0;0.0;0.0;0.0;0.0;0.0;0.0;0.0;0.0;0.0;0.0,1778833954,814627802
2243,1778833954,874548255,gps,0.015,0.04,-0.032,0.0,0.0,0.0,0.04000000000000001;0.0;0.0;0.0;0.0;0.0;0.0;0.04000000000000001;0.0;0.0;0.0;0.0;0.0;0.0;0.04000000000000001;0.0;0.0;0.0;0.0;0.0;0.0;-1.0;0.0;0.0;0.0;0.0;0.0;0.0;0.0;0.0;0.0;0.0;0.0;0.0;0.0;0.0,1778833954,940273938
2244,1778833954,999548191,gps,0.048,-0.029,-0.02,0.0,0.0,0.0,0.030276000000000004;0.0;0.0;0.0;0.0;0.0;0.0;0.030276000000000004;0.0;0.0;0.0;0.0;0.0;0.0;0.030276000000000004;0.0;0.0;0.0;0.0;0.0;0.0;-1.0;0.0;0.0;0.0;0.0;0.0;0.0;0.0;0.0;0.0;0.0;0.0;0.0;0.0;0.0,1778833955,70393712
2245,1778833955,124548126,gps,0.007,-0.009000000000000001,-0.023,0.0,0.0,0.0,0.026896000000000003;0.0;0.0;0.0;0.0;0.0;0.0;0.026896000000000003;0.0;0.0;0.0;0.0;0.0;0.0;0.026896000000000003;0.0;0.0;0.0;0.0;0.0;0.0;-1.0;0.0;0.0;0.0;0.0;0.0;0.0;0.0;0.0;0.0;0.0;0.0;0.0;0.0;0.0,1778833955,189661353
2246,1778833955,249548061,gps,-0.009000000000000001,0.019,-0.019,0.0,0.0,0.0,0.0324;0.0;0.0;0.0;0.0;0.0;0.0;0.0324;0.0;0.0;0.0;0.0;0.0;0.0;0.0324;0.0;0.0;0.0;0.0;0.0;0.0;-1.0;0.0;0.0;0.0;0.0;0.0;0.0;0.0;0.0;0.0;0.0;0.0;0.0;0.0;0.0,1778833955,315703287
2247,1778833955,374547997,gps,-0.013000000000000001,0.02,-0.015,0.0,0.0,0.0,0.032761;0.0;0.0;0.0;0.0;0.0;0.0;0.032761;0.0;0.0;0.0;0.0;0.0;0.0;0.032761;0.0;0.0;0.0;0.0;0.0;0.0;-1.0;0.0;0.0;0.0;0.0;0.0;0.0;0.0;0.0;0.0;0.0;0.0;0.0;0.0;0.0,1778833955,439824946
2248,1778833955,499547932,gps,0.019,-0.011,-0.015,0.0,0.0,0.0,0.029241000000000003;0.0;0.0;0.0;0.0;0.0;0.0;0.029241000000000003;0.0;0.0;0.0;0.0;0.0;0.0;0.029241000000000003;0.0;0.0;0.0;0.0;0.0;0.0;-1.0;0.0;0.0;0.0;0.0;0.0;0.0;0.0;0.0;0.0;0.0;0.0;0.0;0.0;0.0,1778833955,566547477
2249,1778833955,624547868,gps,-0.011,-0.004,-0.016,0.0,0.0,0.0,0.027225000000000003;0.0;0.0;0.0;0.0;0.0;0.0;0.027225000000000003;0.0;0.0;0.0;0.0;0.0;0.0;0.027225000000000003;0.0;0.0;0.0;0.0;0.0;0.0;-1.0;0.0;0.0;0.0;0.0;0.0;0.0;0.0;0.0;0.0;0.0;0.0;0.0;0.0;0.0,1778833955,690306837
2250,1778833955,749547803,gps,0.02,0.007,-0.021,0.0,0.0,0.0,0.033124;0.0;0.0;0.0;0.0;0.0;0.0;0.033124;0.0;0.0;0.0;0.0;0.0;0.0;0.033124;0.0;0.0;0.0;0.0;0.0;0.0;-1.0;0.0;0.0;0.0;0.0;0.0;0.0;0.0;0.0;0.0;0.0;0.0;0.0;0.0;0.0,1778833955,812414507
2251,1778833955,874547739,gps,-0.043000000000000003,0.015,-0.004,0.0,0.0,0.0,0.029929000000000004;0.0;0.0;0.0;0.0;0.0;0.0;0.029929000000000004;0.0;0.0;0.0;0.0;0.0;0.0;0.029929000000000004;0.0;0.0;0.0;0.0;0.0;0.0;-1.0;0.0;0.0;0.0;0.0;0.0;0.0;0.0;0.0;0.0;0.0;0.0;0.0;0.0;0.0,1778833955,938733403
2252,1778833955,999547675,gps,-0.005,0.003,-0.021,0.0,0.0,0.0,0.028561000000000003;0.0;0.0;0.0;0.0;0.0;0.0;0.028561000000000003;0.0;0.0;0.0;0.0;0.0;0.0;0.028561000000000003;0.0;0.0;0.0;0.0;0.0;0.0;-1.0;0.0;0.0;0.0;0.0;0.0;0.0;0.0;0.0;0.0;0.0;0.0;0.0;0.0;0.0,1778833956,68699460
2253,1778833956,124547610,gps,0.04,0.033,-0.03,0.0,0.0,0.0,0.038809;0.0;0.0;0.0;0.0;0.0;0.0;0.038809;0.0;0.0;0.0;0.0;0.0;0.0;0.038809;0.0;0.0;0.0;0.0;0.0;0.0;-1.0;0.0;0.0;0.0;0.0;0.0;0.0;0.0;0.0;0.0;0.0;0.0;0.0;0.0;0.0,1778833956,189674307
2254,1778833956,249547545,gps,0.027,-0.004,-0.011,0.0,0.0,0.0,0.030975999999999997;0.0;0.0;0.0;0.0;0.0;0.0;0.030975999999999997;0.0;0.0;0.0;0.0;0.0;0.0;0.030975999999999997;0.0;0.0;0.0;0.0;0.0;0.0;-1.0;0.0;0.0;0.0;0.0;0.0;0.0;0.0;0.0;0.0;0.0;0.0;0.0;0.0;0.0,1778833956,315587226
2255,1778833956,374547480,gps,-0.023,-0.024,-0.008,0.0,0.0,0.0,0.04080400000000001;0.0;0.0;0.0;0.0;0.0;0.0;0.04080400000000001;0.0;0.0;0.0;0.0;0.0;0.0;0.04080400000000001;0.0;0.0;0.0;0.0;0.0;0.0;-1.0;0.0;0.0;0.0;0.0;0.0;0.0;0.0;0.0;0.0;0.0;0.0;0.0;0.0;0.0,1778833956,440669432
2256,1778833956,499547416,gps,0.0,0.029,-0.011,0.0,0.0,0.0,0.040401000000000006;0.0;0.0;0.0;0.0;0.0;0.0;0.040401000000000006;0.0;0.0;0.0;0.0;0.0;0.0;0.040401000000000006;0.0;0.0;0.0;0.0;0.0;0.0;-1.0;0.0;0.0;0.0;0.0;0.0;0.0;0.0;0.0;0.0;0.0;0.0;0.0;0.0;0.0,1778833956,564931725
2257,1778833956,624547351,gps,-0.001,0.013000000000000001,-0.02,0.0,0.0,0.0,0.031328999999999996;0.0;0.0;0.0;0.0;0.0;0.0;0.031328999999999996;0.0;0.0;0.0;0.0;0.0;0.0;0.031328999999999996;0.0;0.0;0.0;0.0;0.0;0.0;-1.0;0.0;0.0;0.0;0.0;0.0;0.0;0.0;0.0;0.0;0.0;0.0;0.0;0.0;0.0,1778833956,685977810
2258,1778833956,749547287,gps,0.008,-0.017,-0.021,0.0,0.0,0.0,0.029584000000000006;0.0;0.0;0.0;0.0;0.0;0.0;0.029584000000000006;0.0;0.0;0.0;0.0;0.0;0.0;0.029584000000000006;0.0;0.0;0.0;0.0;0.0;0.0;-1.0;0.0;0.0;0.0;0.0;0.0;0.0;0.0;0.0;0.0;0.0;0.0;0.0;0.0;0.0,1778833956,814298710
2259,1778833956,874547222,gps,-0.024,0.018000000000000002,-0.007,0.0,0.0,0.0,0.030276000000000004;0.0;0.0;0.0;0.0;0.0;0.0;0.030276000000000004;0.0;0.0;0.0;0.0;0.0;0.0;0.030276000000000004;0.0;0.0;0.0;0.0;0.0;0.0;-1.0;0.0;0.0;0.0;0.0;0.0;0.0;0.0;0.0;0.0;0.0;0.0;0.0;0.0;0.0,1778833956,939766453
2260,1778833956,999547159,gps,0.003,0.029,-0.003,0.0,0.0,0.0,0.043681;0.0;0.0;0.0;0.0;0.0;0.0;0.043681;0.0;0.0;0.0;0.0;0.0;0.0;0.043681;0.0;0.0;0.0;0.0;0.0;0.0;-1.0;0.0;0.0;0.0;0.0;0.0;0.0;0.0;0.0;0.0;0.0;0.0;0.0;0.0;0.0,1778833957,70120533
2261,1778833957,124547093,gps,0.007,0.004,-0.012,0.0,0.0,0.0,0.037636;0.0;0.0;0.0;0.0;0.0;0.0;0.037636;0.0;0.0;0.0;0.0;0.0;0.0;0.037636;0.0;0.0;0.0;0.0;0.0;0.0;-1.0;0.0;0.0;0.0;0.0;0.0;0.0;0.0;0.0;0.0;0.0;0.0;0.0;0.0;0.0,1778833957,190596839
2262,1778833957,249547029,gps,0.017,0.0,-0.011,0.0,0.0,0.0,0.031328999999999996;0.0;0.0;0.0;0.0;0.0;0.0;0.031328999999999996;0.0;0.0;0.0;0.0;0.0;0.0;0.031328999999999996;0.0;0.0;0.0;0.0;0.0;0.0;-1.0;0.0;0.0;0.0;0.0;0.0;0.0;0.0;0.0;0.0;0.0;0.0;0.0;0.0;0.0,1778833957,317010752
2263,1778833957,374546964,gps,-0.038,0.012,0.009000000000000001,0.0,0.0,0.0,0.030625000000000006;0.0;0.0;0.0;0.0;0.0;0.0;0.030625000000000006;0.0;0.0;0.0;0.0;0.0;0.0;0.030625000000000006;0.0;0.0;0.0;0.0;0.0;0.0;-1.0;0.0;0.0;0.0;0.0;0.0;0.0;0.0;0.0;0.0;0.0;0.0;0.0;0.0;0.0,1778833957,439790517
2264,1778833957,499546900,gps,0.013000000000000001,-0.006,-0.004,0.0,0.0,0.0,0.029929000000000004;0.0;0.0;0.0;0.0;0.0;0.0;0.029929000000000004;0.0;0.0;0.0;0.0;0.0;0.0;0.029929000000000004;0.0;0.0;0.0;0.0;0.0;0.0;-1.0;0.0;0.0;0.0;0.0;0.0;0.0;0.0;0.0;0.0;0.0;0.0;0.0;0.0;0.0,1778833957,560458491
2265,1778833957,624546835,gps,0.011,0.027,-0.002,0.0,0.0,0.0,0.045369;0.0;0.0;0.0;0.0;0.0;0.0;0.045369;0.0;0.0;0.0;0.0;0.0;0.0;0.045369;0.0;0.0;0.0;0.0;0.0;0.0;-1.0;0.0;0.0;0.0;0.0;0.0;0.0;0.0;0.0;0.0;0.0;0.0;0.0;0.0;0.0,1778833957,689826589
2266,1778833957,749546771,gps,-0.052000000000000005,0.037,0.0,0.0,0.0,0.0,0.030625000000000006;0.0;0.0;0.0;0.0;0.0;0.0;0.030625000000000006;0.0;0.0;0.0;0.0;0.0;0.0;0.030625000000000006;0.0;0.0;0.0;0.0;0.0;0.0;-1.0;0.0;0.0;0.0;0.0;0.0;0.0;0.0;0.0;0.0;0.0;0.0;0.0;0.0;0.0,1778833957,814773920
2267,1778833957,874546706,gps,0.04,-0.065,0.0,0.0,0.0,0.0,0.035721;0.0;0.0;0.0;0.0;0.0;0.0;0.035721;0.0;0.0;0.0;0.0;0.0;0.0;0.035721;0.0;0.0;0.0;0.0;0.0;0.0;-1.0;0.0;0.0;0.0;0.0;0.0;0.0;0.0;0.0;0.0;0.0;0.0;0.0;0.0;0.0,1778833957,940383440
2268,1778833957,999546643,gps,0.017,-0.012,-0.006,0.0,0.0,0.0,0.030975999999999997;0.0;0.0;0.0;0.0;0.0;0.0;0.030975999999999997;0.0;0.0;0.0;0.0;0.0;0.0;0.030975999999999997;0.0;0.0;0.0;0.0;0.0;0.0;-1.0;0.0;0.0;0.0;0.0;0.0;0.0;0.0;0.0;0.0;0.0;0.0;0.0;0.0;0.0,1778833958,69711054
2269,1778833958,124546577,gps,-0.022,0.052000000000000005,0.003,0.0,0.0,0.0,0.038025;0.0;0.0;0.0;0.0;0.0;0.0;0.038025;0.0;0.0;0.0;0.0;0.0;0.0;0.038025;0.0;0.0;0.0;0.0;0.0;0.0;-1.0;0.0;0.0;0.0;0.0;0.0;0.0;0.0;0.0;0.0;0.0;0.0;0.0;0.0;0.0,1778833958,188897544
2270,1778833958,249546513,gps,0.006,-0.013000000000000001,0.012,0.0,0.0,0.0,0.033124;0.0;0.0;0.0;0.0;0.0;0.0;0.033124;0.0;0.0;0.0;0.0;0.0;0.0;0.033124;0.0;0.0;0.0;0.0;0.0;0.0;-1.0;0.0;0.0;0.0;0.0;0.0;0.0;0.0;0.0;0.0;0.0;0.0;0.0;0.0;0.0,1778833958,314708852
2271,1778833958,374546448,gps,0.025,-0.019,-0.002,0.0,0.0,0.0,0.030975999999999997;0.0;0.0;0.0;0.0;0.0;0.0;0.030975999999999997;0.0;0.0;0.0;0.0;0.0;0.0;0.030975999999999997;0.0;0.0;0.0;0.0;0.0;0.0;-1.0;0.0;0.0;0.0;0.0;0.0;0.0;0.0;0.0;0.0;0.0;0.0;0.0;0.0;0.0,1778833958,436994903
2272,1778833958,499546384,gps,-0.002,-0.006,0.001,0.0,0.0,0.0,0.044944;0.0;0.0;0.0;0.0;0.0;0.0;0.044944;0.0;0.0;0.0;0.0;0.0;0.0;0.044944;0.0;0.0;0.0;0.0;0.0;0.0;-1.0;0.0;0.0;0.0;0.0;0.0;0.0;0.0;0.0;0.0;0.0;0.0;0.0;0.0;0.0,1778833958,564692087
2273,1778833958,624546319,gps,-0.004,0.038,0.011,0.0,0.0,0.0,0.039601000000000004;0.0;0.0;0.0;0.0;0.0;0.0;0.039601000000000004;0.0;0.0;0.0;0.0;0.0;0.0;0.039601000000000004;0.0;0.0;0.0;0.0;0.0;0.0;-1.0;0.0;0.0;0.0;0.0;0.0;0.0;0.0;0.0;0.0;0.0;0.0;0.0;0.0;0.0,1778833958,689882111
2274,1778833958,749546255,gps,-0.019,-0.065,0.013000000000000001,0.0,0.0,0.0,0.044944;0.0;0.0;0.0;0.0;0.0;0.0;0.044944;0.0;0.0;0.0;0.0;0.0;0.0;0.044944;0.0;0.0;0.0;0.0;0.0;0.0;-1.0;0.0;0.0;0.0;0.0;0.0;0.0;0.0;0.0;0.0;0.0;0.0;0.0;0.0;0.0,1778833958,813819471
2275,1778833958,874546190,gps,0.01,0.009000000000000001,0.011,0.0,0.0,0.0,0.033856;0.0;0.0;0.0;0.0;0.0;0.0;0.033856;0.0;0.0;0.0;0.0;0.0;0.0;0.033856;0.0;0.0;0.0;0.0;0.0;0.0;-1.0;0.0;0.0;0.0;0.0;0.0;0.0;0.0;0.0;0.0;0.0;0.0;0.0;0.0;0.0,1778833958,937708889
2276,1778833958,999546126,gps,-0.006,0.016,0.011,0.0,0.0,0.0,0.034225;0.0;0.0;0.0;0.0;0.0;0.0;0.034225;0.0;0.0;0.0;0.0;0.0;0.0;0.034225;0.0;0.0;0.0;0.0;0.0;0.0;-1.0;0.0;0.0;0.0;0.0;0.0;0.0;0.0;0.0;0.0;0.0;0.0;0.0;0.0;0.0,1778833959,67921739
2277,1778833959,124546061,gps,0.021,0.019,0.005,0.0,0.0,0.0,0.041209;0.0;0.0;0.0;0.0;0.0;0.0;0.041209;0.0;0.0;0.0;0.0;0.0;0.0;0.041209;0.0;0.0;0.0;0.0;0.0;0.0;-1.0;0.0;0.0;0.0;0.0;0.0;0.0;0.0;0.0;0.0;0.0;0.0;0.0;0.0;0.0,1778833959,190223783
2278,1778833959,249545996,gps,-0.029,0.002,0.011,0.0,0.0,0.0,0.032041;0.0;0.0;0.0;0.0;0.0;0.0;0.032041;0.0;0.0;0.0;0.0;0.0;0.0;0.032041;0.0;0.0;0.0;0.0;0.0;0.0;-1.0;0.0;0.0;0.0;0.0;0.0;0.0;0.0;0.0;0.0;0.0;0.0;0.0;0.0;0.0,1778833959,314542092
2279,1778833959,374545932,gps,0.01,-0.039,0.018000000000000002,0.0,0.0,0.0,0.038416000000000006;0.0;0.0;0.0;0.0;0.0;0.0;0.038416000000000006;0.0;0.0;0.0;0.0;0.0;0.0;0.038416000000000006;0.0;0.0;0.0;0.0;0.0;0.0;-1.0;0.0;0.0;0.0;0.0;0.0;0.0;0.0;0.0;0.0;0.0;0.0;0.0;0.0;0.0,1778833959,438764978
2280,1778833959,499545868,gps,-0.046,0.002,-0.009000000000000001,0.0,0.0,0.0,0.031328999999999996;0.0;0.0;0.0;0.0;0.0;0.0;0.031328999999999996;0.0;0.0;0.0;0.0;0.0;0.0;0.031328999999999996;0.0;0.0;0.0;0.0;0.0;0.0;-1.0;0.0;0.0;0.0;0.0;0.0;0.0;0.0;0.0;0.0;0.0;0.0;0.0;0.0;0.0,1778833959,563912197
2281,1778833959,624545803,gps,0.046,0.012,0.021,0.0,0.0,0.0,0.033124;0.0;0.0;0.0;0.0;0.0;0.0;0.033124;0.0;0.0;0.0;0.0;0.0;0.0;0.033124;0.0;0.0;0.0;0.0;0.0;0.0;-1.0;0.0;0.0;0.0;0.0;0.0;0.0;0.0;0.0;0.0;0.0;0.0;0.0;0.0;0.0,1778833959,688315782
2282,1778833959,749545738,gps,-0.039,0.007,0.019,0.0,0.0,0.0,0.032041;0.0;0.0;0.0;0.0;0.0;0.0;0.032041;0.0;0.0;0.0;0.0;0.0;0.0;0.032041;0.0;0.0;0.0;0.0;0.0;0.0;-1.0;0.0;0.0;0.0;0.0;0.0;0.0;0.0;0.0;0.0;0.0;0.0;0.0;0.0;0.0,1778833959,813829175
2283,1778833959,874545674,gps,-0.004,-0.007,0.019,0.0,0.0,0.0,0.032041;0.0;0.0;0.0;0.0;0.0;0.0;0.032041;0.0;0.0;0.0;0.0;0.0;0.0;0.032041;0.0;0.0;0.0;0.0;0.0;0.0;-1.0;0.0;0.0;0.0;0.0;0.0;0.0;0.0;0.0;0.0;0.0;0.0;0.0;0.0;0.0,1778833959,938651340
2284,1778833959,999545610,gps,0.054,-0.015,0.008,0.0,0.0,0.0,0.030625000000000006;0.0;0.0;0.0;0.0;0.0;0.0;0.030625000000000006;0.0;0.0;0.0;0.0;0.0;0.0;0.030625000000000006;0.0;0.0;0.0;0.0;0.0;0.0;-1.0;0.0;0.0;0.0;0.0;0.0;0.0;0.0;0.0;0.0;0.0;0.0;0.0;0.0;0.0,1778833960,69539805
2285,1778833960,124545545,gps,-0.005,0.005,0.016,0.0,0.0,0.0,0.029241000000000003;0.0;0.0;0.0;0.0;0.0;0.0;0.029241000000000003;0.0;0.0;0.0;0.0;0.0;0.0;0.029241000000000003;0.0;0.0;0.0;0.0;0.0;0.0;-1.0;0.0;0.0;0.0;0.0;0.0;0.0;0.0;0.0;0.0;0.0;0.0;0.0;0.0;0.0,1778833960,190084469
2286,1778833960,249545480,gps,0.001,-0.008,0.018000000000000002,0.0,0.0,0.0,0.031328999999999996;0.0;0.0;0.0;0.0;0.0;0.0;0.031328999999999996;0.0;0.0;0.0;0.0;0.0;0.0;0.031328999999999996;0.0;0.0;0.0;0.0;0.0;0.0;-1.0;0.0;0.0;0.0;0.0;0.0;0.0;0.0;0.0;0.0;0.0;0.0;0.0;0.0;0.0,1778833960,313818341
2287,1778833960,374545416,gps,0.028,0.022,0.005,0.0,0.0,0.0,0.04161600000000001;0.0;0.0;0.0;0.0;0.0;0.0;0.04161600000000001;0.0;0.0;0.0;0.0;0.0;0.0;0.04161600000000001;0.0;0.0;0.0;0.0;0.0;0.0;-1.0;0.0;0.0;0.0;0.0;0.0;0.0;0.0;0.0;0.0;0.0;0.0;0.0;0.0;0.0,1778833960,439361358
2288,1778833960,499545351,gps,-0.005,-0.034,0.016,0.0,0.0,0.0,0.042849000000000005;0.0;0.0;0.0;0.0;0.0;0.0;0.042849000000000005;0.0;0.0;0.0;0.0;0.0;0.0;0.042849000000000005;0.0;0.0;0.0;0.0;0.0;0.0;-1.0;0.0;0.0;0.0;0.0;0.0;0.0;0.0;0.0;0.0;0.0;0.0;0.0;0.0;0.0,1778833960,564733992
2289,1778833960,624545287,gps,0.007,0.025,0.01,0.0,0.0,0.0,0.04202500000000001;0.0;0.0;0.0;0.0;0.0;0.0;0.04202500000000001;0.0;0.0;0.0;0.0;0.0;0.0;0.04202500000000001;0.0;0.0;0.0;0.0;0.0;0.0;-1.0;0.0;0.0;0.0;0.0;0.0;0.0;0.0;0.0;0.0;0.0;0.0;0.0;0.0;0.0,1778833960,689570626
2290,1778833960,749545222,gps,-0.008,0.015,-0.009000000000000001,0.0,0.0,0.0,0.034969;0.0;0.0;0.0;0.0;0.0;0.0;0.034969;0.0;0.0;0.0;0.0;0.0;0.0;0.034969;0.0;0.0;0.0;0.0;0.0;0.0;-1.0;0.0;0.0;0.0;0.0;0.0;0.0;0.0;0.0;0.0;0.0;0.0;0.0;0.0;0.0,1778833960,814340933
2291,1778833960,874545158,gps,0.03,0.03,-0.011,0.0,0.0,0.0,0.043681;0.0;0.0;0.0;0.0;0.0;0.0;0.043681;0.0;0.0;0.0;0.0;0.0;0.0;0.043681;0.0;0.0;0.0;0.0;0.0;0.0;-1.0;0.0;0.0;0.0;0.0;0.0;0.0;0.0;0.0;0.0;0.0;0.0;0.0;0.0;0.0,1778833960,938870693
