header.seq,header.stamp.secs,header.stamp.nsecs,header.frame_id,pose.position.x,pose.position.y,pose.position.z,pose.orientation.x,pose.orientation.y,pose.orientation.z,pose.orientation.w,bag_t.secs,bag_t.nsecs
1174,1778833821,624617072,gps,360979.0646959217,4065956.5783821936,98.383,0.0,0.0,0.0,0.0,1778833821,686355599
1175,1778833821,749617008,gps,360979.0646959217,4065956.5783821936,98.387,0.0,0.0,0.0,0.0,1778833821,814808678
1176,1778833821,874616943,gps,360979.05576590856,4065956.578527345,98.391,0.0,0.0,0.0,0.0,1778833821,939274192
1177,1778833821,999616880,gps,360979.0736259362,4065956.5782370423,98.386,0.0,0.0,0.0,0.0,1778833822,69879674
1178,1778833822,124616814,gps,360979.0646959217,4065956.5783821936,98.388,0.0,0.0,0.0,0.0,1778833822,189970401
1179,1778833822,249616750,gps,360979.0646959217,4065956.5783821936,98.372,0.0,0.0,0.0,0.0,1778833822,315515345
1180,1778833822,374616685,gps,360979.0738062616,4065956.5893310374,98.384,0.0,0.0,0.0,0.0,1778833822,439181130
1181,1778833822,499616621,gps,360979.0738062616,4065956.5893310374,98.375,0.0,0.0,0.0,0.0,1778833822,560425584
1182,1778833822,624616556,gps,360979.0648762472,4065956.5894761896,98.373,0.0,0.0,0.0,0.0,1778833822,689279946
1183,1778833822,749616492,gps,360979.0827362747,4065956.589185886,98.378,0.0,0.0,0.0,0.0,1778833822,815068126
1184,1778833822,874616427,gps,360979.0738062616,4065956.5893310374,98.395,0.0,0.0,0.0,0.0,1778833822,940142038
1185,1778833822,999616364,gps,360979.0738062616,4065956.5893310374,98.36,0.0,0.0,0.0,0.0,1778833823,70293356
1186,1778833823,124616298,gps,360979.08291660016,4065956.600279881,98.383,0.0,0.0,0.0,0.0,1778833823,189670036
1187,1778833823,249616233,gps,360979.0738062616,4065956.5893310374,98.394,0.0,0.0,0.0,0.0,1778833823,315341004
1188,1778833823,374616169,gps,360979.0738062616,4065956.5893310374,98.402,0.0,0.0,0.0,0.0,1778833823,437614733
1189,1778833823,499616104,gps,360979.0738062616,4065956.5893310374,98.412,0.0,0.0,0.0,0.0,1778833823,565207957
1190,1778833823,624616040,gps,360979.0648762472,4065956.5894761896,98.399,0.0,0.0,0.0,0.0,1778833823,689618462
1191,1778833823,749615975,gps,360979.0648762472,4065956.5894761896,98.411,0.0,0.0,0.0,0.0,1778833823,813502115
1192,1778833823,874615911,gps,360979.0738062616,4065956.5893310374,98.411,0.0,0.0,0.0,0.0,1778833823,938397456
1193,1778833823,999615847,gps,360979.0648762472,4065956.5894761896,98.4,0.0,0.0,0.0,0.0,1778833824,67543932
1194,1778833824,124615781,gps,360979.0648762472,4065956.5894761896,98.423,0.0,0.0,0.0,0.0,1778833824,189515512
1195,1778833824,249615717,gps,360979.0738062616,4065956.5893310374,98.416,0.0,0.0,0.0,0.0,1778833824,316010484
1196,1778833824,374615652,gps,360979.0827362747,4065956.589185886,98.43,0.0,0.0,0.0,0.0,1778833824,439393947
1197,1778833824,499615588,gps,360979.0738062616,4065956.5893310374,98.434,0.0,0.0,0.0,0.0,1778833824,564469253
1198,1778833824,624615523,gps,360979.0650565726,4065956.600570184,98.437,0.0,0.0,0.0,0.0,1778833824,688821589
1199,1778833824,749615459,gps,360979.0650565726,4065956.600570184,98.43,0.0,0.0,0.0,0.0,1778833824,813593805
1200,1778833824,874615394,gps,360979.073986587,4065956.600425033,98.421,0.0,0.0,0.0,0.0,1778833824,939493381
1201,1778833824,999615331,gps,360979.073986587,4065956.600425033,98.419,0.0,0.0,0.0,0.0,1778833825,69908739
1202,1778833825,124615265,gps,360979.073986587,4065956.600425033,98.411,0.0,0.0,0.0,0.0,1778833825,190449404
1203,1778833825,249615201,gps,360979.073986587,4065956.600425033,98.432,0.0,0.0,0.0,0.0,1778833825,313527518
1204,1778833825,374615136,gps,360979.0650565726,4065956.600570184,98.433,0.0,0.0,0.0,0.0,1778833825,438399972
1205,1778833825,499615072,gps,360979.06523689814,4065956.6116641797,98.425,0.0,0.0,0.0,0.0,1778833825,564240913
1206,1778833825,624615007,gps,360979.0650565726,4065956.600570184,98.432,0.0,0.0,0.0,0.0,1778833825,689839279
1207,1778833825,749614942,gps,360979.073986587,4065956.600425033,98.443,0.0,0.0,0.0,0.0,1778833825,815419617
1208,1778833825,874614878,gps,360979.0650565726,4065956.600570184,98.458,0.0,0.0,0.0,0.0,1778833825,940251494
1209,1778833825,999614814,gps,360979.0561265595,4065956.6007153355,98.462,0.0,0.0,0.0,0.0,1778833826,69357364
1210,1778833826,124614749,gps,360979.0561265595,4065956.6007153355,98.459,0.0,0.0,0.0,0.0,1778833826,184949137
1211,1778833826,249614684,gps,360979.0648762472,4065956.5894761896,98.45700000000001,0.0,0.0,0.0,0.0,1778833826,316014047
1212,1778833826,374614620,gps,360979.073986587,4065956.600425033,98.476,0.0,0.0,0.0,0.0,1778833826,439925331
1213,1778833826,499614555,gps,360979.0648762472,4065956.5894761896,98.458,0.0,0.0,0.0,0.0,1778833826,566395037
1214,1778833826,624614491,gps,360979.0648762472,4065956.5894761896,98.45,0.0,0.0,0.0,0.0,1778833826,690219378
1215,1778833826,749614426,gps,360979.0650565726,4065956.600570184,98.44800000000001,0.0,0.0,0.0,0.0,1778833826,813530778
1216,1778833826,874614362,gps,360979.0561265595,4065956.6007153355,98.444,0.0,0.0,0.0,0.0,1778833826,937575911
1217,1778833826,999614298,gps,360979.0561265595,4065956.6007153355,98.459,0.0,0.0,0.0,0.0,1778833827,64090054
1218,1778833827,124614232,gps,360979.0650565726,4065956.600570184,98.452,0.0,0.0,0.0,0.0,1778833827,189620422
1219,1778833827,249614168,gps,360979.0650565726,4065956.600570184,98.473,0.0,0.0,0.0,0.0,1778833827,316194932
1220,1778833827,374614103,gps,360979.0650565726,4065956.600570184,98.467,0.0,0.0,0.0,0.0,1778833827,440215069
1221,1778833827,499614039,gps,360979.0650565726,4065956.600570184,98.456,0.0,0.0,0.0,0.0,1778833827,565111945
1222,1778833827,624613974,gps,360979.073986587,4065956.600425033,98.48100000000001,0.0,0.0,0.0,0.0,1778833827,689266726
1223,1778833827,749613910,gps,360979.07416691247,4065956.611519028,98.482,0.0,0.0,0.0,0.0,1778833827,814447490
1224,1778833827,874613845,gps,360979.0650565726,4065956.600570184,98.488,0.0,0.0,0.0,0.0,1778833827,937272158
1225,1778833827,999613781,gps,360979.06523689814,4065956.6116641797,98.47500000000001,0.0,0.0,0.0,0.0,1778833828,70021776
1226,1778833828,124613716,gps,360979.073986587,4065956.600425033,98.462,0.0,0.0,0.0,0.0,1778833828,190212803
1227,1778833828,249613651,gps,360979.0650565726,4065956.600570184,98.5,0.0,0.0,0.0,0.0,1778833828,315502548
1228,1778833828,374613587,gps,360979.07416691247,4065956.611519028,98.467,0.0,0.0,0.0,0.0,1778833828,439387087
1229,1778833828,499613522,gps,360979.07416691247,4065956.611519028,98.477,0.0,0.0,0.0,0.0,1778833828,564919201
1230,1778833828,624613458,gps,360979.07416691247,4065956.611519028,98.461,0.0,0.0,0.0,0.0,1778833828,689485764
1231,1778833828,749613393,gps,360979.07416691247,4065956.611519028,98.455,0.0,0.0,0.0,0.0,1778833828,814851763
1232,1778833828,874613329,gps,360979.07416691247,4065956.611519028,98.46000000000001,0.0,0.0,0.0,0.0,1778833828,940204291
1233,1778833828,999613265,gps,360979.07416691247,4065956.611519028,98.44,0.0,0.0,0.0,0.0,1778833829,69909557
1234,1778833829,124613200,gps,360979.08309692563,4065956.6113738767,98.449,0.0,0.0,0.0,0.0,1778833829,188905544
1235,1778833829,249613135,gps,360979.0832772511,4065956.6224678727,98.44500000000001,0.0,0.0,0.0,0.0,1778833829,314526210
1236,1778833829,374613070,gps,360979.08309692563,4065956.6113738767,98.437,0.0,0.0,0.0,0.0,1778833829,438526314
1237,1778833829,499613006,gps,360979.08309692563,4065956.6113738767,98.452,0.0,0.0,0.0,0.0,1778833829,565030452
1238,1778833829,624612941,gps,360979.07434723794,4065956.6226130235,98.441,0.0,0.0,0.0,0.0,1778833829,688891108
1239,1778833829,749612877,gps,360979.08309692563,4065956.6113738767,98.426,0.0,0.0,0.0,0.0,1778833829,809634362
1240,1778833829,874612812,gps,360979.09220726544,4065956.622322721,98.431,0.0,0.0,0.0,0.0,1778833829,936917316
1241,1778833829,999612749,gps,360979.07434723794,4065956.6226130235,98.44500000000001,0.0,0.0,0.0,0.0,1778833830,66396829
1242,1778833830,124612683,gps,360979.0834575765,4065956.6335618673,98.429,0.0,0.0,0.0,0.0,1778833830,189222002
1243,1778833830,249612619,gps,360979.0834575765,4065956.6335618673,98.411,0.0,0.0,0.0,0.0,1778833830,315271622
1244,1778833830,374612554,gps,360979.0832772511,4065956.6224678727,98.416,0.0,0.0,0.0,0.0,1778833830,439768227
1245,1778833830,499612489,gps,360979.0834575765,4065956.6335618673,98.428,0.0,0.0,0.0,0.0,1778833830,564577732
1246,1778833830,624612425,gps,360979.0834575765,4065956.6335618673,98.407,0.0,0.0,0.0,0.0,1778833830,686110928
1247,1778833830,749612360,gps,360979.07452756347,4065956.6337070186,98.416,0.0,0.0,0.0,0.0,1778833830,813639927
1248,1778833830,874612296,gps,360979.0834575765,4065956.6335618673,98.416,0.0,0.0,0.0,0.0,1778833830,938605107
1249,1778833830,999612232,gps,360979.0834575765,4065956.6335618673,98.426,0.0,0.0,0.0,0.0,1778833831,69060391
1250,1778833831,124612167,gps,360979.0925679164,4065956.6445107115,98.394,0.0,0.0,0.0,0.0,1778833831,189031136
1251,1778833831,249612102,gps,360979.0834575765,4065956.6335618673,98.411,0.0,0.0,0.0,0.0,1778833831,314480687
1252,1778833831,374612037,gps,360979.0834575765,4065956.6335618673,98.429,0.0,0.0,0.0,0.0,1778833831,437585667
1253,1778833831,499611973,gps,360979.09220726544,4065956.622322721,98.405,0.0,0.0,0.0,0.0,1778833831,559192495
1254,1778833831,624611908,gps,360979.09220726544,4065956.622322721,98.401,0.0,0.0,0.0,0.0,1778833831,688300784
1255,1778833831,749611844,gps,360979.09202693996,4065956.611228726,98.422,0.0,0.0,0.0,0.0,1778833831,814356227
1256,1778833831,874611779,gps,360979.10095695313,4065956.6110835737,98.44,0.0,0.0,0.0,0.0,1778833831,939480926
1257,1778833831,999611715,gps,360979.1007766277,4065956.599989578,98.435,0.0,0.0,0.0,0.0,1778833832,69809667
1258,1778833832,124611650,gps,360979.1095263154,4065956.5887504322,98.418,0.0,0.0,0.0,0.0,1778833832,189148997
1259,1778833832,249611585,gps,360979.10934599,4065956.577656437,98.44800000000001,0.0,0.0,0.0,0.0,1778833832,315111798
1260,1778833832,374611521,gps,360979.1272060176,4065956.577366134,98.42,0.0,0.0,0.0,0.0,1778833832,436868568
1261,1778833832,499611456,gps,360979.1270256922,4065956.5662721386,98.443,0.0,0.0,0.0,0.0,1778833832,565016453
1262,1778833832,624611392,gps,360979.14452506904,4065956.543793846,98.435,0.0,0.0,0.0,0.0,1778833832,689540030
1263,1778833832,749611327,gps,360979.15327475814,4065956.5325546986,98.42,0.0,0.0,0.0,0.0,1778833832,813001090
1264,1778833832,874611262,gps,360979.1530944328,4065956.521460703,98.441,0.0,0.0,0.0,0.0,1778833832,937240446
1265,1778833832,999611199,gps,360979.1618441207,4065956.510221557,98.416,0.0,0.0,0.0,0.0,1778833833,67720841
1266,1778833833,124611133,gps,360979.1704134832,4065956.487888415,98.45400000000001,0.0,0.0,0.0,0.0,1778833833,188454737
1267,1778833833,249611069,gps,360979.1970232002,4065956.476358967,98.418,0.0,0.0,0.0,0.0,1778833833,314893372
1268,1778833833,374611004,gps,360979.18773253507,4065956.454316127,98.438,0.0,0.0,0.0,0.0,1778833833,439167815
1269,1778833833,499610940,gps,360979.20541223756,4065956.442931828,98.417,0.0,0.0,0.0,0.0,1778833833,563512519
1270,1778833833,624610875,gps,360979.2230919403,4065956.4315475314,98.425,0.0,0.0,0.0,0.0,1778833833,687889057
1271,1778833833,749610810,gps,360979.21398160036,4065956.4205986867,98.44200000000001,0.0,0.0,0.0,0.0,1778833833,813299264
1272,1778833833,874610746,gps,360979.2225509644,4065956.398265545,98.43,0.0,0.0,0.0,0.0,1778833833,938057476
1273,1778833833,999610682,gps,360979.2402306671,4065956.386881248,98.407,0.0,0.0,0.0,0.0,1778833834,68270615
1274,1778833834,124610617,gps,360979.25809069513,4065956.386590945,98.416,0.0,0.0,0.0,0.0,1778833834,189472970
1275,1778833834,249610552,gps,360979.25773004466,4065956.364402955,98.402,0.0,0.0,0.0,0.0,1778833834,312305177
1276,1778833834,374610488,gps,360979.2575497194,4065956.353308959,98.422,0.0,0.0,0.0,0.0,1778833834,437690927
1277,1778833834,499610423,gps,360979.2841594357,4065956.341779511,98.406,0.0,0.0,0.0,0.0,1778833834,562606931
1278,1778833834,624610359,gps,360979.2841594357,4065956.341779511,98.396,0.0,0.0,0.0,0.0,1778833834,688438490
1279,1778833834,749610294,gps,360979.29290912393,4065956.330540364,98.387,0.0,0.0,0.0,0.0,1778833834,813575058
1280,1778833834,874610230,gps,360979.3016588135,4065956.3193012173,98.399,0.0,0.0,0.0,0.0,1778833834,939363868
1281,1778833834,999610166,gps,360979.3014784883,4065956.3082072227,98.388,0.0,0.0,0.0,0.0,1778833835,69799279
1282,1778833835,124610100,gps,360979.31040850177,4065956.3080620714,98.38,0.0,0.0,0.0,0.0,1778833835,185384516
1283,1778833835,249610036,gps,360979.31040850177,4065956.3080620714,98.371,0.0,0.0,0.0,0.0,1778833835,315181505
1284,1778833835,374609971,gps,360979.31915819005,4065956.2968229246,98.38,0.0,0.0,0.0,0.0,1778833835,438293031
1285,1778833835,499609907,gps,360979.3189778649,4065956.2857289286,98.366,0.0,0.0,0.0,0.0,1778833835,565426496
1286,1778833835,624609842,gps,360979.3279078796,4065956.285583778,98.35300000000001,0.0,0.0,0.0,0.0,1778833835,690342995
1287,1778833835,749609778,gps,360979.33683789306,4065956.285438626,98.358,0.0,0.0,0.0,0.0,1778833835,815509979
1288,1778833835,874609713,gps,360979.3454072576,4065956.2631054856,98.358,0.0,0.0,0.0,0.0,1778833835,939936982
1289,1778833835,999609649,gps,360979.36308696074,4065956.251721188,98.339,0.0,0.0,0.0,0.0,1778833836,65285197
1290,1778833836,124609584,gps,360979.36308696074,4065956.251721188,98.34,0.0,0.0,0.0,0.0,1778833836,190554933
1291,1778833836,249609519,gps,360979.37165632413,4065956.2293880475,98.34400000000001,0.0,0.0,0.0,0.0,1778833836,317076911
1292,1778833836,374609455,gps,360979.38951635244,4065956.2290977444,98.33200000000001,0.0,0.0,0.0,0.0,1778833836,441590364
1293,1778833836,499609390,gps,360979.39808571595,4065956.206764604,98.33500000000001,0.0,0.0,0.0,0.0,1778833836,567160136
1294,1778833836,624609326,gps,360979.41576541925,4065956.195380306,98.336,0.0,0.0,0.0,0.0,1778833836,690294218
1295,1778833836,749609261,gps,360979.4334451227,4065956.1839960087,98.336,0.0,0.0,0.0,0.0,1778833836,815626564
1296,1778833836,874609196,gps,360979.44201448624,4065956.161662867,98.337,0.0,0.0,0.0,0.0,1778833836,938852441
1297,1778833836,999609133,gps,360979.4596941897,4065956.1502785687,98.328,0.0,0.0,0.0,0.0,1778833837,70633203
1298,1778833837,124609067,gps,360979.486123582,4065956.127655127,98.324,0.0,0.0,0.0,0.0,1778833837,191636785
1299,1778833837,249609003,gps,360979.4946929471,4065956.1053219843,98.322,0.0,0.0,0.0,0.0,1778833837,317118453
1300,1778833837,374608938,gps,360979.5030819861,4065956.0718948483,98.31,0.0,0.0,0.0,0.0,1778833837,439625270
1301,1778833837,499608873,gps,360979.53862171853,4065956.0602202485,98.31,0.0,0.0,0.0,0.0,1778833837,565150212
1302,1778833837,624608809,gps,360979.5648707864,4065956.0265028104,98.311,0.0,0.0,0.0,0.0,1778833837,690074189
1303,1778833837,749608744,gps,360979.5823701656,4065956.004024519,98.287,0.0,0.0,0.0,0.0,1778833837,816206147
1304,1778833837,874608680,gps,360979.6086192338,4065955.9703070796,98.273,0.0,0.0,0.0,0.0,1778833837,941207455
1305,1778833837,999608616,gps,360979.6261186133,4065955.9478287874,98.276,0.0,0.0,0.0,0.0,1778833838,71478378
1306,1778833838,124608551,gps,360979.6521873572,4065955.9030173547,98.296,0.0,0.0,0.0,0.0,1778833838,190418964
1307,1778833838,249608486,gps,360979.67861675203,4065955.880393911,98.274,0.0,0.0,0.0,0.0,1778833838,316564671
1308,1778833838,374608421,gps,360979.70468549646,4065955.8355824784,98.262,0.0,0.0,0.0,0.0,1778833838,441219459
1309,1778833838,499608357,gps,360979.73986458103,4065955.8017198904,98.239,0.0,0.0,0.0,0.0,1778833838,567031142
1310,1778833838,624608292,gps,360979.76629397506,4065955.7790964474,98.28,0.0,0.0,0.0,0.0,1778833838,691482470
1311,1778833838,749608228,gps,360979.7923627203,4065955.7342850147,98.23700000000001,0.0,0.0,0.0,0.0,1778833838,813203239
1312,1778833838,874608163,gps,360979.8184314658,4065955.689473581,98.253,0.0,0.0,0.0,0.0,1778833838,939191134
1313,1778833838,999608099,gps,360979.84468053735,4065955.655756144,98.248,0.0,0.0,0.0,0.0,1778833839,69264455
1314,1778833839,124608034,gps,360979.88003994623,4065955.6329875514,98.263,0.0,0.0,0.0,0.0,1778833839,190124800
1315,1778833839,249607969,gps,360979.8884289886,4065955.5995604135,98.258,0.0,0.0,0.0,0.0,1778833839,315439777
1316,1778833839,374607905,gps,360979.9148583837,4065955.5769369733,98.227,0.0,0.0,0.0,0.0,1778833839,439509002
1317,1778833839,499607840,gps,360979.9409271304,4065955.5321255405,98.284,0.0,0.0,0.0,0.0,1778833839,564518395
1318,1778833839,624607775,gps,360979.9671762016,4065955.4984081034,98.266,0.0,0.0,0.0,0.0,1778833839,686323122
1319,1778833839,749607711,gps,360980.0023552886,4065955.464545515,98.247,0.0,0.0,0.0,0.0,1778833839,814328566
1320,1778833839,874607646,gps,360980.03699340334,4065955.397400942,98.23100000000001,0.0,0.0,0.0,0.0,1778833839,939780915
1321,1778833839,999607583,gps,360980.0982412393,4065955.3187269242,98.233,0.0,0.0,0.0,0.0,1778833840,70224313
1322,1778833840,124607517,gps,360980.1953894596,4065955.2505663005,98.23,0.0,0.0,0.0,0.0,1778833840,190214491
1323,1778833840,249607453,gps,360980.25609632646,4065955.138610296,98.23400000000001,0.0,0.0,0.0,0.0,1778833840,315725087
1324,1778833840,374607388,gps,360980.3525232565,4065955.026073693,98.22,0.0,0.0,0.0,0.0,1778833840,440001210
1325,1778833840,499607323,gps,360980.4664495718,4065954.8910588017,98.21600000000001,0.0,0.0,0.0,0.0,1778833840,561152072
1326,1778833840,624607259,gps,360980.58019556844,4065954.744949915,98.22200000000001,0.0,0.0,0.0,0.0,1778833840,688671163
1327,1778833840,749607194,gps,360980.72073161474,4065954.5984055824,98.19500000000001,0.0,0.0,0.0,0.0,1778833840,814876122
1328,1778833840,874607130,gps,360980.90591774613,4065954.4511355036,98.214,0.0,0.0,0.0,0.0,1778833840,939645136
1329,1778833840,999607066,gps,360981.07306352904,4065954.293061734,98.22,0.0,0.0,0.0,0.0,1778833841,69435146
1330,1778833841,124607000,gps,360981.2668190439,4065954.1234585256,98.206,0.0,0.0,0.0,0.0,1778833841,188661043
1331,1778833841,249606936,gps,360981.4698652278,4065953.9758981615,98.179,0.0,0.0,0.0,0.0,1778833841,314589380
1332,1778833841,374606871,gps,360981.68148079084,4065953.8060046663,98.174,0.0,0.0,0.0,0.0,1778833841,437223949
1333,1778833841,499606806,gps,360981.89291604067,4065953.625017179,98.19500000000001,0.0,0.0,0.0,0.0,1778833841,564063728
1334,1778833841,624606742,gps,360982.10435129947,4065953.4440296995,98.185,0.0,0.0,0.0,0.0,1778833841,689253097
1335,1778833841,749606677,gps,360982.29810685385,4065953.274426514,98.151,0.0,0.0,0.0,0.0,1778833841,813640609
1336,1778833841,874606613,gps,360982.491862416,4065953.104823334,98.152,0.0,0.0,0.0,0.0,1778833841,938319178
1337,1778833841,999606549,gps,360982.68579830637,4065952.946314154,98.156,0.0,0.0,0.0,0.0,1778833842,68682171
1338,1778833842,124606484,gps,360982.844194455,4065952.7994795637,98.145,0.0,0.0,0.0,0.0,1778833842,188500944
1339,1778833842,249606419,gps,360983.0293806617,4065952.6522095343,98.135,0.0,0.0,0.0,0.0,1778833842,314843252
1340,1778833842,374606354,gps,360983.19652651914,4065952.494135808,98.143,0.0,0.0,0.0,0.0,1778833842,439543514
1341,1778833842,499606290,gps,360983.36403302196,4065952.3582500755,98.11200000000001,0.0,0.0,0.0,0.0,1778833842,564187425
1342,1778833842,624606225,gps,360983.5399285896,4065952.1889372147,98.09400000000001,0.0,0.0,0.0,0.0,1778833842,688534407
1343,1778833842,749606160,gps,360983.7154635258,4065951.997436369,98.10900000000001,0.0,0.0,0.0,0.0,1778833842,814248216
1344,1778833842,874606096,gps,360983.90885850845,4065951.8056452326,98.08500000000001,0.0,0.0,0.0,0.0,1778833842,939564963
1345,1778833842,999606032,gps,360984.1111835168,4065951.6137089552,98.071,0.0,0.0,0.0,0.0,1778833843,70141284
1346,1778833843,124605967,gps,360984.32225823554,4065951.4105335427,98.052,0.0,0.0,0.0,0.0,1778833843,189934324
1347,1778833843,249605902,gps,360984.55119300284,4065951.207067843,98.07900000000001,0.0,0.0,0.0,0.0,1778833843,313518886
1348,1778833843,374605837,gps,360984.75297708786,4065950.9818495978,98.051,0.0,0.0,0.0,0.0,1778833843,439208126
1349,1778833843,499605773,gps,360984.97298185655,4065950.7785290563,98.039,0.0,0.0,0.0,0.0,1778833843,564295827
1350,1778833843,624605708,gps,360985.1924456857,4065950.541926536,98.026,0.0,0.0,0.0,0.0,1778833843,689536962
1351,1778833843,749605643,gps,360985.42994988285,4065950.3161277273,98.038,0.0,0.0,0.0,0.0,1778833843,815075838
1352,1778833843,874605579,gps,360985.6762037959,4065950.079089787,98.005,0.0,0.0,0.0,0.0,1778833843,939999195
1353,1778833843,999605515,gps,360985.9310271128,4065949.819718719,97.979,0.0,0.0,0.0,0.0,1778833844,69570500
1354,1778833844,124605450,gps,360986.20353017,4065949.5489633777,97.974,0.0,0.0,0.0,0.0,1778833844,187031991
1355,1778833844,249605385,gps,360986.4847829498,4065949.266968907,97.97200000000001,0.0,0.0,0.0,0.0,1778833844,315395149
1356,1778833844,374605320,gps,360986.75728604244,4065948.9962135847,97.96000000000001,0.0,0.0,0.0,0.0,1778833844,439695375
1357,1778833844,499605256,gps,360987.04746888124,4065948.71407399,97.915,0.0,0.0,0.0,0.0,1778833844,565052514
1358,1778833844,624605191,gps,360987.3376517381,4065948.431934406,97.91,0.0,0.0,0.0,0.0,1778833844,689771655
1359,1778833844,749605127,gps,360987.6278346154,4065948.149794833,97.906,0.0,0.0,0.0,0.0,1778833844,813414700
1360,1778833844,874605062,gps,360987.9180175121,4065947.8676552703,97.891,0.0,0.0,0.0,0.0,1778833844,938485933
1361,1778833844,999604998,gps,360988.1992704044,4065947.5856608604,97.878,0.0,0.0,0.0,0.0,1778833845,64016305
1362,1778833845,124604933,gps,360988.4810642548,4065947.336948444,97.88,0.0,0.0,0.0,0.0,1778833845,189478815
1363,1778833845,249604868,gps,360988.7537477853,4065947.0772871836,97.866,0.0,0.0,0.0,0.0,1778833845,315359307
1364,1778833845,374604803,gps,360989.008751597,4065946.8290102095,97.87,0.0,0.0,0.0,0.0,1778833845,440162124
1365,1778833845,499604739,gps,360989.2546450887,4065946.5697843893,97.85300000000001,0.0,0.0,0.0,0.0,1778833845,565187986
1366,1778833845,624604674,gps,360989.5008992168,4065946.3327465663,97.871,0.0,0.0,0.0,0.0,1778833845,689388730
1367,1778833845,749604610,gps,360989.73804302514,4065946.084759896,97.85900000000001,0.0,0.0,0.0,0.0,1778833845,814899538
1368,1778833845,874604545,gps,360989.95768741815,4065945.859251502,97.87,0.0,0.0,0.0,0.0,1778833845,939043069
1369,1778833845,999604481,gps,360990.1773318229,4065945.6337431134,97.854,0.0,0.0,0.0,0.0,1778833846,71272431
1370,1778833846,124604416,gps,360990.3882265249,4065945.419473866,97.854,0.0,0.0,0.0,0.0,1778833846,190649651
1371,1778833846,249604351,gps,360990.59930154745,4065945.216298619,97.881,0.0,0.0,0.0,0.0,1778833846,315630860
1372,1778833846,374604286,gps,360990.79233622074,4065945.002319659,97.84700000000001,0.0,0.0,0.0,0.0,1778833846,440125171
1373,1778833846,499604222,gps,360990.9943009277,4065944.788195566,97.849,0.0,0.0,0.0,0.0,1778833846,564348716
1374,1778833846,624604157,gps,360991.2055562894,4065944.5961143295,97.831,0.0,0.0,0.0,0.0,1778833846,689348505
1375,1778833846,749604092,gps,360991.42538107,4065944.38169997,97.837,0.0,0.0,0.0,0.0,1778833846,815000909
1376,1778833846,874604028,gps,360991.66306591313,4065944.1669953424,97.82000000000001,0.0,0.0,0.0,0.0,1778833846,940000705
1377,1778833846,999603964,gps,360991.891279818,4065943.919153873,97.811,0.0,0.0,0.0,0.0,1778833847,70839226
1378,1778833847,124603899,gps,360992.13735379,4065943.671022136,97.799,0.0,0.0,0.0,0.0,1778833847,190672909
1379,1778833847,249603834,gps,360992.40110752196,4065943.4115061387,97.787,0.0,0.0,0.0,0.0,1778833847,316109218
1380,1778833847,374603769,gps,360992.67325037695,4065943.1185630276,97.811,0.0,0.0,0.0,0.0,1778833847,439641012
1381,1778833847,499603705,gps,360992.95450358454,4065942.836568784,97.789,0.0,0.0,0.0,0.0,1778833847,565517274
1382,1778833847,624603640,gps,360993.24432622705,4065942.532241426,97.756,0.0,0.0,0.0,0.0,1778833847,690264393
1383,1778833847,749603576,gps,360993.5520089469,4065942.227623805,97.732,0.0,0.0,0.0,0.0,1778833847,812209189
1384,1778833847,874603511,gps,360993.8595113823,4065941.911912201,97.747,0.0,0.0,0.0,0.0,1778833847,938544039
1385,1778833847,999603447,gps,360994.1580838134,4065941.5963457464,97.712,0.0,0.0,0.0,0.0,1778833848,69360584
1386,1778833848,124603382,gps,360994.4654059896,4065941.269540172,97.723,0.0,0.0,0.0,0.0,1778833848,192121865
1387,1778833848,249603317,gps,360994.7818385239,4065940.9536834685,97.727,0.0,0.0,0.0,0.0,1778833848,315722915
1388,1778833848,374603253,gps,360995.07148099266,4065940.6382621815,97.68900000000001,0.0,0.0,0.0,0.0,1778833848,439101609
1389,1778833848,499603188,gps,360995.35219345207,4065940.322986039,97.7,0.0,0.0,0.0,0.0,1778833848,564312205
1390,1778833848,624603123,gps,360995.66952756967,4065940.0625993456,97.677,0.0,0.0,0.0,0.0,1778833848,685551954
1391,1778833848,749603059,gps,360995.9870420103,4065939.81330666,97.654,0.0,0.0,0.0,0.0,1778833848,814179443
1392,1778833848,874602994,gps,360996.27740577,4065939.542261395,97.66,0.0,0.0,0.0,0.0,1778833848,938509653
1393,1778833848,999602931,gps,360996.5859902156,4065939.293113865,97.663,0.0,0.0,0.0,0.0,1778833849,69369821
1394,1778833849,124602865,gps,360996.8772555199,4065939.077538595,97.621,0.0,0.0,0.0,0.0,1778833849,189154774
1395,1778833849,249602800,gps,360997.1592302046,4065938.8399204793,97.596,0.0,0.0,0.0,0.0,1778833849,315258880
1396,1778833849,374602736,gps,360997.4412049049,4065938.6023023715,97.601,0.0,0.0,0.0,0.0,1778833849,438478291
1397,1778833849,499602671,gps,360997.71442988934,4065938.3759234,97.587,0.0,0.0,0.0,0.0,1778833849,559326211
1398,1778833849,624602607,gps,360997.96961452486,4065938.1387407053,97.58,0.0,0.0,0.0,0.0,1778833849,688896136
1399,1778833849,749602542,gps,360998.2430198364,4065937.9234557482,97.577,0.0,0.0,0.0,0.0,1778833849,815110303
1400,1778833849,874602477,gps,360998.4714144007,4065937.6867084643,97.574,0.0,0.0,0.0,0.0,1778833849,939526216
1401,1778833849,999602414,gps,360998.7003498743,4065937.483243168,97.56400000000001,0.0,0.0,0.0,0.0,1778833850,68783703
1402,1778833850,124602348,gps,360998.92035532603,4065937.279923009,97.538,0.0,0.0,0.0,0.0,1778833850,188562795
1403,1778833850,249602283,gps,360999.13161105255,4065937.087841981,97.527,0.0,0.0,0.0,0.0,1778833850,313756301
1404,1778833850,374602219,gps,360999.3426864905,4065936.8846669644,97.507,0.0,0.0,0.0,0.0,1778833850,436503161
1405,1778833850,499602154,gps,360999.5626919719,4065936.6813468244,97.491,0.0,0.0,0.0,0.0,1778833850,563757904
1406,1778833850,624602090,gps,360999.7737674301,4065936.478171817,97.49000000000001,0.0,0.0,0.0,0.0,1778833850,689048018
1407,1778833850,749602025,gps,361000.00234237296,4065936.252518568,97.477,0.0,0.0,0.0,0.0,1778833850,813642776
1408,1778833850,874601960,gps,361000.23984736204,4065936.026720201,97.459,0.0,0.0,0.0,0.0,1778833850,937406897
1409,1778833850,999601897,gps,361000.48592180613,4065935.77858872,97.424,0.0,0.0,0.0,0.0,1778833851,67696672
1410,1778833851,124601831,gps,361000.7318159685,4065935.5193632524,97.418,0.0,0.0,0.0,0.0,1778833851,188629540
1411,1778833851,249601767,gps,361001.0045002515,4065935.25970241,97.423,0.0,0.0,0.0,0.0,1778833851,314966512
1412,1778833851,374601702,gps,361001.2771845511,4065935.0000415766,97.384,0.0,0.0,0.0,0.0,1778833851,438367243
1413,1778833851,499601637,gps,361001.54075853573,4065934.7294318858,97.379,0.0,0.0,0.0,0.0,1778833851,562476126
1414,1778833851,624601573,gps,361001.8130822794,4065934.4475830793,97.381,0.0,0.0,0.0,0.0,1778833851,688106992
1415,1778833851,749601508,gps,361002.0945163713,4065934.1766831516,97.36500000000001,0.0,0.0,0.0,0.0,1778833851,812666622
1416,1778833851,874601444,gps,361002.37558989465,4065933.8835952454,97.343,0.0,0.0,0.0,0.0,1778833851,938901675
1417,1778833851,999601380,gps,361002.6564831426,4065933.579413354,97.324,0.0,0.0,0.0,0.0,1778833852,68468230
1418,1778833852,124601314,gps,361002.9377369983,4065933.2974194614,97.324,0.0,0.0,0.0,0.0,1778833852,189413310
1419,1778833852,249601250,gps,361003.2275603231,4065932.9930924657,97.328,0.0,0.0,0.0,0.0,1778833852,312323167
1420,1778833852,374601185,gps,361003.5086339248,4065932.700004598,97.307,0.0,0.0,0.0,0.0,1778833852,438571804
1421,1778833852,499601120,gps,361003.78934696084,4065932.384728753,97.299,0.0,0.0,0.0,0.0,1778833852,563444013
1422,1778833852,624601056,gps,361004.07935064024,4065932.0914957817,97.291,0.0,0.0,0.0,0.0,1778833852,688605984
1423,1778833852,749600991,gps,361004.36971492204,4065931.82045081,97.236,0.0,0.0,0.0,0.0,1778833852,815221663
1424,1778833852,874600927,gps,361004.64203885326,4065931.5386021035,97.244,0.0,0.0,0.0,0.0,1778833852,939254289
1425,1778833852,999600863,gps,361004.94115292025,4065931.2563180323,97.235,0.0,0.0,0.0,0.0,1778833853,68780811
1426,1778833853,124600797,gps,361005.1952562289,4065930.9525716016,97.23,0.0,0.0,0.0,0.0,1778833853,184722209
1427,1778833853,249600733,gps,361005.45865017484,4065930.6708680457,97.23100000000001,0.0,0.0,0.0,0.0,1778833853,314484735
1428,1778833853,374600668,gps,361005.73115446855,4065930.4001133693,97.19500000000001,0.0,0.0,0.0,0.0,1778833853,438457912
1429,1778833853,499600603,gps,361005.9859789887,4065930.140742942,97.19200000000001,0.0,0.0,0.0,0.0,1778833853,564257734
1430,1778833853,624600539,gps,361006.24062323454,4065929.870278527,97.17,0.0,0.0,0.0,0.0,1778833853,689053088
1431,1778833853,749600474,gps,361006.5043778255,4065929.610762994,97.175,0.0,0.0,0.0,0.0,1778833853,814657128
1432,1778833853,874600410,gps,361006.75045263895,4065929.3626317075,97.145,0.0,0.0,0.0,0.0,1778833853,938649593
1433,1778833853,999600346,gps,361007.01438754884,4065929.1142101865,97.148,0.0,0.0,0.0,0.0,1778833854,64555970
1434,1778833854,124600280,gps,361007.2608229661,4065928.888266904,97.135,0.0,0.0,0.0,0.0,1778833854,188825969
1435,1778833854,249600216,gps,361007.49796777987,4065928.640280761,97.136,0.0,0.0,0.0,0.0,1778833854,314939663
1436,1778833854,374600151,gps,361007.7442229371,4065928.4032434984,97.113,0.0,0.0,0.0,0.0,1778833854,439202223
1437,1778833854,499600087,gps,361007.99047810805,4065928.166206243,97.09400000000001,0.0,0.0,0.0,0.0,1778833854,562940779
1438,1778833854,624600022,gps,361008.245483049,4065927.9179298836,97.10000000000001,0.0,0.0,0.0,0.0,1778833854,688426326
1439,1778833854,749599957,gps,361008.50941804727,4065927.6695084106,97.07000000000001,0.0,0.0,0.0,0.0,1778833854,813262035
1440,1778833854,874599893,gps,361008.7642427343,4065927.410138071,97.033,0.0,0.0,0.0,0.0,1778833854,936021306
1441,1778833854,999599829,gps,361009.06335708336,4065927.1278541554,97.012,0.0,0.0,0.0,0.0,1778833855,68623557
1442,1778833855,124599764,gps,361009.3447916489,4065926.856954482,97.018,0.0,0.0,0.0,0.0,1778833855,189242843
1443,1778833855,249599699,gps,361009.64354546857,4065926.552482601,96.985,0.0,0.0,0.0,0.0,1778833855,314307276
1444,1778833855,374599634,gps,361009.9603396823,4065926.258814487,96.971,0.0,0.0,0.0,0.0,1778833855,437587844
1445,1778833855,499599570,gps,361010.28570339706,4065925.9428132796,96.952,0.0,0.0,0.0,0.0,1778833855,562479338
1446,1778833855,624599505,gps,361010.628927225,4065925.6265218495,96.95700000000001,0.0,0.0,0.0,0.0,1778833855,689396439
1447,1778833855,749599440,gps,361010.962860469,4065925.2881875653,96.909,0.0,0.0,0.0,0.0,1778833855,813647570
1448,1778833855,874599376,gps,361011.2971543033,4065924.9720412823,96.9,0.0,0.0,0.0,0.0,1778833855,938431708
1449,1778833855,999599312,gps,361011.65805801883,4065924.6443656688,96.899,0.0,0.0,0.0,0.0,1778833856,68525775
1450,1778833856,124599247,gps,361011.99163078074,4065924.283843438,96.86,0.0,0.0,0.0,0.0,1778833856,188361357
1451,1778833856,249599182,gps,361012.34324394516,4065923.9341249834,96.85900000000001,0.0,0.0,0.0,0.0,1778833856,314531896
1452,1778833856,374599117,gps,361012.67735760275,4065923.606884763,96.846,0.0,0.0,0.0,0.0,1778833856,438318772
1453,1778833856,499599053,gps,361013.00236096105,4065923.2686956767,96.828,0.0,0.0,0.0,0.0,1778833856,564548660
1454,1778833856,624598988,gps,361013.3187948548,4065922.9528397075,96.794,0.0,0.0,0.0,0.0,1778833856,689426758
1455,1778833856,749598924,gps,361013.63522877207,4065922.6369837527,96.807,0.0,0.0,0.0,0.0,1778833856,811422896
1456,1778833856,874598859,gps,361013.95166271285,4065922.3211278077,96.761,0.0,0.0,0.0,0.0,1778833856,938260250
1457,1778833856,999598795,gps,361014.26863751054,4065922.0385538596,96.778,0.0,0.0,0.0,0.0,1778833857,68399262
1458,1778833857,124598730,gps,361014.5586419052,4065921.745321268,96.774,0.0,0.0,0.0,0.0,1778833857,189173918
1459,1778833857,249598665,gps,361014.86650641746,4065921.4517984623,96.753,0.0,0.0,0.0,0.0,1778833857,314722729
1460,1778833857,374598600,gps,361015.1390113067,4065921.181044107,96.755,0.0,0.0,0.0,0.0,1778833857,438743782
1461,1778833857,499598536,gps,361015.4300974179,4065920.954375512,96.733,0.0,0.0,0.0,0.0,1778833857,563594244
1462,1778833857,624598471,gps,361015.7027826167,4065920.6947151693,96.684,0.0,0.0,0.0,0.0,1778833857,685060482
1463,1778833857,749598407,gps,361015.96653778246,4065920.4351999476,96.69500000000001,0.0,0.0,0.0,0.0,1778833857,813240097
1464,1778833857,874598342,gps,361016.2301126879,4065920.16459074,96.656,0.0,0.0,0.0,0.0,1778833857,937390993
1465,1778833857,999598278,gps,361016.52976836346,4065919.9155890876,96.643,0.0,0.0,0.0,0.0,1778833858,68609655
1466,1778833858,124598213,gps,361016.8110231323,4065919.633595683,96.664,0.0,0.0,0.0,0.0,1778833858,189715770
1467,1778833858,249598148,gps,361017.08298731974,4065919.3295594095,96.62,0.0,0.0,0.0,0.0,1778833858,315404353
1468,1778833858,374598084,gps,361017.38192195515,4065919.036181811,96.645,0.0,0.0,0.0,0.0,1778833858,437779680
1469,1778833858,499598019,gps,361017.7163965467,4065918.7311297897,96.625,0.0,0.0,0.0,0.0,1778833858,559419431
1470,1778833858,624597954,gps,361018.03265051194,4065918.4041800136,96.595,0.0,0.0,0.0,0.0,1778833858,689046666
1471,1778833858,749597890,gps,361018.3581950981,4065918.0992731284,96.589,0.0,0.0,0.0,0.0,1778833858,814212380
1472,1778833858,874597825,gps,361018.68373970885,4065917.7943662554,96.577,0.0,0.0,0.0,0.0,1778833858,938446856
1473,1778833858,999597761,gps,361018.9821336394,4065917.4677067343,96.58200000000001,0.0,0.0,0.0,0.0,1778833859,68797637
1474,1778833859,124597696,gps,361019.26320829854,4065917.174619423,96.528,0.0,0.0,0.0,0.0,1778833859,188535434
1475,1778833859,249597631,gps,361019.5530327611,4065916.87029302,96.535,0.0,0.0,0.0,0.0,1778833859,313565094
1476,1778833859,374597567,gps,361019.80713702727,4065916.5665470567,96.533,0.0,0.0,0.0,0.0,1778833859,436459443
1477,1778833859,499597502,gps,361020.07017136697,4065916.2626559944,96.5,0.0,0.0,0.0,0.0,1778833859,563597358
1478,1778833859,624597437,gps,361020.3166075015,4065916.0367131126,96.495,0.0,0.0,0.0,0.0,1778833859,689215910
1479,1778833859,749597373,gps,361020.5626831119,4065915.788582252,96.46600000000001,0.0,0.0,0.0,0.0,1778833859,812603976
1480,1778833859,874597308,gps,361020.77303851524,4065915.5410318235,96.43900000000001,0.0,0.0,0.0,0.0,1778833859,936615629
1481,1778833859,999597245,gps,361020.99286479305,4065915.326618278,96.46900000000001,0.0,0.0,0.0,0.0,1778833860,66809982
1482,1778833860,124597179,gps,361021.20358075725,4065915.1012558485,96.45400000000001,0.0,0.0,0.0,0.0,1778833860,187269156
1483,1778833860,249597115,gps,361021.4060877483,4065914.920414508,96.393,0.0,0.0,0.0,0.0,1778833860,313217644
1484,1778833860,374597050,gps,361021.5903741011,4065914.717675395,96.392,0.0,0.0,0.0,0.0,1778833860,437431658
1485,1778833860,499596985,gps,361021.75698061765,4065914.5263204924,96.394,0.0,0.0,0.0,0.0,1778833860,561313875
1486,1778833860,624596921,gps,361021.94983650884,4065914.3012482943,96.4,0.0,0.0,0.0,0.0,1778833860,686675121
1487,1778833860,749596856,gps,361022.1614538593,4065914.131355861,96.374,0.0,0.0,0.0,0.0,1778833860,811460129
1488,1778833860,874596792,gps,361022.38182100904,4065913.950224334,96.368,0.0,0.0,0.0,0.0,1778833860,936299157
1489,1778833860,999596728,gps,361022.583787253,4065913.7361010415,96.352,0.0,0.0,0.0,0.0,1778833861,65565398
1490,1778833861,124596662,gps,361022.82129347185,4065913.510303341,96.33500000000001,0.0,0.0,0.0,0.0,1778833861,187539096
1491,1778833861,249596598,gps,361023.0766598174,4065913.28421544,96.32000000000001,0.0,0.0,0.0,0.0,1778833861,310122694
1492,1778833861,374596533,gps,361023.3409562338,4065913.057982445,96.305,0.0,0.0,0.0,0.0,1778833861,436270150
1493,1778833861,499596469,gps,361023.59542128094,4065912.7764245905,96.301,0.0,0.0,0.0,0.0,1778833861,560786277
1494,1778833861,624596404,gps,361023.8773975801,4065912.5388074107,96.309,0.0,0.0,0.0,0.0,1778833861,686440322
1495,1778833861,749596340,gps,361024.16776315856,4065912.2677631564,96.259,0.0,0.0,0.0,0.0,1778833861,811862982
1496,1778833861,874596275,gps,361024.4222282582,4065911.986205329,96.302,0.0,0.0,0.0,0.0,1778833861,936257606
1497,1778833861,999596211,gps,361024.694553492,4065911.7043573046,96.241,0.0,0.0,0.0,0.0,1778833862,66381435
1498,1778833862,124596146,gps,361024.967059006,4065911.433603285,96.23,0.0,0.0,0.0,0.0,1778833862,182481531
1499,1778833862,249596081,gps,361025.2395645386,4065911.162849273,96.24000000000001,0.0,0.0,0.0,0.0,1778833862,312564864
1500,1778833862,374596017,gps,361025.49420996977,4065910.892385475,96.208,0.0,0.0,0.0,0.0,1778833862,435623325
1501,1778833862,499595952,gps,361025.7663550122,4065910.599443493,96.197,0.0,0.0,0.0,0.0,1778833862,562196749
1502,1778833862,624595887,gps,361026.0388605958,4065910.328689509,96.2,0.0,0.0,0.0,0.0,1778833862,687776282
1503,1778833862,749595823,gps,361026.31100567523,4065910.035747548,96.166,0.0,0.0,0.0,0.0,1778833862,812502318
1504,1778833862,874595758,gps,361026.59208083537,4065909.742660493,96.154,0.0,0.0,0.0,0.0,1778833862,936255511
1505,1778833862,999595695,gps,361026.87297575304,4065909.4384794566,96.15,0.0,0.0,0.0,0.0,1778833863,61736946
1506,1778833863,124595629,gps,361027.1540509525,4065909.145392424,96.10000000000001,0.0,0.0,0.0,0.0,1778833863,188540174
1507,1778833863,249595565,gps,361027.46137557627,4065908.8185881204,96.084,0.0,0.0,0.0,0.0,1778833863,313582855
1508,1778833863,374595500,gps,361027.74191003817,4065908.492219126,96.09700000000001,0.0,0.0,0.0,0.0,1778833863,438238351
1509,1778833863,499595435,gps,361028.0951468352,4065908.2423473084,96.065,0.0,0.0,0.0,0.0,1778833863,561865753
1510,1778833863,624595371,gps,361028.3851521789,4065907.9491152186,96.068,0.0,0.0,0.0,0.0,1778833863,687845445
1511,1778833863,749595306,gps,361028.68426786363,4065907.6668320373,96.069,0.0,0.0,0.0,0.0,1778833863,811636009
1512,1778833863,874595242,gps,361028.95677363564,4065907.3960781526,96.042,0.0,0.0,0.0,0.0,1778833863,934379919
1513,1778833863,999595178,gps,361029.26536019554,4065907.146931874,96.002,0.0,0.0,0.0,0.0,1778833864,66386767
1514,1778833864,124595113,gps,361029.5469763233,4065906.887126906,96.024,0.0,0.0,0.0,0.0,1778833864,189021812
1515,1778833864,249595048,gps,361029.8194821478,4065906.6163730496,96.013,0.0,0.0,0.0,0.0,1778833864,313268398
1516,1778833864,374594983,gps,361030.074488373,4065906.3680973854,96.0,0.0,0.0,0.0,0.0,1778833864,435785914
1517,1778833864,499594919,gps,361030.33842467854,4065906.119676632,96.009,0.0,0.0,0.0,0.0,1778833864,561388936
1518,1778833864,624594854,gps,361030.55753041734,4065905.860887373,96.022,0.0,0.0,0.0,0.0,1778833864,687044936
1519,1778833864,749594789,gps,361030.8220075189,4065905.645748617,95.995,0.0,0.0,0.0,0.0,1778833864,812392255
1520,1778833864,874594725,gps,361031.01432308846,4065905.3873946583,95.996,0.0,0.0,0.0,0.0,1778833864,936850653
1521,1778833864,999594661,gps,361031.24289969786,4065905.161742304,96.027,0.0,0.0,0.0,0.0,1778833865,66779098
1522,1778833865,124594596,gps,361031.4445058659,4065904.9254312473,95.97200000000001,0.0,0.0,0.0,0.0,1778833865,187190850
1523,1778833865,249594531,gps,361031.6732627534,4065904.7108728997,95.98100000000001,0.0,0.0,0.0,0.0,1778833865,312518010
1524,1778833865,374594467,gps,361031.88397926546,4065904.4855107544,95.934,0.0,0.0,0.0,0.0,1778833865,436509695
1525,1778833865,499594402,gps,361032.11255592236,4065904.259858425,95.92,0.0,0.0,0.0,0.0,1778833865,561878074
1526,1778833865,624594337,gps,361032.32309220394,4065904.023402295,95.915,0.0,0.0,0.0,0.0,1778833865,687877090
1527,1778833865,749594273,gps,361032.551128126,4065903.764467999,95.894,0.0,0.0,0.0,0.0,1778833865,809584847
1528,1778833865,874594208,gps,361032.779164062,4065903.5055337083,95.898,0.0,0.0,0.0,0.0,1778833865,936168794
1529,1778833865,999594145,gps,361033.0338099627,4065903.2350701513,95.873,0.0,0.0,0.0,0.0,1778833866,65534301
1530,1778833866,124594079,gps,361033.27898505615,4065902.931469713,95.878,0.0,0.0,0.0,0.0,1778833866,189154219
1531,1778833866,249594015,gps,361033.55113062373,4065902.638527999,95.843,0.0,0.0,0.0,0.0,1778833866,314679744
1532,1778833866,374593950,gps,361033.8230959589,4065902.3344922983,95.83,0.0,0.0,0.0,0.0,1778833866,438874273
1533,1778833866,499593885,gps,361034.1038111313,4065902.0192175247,95.784,0.0,0.0,0.0,0.0,1778833866,562791252
1534,1778833866,624593821,gps,361034.3841658237,4065901.681754771,95.805,0.0,0.0,0.0,0.0,1778833866,685158528
1535,1778833866,749593756,gps,361034.67417160934,4065901.388522912,95.787,0.0,0.0,0.0,0.0,1778833866,813355250
1536,1778833866,874593692,gps,361034.98221780465,4065901.106094873,95.77,0.0,0.0,0.0,0.0,1778833866,939329873
1537,1778833866,999593628,gps,361035.27222363057,4065900.8128630337,95.767,0.0,0.0,0.0,0.0,1778833867,68723658
1538,1778833867,124593562,gps,361035.56222947524,4065900.5196312075,95.751,0.0,0.0,0.0,0.0,1778833867,189197581
1539,1778833867,249593498,gps,361035.8522353412,4065900.22639939,95.71900000000001,0.0,0.0,0.0,0.0,1778833867,314362032
1540,1778833867,374593433,gps,361036.1065209425,4065899.933747943,95.717,0.0,0.0,0.0,0.0,1778833867,437747346
1541,1778833867,499593369,gps,361036.37848645664,4065899.6297123316,95.717,0.0,0.0,0.0,0.0,1778833867,559008052
1542,1778833867,624593304,gps,361036.63313258905,4065899.3592488887,95.678,0.0,0.0,0.0,0.0,1778833867,688421664
1543,1778833867,749593239,gps,361036.88723799645,4065899.0555034745,95.705,0.0,0.0,0.0,0.0,1778833867,813728947
1544,1778833867,874593175,gps,361037.1595640604,4065898.773655876,95.681,0.0,0.0,0.0,0.0,1778833867,937821772
1545,1778833867,999593111,gps,361037.41384975077,4065898.4810044714,95.691,0.0,0.0,0.0,0.0,1778833868,68556361
1546,1778833868,124593046,gps,361037.6772457785,4065898.1993019814,95.654,0.0,0.0,0.0,0.0,1778833868,187781281
1547,1778833868,249592981,gps,361037.9404615781,4065897.906505506,95.642,0.0,0.0,0.0,0.0,1778833868,314127389
1548,1778833868,374592917,gps,361038.21260746755,4065897.6135639506,95.621,0.0,0.0,0.0,0.0,1778833868,436488504
1549,1778833868,499592852,gps,361038.50225303514,4065897.2981442427,95.637,0.0,0.0,0.0,0.0,1778833868,564565842
1550,1778833868,624592787,gps,361038.7917183798,4065896.9716305532,95.599,0.0,0.0,0.0,0.0,1778833868,689573812
1551,1778833868,749592723,gps,361039.0986834079,4065896.622638712,95.59,0.0,0.0,0.0,0.0,1778833868,812622970
1552,1778833868,874592658,gps,361039.41475877934,4065896.2845957913,95.557,0.0,0.0,0.0,0.0,1778833868,937386625
1553,1778833868,999592595,gps,361039.73029344645,4065895.9132709033,95.556,0.0,0.0,0.0,0.0,1778833869,67318584
1554,1778833869,124592529,gps,361040.0547582164,4065895.5418009404,95.522,0.0,0.0,0.0,0.0,1778833869,189320410
1555,1778833869,249592464,gps,361040.39690292603,4065895.1589468285,95.516,0.0,0.0,0.0,0.0,1778833869,315580628
1556,1778833869,374592400,gps,361040.72100727074,4065894.765288906,95.508,0.0,0.0,0.0,0.0,1778833869,441437535
1557,1778833869,499592335,gps,361041.0542219647,4065894.382579907,95.504,0.0,0.0,0.0,0.0,1778833869,565718779
1558,1778833869,624592271,gps,361041.378506611,4065894.000016006,95.506,0.0,0.0,0.0,0.0,1778833869,690093733
1559,1778833869,749592206,gps,361041.71154112456,4065893.606213043,95.49,0.0,0.0,0.0,0.0,1778833869,814356286
1560,1778833869,874592141,gps,361042.0272562334,4065893.2459822386,95.48400000000001,0.0,0.0,0.0,0.0,1778833869,939787607
1561,1778833869,999592078,gps,361042.3429713693,4065892.885751448,95.48700000000001,0.0,0.0,0.0,0.0,1778833870,70392093
1562,1778833870,124592012,gps,361042.64100661385,4065892.536904829,95.48700000000001,0.0,0.0,0.0,0.0,1778833870,190397081
1563,1778833870,249591947,gps,361042.94833244046,4065892.210101126,95.48,0.0,0.0,0.0,0.0,1778833870,314193591
1564,1778833870,374591883,gps,361043.25619900593,4065891.9165794128,95.473,0.0,0.0,0.0,0.0,1778833870,439305168
1565,1778833870,499591818,gps,361043.58246646443,4065891.656049527,95.456,0.0,0.0,0.0,0.0,1778833870,562736383
1566,1778833870,624591754,gps,361043.9085537066,4065891.3844256615,95.432,0.0,0.0,0.0,0.0,1778833870,688642588
1567,1778833870,749591689,gps,361044.2257108885,4065891.1129468908,95.455,0.0,0.0,0.0,0.0,1778833870,814311180
1568,1778833870,874591624,gps,361044.55179817043,4065890.841323053,95.44500000000001,0.0,0.0,0.0,0.0,1778833870,940243356
1569,1778833870,999591561,gps,361044.8598450767,4065890.558895394,95.436,0.0,0.0,0.0,0.0,1778833871,69527677
1570,1778833871,124591495,gps,361045.17682208354,4065890.276322668,95.421,0.0,0.0,0.0,0.0,1778833871,186486150
1571,1778833871,249591431,gps,361045.5116592741,4065889.993459793,95.426,0.0,0.0,0.0,0.0,1778833871,315181008
1572,1778833871,374591366,gps,361045.81970624137,4065889.711032171,95.426,0.0,0.0,0.0,0.0,1778833871,440230120
1573,1778833871,499591301,gps,361046.1188231477,4065889.428749641,95.423,0.0,0.0,0.0,0.0,1778833871,565077850
1574,1778833871,624591237,gps,361046.4181203095,4065889.157561114,95.404,0.0,0.0,0.0,0.0,1778833871,690426719
1575,1778833871,749591172,gps,361046.70830717206,4065888.8754236856,95.425,0.0,0.0,0.0,0.0,1778833871,815151792
1576,1778833871,874591108,gps,361046.9897442065,4065888.6045253384,95.395,0.0,0.0,0.0,0.0,1778833871,938567820
1577,1778833871,999591044,gps,361047.2440305433,4065888.311874249,95.382,0.0,0.0,0.0,0.0,1778833872,64141708
1578,1778833872,124590978,gps,361047.5074272131,4065888.030172084,95.402,0.0,0.0,0.0,0.0,1778833872,189426680
1579,1778833872,249590914,gps,361047.77082390164,4065887.748469927,95.36,0.0,0.0,0.0,0.0,1778833872,315478950
1580,1778833872,374590849,gps,361048.01654067205,4065887.478151925,95.382,0.0,0.0,0.0,0.0,1778833872,440297732
1581,1778833872,499590784,gps,361048.2533273734,4065887.207979009,95.369,0.0,0.0,0.0,0.0,1778833872,564939189
1582,1778833872,624590720,gps,361048.4992244062,4065886.948755016,95.376,0.0,0.0,0.0,0.0,1778833872,689218633
1583,1778833872,749590655,gps,361048.7270810539,4065886.678727191,95.383,0.0,0.0,0.0,0.0,1778833872,814447517
1584,1778833872,874590591,gps,361048.9642282617,4065886.430742283,95.365,0.0,0.0,0.0,0.0,1778833872,938308813
1585,1778833872,999590527,gps,361049.192445399,4065886.1829024577,95.364,0.0,0.0,0.0,0.0,1778833873,70723780
1586,1778833873,124590461,gps,361049.42102300964,4065885.9572506244,95.369,0.0,0.0,0.0,0.0,1778833873,191525322
1587,1778833873,249590397,gps,361049.64085077593,4065885.742837866,95.374,0.0,0.0,0.0,0.0,1778833873,316447153
1588,1778833873,374590332,gps,361049.8515682387,4065885.517476196,95.372,0.0,0.0,0.0,0.0,1778833873,440055687
1589,1778833873,499590268,gps,361050.0626461711,4065885.3143025176,95.36200000000001,0.0,0.0,0.0,0.0,1778833873,564771734
1590,1778833873,624590203,gps,361050.2735438845,4065885.100034851,95.374,0.0,0.0,0.0,0.0,1778833873,690132291
1591,1778833873,749590138,gps,361050.49337169586,4065884.885622117,95.384,0.0,0.0,0.0,0.0,1778833873,816284953
1592,1778833873,874590074,gps,361050.72249005956,4065884.693252299,95.382,0.0,0.0,0.0,0.0,1778833873,940148082
1593,1778833873,999590010,gps,361050.95106775087,4065884.467600511,95.391,0.0,0.0,0.0,0.0,1778833874,70075623
1594,1778833874,124589944,gps,361051.19768585626,4065884.2527525737,95.377,0.0,0.0,0.0,0.0,1778833874,189811003
1595,1778833874,249589880,gps,361051.46198392013,4065884.026520502,95.373,0.0,0.0,0.0,0.0,1778833874,316519507
1596,1778833874,374589815,gps,361051.7169914585,4065883.7782455287,95.376,0.0,0.0,0.0,0.0,1778833874,439750238
1597,1778833874,499589751,gps,361051.9898591861,4065883.5296804165,95.349,0.0,0.0,0.0,0.0,1778833874,565317041
1598,1778833874,624589686,gps,361052.2537968409,4065883.2812603856,95.349,0.0,0.0,0.0,0.0,1778833874,689835800
1599,1778833874,749589621,gps,361052.5171938349,4065882.9995583855,95.365,0.0,0.0,0.0,0.0,1778833874,812656663
1600,1778833874,874589557,gps,361052.7720212081,4065882.740189452,95.345,0.0,0.0,0.0,0.0,1778833874,938781235
1601,1778833874,999589493,gps,361053.02702882193,4065882.4919145196,95.334,0.0,0.0,0.0,0.0,1778833875,68733225
1602,1778833875,124589428,gps,361053.2727459126,4065882.221596682,95.35000000000001,0.0,0.0,0.0,0.0,1778833875,190529912
1603,1778833875,249589363,gps,361053.5188234667,4065881.973466836,95.33200000000001,0.0,0.0,0.0,0.0,1778833875,315335989
1604,1778833875,374589299,gps,361053.7470408571,4065881.725627141,95.33200000000001,0.0,0.0,0.0,0.0,1778833875,440243760
1605,1778833875,499589234,gps,361053.99311844073,4065881.4774973104,95.316,0.0,0.0,0.0,0.0,1778833875,564717734
1606,1778833875,624589169,gps,361054.21222554403,4065881.218708706,95.334,0.0,0.0,0.0,0.0,1778833875,686226720
1607,1778833875,749589105,gps,361054.44919284305,4065880.9596299683,95.33800000000001,0.0,0.0,0.0,0.0,1778833875,813884166
1608,1778833875,874589040,gps,361054.69509024534,4065880.7004061667,95.336,0.0,0.0,0.0,0.0,1778833875,939381122
1609,1778833875,999588977,gps,361054.9316971272,4065880.4191394574,95.34,0.0,0.0,0.0,0.0,1778833876,70020513
1610,1778833876,124588911,gps,361055.16848424845,4065880.1489667464,95.33800000000001,0.0,0.0,0.0,0.0,1778833876,191781188
1611,1778833876,249588846,gps,361055.4140212526,4065879.8675549817,95.322,0.0,0.0,0.0,0.0,1778833876,316724040
1612,1778833876,374588782,gps,361055.65955827443,4065879.5861432245,95.34700000000001,0.0,0.0,0.0,0.0,1778833876,439662566
1613,1778833876,499588717,gps,361055.9049150914,4065879.293637482,95.32300000000001,0.0,0.0,0.0,0.0,1778833876,561426657
1614,1778833876,624588653,gps,361056.15027192543,4065879.001131747,95.31700000000001,0.0,0.0,0.0,0.0,1778833876,690624574
1615,1778833876,749588588,gps,361056.3868789038,4065878.719865082,95.31700000000001,0.0,0.0,0.0,0.0,1778833876,816597961
1616,1778833876,874588524,gps,361056.61455580546,4065878.4387434907,95.301,0.0,0.0,0.0,0.0,1778833876,941692527
1617,1778833876,999588460,gps,361056.85973246803,4065878.1351437867,95.318,0.0,0.0,0.0,0.0,1778833877,71447247
1618,1778833877,124588394,gps,361057.0872291819,4065877.842928216,95.324,0.0,0.0,0.0,0.0,1778833877,190252547
1619,1778833877,249588330,gps,361057.3240164447,4065877.5727555696,95.291,0.0,0.0,0.0,0.0,1778833877,316460664
1620,1778833877,374588265,gps,361057.54294353304,4065877.302873065,95.298,0.0,0.0,0.0,0.0,1778833877,438283518
1621,1778833877,499588201,gps,361057.744010448,4065877.0332807014,95.298,0.0,0.0,0.0,0.0,1778833877,566738625
1622,1778833877,624588136,gps,361057.9368681542,4065876.80820938,95.31,0.0,0.0,0.0,0.0,1778833877,690753637
1623,1778833877,749588072,gps,361058.129906089,4065876.594232056,95.312,0.0,0.0,0.0,0.0,1778833877,815299334
1624,1778833877,874588007,gps,361058.3325950009,4065876.42448564,95.297,0.0,0.0,0.0,0.0,1778833877,940165958
1625,1778833877,999587943,gps,361058.5084936345,4065876.2551744296,95.302,0.0,0.0,0.0,0.0,1778833878,69839228
1626,1778833878,124587878,gps,361058.6756423978,4065876.09710228,95.343,0.0,0.0,0.0,0.0,1778833878,192415565
1627,1778833878,249587813,gps,361058.8519014794,4065875.94997906,95.33200000000001,0.0,0.0,0.0,0.0,1778833878,317153619
1628,1778833878,374587749,gps,361059.04602075845,4065875.802565714,95.336,0.0,0.0,0.0,0.0,1778833878,441433323
1629,1778833878,499587684,gps,361059.2220996371,4065875.6443485105,95.351,0.0,0.0,0.0,0.0,1778833878,566381490
1630,1778833878,624587620,gps,361059.39835873735,4065875.4972253037,95.342,0.0,0.0,0.0,0.0,1778833878,690570616
1631,1778833878,749587555,gps,361059.5742574113,4065875.327914115,95.343,0.0,0.0,0.0,0.0,1778833878,815439224
1632,1778833878,874587490,gps,361059.74140621244,4065875.169841987,95.328,0.0,0.0,0.0,0.0,1778833878,940139307
1633,1778833878,999587427,gps,361059.90819458826,4065874.9895818783,95.32000000000001,0.0,0.0,0.0,0.0,1778833879,70826315
1634,1778833879,124587361,gps,361060.0571227778,4065874.8096119016,95.322,0.0,0.0,0.0,0.0,1778833879,190727170
1635,1778833879,249587297,gps,361060.2064114057,4065874.651829912,95.339,0.0,0.0,0.0,0.0,1778833879,313467278
1636,1778833879,374587232,gps,361060.32034008036,4065874.5168161667,95.334,0.0,0.0,0.0,0.0,1778833879,439857455
1637,1778833879,499587168,gps,361060.43444897374,4065874.3928964166,95.33800000000001,0.0,0.0,0.0,0.0,1778833879,565391332
1638,1778833879,624587103,gps,361060.5219477954,4065874.28050585,95.35300000000001,0.0,0.0,0.0,0.0,1778833879,690857616
1639,1778833879,749587039,gps,361060.60087694996,4065874.1904483372,95.349,0.0,0.0,0.0,0.0,1778833879,815432620
1640,1778833879,874586974,gps,361060.6712364401,4065874.122723871,95.354,0.0,0.0,0.0,0.0,1778833879,940728973
1641,1778833879,999586911,gps,361060.7324856187,4065874.0440504774,95.35900000000001,0.0,0.0,0.0,0.0,1778833880,70704258
1642,1778833880,124586845,gps,361060.7853453439,4065873.9988041255,95.369,0.0,0.0,0.0,0.0,1778833880,187767177
1643,1778833880,249586781,gps,361060.8112345631,4065873.942898972,95.369,0.0,0.0,0.0,0.0,1778833880,316415486
1644,1778833880,374586716,gps,361060.8551641924,4065873.8977976833,95.365,0.0,0.0,0.0,0.0,1778833880,440452776
1645,1778833880,499586652,gps,361060.8817742715,4065873.8862685007,95.35600000000001,0.0,0.0,0.0,0.0,1778833880,566618398
1646,1778833880,624586587,gps,361060.9080239205,4065873.852551333,95.368,0.0,0.0,0.0,0.0,1778833880,690841451
1647,1778833880,749586522,gps,361060.92552368704,4065873.830073221,95.363,0.0,0.0,0.0,0.0,1778833880,815815683
1648,1778833880,874586458,gps,361060.9430234537,4065873.807595109,95.365,0.0,0.0,0.0,0.0,1778833880,940135512
1649,1778833880,999586394,gps,361060.9607034348,4065873.7962109884,95.376,0.0,0.0,0.0,0.0,1778833881,66311740
1650,1778833881,124586329,gps,361060.96927310317,4065873.773877941,95.376,0.0,0.0,0.0,0.0,1778833881,191644175
1651,1778833881,249586264,gps,361060.98677287006,4065873.7513998277,95.376,0.0,0.0,0.0,0.0,1778833881,317734628
1652,1778833881,374586200,gps,361061.00463306566,4065873.751109702,95.376,0.0,0.0,0.0,0.0,1778833881,441388061
1653,1778833881,499586135,gps,361061.0042726371,4065873.7289217166,95.378,0.0,0.0,0.0,0.0,1778833881,565661071
1654,1778833881,624586071,gps,361061.0217724029,4065873.7064436055,95.38,0.0,0.0,0.0,0.0,1778833881,693145264
1655,1778833881,749586006,gps,361061.0394523843,4065873.6950594867,95.381,0.0,0.0,0.0,0.0,1778833881,815542090
1656,1778833881,874585942,gps,361061.04820226855,4065873.68382043,95.363,0.0,0.0,0.0,0.0,1778833881,938761058
1657,1778833881,999585878,gps,361061.0569521515,4065873.6725813746,95.381,0.0,0.0,0.0,0.0,1778833882,71889975
1658,1778833882,124585813,gps,361061.0655218216,4065873.650248326,95.369,0.0,0.0,0.0,0.0,1778833882,193706155
1659,1778833882,249585748,gps,361061.0832018019,4065873.638864208,95.38,0.0,0.0,0.0,0.0,1778833882,318917760
1660,1778833882,374585684,gps,361061.1008817835,4065873.627480088,95.372,0.0,0.0,0.0,0.0,1778833882,441589487
1661,1778833882,499585619,gps,361061.10070156935,4065873.616386096,95.368,0.0,0.0,0.0,0.0,1778833882,566803701
1662,1778833882,624585555,gps,361061.1183815511,4065873.605001976,95.363,0.0,0.0,0.0,0.0,1778833882,691544519
1663,1778833882,749585490,gps,361061.12695122015,4065873.582668929,95.363,0.0,0.0,0.0,0.0,1778833882,817481581
1664,1778833882,874585426,gps,361061.1446312019,4065873.571284808,95.378,0.0,0.0,0.0,0.0,1778833882,941269325
1665,1778833882,999585362,gps,361061.1533810864,4065873.560045753,95.367,0.0,0.0,0.0,0.0,1778833883,71605078
1666,1778833883,124585297,gps,361061.17088085425,4065873.5375676416,95.364,0.0,0.0,0.0,0.0,1778833883,191428241
1667,1778833883,249585232,gps,361061.1707006402,4065873.52647365,95.358,0.0,0.0,0.0,0.0,1778833883,316410960
1668,1778833883,374585168,gps,361061.1883806209,4065873.5150895296,95.379,0.0,0.0,0.0,0.0,1778833883,440756532
1669,1778833883,499585103,gps,361061.20588038897,4065873.49261142,95.361,0.0,0.0,0.0,0.0,1778833883,567349480
1670,1778833883,624585039,gps,361061.2057001749,4065873.4815174267,95.373,0.0,0.0,0.0,0.0,1778833883,691655867
1671,1778833883,749584974,gps,361061.2057001749,4065873.4815174267,95.358,0.0,0.0,0.0,0.0,1778833883,814749472
1672,1778833883,874584910,gps,361061.2057001749,4065873.4815174267,95.372,0.0,0.0,0.0,0.0,1778833883,940596993
1673,1778833883,999584846,gps,361061.20588038897,4065873.49261142,95.355,0.0,0.0,0.0,0.0,1778833884,70640100
1674,1778833884,124584781,gps,361061.2057001749,4065873.4815174267,95.36,0.0,0.0,0.0,0.0,1778833884,190865558
1675,1778833884,249584716,gps,361061.21463027364,4065873.4813723634,95.352,0.0,0.0,0.0,0.0,1778833884,316880993
1676,1778833884,374584652,gps,361061.21463027364,4065873.4813723634,95.34700000000001,0.0,0.0,0.0,0.0,1778833884,441847198
1677,1778833884,499584587,gps,361061.22356037097,4065873.4812273,95.343,0.0,0.0,0.0,0.0,1778833884,566767540
1678,1778833884,624584523,gps,361061.21445005963,4065873.470278371,95.352,0.0,0.0,0.0,0.0,1778833884,687631563
1679,1778833884,749584458,gps,361061.223380157,4065873.470133307,95.327,0.0,0.0,0.0,0.0,1778833884,815463618
1680,1778833884,874584394,gps,361061.223380157,4065873.470133307,95.328,0.0,0.0,0.0,0.0,1778833884,940994771
1681,1778833884,999584330,gps,361061.2231999431,4065873.4590393146,95.328,0.0,0.0,0.0,0.0,1778833885,70770543
1682,1778833885,124584265,gps,361061.2231999431,4065873.4590393146,95.339,0.0,0.0,0.0,0.0,1778833885,192361238
1683,1778833885,249584200,gps,361061.2321300404,4065873.4588942514,95.328,0.0,0.0,0.0,0.0,1778833885,318596659
1684,1778833885,374584136,gps,361061.2408799252,4065873.447655196,95.315,0.0,0.0,0.0,0.0,1778833885,442083444
1685,1778833885,499584071,gps,361061.2408799252,4065873.447655196,95.32600000000001,0.0,0.0,0.0,0.0,1778833885,562858446
1686,1778833885,624584007,gps,361061.2408799252,4065873.447655196,95.305,0.0,0.0,0.0,0.0,1778833885,692631809
1687,1778833885,749583942,gps,361061.2587401214,4065873.44736507,95.319,0.0,0.0,0.0,0.0,1778833885,817769347
1688,1778833885,874583878,gps,361061.2674900049,4065873.4361260156,95.308,0.0,0.0,0.0,0.0,1778833885,942632372
1689,1778833885,999583814,gps,361061.26730979094,4065873.4250320224,95.302,0.0,0.0,0.0,0.0,1778833886,72646618
1690,1778833886,124583749,gps,361061.26730979094,4065873.4250320224,95.297,0.0,0.0,0.0,0.0,1778833886,191407614
1691,1778833886,249583684,gps,361061.27605967585,4065873.4137929655,95.289,0.0,0.0,0.0,0.0,1778833886,317664069
1692,1778833886,374583620,gps,361061.2849897733,4065873.4136479027,95.3,0.0,0.0,0.0,0.0,1778833886,439715621
1693,1778833886,499583555,gps,361061.30266975565,4065873.4022637857,95.304,0.0,0.0,0.0,0.0,1778833886,567769234
1694,1778833886,624583491,gps,361061.3024895418,4065873.3911697916,95.289,0.0,0.0,0.0,0.0,1778833886,691926934
1695,1778833886,749583426,gps,361061.31123942544,4065873.379930737,95.309,0.0,0.0,0.0,0.0,1778833886,816729393
1696,1778833886,874583362,gps,361061.31998931034,4065873.368691681,95.297,0.0,0.0,0.0,0.0,1778833886,941228731
1697,1778833886,999583298,gps,361061.3289194079,4065873.3685466195,95.308,0.0,0.0,0.0,0.0,1778833887,71722922
1698,1778833887,124583233,gps,361061.3378495054,4065873.3684015563,95.297,0.0,0.0,0.0,0.0,1778833887,191945483
1699,1778833887,249583168,gps,361061.3553492741,4065873.3459234443,95.307,0.0,0.0,0.0,0.0,1778833887,317856706
1700,1778833887,374583104,gps,361061.35516906035,4065873.334829451,95.313,0.0,0.0,0.0,0.0,1778833887,442309812
1701,1778833887,499583039,gps,361061.3730292567,4065873.334539325,95.285,0.0,0.0,0.0,0.0,1778833887,567171092
1702,1778833887,624582975,gps,361061.3817791417,4065873.3233002694,95.307,0.0,0.0,0.0,0.0,1778833887,690871318
1703,1778833887,749582910,gps,361061.3905290256,4065873.3120612144,95.301,0.0,0.0,0.0,0.0,1778833887,815325675
1704,1778833887,874582846,gps,361061.4082090083,4065873.3006770965,95.297,0.0,0.0,0.0,0.0,1778833887,940474388
1705,1778833887,999582782,gps,361061.4169588922,4065873.2894380414,95.278,0.0,0.0,0.0,0.0,1778833888,71615479
1706,1778833888,124582717,gps,361061.4257087774,4065873.2781989854,95.29,0.0,0.0,0.0,0.0,1778833888,192347022
1707,1778833888,249582652,gps,361061.43445866124,4065873.26695993,95.296,0.0,0.0,0.0,0.0,1778833888,315666144
1708,1778833888,374582587,gps,361061.44338875887,4065873.266814867,95.295,0.0,0.0,0.0,0.0,1778833888,441461442
1709,1778833888,499582523,gps,361061.45213864406,4065873.2555758115,95.289,0.0,0.0,0.0,0.0,1778833888,566670145
1710,1778833888,624582458,gps,361061.469818627,4065873.2441916936,95.275,0.0,0.0,0.0,0.0,1778833888,690842344
1711,1778833888,749582394,gps,361061.4785685111,4065873.2329526385,95.299,0.0,0.0,0.0,0.0,1778833888,816671574
1712,1778833888,874582329,gps,361061.48749861,4065873.2328075757,95.282,0.0,0.0,0.0,0.0,1778833888,941570572
1713,1778833888,999582266,gps,361061.4960682804,4065873.2104745274,95.3,0.0,0.0,0.0,0.0,1778833889,72242517
1714,1778833889,124582200,gps,361061.5049983781,4065873.210329464,95.288,0.0,0.0,0.0,0.0,1778833889,187638365
1715,1778833889,249582136,gps,361061.52267836116,4065873.198945347,95.286,0.0,0.0,0.0,0.0,1778833889,316868087
1716,1778833889,374582071,gps,361061.5314282465,4065873.1877062907,95.301,0.0,0.0,0.0,0.0,1778833889,441503555
1717,1778833889,499582007,gps,361061.53124803305,4065873.1766122985,95.299,0.0,0.0,0.0,0.0,1778833889,567407127
1718,1778833889,624581942,gps,361061.54892801493,4065873.165228181,95.315,0.0,0.0,0.0,0.0,1778833889,692618682
1719,1778833889,749581878,gps,361061.5576779004,4065873.1539891255,95.303,0.0,0.0,0.0,0.0,1778833889,817607057
1720,1778833889,874581813,gps,361061.5666079981,4065873.1538440627,95.302,0.0,0.0,0.0,0.0,1778833889,941636767
1721,1778833889,999581750,gps,361061.57535788364,4065873.142605007,95.32000000000001,0.0,0.0,0.0,0.0,1778833890,67866771
1722,1778833890,124581684,gps,361061.57535788364,4065873.142605007,95.315,0.0,0.0,0.0,0.0,1778833890,192509057
1723,1778833890,249581620,gps,361061.5841077679,4065873.131365953,95.31700000000001,0.0,0.0,0.0,0.0,1778833890,316745363
1724,1778833890,374581555,gps,361061.593037867,4065873.1312208897,95.33500000000001,0.0,0.0,0.0,0.0,1778833890,440698962
1725,1778833890,499581491,gps,361061.593037867,4065873.1312208897,95.32300000000001,0.0,0.0,0.0,0.0,1778833890,565700845
1726,1778833890,624581426,gps,361061.58392755437,4065873.1202719593,95.32300000000001,0.0,0.0,0.0,0.0,1778833890,690480014
1727,1778833890,749581362,gps,361061.6017877512,4065873.1199818337,95.324,0.0,0.0,0.0,0.0,1778833890,815362862
1728,1778833890,874581297,gps,361061.6017877512,4065873.1199818337,95.32600000000001,0.0,0.0,0.0,0.0,1778833890,938432224
1729,1778833890,999581234,gps,361061.6105376355,4065873.1087427796,95.32600000000001,0.0,0.0,0.0,0.0,1778833891,70611666
1730,1778833891,124581168,gps,361061.61035742203,4065873.0976487864,95.348,0.0,0.0,0.0,0.0,1778833891,193626140
1731,1778833891,249581104,gps,361061.6283978324,4065873.108452654,95.31400000000001,0.0,0.0,0.0,0.0,1778833891,319873669
1732,1778833891,374581039,gps,361061.62821761897,4065873.0973586612,95.331,0.0,0.0,0.0,0.0,1778833891,442405091
1733,1778833891,499580975,gps,361061.64607781585,4065873.097068536,95.336,0.0,0.0,0.0,0.0,1778833891,566751659
1734,1778833891,624580910,gps,361061.64571738907,4065873.074880551,95.343,0.0,0.0,0.0,0.0,1778833891,691490137
1735,1778833891,749580846,gps,361061.6544672747,4065873.0636414955,95.327,0.0,0.0,0.0,0.0,1778833891,816758213
1736,1778833891,874580781,gps,361061.6723274704,4065873.0633513704,95.333,0.0,0.0,0.0,0.0,1778833891,941590682
1737,1778833891,999580718,gps,361061.6901876674,4065873.0630612457,95.34,0.0,0.0,0.0,0.0,1778833892,71817132
1738,1778833892,124580652,gps,361061.69000745396,4065873.0519672516,95.337,0.0,0.0,0.0,0.0,1778833892,193883270
1739,1778833892,249580588,gps,361061.6901876674,4065873.0630612457,95.339,0.0,0.0,0.0,0.0,1778833892,319400843
1740,1778833892,374580523,gps,361061.67250768375,4065873.074445363,95.346,0.0,0.0,0.0,0.0,1778833892,442618510
1741,1778833892,499580459,gps,361061.6548277015,4065873.08582948,95.34700000000001,0.0,0.0,0.0,0.0,1778833892,568611251
1742,1778833892,624580394,gps,361061.6376883583,4065873.130495577,95.348,0.0,0.0,0.0,0.0,1778833892,692734250
1743,1778833892,749580330,gps,361061.6112584894,4065873.15311875,95.34700000000001,0.0,0.0,0.0,0.0,1778833892,815826266
1744,1778833892,874580265,gps,361061.5760787377,4065873.186980977,95.35900000000001,0.0,0.0,0.0,0.0,1778833892,942536107
1745,1778833892,999580201,gps,361061.5323293144,4065873.2431762535,95.374,0.0,0.0,0.0,0.0,1778833893,72749126
1746,1778833893,124580136,gps,361061.4794695793,4065873.2884226018,95.366,0.0,0.0,0.0,0.0,1778833893,193181766
1747,1778833893,249580071,gps,361061.43553994346,4065873.333523886,95.378,0.0,0.0,0.0,0.0,1778833893,319346071
1748,1778833893,374580007,gps,361061.3824999969,4065873.3676762413,95.369,0.0,0.0,0.0,0.0,1778833893,443673650
1749,1778833893,499579942,gps,361061.356430557,4065873.4124873993,95.389,0.0,0.0,0.0,0.0,1778833893,567549542
1750,1778833893,624579878,gps,361061.3032103973,4065873.4355457635,95.373,0.0,0.0,0.0,0.0,1778833893,688234794
1751,1778833893,749579813,gps,361061.2680306467,4065873.469407992,95.371,0.0,0.0,0.0,0.0,1778833893,815982173
1752,1778833893,874579749,gps,361061.23285089637,4065873.5032702223,95.393,0.0,0.0,0.0,0.0,1778833893,940741259
1753,1778833893,999579685,gps,361061.18874104903,4065873.537277516,95.404,0.0,0.0,0.0,0.0,1778833894,72439854
1754,1778833894,124579620,gps,361061.1446312019,4065873.571284808,95.408,0.0,0.0,0.0,0.0,1778833894,192939922
1755,1778833894,249579555,gps,361061.0914110438,4065873.5943431733,95.396,0.0,0.0,0.0,0.0,1778833894,319408427
1756,1778833894,374579491,gps,361061.05623129464,4065873.628205403,95.391,0.0,0.0,0.0,0.0,1778833894,442523062
1757,1778833894,499579426,gps,361061.0031913513,4065873.66235776,95.398,0.0,0.0,0.0,0.0,1778833894,562801436
1758,1778833894,624579362,gps,361060.95908150566,4065873.696365056,95.387,0.0,0.0,0.0,0.0,1778833894,692362903
1759,1778833894,749579297,gps,361060.92372154316,4065873.719133295,95.42,0.0,0.0,0.0,0.0,1778833894,817950911
1760,1778833894,874579233,gps,361060.87943148357,4065873.742046597,95.407,0.0,0.0,0.0,0.0,1778833894,942769633
1761,1778833894,999579169,gps,361060.83514142426,4065873.7649598992,95.419,0.0,0.0,0.0,0.0,1778833895,72824361
1762,1778833895,124579104,gps,361060.79978146235,4065873.78772814,95.404,0.0,0.0,0.0,0.0,1778833895,192636576
1763,1778833895,249579039,gps,361060.7378114227,4065873.8220255617,95.407,0.0,0.0,0.0,0.0,1778833895,316586232
1764,1778833895,374578975,gps,361060.6935213641,4065873.8449388645,95.428,0.0,0.0,0.0,0.0,1778833895,439646272
1765,1778833895,499578910,gps,361060.6226212282,4065873.8793813516,95.416,0.0,0.0,0.0,0.0,1778833895,567512186
1766,1778833895,624578846,gps,361060.5517210917,4065873.9138238397,95.443,0.0,0.0,0.0,0.0,1778833895,692522018
1767,1778833895,749578781,gps,361060.46314097673,4065873.959650448,95.408,0.0,0.0,0.0,0.0,1778833895,815828628
1768,1778833895,874578717,gps,361060.4009907245,4065873.9828538815,95.433,0.0,0.0,0.0,0.0,1778833895,940240052
1769,1778833895,999578653,gps,361060.32991037564,4065874.006202378,95.452,0.0,0.0,0.0,0.0,1778833896,70440582
1770,1778833896,124578588,gps,361060.276690221,4065874.029260747,95.44800000000001,0.0,0.0,0.0,0.0,1778833896,191575464
1771,1778833896,249578523,gps,361060.2232898526,4065874.0412251246,95.46900000000001,0.0,0.0,0.0,0.0,1778833896,317335148
1772,1778833896,374578459,gps,361060.17899979645,4065874.064138431,95.449,0.0,0.0,0.0,0.0,1778833896,441795276
1773,1778833896,499578394,gps,361060.1523897188,4065874.0756676146,95.474,0.0,0.0,0.0,0.0,1778833896,566752267
1774,1778833896,624578330,gps,361060.1257796425,4065874.0871968004,95.48,0.0,0.0,0.0,0.0,1778833896,690955297
1775,1778833896,749578265,gps,361060.0902394694,4065874.09887105,95.465,0.0,0.0,0.0,0.0,1778833896,815551303
1776,1778833896,874578201,gps,361060.0638096075,4065874.121494229,95.5,0.0,0.0,0.0,0.0,1778833896,940764732
1777,1778833896,999578137,gps,361060.01933933666,4065874.1333135427,95.488,0.0,0.0,0.0,0.0,1778833897,71683534
1778,1778833897,124578072,gps,361059.98379916395,4065874.1449877922,95.497,0.0,0.0,0.0,0.0,1778833897,191789316
1779,1778833897,249578007,gps,361059.96611918486,4065874.1563719152,95.498,0.0,0.0,0.0,0.0,1778833897,314800092
1780,1778833897,374577943,gps,361059.930579011,4065874.1680461643,95.51,0.0,0.0,0.0,0.0,1778833897,440591642
1781,1778833897,499577878,gps,361059.8948586215,4065874.1686264225,95.524,0.0,0.0,0.0,0.0,1778833897,565585290
1782,1778833897,624577814,gps,361059.8505685668,4065874.1915397295,95.528,0.0,0.0,0.0,0.0,1778833897,690604828
1783,1778833897,749577749,gps,361059.7971681999,4065874.2035041107,95.536,0.0,0.0,0.0,0.0,1778833897,815553006
1784,1778833897,874577685,gps,361059.7437678318,4065874.2154684896,95.537,0.0,0.0,0.0,0.0,1778833897,941552862
1785,1778833897,999577621,gps,361059.6992975618,4065874.2272878066,95.544,0.0,0.0,0.0,0.0,1778833898,71796608
1786,1778833898,124577556,gps,361059.65482729184,4065874.2391071217,95.554,0.0,0.0,0.0,0.0,1778833898,187697195
1787,1778833898,249577491,gps,361059.61035702215,4065874.2509264397,95.56,0.0,0.0,0.0,0.0,1778833898,317425169
1788,1778833898,374577427,gps,361059.5748168491,4065874.26260069,95.55,0.0,0.0,0.0,0.0,1778833898,441016398
1789,1778833898,499577362,gps,361059.5480265579,4065874.2630358846,95.575,0.0,0.0,0.0,0.0,1778833898,566761569
1790,1778833898,624577298,gps,361059.5126666012,4065874.2858041297,95.57900000000001,0.0,0.0,0.0,0.0,1778833898,691551468
1791,1778833898,749577233,gps,361059.4856960938,4065874.2751453333,95.58500000000001,0.0,0.0,0.0,0.0,1778833898,816582137
1792,1778833898,874577169,gps,361059.4680161156,4065874.286529454,95.57900000000001,0.0,0.0,0.0,0.0,1778833898,940517050
1793,1778833898,999577105,gps,361059.450155921,4065874.2868195837,95.607,0.0,0.0,0.0,0.0,1778833899,66477542
1794,1778833899,124577040,gps,361059.4414060407,4065874.2980586407,95.605,0.0,0.0,0.0,0.0,1778833899,190662449
1795,1778833899,249576975,gps,361059.4503361373,4065874.2979135755,95.618,0.0,0.0,0.0,0.0,1778833899,316414347
1796,1778833899,374576911,gps,361059.4858763101,4065874.2862393237,95.614,0.0,0.0,0.0,0.0,1778833899,440935908
1797,1778833899,499576847,gps,361059.5305267958,4065874.2855139994,95.623,0.0,0.0,0.0,0.0,1778833899,565832390
1798,1778833899,624576782,gps,361059.58392716316,4065874.2735496196,95.60900000000001,0.0,0.0,0.0,0.0,1778833899,690361605
1799,1778833899,749576718,gps,361059.64625762735,4065874.261440172,95.63,0.0,0.0,0.0,0.0,1778833899,814984689
1800,1778833899,874576653,gps,361059.7532385776,4065874.2486054045,95.627,0.0,0.0,0.0,0.0,1778833899,937733488
1801,1778833899,999576590,gps,361059.81574925804,4065874.247589953,95.639,0.0,0.0,0.0,0.0,1778833900,70111443
1802,1778833900,124576524,gps,361059.8961201317,4065874.2462843717,95.63,0.0,0.0,0.0,0.0,1778833900,192403809
1803,1778833900,249576460,gps,361059.95863081224,4065874.245268921,95.648,0.0,0.0,0.0,0.0,1778833900,316912129
1804,1778833900,374576395,gps,361059.99417098577,4065874.2335946695,95.659,0.0,0.0,0.0,0.0,1778833900,440540559
1805,1778833900,499576331,gps,361060.03007159056,4065874.244108406,95.655,0.0,0.0,0.0,0.0,1778833900,565861176
1806,1778833900,624576266,gps,361060.05686188175,4065874.243673213,95.678,0.0,0.0,0.0,0.0,1778833900,690824005
1807,1778833900,749576202,gps,361060.0745418608,4065874.23228909,95.677,0.0,0.0,0.0,0.0,1778833900,816780332
1808,1778833900,874576137,gps,361060.1013321521,4065874.2318538968,95.678,0.0,0.0,0.0,0.0,1778833900,942142914
1809,1778833900,999576074,gps,361060.14598263794,4065874.231128576,95.684,0.0,0.0,0.0,0.0,1778833901,71418345
1810,1778833901,124576008,gps,361060.1908133392,4065874.2414972493,95.69200000000001,0.0,0.0,0.0,0.0,1778833901,192029510
1811,1778833901,249575944,gps,361060.24439392297,4065874.240626864,95.684,0.0,0.0,0.0,0.0,1778833901,317618410
1812,1778833901,374575879,gps,361060.3160149152,4065874.2505603423,95.684,0.0,0.0,0.0,0.0,1778833901,441746959
1813,1778833901,499575815,gps,361060.38745569205,4065874.249399831,95.706,0.0,0.0,0.0,0.0,1778833901,566598075
1814,1778833901,624575750,gps,361060.4860471914,4065874.2699921136,95.673,0.0,0.0,0.0,0.0,1778833901,691714211
1815,1778833901,749575686,gps,361060.5664180661,4065874.268686539,95.69500000000001,0.0,0.0,0.0,0.0,1778833901,815629773
1816,1778833901,874575621,gps,361060.64714936895,4065874.289568951,95.703,0.0,0.0,0.0,0.0,1778833901,941875182
1817,1778833901,999575558,gps,361060.71895057615,4065874.310596427,95.686,0.0,0.0,0.0,0.0,1778833902,71869588
1818,1778833902,124575492,gps,361060.7727113727,4065874.3208200387,95.705,0.0,0.0,0.0,0.0,1778833902,192766350
1819,1778833902,249575428,gps,361060.8175420726,4065874.3311887127,95.702,0.0,0.0,0.0,0.0,1778833902,318461221
1820,1778833902,374575364,gps,361060.84451257926,4065874.3418475157,95.721,0.0,0.0,0.0,0.0,1778833902,442718396
1821,1778833902,499575299,gps,361060.86237277236,4065874.3415573887,95.72500000000001,0.0,0.0,0.0,0.0,1778833902,567735862
1822,1778833902,624575235,gps,361060.87148308463,4065874.352506317,95.72500000000001,0.0,0.0,0.0,0.0,1778833902,688228938
1823,1778833902,749575170,gps,361060.8805933957,4065874.3634552467,95.72,0.0,0.0,0.0,0.0,1778833902,816422662
1824,1778833902,874575106,gps,361060.8895234934,4065874.363310183,95.71600000000001,0.0,0.0,0.0,0.0,1778833902,940903706
1825,1778833902,999575042,gps,361060.8986338044,4065874.374259113,95.72500000000001,0.0,0.0,0.0,0.0,1778833903,72477787
1826,1778833903,124574977,gps,361060.9343541929,4065874.373678859,95.741,0.0,0.0,0.0,0.0,1778833903,192774811
1827,1778833903,249574912,gps,361060.9615049124,4065874.395431653,95.741,0.0,0.0,0.0,0.0,1778833903,318630001
1828,1778833903,374574848,gps,361061.00633561163,4065874.405800329,95.755,0.0,0.0,0.0,0.0,1778833903,441488222
1829,1778833903,499574783,gps,361061.0602766227,4065874.4271179354,95.748,0.0,0.0,0.0,0.0,1778833903,562508575
1830,1778833903,624574719,gps,361061.1410079227,4065874.448000351,95.758,0.0,0.0,0.0,0.0,1778833903,692931350
1831,1778833903,749574654,gps,361061.2131695553,4065874.4912158167,95.757,0.0,0.0,0.0,0.0,1778833903,817855050
1832,1778833903,874574590,gps,361061.2940810695,4065874.5231922264,95.735,0.0,0.0,0.0,0.0,1778833903,942556301
1833,1778833903,999574526,gps,361061.3842831071,4065874.577211561,95.741,0.0,0.0,0.0,0.0,1778833904,72668268
1834,1778833904,124574461,gps,361061.48341523967,4065874.6310858317,95.756,0.0,0.0,0.0,0.0,1778833904,192526110
1835,1778833904,249574396,gps,361061.5734370613,4065874.674011173,95.748,0.0,0.0,0.0,0.0,1778833904,318918626
1836,1778833904,374574332,gps,361061.65452878573,4065874.7170815803,95.747,0.0,0.0,0.0,0.0,1778833904,440220576
1837,1778833904,499574267,gps,361061.71776031604,4065874.7604421126,95.775,0.0,0.0,0.0,0.0,1778833904,568014966
1838,1778833904,624574203,gps,361061.77206174965,4065874.803947707,95.766,0.0,0.0,0.0,0.0,1778833904,693343087
1839,1778833904,749574138,gps,361061.8170726589,4065874.8254103805,95.775,0.0,0.0,0.0,0.0,1778833904,817473658
1840,1778833904,874574074,gps,361061.86226378113,4065874.8579670456,95.783,0.0,0.0,0.0,0.0,1778833904,941641676
1841,1778833904,999574010,gps,361061.91656521213,4065874.9014726426,95.778,0.0,0.0,0.0,0.0,1778833905,71722672
1842,1778833905,124573945,gps,361061.9708666438,4065874.9449782376,95.792,0.0,0.0,0.0,0.0,1778833905,192386713
1843,1778833905,249573880,gps,361062.0340981708,4065874.9883387717,95.796,0.0,0.0,0.0,0.0,1778833905,316557956
1844,1778833905,374573816,gps,361062.1066202187,4065875.05374223,95.771,0.0,0.0,0.0,0.0,1778833905,440724743
1845,1778833905,499573751,gps,361062.1791422656,4065875.119145689,95.776,0.0,0.0,0.0,0.0,1778833905,566130400
1846,1778833905,624573687,gps,361062.25166431256,4065875.1845491477,95.787,0.0,0.0,0.0,0.0,1778833905,690906569
1847,1778833905,749573622,gps,361062.3334768794,4065875.27199553,95.792,0.0,0.0,0.0,0.0,1778833905,815320568
1848,1778833905,874573558,gps,361062.40617913526,4065875.348492984,95.81,0.0,0.0,0.0,0.0,1778833905,940390915
1849,1778833905,999573494,gps,361062.47906160227,4065875.4360844307,95.798,0.0,0.0,0.0,0.0,1778833906,70856652
1850,1778833906,124573428,gps,361062.5430139726,4065875.5238209385,95.803,0.0,0.0,0.0,0.0,1778833906,190727290
1851,1778833906,249573364,gps,361062.61589643813,4065875.6114123864,95.796,0.0,0.0,0.0,0.0,1778833906,314117748
1852,1778833906,374573300,gps,361062.66198861436,4065875.699439019,95.789,0.0,0.0,0.0,0.0,1778833906,440187219
1853,1778833906,499573235,gps,361062.7080807898,4065875.78746565,95.786,0.0,0.0,0.0,0.0,1778833906,565228752
1854,1778833906,624573171,gps,361062.72666182974,4065875.8315514987,95.774,0.0,0.0,0.0,0.0,1778833906,690337754
1855,1778833906,749573106,gps,361062.7723935796,4065875.8973901467,95.789,0.0,0.0,0.0,0.0,1778833906,815817523
1856,1778833906,874573042,gps,361062.8000849258,4065875.952424924,95.78,0.0,0.0,0.0,0.0,1778833906,941451964
1857,1778833906,999572978,gps,361062.8279564838,4065876.018553695,95.771,0.0,0.0,0.0,0.0,1778833907,71696103
1858,1778833907,124572913,gps,361062.8556478293,4065876.073588474,95.767,0.0,0.0,0.0,0.0,1778833907,186925963
1859,1778833907,249572848,gps,361062.8928099064,4065876.161760169,95.758,0.0,0.0,0.0,0.0,1778833907,315269600
1860,1778833907,374572783,gps,361062.93890207715,4065876.249786803,95.76,0.0,0.0,0.0,0.0,1778833907,439800955
1861,1778833907,499572719,gps,361062.9673142688,4065876.349197553,95.762,0.0,0.0,0.0,0.0,1778833907,565328417
1862,1778833907,624572655,gps,361062.99590667314,4065876.4597022943,95.746,0.0,0.0,0.0,0.0,1778833907,690848737
1863,1778833907,749572590,gps,361063.03360938147,4065876.5811559698,95.762,0.0,0.0,0.0,0.0,1778833907,814986512
1864,1778833907,874572526,gps,361063.05363211257,4065876.7139937584,95.745,0.0,0.0,0.0,0.0,1778833907,939579541
1865,1778833907,999572462,gps,361063.0829453607,4065876.8688744716,95.749,0.0,0.0,0.0,0.0,1778833908,65784872
1866,1778833908,124572397,gps,361063.0942182088,4065877.012951314,95.726,0.0,0.0,0.0,0.0,1778833908,190742329
1867,1778833908,249572332,gps,361063.09674117365,4065877.1682672105,95.73400000000001,0.0,0.0,0.0,0.0,1778833908,316395465
1868,1778833908,374572267,gps,361063.1173045382,4065877.334386977,95.73400000000001,0.0,0.0,0.0,0.0,1778833908,440767847
1869,1778833908,499572203,gps,361063.0932174327,4065877.5012320504,95.746,0.0,0.0,0.0,0.0,1778833908,565768777
1870,1778833908,624572139,gps,361063.0871707286,4065877.6788809937,95.721,0.0,0.0,0.0,0.0,1778833908,690006093
1871,1778833908,749572074,gps,361063.0629034144,4065877.834632075,95.747,0.0,0.0,0.0,0.0,1778833908,814736511
1872,1778833908,874572009,gps,361063.02077591466,4065877.9906732785,95.736,0.0,0.0,0.0,0.0,1778833908,938433715
1873,1778833908,999571946,gps,361062.9873982972,4065878.135475429,95.75,0.0,0.0,0.0,0.0,1778833909,70539617
1874,1778833909,124571880,gps,361062.94491037657,4065878.269328646,95.727,0.0,0.0,0.0,0.0,1778833909,192533091
1875,1778833909,249571816,gps,361062.8931319397,4065878.381138942,95.75,0.0,0.0,0.0,0.0,1778833909,316792818
1876,1778833909,374571751,gps,361062.8329640487,4065878.5263762767,95.755,0.0,0.0,0.0,0.0,1778833909,440163882
1877,1778833909,499571687,gps,361062.7724357366,4065878.6494256267,95.748,0.0,0.0,0.0,0.0,1778833909,565936513
1878,1778833909,624571622,gps,361062.6940472401,4065878.7727651014,95.745,0.0,0.0,0.0,0.0,1778833909,690833794
1879,1778833909,749571558,gps,361062.61583895836,4065878.907198569,95.749,0.0,0.0,0.0,0.0,1778833909,816584013
1880,1778833909,874571493,gps,361062.5195902822,4065879.0308281677,95.765,0.0,0.0,0.0,0.0,1778833909,942725317
1881,1778833909,999571430,gps,361062.41441151744,4065879.1546028308,95.757,0.0,0.0,0.0,0.0,1778833910,72931848
1882,1778833910,124571364,gps,361062.3181628483,4065879.278232433,95.758,0.0,0.0,0.0,0.0,1778833910,192402475
1883,1778833910,249571300,gps,361062.2040539971,4065879.4021521606,95.741,0.0,0.0,0.0,0.0,1778833910,317769811
1884,1778833910,374571235,gps,361062.08940451086,4065879.492789911,95.767,0.0,0.0,0.0,0.0,1778833910,442023578
1885,1778833910,499571171,gps,361061.9926152091,4065879.583137539,95.763,0.0,0.0,0.0,0.0,1778833910,567782199
1886,1778833910,624571106,gps,361061.878145941,4065879.6848692857,95.777,0.0,0.0,0.0,0.0,1778833910,692945331
1887,1778833910,749571042,gps,361061.7633162483,4065879.764413049,95.775,0.0,0.0,0.0,0.0,1778833910,815331391
1888,1778833910,874570977,gps,361061.6309868013,4065879.866434924,95.77,0.0,0.0,0.0,0.0,1778833910,941706198
1889,1778833910,999570914,gps,361061.4986573588,4065879.9684568024,95.773,0.0,0.0,0.0,0.0,1778833911,70785485
1890,1778833911,124570848,gps,361061.3573978276,4065880.070623746,95.775,0.0,0.0,0.0,0.0,1778833911,192589587
1891,1778833911,249570783,gps,361061.2073884236,4065880.1840297477,95.792,0.0,0.0,0.0,0.0,1778833911,318450827
1892,1778833911,374570719,gps,361061.0304085369,4065880.2867769497,95.786,0.0,0.0,0.0,0.0,1778833911,441941356
1893,1778833911,499570654,gps,361060.8446787777,4065880.4007632113,95.809,0.0,0.0,0.0,0.0,1778833911,567000915
1894,1778833911,624570590,gps,361060.6682395449,4065880.5367923994,95.806,0.0,0.0,0.0,0.0,1778833911,688324905
1895,1778833911,749570525,gps,361060.47375992127,4065880.6620177273,95.818,0.0,0.0,0.0,0.0,1778833911,815853123
1896,1778833911,874570461,gps,361060.26178055233,4065880.8097211723,95.813,0.0,0.0,0.0,0.0,1778833911,940910118
1897,1778833911,999570397,gps,361060.05891149875,4065880.968373551,95.82300000000001,0.0,0.0,0.0,0.0,1778833912,72143781
1898,1778833912,124570332,gps,361059.86497254216,4065881.1268808716,95.831,0.0,0.0,0.0,0.0,1778833912,192935634
1899,1778833912,249570267,gps,361059.66228371864,4065881.296627254,95.828,0.0,0.0,0.0,0.0,1778833912,318609257
1900,1778833912,374570203,gps,361059.4504845972,4065881.4554247134,95.854,0.0,0.0,0.0,0.0,1778833912,441598288
1901,1778833912,499570138,gps,361059.2477957896,4065881.6251711063,95.837,0.0,0.0,0.0,0.0,1778833912,562497671
1902,1778833912,624570074,gps,361059.044926774,4065881.78382351,95.866,0.0,0.0,0.0,0.0,1778833912,693814295
1903,1778833912,749570009,gps,361058.85080763703,4065881.9312368613,95.868,0.0,0.0,0.0,0.0,1778833912,817583968
1904,1778833912,874569945,gps,361058.647578199,4065882.067701291,95.869,0.0,0.0,0.0,0.0,1778833912,942768882
1905,1778833912,999569881,gps,361058.4529184209,4065882.181832674,95.887,0.0,0.0,0.0,0.0,1778833913,73499731
1906,1778833913,124569816,gps,361058.2495087766,4065882.30720312,95.904,0.0,0.0,0.0,0.0,1778833913,192191414
1907,1778833913,249569751,gps,361058.0373492687,4065882.443812632,95.89,0.0,0.0,0.0,0.0,1778833913,317685526
1908,1778833913,374569687,gps,361057.82500954845,4065882.569328154,95.902,0.0,0.0,0.0,0.0,1778833913,438739149
1909,1778833913,499569622,gps,361057.6039199657,4065882.7060827436,95.89,0.0,0.0,0.0,0.0,1778833913,565577049
1910,1778833913,624569557,gps,361057.38301060814,4065882.853931331,95.91,0.0,0.0,0.0,0.0,1778833913,692886890
1911,1778833913,749569493,gps,361057.1353109953,4065883.0022151275,95.915,0.0,0.0,0.0,0.0,1778833913,815828071
1912,1778833913,874569428,gps,361056.8970821375,4065883.1836358407,95.924,0.0,0.0,0.0,0.0,1778833913,941646658
1913,1778833913,999569365,gps,361056.6767134669,4065883.3647664273,95.908,0.0,0.0,0.0,0.0,1778833914,70167239
1914,1778833914,124569299,gps,361056.4386648509,4065883.5572811477,95.929,0.0,0.0,0.0,0.0,1778833914,190326394
1915,1778833914,249569235,gps,361056.1915059363,4065883.7388469507,95.959,0.0,0.0,0.0,0.0,1778833914,316714356
1916,1778833914,374569170,gps,361055.94488769653,4065883.953694741,95.94800000000001,0.0,0.0,0.0,0.0,1778833914,440888399
1917,1778833914,499569106,gps,361055.7159494216,4065884.157158406,95.941,0.0,0.0,0.0,0.0,1778833914,565713543
1918,1778833914,624569041,gps,361055.46040111955,4065884.37215128,95.95700000000001,0.0,0.0,0.0,0.0,1778833914,690772894
1919,1778833914,749568977,gps,361055.21360269526,4065884.575905099,95.965,0.0,0.0,0.0,0.0,1778833914,815013939
1920,1778833914,874568912,gps,361054.9671647269,4065884.801846912,95.965,0.0,0.0,0.0,0.0,1778833914,939947243
1921,1778833914,999568849,gps,361054.70304682245,4065885.039172865,95.982,0.0,0.0,0.0,0.0,1778833915,70365563
1922,1778833915,124568783,gps,361054.4301790708,4065885.28773789,95.98400000000001,0.0,0.0,0.0,0.0,1778833915,191072728
1923,1778833915,249568718,gps,361054.14838125,4065885.536447996,96.004,0.0,0.0,0.0,0.0,1778833915,314856829
1924,1778833915,374568654,gps,361053.8755135304,4065885.7850130387,96.016,0.0,0.0,0.0,0.0,1778833915,440627930
1925,1778833915,499568589,gps,361053.5940761914,4065886.0559111503,96.027,0.0,0.0,0.0,0.0,1778833915,565703964
1926,1778833915,624568525,gps,361053.31263886904,4065886.326809271,96.02,0.0,0.0,0.0,0.0,1778833915,690979449
1927,1778833915,749568460,gps,361053.0310213406,4065886.5866134083,96.035,0.0,0.0,0.0,0.0,1778833915,816469237
1928,1778833915,874568396,gps,361052.7495840549,4065886.8575115474,96.033,0.0,0.0,0.0,0.0,1778833915,941872480
1929,1778833915,999568332,gps,361052.46796655987,4065887.1173157054,96.048,0.0,0.0,0.0,0.0,1778833916,72164562
1930,1778833916,124568267,gps,361052.2043894774,4065887.387923719,96.045,0.0,0.0,0.0,0.0,1778833916,188913296
1931,1778833916,249568202,gps,361051.9408124104,4065887.6585317417,96.066,0.0,0.0,0.0,0.0,1778833916,317370249
1932,1778833916,374568138,gps,361051.6683052776,4065887.9292848483,96.06400000000001,0.0,0.0,0.0,0.0,1778833916,440597750
1933,1778833916,499568073,gps,361051.3957981622,4065888.200037962,96.083,0.0,0.0,0.0,0.0,1778833916,566625872
1934,1778833916,624568008,gps,361051.13222114753,4065888.470646011,96.092,0.0,0.0,0.0,0.0,1778833916,690988481
1935,1778833916,749567944,gps,361050.86864414846,4065888.7412540694,96.093,0.0,0.0,0.0,0.0,1778833916,815947367
1936,1778833916,874567879,gps,361050.60506716743,4065889.011862136,96.084,0.0,0.0,0.0,0.0,1778833916,940570809
1937,1778833916,999567816,gps,361050.3502400542,4065889.2712311447,96.101,0.0,0.0,0.0,0.0,1778833917,65752834
1938,1778833917,124567750,gps,361050.08684333554,4065889.5529332208,96.10000000000001,0.0,0.0,0.0,0.0,1778833917,190384182
1939,1778833917,249567686,gps,361049.8146967823,4065889.845874377,96.122,0.0,0.0,0.0,0.0,1778833917,316901963
1940,1778833917,374567621,gps,361049.551119868,4065890.116482478,96.12,0.0,0.0,0.0,0.0,1778833917,442469402
1941,1778833917,499567556,gps,361049.27879312215,4065890.3983296575,96.131,0.0,0.0,0.0,0.0,1778833917,566810512
1942,1778833917,624567492,gps,361049.00664662407,4065890.69127084,96.14,0.0,0.0,0.0,0.0,1778833917,693490320
1943,1778833917,749567427,gps,361048.73431991355,4065890.9731180393,96.149,0.0,0.0,0.0,0.0,1778833917,815853672
1944,1778833917,874567363,gps,361048.47985338094,4065891.254675093,96.157,0.0,0.0,0.0,0.0,1778833917,939159692
1945,1778833917,999567299,gps,361048.2164567851,4065891.536377232,96.163,0.0,0.0,0.0,0.0,1778833918,72114490
1946,1778833918,124567234,gps,361047.9707401331,4065891.806695232,96.164,0.0,0.0,0.0,0.0,1778833918,191805252
1947,1778833918,249567169,gps,361047.7159131858,4065892.066064323,96.173,0.0,0.0,0.0,0.0,1778833918,316966853
1948,1778833918,374567104,gps,361047.46144672006,4065892.347621409,96.188,0.0,0.0,0.0,0.0,1778833918,440843752
1949,1778833918,499567040,gps,361047.2155498825,4065892.6068454403,96.19800000000001,0.0,0.0,0.0,0.0,1778833918,566626199
1950,1778833918,624566975,gps,361046.960903216,4065892.87730855,96.18900000000001,0.0,0.0,0.0,0.0,1778833918,690879240
1951,1778833918,749566911,gps,361046.71518664446,4065893.1476265877,96.202,0.0,0.0,0.0,0.0,1778833918,815929577
1952,1778833918,874566846,gps,361046.4607202433,4065893.4291837057,96.19,0.0,0.0,0.0,0.0,1778833918,941895383
1953,1778833918,999566783,gps,361046.1882134709,4065893.699936999,96.21000000000001,0.0,0.0,0.0,0.0,1778833919,72535736
1954,1778833919,124566717,gps,361045.93338663515,4065893.9593061474,96.229,0.0,0.0,0.0,0.0,1778833919,191862618
1955,1778833919,249566653,gps,361045.6699902095,4065894.241008371,96.21600000000001,0.0,0.0,0.0,0.0,1778833919,316730720
1956,1778833919,374566588,gps,361045.4151634059,4065894.5003775368,96.22800000000001,0.0,0.0,0.0,0.0,1778833919,440536132
1957,1778833919,499566523,gps,361045.15122630476,4065894.748797799,96.24000000000001,0.0,0.0,0.0,0.0,1778833919,566859574
1958,1778833919,624566459,gps,361044.87871961656,4065895.0195511356,96.253,0.0,0.0,0.0,0.0,1778833919,691660097
1959,1778833919,749566394,gps,361044.60621294565,4065895.290304482,96.257,0.0,0.0,0.0,0.0,1778833919,813500949
1960,1778833919,874566330,gps,361044.34245613107,4065895.549818763,96.287,0.0,0.0,0.0,0.0,1778833919,939942599
1961,1778833919,999566266,gps,361044.061199656,4065895.831811203,96.279,0.0,0.0,0.0,0.0,1778833920,70239019
1962,1778833920,124566201,gps,361043.7888732753,4065896.11365857,96.298,0.0,0.0,0.0,0.0,1778833920,190525698
1963,1778833920,249566136,gps,361043.49832628784,4065896.373608125,96.304,0.0,0.0,0.0,0.0,1778833920,316779234
1964,1778833920,374566071,gps,361043.21670939063,4065896.6334126075,96.305,0.0,0.0,0.0,0.0,1778833920,440874568
1965,1778833920,499566007,gps,361042.93509251176,4065896.893217099,96.325,0.0,0.0,0.0,0.0,1778833920,566472839
1966,1778833920,624565942,gps,361042.6536558897,4065897.1641155947,96.342,0.0,0.0,0.0,0.0,1778833920,687863865
1967,1778833920,749565878,gps,361042.3631089714,4065897.4240651918,96.354,0.0,0.0,0.0,0.0,1778833920,815779202
1968,1778833920,874565813,gps,361042.0818526239,4065897.706057701,96.36200000000001,0.0,0.0,0.0,0.0,1778833920,940874892
1969,1778833920,999565750,gps,361041.78255590965,4065897.9772463944,96.35900000000001,0.0,0.0,0.0,0.0,1778833921,70738978
1970,1778833921,124565684,gps,361041.4743291423,4065898.248580184,96.361,0.0,0.0,0.0,0.0,1778833921,192609547
1971,1778833921,249565619,gps,361041.1753929481,4065898.541956886,96.395,0.0,0.0,0.0,0.0,1778833921,317348495
1972,1778833921,374565555,gps,361040.8769975014,4065898.868615581,96.402,0.0,0.0,0.0,0.0,1778833921,440750768
1973,1778833921,499565490,gps,361040.57842183555,4065899.1841802928,96.4,0.0,0.0,0.0,0.0,1778833921,562446490
1974,1778833921,624565426,gps,361040.25305597665,4065899.5001802733,96.425,0.0,0.0,0.0,0.0,1778833921,693558414
1975,1778833921,749565361,gps,361039.94591077196,4065899.8380780816,96.424,0.0,0.0,0.0,0.0,1778833921,817928944
1976,1778833921,874565297,gps,361039.6475154185,4065900.164736823,96.433,0.0,0.0,0.0,0.0,1778833921,942240242
1977,1778833921,999565233,gps,361039.3401900169,4065900.491540661,96.432,0.0,0.0,0.0,0.0,1778833922,72451429
1978,1778833922,124565168,gps,361039.04161446553,4065900.8071054304,96.425,0.0,0.0,0.0,0.0,1778833922,192608484
1979,1778833922,249565103,gps,361038.76071883016,4065901.111286043,96.44500000000001,0.0,0.0,0.0,0.0,1778833922,318913202
1980,1778833922,374565039,gps,361038.49750311027,4065901.404082497,96.43900000000001,0.0,0.0,0.0,0.0,1778833922,440060096
1981,1778833922,499564974,gps,361038.25178705505,4065901.674400798,96.47,0.0,0.0,0.0,0.0,1778833922,568592868
1982,1778833922,624564909,gps,361038.015181331,4065901.9556680107,96.474,0.0,0.0,0.0,0.0,1778833922,693694377
1983,1778833922,749564845,gps,361037.7691048151,4065902.203798338,96.485,0.0,0.0,0.0,0.0,1778833922,818627075
1984,1778833922,874564780,gps,361037.53177813627,4065902.4406895917,96.468,0.0,0.0,0.0,0.0,1778833922,942121638
1985,1778833922,999564717,gps,361037.3032012917,4065902.666341771,96.486,0.0,0.0,0.0,0.0,1778833923,72568467
1986,1778833923,124564651,gps,361037.0748047062,4065902.903087949,96.503,0.0,0.0,0.0,0.0,1778833923,193386879
1987,1778833923,249564587,gps,361036.8464081335,4065903.139834134,96.518,0.0,0.0,0.0,0.0,1778833923,318650884
1988,1778833923,374564522,gps,361036.60015143966,4065903.376870505,96.533,0.0,0.0,0.0,0.0,1778833923,442439139
1989,1778833923,499564457,gps,361036.3540750063,4065903.625000876,96.522,0.0,0.0,0.0,0.0,1778833923,567849437
1990,1778833923,624564393,gps,361036.1083590841,4065903.8953192425,96.526,0.0,0.0,0.0,0.0,1778833923,693421405
1991,1778833923,749564328,gps,361035.8446027966,4065904.154833805,96.561,0.0,0.0,0.0,0.0,1778833923,816791014
1992,1778833923,874564264,gps,361035.59013708914,4065904.43639127,96.555,0.0,0.0,0.0,0.0,1778833923,941737420
1993,1778833923,999564200,gps,361035.3174507674,4065904.6960509405,96.56,0.0,0.0,0.0,0.0,1778833924,72774922
1994,1778833924,124564135,gps,361035.0454854616,4065905.000086594,96.555,0.0,0.0,0.0,0.0,1778833924,193380961
1995,1778833924,249564070,gps,361034.76422960864,4065905.282079361,96.595,0.0,0.0,0.0,0.0,1778833924,316625152
1996,1778833924,374564005,gps,361034.4831540262,4065905.575166131,96.581,0.0,0.0,0.0,0.0,1778833924,441784605
1997,1778833924,499563941,gps,361034.2020784633,4065905.8682529107,96.602,0.0,0.0,0.0,0.0,1778833924,566888764
1998,1778833924,624563876,gps,361033.9211831699,4065906.1724336958,96.623,0.0,0.0,0.0,0.0,1778833924,692527495
1999,1778833924,749563812,gps,361033.63117758115,4065906.4656655896,96.64,0.0,0.0,0.0,0.0,1778833924,817785735
2000,1778833924,874563747,gps,361033.33242220106,4065906.7701365785,96.642,0.0,0.0,0.0,0.0,1778833924,942833399
2001,1778833924,999563683,gps,361033.0424166531,4065907.063368493,96.693,0.0,0.0,0.0,0.0,1778833925,71807865
2002,1778833925,124563618,gps,361032.7615214422,4065907.36754932,96.672,0.0,0.0,0.0,0.0,1778833925,187574883
2003,1778833925,249563553,gps,361032.47151593445,4065907.6607812536,96.687,0.0,0.0,0.0,0.0,1778833925,316761912
2004,1778833925,374563489,gps,361032.1638305758,4065907.9653973826,96.70100000000001,0.0,0.0,0.0,0.0,1778833925,440855942
2005,1778833925,499563424,gps,361031.86525555537,4065908.2809624216,96.721,0.0,0.0,0.0,0.0,1778833925,566647516
2006,1778833925,624563360,gps,361031.56650030136,4065908.5854334785,96.735,0.0,0.0,0.0,0.0,1778833925,692319329
2007,1778833925,749563295,gps,361031.25935577357,4065908.923331622,96.751,0.0,0.0,0.0,0.0,1778833925,815788421
2008,1778833925,874563230,gps,361030.93399063504,4065909.2393319816,96.729,0.0,0.0,0.0,0.0,1778833925,940019487
2009,1778833925,999563167,gps,361030.635776217,4065909.577085055,96.786,0.0,0.0,0.0,0.0,1778833926,65876077
2010,1778833926,124563101,gps,361030.310411128,4065909.8930854406,96.802,0.0,0.0,0.0,0.0,1778833926,190366562
2011,1778833926,249563037,gps,361030.0036272099,4065910.253171622,96.805,0.0,0.0,0.0,0.0,1778833926,316584226
2012,1778833926,374562972,gps,361029.6782621692,4065910.569172032,96.85900000000001,0.0,0.0,0.0,0.0,1778833926,440779689
2013,1778833926,499562907,gps,361029.3530774114,4065910.8962664506,96.858,0.0,0.0,0.0,0.0,1778833926,565773525
2014,1778833926,624562843,gps,361029.04593305476,4065911.2341646794,96.855,0.0,0.0,0.0,0.0,1778833926,690472969
2015,1778833926,749562778,gps,361028.7471780074,4065911.538635844,96.872,0.0,0.0,0.0,0.0,1778833926,815275817
2016,1778833926,874562714,gps,361028.4394929231,4065911.843252115,96.858,0.0,0.0,0.0,0.0,1778833926,938301237
2017,1778833926,999562650,gps,361028.18520795135,4065912.135903813,96.891,0.0,0.0,0.0,0.0,1778833927,70973744
2018,1778833927,124562585,gps,361027.92163242184,4065912.4065126297,96.891,0.0,0.0,0.0,0.0,1778833927,192641062
2019,1778833927,249562520,gps,361027.64894659043,4065912.6661725612,96.919,0.0,0.0,0.0,0.0,1778833927,316757797
2020,1778833927,374562455,gps,361027.3939406313,4065912.9144483083,96.916,0.0,0.0,0.0,0.0,1778833927,440379012
2021,1778833927,499562391,gps,361027.138934687,4065913.1627240637,96.94500000000001,0.0,0.0,0.0,0.0,1778833927,564860683
2022,1778833927,624562326,gps,361026.8753592214,4065913.4333329154,96.922,0.0,0.0,0.0,0.0,1778833927,689600588
2023,1778833927,749562262,gps,361026.61160351266,4065913.692847783,96.94200000000001,0.0,0.0,0.0,0.0,1778833927,814754993
2024,1778833927,874562197,gps,361026.34766755713,4065913.9412686625,96.958,0.0,0.0,0.0,0.0,1778833927,940417150
2025,1778833927,999562133,gps,361026.066412291,4065914.223261738,96.938,0.0,0.0,0.0,0.0,1778833928,70393222
2026,1778833928,124562068,gps,361025.78551756707,4065914.5274428083,96.97,0.0,0.0,0.0,0.0,1778833928,190536662
2027,1778833928,249562003,gps,361025.4953322838,4065914.809581003,96.97,0.0,0.0,0.0,0.0,1778833928,315955305
2028,1778833928,374561939,gps,361025.1962169621,4065915.091864311,97.016,0.0,0.0,0.0,0.0,1778833928,440350705
2029,1778833928,499561874,gps,361024.9151420359,4065915.384951419,97.019,0.0,0.0,0.0,0.0,1778833928,565941144
2030,1778833928,624561809,gps,361024.6253173374,4065915.689277633,97.019,0.0,0.0,0.0,0.0,1778833928,690443553
2031,1778833928,749561745,gps,361024.3176325514,4065915.993894064,97.044,0.0,0.0,0.0,0.0,1778833928,812872447
2032,1778833928,874561680,gps,361024.0097675214,4065916.287416513,97.074,0.0,0.0,0.0,0.0,1778833928,939459819
2033,1778833928,999561617,gps,361023.7197626211,4065916.580648766,97.08,0.0,0.0,0.0,0.0,1778833929,69479662
2034,1778833929,124561551,gps,361023.4026070485,4065916.852128355,97.09100000000001,0.0,0.0,0.0,0.0,1778833929,189746041
2035,1778833929,249561487,gps,361023.08545149595,4065917.123607954,97.096,0.0,0.0,0.0,0.0,1778833929,315712449
2036,1778833929,374561422,gps,361022.75900537794,4065917.3730446836,97.124,0.0,0.0,0.0,0.0,1778833929,440282685
2037,1778833929,499561357,gps,361022.43310007825,4065917.6557634072,97.145,0.0,0.0,0.0,0.0,1778833929,565415223
2038,1778833929,624561293,gps,361022.08915442834,4065917.927678362,97.147,0.0,0.0,0.0,0.0,1778833929,687338402
2039,1778833929,749561228,gps,361021.7632491732,4065918.210397113,97.187,0.0,0.0,0.0,0.0,1778833929,814148871
2040,1778833929,874561164,gps,361021.44645425817,4065918.5040647644,97.177,0.0,0.0,0.0,0.0,1778833929,939487810
2041,1778833929,999561100,gps,361021.12072931486,4065918.797877536,97.21000000000001,0.0,0.0,0.0,0.0,1778833930,69891220
2042,1778833930,124561034,gps,361020.7862546109,4065919.102929422,97.223,0.0,0.0,0.0,0.0,1778833930,191600914
2043,1778833930,249560970,gps,361020.45177993085,4065919.4079813203,97.255,0.0,0.0,0.0,0.0,1778833930,315507917
2044,1778833930,374560905,gps,361020.1265958664,4065919.735076114,97.246,0.0,0.0,0.0,0.0,1778833930,439616060
2045,1778833930,499560841,gps,361019.7744414039,4065920.05151225,97.28,0.0,0.0,0.0,0.0,1778833930,560789678
2046,1778833930,624560776,gps,361019.4587282527,4065920.4117439445,97.264,0.0,0.0,0.0,0.0,1778833930,690238499
2047,1778833930,749560711,gps,361019.1071146572,4065920.7614620924,97.3,0.0,0.0,0.0,0.0,1778833930,814440425
2048,1778833930,874560647,gps,361018.75550109195,4065921.111180256,97.306,0.0,0.0,0.0,0.0,1778833930,939425495
2049,1778833930,999560583,gps,361018.42192792526,4065921.4717022097,97.322,0.0,0.0,0.0,0.0,1778833931,70240286
2050,1778833931,124560518,gps,361018.0529951372,4065921.854992603,97.327,0.0,0.0,0.0,0.0,1778833931,189999070
2051,1778833931,249560453,gps,361017.71960230306,4065922.226608582,97.354,0.0,0.0,0.0,0.0,1778833931,315888258
2052,1778833931,374560388,gps,361017.35923908086,4065922.587565911,97.375,0.0,0.0,0.0,0.0,1778833931,438441205
2053,1778833931,499560324,gps,361017.00798621064,4065922.959472138,97.389,0.0,0.0,0.0,0.0,1778833931,565784855
2054,1778833931,624560259,gps,361016.67459346727,4065923.3310881597,97.405,0.0,0.0,0.0,0.0,1778833931,693086592
2055,1778833931,749560195,gps,361016.36745006696,4065923.6689868798,97.424,0.0,0.0,0.0,0.0,1778833931,816747447
2056,1778833931,874560130,gps,361016.0597658644,4065923.9736036276,97.414,0.0,0.0,0.0,0.0,1778833931,940795596
2057,1778833931,999560067,gps,361015.7511803054,4065924.2227504165,97.47200000000001,0.0,0.0,0.0,0.0,1778833932,70214280
2058,1778833932,124560001,gps,361015.4963553166,4065924.4821205367,97.443,0.0,0.0,0.0,0.0,1778833932,191036382
2059,1778833932,249559936,gps,361015.24973928195,4065924.696969576,97.458,0.0,0.0,0.0,0.0,1778833932,317509060
2060,1778833932,374559872,gps,361015.03884344286,4065924.911238172,97.47,0.0,0.0,0.0,0.0,1778833932,441617640
2061,1778833932,499559807,gps,361014.845447151,4065925.1030285596,97.465,0.0,0.0,0.0,0.0,1778833932,567460214
2062,1778833932,624559743,gps,361014.64276026696,4065925.272776075,97.506,0.0,0.0,0.0,0.0,1778833932,690659811
2063,1778833932,749559678,gps,361014.4672240827,4065925.4642762435,97.48400000000001,0.0,0.0,0.0,0.0,1778833932,816543370
2064,1778833932,874559614,gps,361014.2915076271,4065925.6446824223,97.506,0.0,0.0,0.0,0.0,1778833932,942027953
2065,1778833932,999559550,gps,361014.1068611361,4065925.825233719,97.516,0.0,0.0,0.0,0.0,1778833933,72609198
2066,1778833933,124559484,gps,361013.9222146517,4065926.00578502,97.505,0.0,0.0,0.0,0.0,1778833933,192635522
2067,1778833933,249559420,gps,361013.73774845374,4065926.197430318,97.519,0.0,0.0,0.0,0.0,1778833933,316158484
2068,1778833933,374559355,gps,361013.562753146,4065926.4222124917,97.531,0.0,0.0,0.0,0.0,1778833933,442774431
2069,1778833933,499559291,gps,361013.3516771131,4065926.625387137,97.523,0.0,0.0,0.0,0.0,1778833933,568148236
2070,1778833933,624559226,gps,361013.14060109033,4065926.8285617884,97.547,0.0,0.0,0.0,0.0,1778833933,692800505
2071,1778833933,749559162,gps,361012.920955593,4065927.0540695493,97.561,0.0,0.0,0.0,0.0,1778833933,817866566
2072,1778833933,874559097,gps,361012.6745199793,4065927.280012662,97.57900000000001,0.0,0.0,0.0,0.0,1778833933,943007211
2073,1778833933,999559033,gps,361012.45541534724,4065927.538802419,97.59700000000001,0.0,0.0,0.0,0.0,1778833934,73459363
2074,1778833934,124558968,gps,361012.2186309252,4065927.8089764067,97.61,0.0,0.0,0.0,0.0,1778833934,188940774
2075,1778833934,249558903,gps,361011.9638061521,4065928.068346641,97.569,0.0,0.0,0.0,0.0,1778833934,318776127
2076,1778833934,374558839,gps,361011.7180917177,4065928.3386657597,97.598,0.0,0.0,0.0,0.0,1778833934,442603120
2077,1778833934,499558774,gps,361011.4813073416,4065928.6088397703,97.604,0.0,0.0,0.0,0.0,1778833934,569200870
2078,1778833934,624558710,gps,361011.2088028139,4065928.8795942557,97.634,0.0,0.0,0.0,0.0,1778833934,692815264
2079,1778833934,749558645,gps,361010.94540862675,4065929.1612976273,97.635,0.0,0.0,0.0,0.0,1778833934,818811666
2080,1778833934,874558581,gps,361010.67308441666,4065929.4431461254,97.648,0.0,0.0,0.0,0.0,1778833934,942588350
2081,1778833934,999558517,gps,361010.4007602247,4065929.7249946333,97.656,0.0,0.0,0.0,0.0,1778833935,68609522
2082,1778833935,124558452,gps,361010.13736609207,4065930.00669803,97.673,0.0,0.0,0.0,0.0,1778833935,193005237
2083,1778833935,249558387,gps,361009.8562921791,4065930.299785669,97.664,0.0,0.0,0.0,0.0,1778833935,317051335
2084,1778833935,374558323,gps,361009.5841483262,4065930.592728199,97.68,0.0,0.0,0.0,0.0,1778833935,441561006
2085,1778833935,499558258,gps,361009.293423275,4065930.841584998,97.714,0.0,0.0,0.0,0.0,1778833935,566141365
2086,1778833935,624558193,gps,361009.0210991738,4065931.123433553,97.718,0.0,0.0,0.0,0.0,1778833935,690388265
2087,1778833935,749558129,gps,361008.7309150124,4065931.405572356,97.75,0.0,0.0,0.0,0.0,1778833935,815965719
2088,1778833935,874558064,gps,361008.44055058435,4065931.6766171767,97.762,0.0,0.0,0.0,0.0,1778833935,938672869
2089,1778833935,999558001,gps,361008.14143642306,4065931.95890112,97.769,0.0,0.0,0.0,0.0,1778833936,70635053
2090,1778833936,124557935,gps,361007.851432606,4065932.252133949,97.788,0.0,0.0,0.0,0.0,1778833936,191589899
2091,1778833936,249557871,gps,361007.54356873425,4065932.5456570317,97.803,0.0,0.0,0.0,0.0,1778833936,318007120
2092,1778833936,374557806,gps,361007.2446349195,4065932.8390350034,97.8,0.0,0.0,0.0,0.0,1778833936,441105565
2093,1778833936,499557742,gps,361006.9633809136,4065933.121028749,97.804,0.0,0.0,0.0,0.0,1778833936,565940476
2094,1778833936,624557677,gps,361006.6555171027,4065933.414551865,97.836,0.0,0.0,0.0,0.0,1778833936,691707774
2095,1778833936,749557612,gps,361006.3742631355,4065933.6965456326,97.87,0.0,0.0,0.0,0.0,1778833936,817525200
2096,1778833936,874557548,gps,361006.08407914964,4065933.9786845315,97.86,0.0,0.0,0.0,0.0,1778833936,941832486
2097,1778833936,999557484,gps,361005.79389518313,4065934.2608234407,97.86,0.0,0.0,0.0,0.0,1778833937,72097866
2098,1778833937,124557419,gps,361005.51264127245,4065934.5428172364,97.886,0.0,0.0,0.0,0.0,1778833937,190649946
2099,1778833937,249557354,gps,361005.2224573442,4065934.8249561675,97.915,0.0,0.0,0.0,0.0,1778833937,317023187
2100,1778833937,374557290,gps,361004.9504940872,4065935.128992849,97.911,0.0,0.0,0.0,0.0,1778833937,440744997
2101,1778833937,499557225,gps,361004.66031019896,4065935.4111318015,97.936,0.0,0.0,0.0,0.0,1778833937,566742230
2102,1778833937,624557161,gps,361004.3613765846,4065935.70450988,97.949,0.0,0.0,0.0,0.0,1778833937,691573959
2103,1778833937,749557096,gps,361004.0713730273,4065935.9977428475,97.955,0.0,0.0,0.0,0.0,1778833937,814012143
2104,1778833937,874557032,gps,361003.7817300732,4065936.3131638137,97.98,0.0,0.0,0.0,0.0,1778833937,940442316
2105,1778833937,999556968,gps,361003.45600641996,4065936.606977301,97.996,0.0,0.0,0.0,0.0,1778833938,70494797
2106,1778833938,124556903,gps,361003.1481428576,4065936.9005005523,98.005,0.0,0.0,0.0,0.0,1778833938,190628303
2107,1778833938,249556838,gps,361002.85813938174,4065937.193733564,98.038,0.0,0.0,0.0,0.0,1778833938,316897880
2108,1778833938,374556773,gps,361002.5679556321,4065937.47587259,98.051,0.0,0.0,0.0,0.0,1778833938,440882716
2109,1778833938,499556709,gps,361002.28652164096,4065937.7467725077,98.061,0.0,0.0,0.0,0.0,1778833938,565967187
2110,1778833938,624556644,gps,361002.0140176994,4065938.017527305,98.07300000000001,0.0,0.0,0.0,0.0,1778833938,686743972
2111,1778833938,749556580,gps,361001.7593738397,4065938.2879918586,98.08500000000001,0.0,0.0,0.0,0.0,1778833938,815380549
2112,1778833938,874556515,gps,361001.48668963707,4065938.5476526814,98.08800000000001,0.0,0.0,0.0,0.0,1778833938,940027617
2113,1778833938,999556452,gps,361001.21418574685,4065938.8184075076,98.08800000000001,0.0,0.0,0.0,0.0,1778833939,71041861
2114,1778833939,124556386,gps,361000.9416818739,4065939.0891623423,98.105,0.0,0.0,0.0,0.0,1778833939,191716909
2115,1778833939,249556322,gps,361000.6695386113,4065939.3821051777,98.113,0.0,0.0,0.0,0.0,1778833939,316862698
2116,1778833939,374556257,gps,361000.3795353059,4065939.6753382785,98.134,0.0,0.0,0.0,0.0,1778833939,439718112
2117,1778833939,499556192,gps,361000.0716719596,4065939.968861646,98.155,0.0,0.0,0.0,0.0,1778833939,560987455
2118,1778833939,624556128,gps,360999.78184899373,4065940.273188763,98.149,0.0,0.0,0.0,0.0,1778833939,690335835
2119,1778833939,749556063,gps,360999.4652359586,4065940.577951281,98.173,0.0,0.0,0.0,0.0,1778833939,814943237
2120,1778833939,874555999,gps,360999.14898354304,4065940.9049017997,98.209,0.0,0.0,0.0,0.0,1778833939,940776680
2121,1778833939,999555935,gps,360998.85041091015,4065941.2204680736,98.18900000000001,0.0,0.0,0.0,0.0,1778833940,70460110
2122,1778833940,124555870,gps,360998.52540881344,4065941.5586577426,98.205,0.0,0.0,0.0,0.0,1778833940,192953192
2123,1778833940,249555805,gps,360998.199865842,4065941.8635654394,98.241,0.0,0.0,0.0,0.0,1778833940,318855188
2124,1778833940,374555741,gps,360997.8836135232,4065942.190516008,98.268,0.0,0.0,0.0,0.0,1778833940,439992847
2125,1778833940,499555676,gps,360997.5584312015,4065942.5176117197,98.3,0.0,0.0,0.0,0.0,1778833940,566101862
2126,1778833940,624555612,gps,360997.2509286577,4065942.8333231867,98.288,0.0,0.0,0.0,0.0,1778833940,691872296
2127,1778833940,749555547,gps,360996.9344961102,4065943.149179798,98.315,0.0,0.0,0.0,0.0,1778833940,816577257
2128,1778833940,874555482,gps,360996.6355630363,4065943.442558168,98.33800000000001,0.0,0.0,0.0,0.0,1778833940,940741565
2129,1778833940,999555419,gps,360996.3364496807,4065943.724842552,98.32900000000001,0.0,0.0,0.0,0.0,1778833941,70367403
2130,1778833941,124555353,gps,360996.01965659484,4065944.0185112106,98.368,0.0,0.0,0.0,0.0,1778833941,190901072
2131,1778833941,249555289,gps,360995.7207235831,4065944.3118896144,98.351,0.0,0.0,0.0,0.0,1778833941,317556553
2132,1778833941,374555224,gps,360995.4041108439,4065944.6166522917,98.388,0.0,0.0,0.0,0.0,1778833941,441778176
2133,1778833941,499555160,gps,360995.08749812737,4065944.921414981,98.392,0.0,0.0,0.0,0.0,1778833941,566896871
2134,1778833941,624555095,gps,360994.77981545817,4065945.2260325486,98.408,0.0,0.0,0.0,0.0,1778833941,690918628
2135,1778833941,749555031,gps,360994.46320278663,4065945.530795261,98.407,0.0,0.0,0.0,0.0,1778833941,816767083
2136,1778833941,874554966,gps,360994.1557004672,4065945.8465068494,98.423,0.0,0.0,0.0,0.0,1778833941,940900754
2137,1778833941,999554903,gps,360993.8387272298,4065946.1290815985,98.426,0.0,0.0,0.0,0.0,1778833942,71992820
2138,1778833942,124554837,gps,360993.52211462567,4065946.4338443484,98.434,0.0,0.0,0.0,0.0,1778833942,192200609
2139,1778833942,249554773,gps,360993.2055020443,4065946.7386071123,98.46300000000001,0.0,0.0,0.0,0.0,1778833942,315036265
2140,1778833942,374554708,gps,360992.88870917854,4065947.032275894,98.471,0.0,0.0,0.0,0.0,1778833942,440875746
2141,1778833942,499554643,gps,360992.5722769494,4065947.348132679,98.482,0.0,0.0,0.0,0.0,1778833942,565673970
2142,1778833942,624554579,gps,360992.2554841282,4065947.6418014844,98.499,0.0,0.0,0.0,0.0,1778833942,690742592
2143,1778833942,749554514,gps,360991.9478016589,4065947.946419161,98.521,0.0,0.0,0.0,0.0,1778833942,816102043
2144,1778833942,874554450,gps,360991.6311891901,4065948.2511819876,98.513,0.0,0.0,0.0,0.0,1778833942,941041174
2145,1778833942,999554386,gps,360991.31475705316,4065948.567038822,98.523,0.0,0.0,0.0,0.0,1778833943,70541516
2146,1778833943,124554321,gps,360990.98028458725,4065948.87209195,98.549,0.0,0.0,0.0,0.0,1778833943,188239791
2147,1778833943,249554256,gps,360990.6640328076,4065949.199042804,98.555,0.0,0.0,0.0,0.0,1778833943,317666910
2148,1778833943,374554192,gps,360990.35617014254,4065949.4925665464,98.587,0.0,0.0,0.0,0.0,1778833943,441770653
2149,1778833943,499554127,gps,360990.0572375186,4065949.7859451603,98.572,0.0,0.0,0.0,0.0,1778833943,567517735
2150,1778833943,624554063,gps,360989.76723493496,4065950.079178646,98.59400000000001,0.0,0.0,0.0,0.0,1778833943,691860901
2151,1778833943,749553998,gps,360989.4681220404,4065950.361463287,98.596,0.0,0.0,0.0,0.0,1778833943,816705193
2152,1778833943,874553934,gps,360989.1959795361,4065950.654406516,98.62,0.0,0.0,0.0,0.0,1778833943,940736509
2153,1778833943,999553870,gps,360988.9324064446,4065950.9250166183,98.60300000000001,0.0,0.0,0.0,0.0,1778833944,66911166
2154,1778833944,124553804,gps,360988.65990335157,4065951.195771873,98.626,0.0,0.0,0.0,0.0,1778833944,190180369
2155,1778833944,249553740,gps,360988.38740027585,4065951.4665271365,98.632,0.0,0.0,0.0,0.0,1778833944,315872978
2156,1778833944,374553675,gps,360988.1148972175,4065951.737282409,98.641,0.0,0.0,0.0,0.0,1778833944,440270590
2157,1778833944,499553611,gps,360987.83382478653,4065952.0303708217,98.642,0.0,0.0,0.0,0.0,1778833944,565100117
2158,1778833944,624553546,gps,360987.5615020782,4065952.312220109,98.658,0.0,0.0,0.0,0.0,1778833944,690752783
2159,1778833944,749553482,gps,360987.27149966714,4065952.6054536854,98.65,0.0,0.0,0.0,0.0,1778833944,816491758
2160,1778833944,874553417,gps,360986.9727475743,4065952.909926411,98.672,0.0,0.0,0.0,0.0,1778833944,938786529
2161,1778833944,999553354,gps,360986.66524580074,4065953.225638285,98.68900000000001,0.0,0.0,0.0,0.0,1778833945,72386564
2162,1778833945,124553288,gps,360986.3666740674,4065953.541205027,98.691,0.0,0.0,0.0,0.0,1778833945,192318179
2163,1778833945,249553224,gps,360986.06810235634,4065953.8567717816,98.68900000000001,0.0,0.0,0.0,0.0,1778833945,317140543
2164,1778833945,374553159,gps,360985.76935035083,4065954.161244552,98.72200000000001,0.0,0.0,0.0,0.0,1778833945,441534984
2165,1778833945,499553095,gps,360985.4707786839,4065954.4768113294,98.73,0.0,0.0,0.0,0.0,1778833945,567627234
2166,1778833945,624553030,gps,360985.1720267205,4065954.781284121,98.744,0.0,0.0,0.0,0.0,1778833945,690717232
2167,1778833945,749552965,gps,360984.8825654313,4065955.107799771,98.759,0.0,0.0,0.0,0.0,1778833945,815990646
2168,1778833945,874552901,gps,360984.5748834971,4065955.412417731,98.77,0.0,0.0,0.0,0.0,1778833945,941405477
2169,1778833945,999552837,gps,360984.29399162915,4065955.716600265,98.791,0.0,0.0,0.0,0.0,1778833946,71012941
2170,1778833946,124552772,gps,360984.03077948955,4065956.009398522,98.788,0.0,0.0,0.0,0.0,1778833946,191402763
2171,1778833946,249552707,gps,360983.77559578617,4065956.2465816643,98.82900000000001,0.0,0.0,0.0,0.0,1778833946,317924041
2172,1778833946,374552643,gps,360983.5652424847,4065956.494133077,98.828,0.0,0.0,0.0,0.0,1778833946,441751240
2173,1778833946,499552578,gps,360983.40738735604,4065956.674249644,98.842,0.0,0.0,0.0,0.0,1778833946,567852907
2174,1778833946,624552514,gps,360983.2843506889,4065956.798315647,98.828,0.0,0.0,0.0,0.0,1778833946,691843627
2175,1778833946,749552449,gps,360983.2054231297,4065956.888373933,98.84400000000001,0.0,0.0,0.0,0.0,1778833946,814651485
2176,1778833946,874552385,gps,360983.1702440368,4065956.9222365064,98.851,0.0,0.0,0.0,0.0,1778833946,941080770
2177,1778833946,999552321,gps,360983.14381463797,4065956.9448599387,98.837,0.0,0.0,0.0,0.0,1778833947,69903728
2178,1778833947,124552255,gps,360983.1527446506,4065956.944714791,98.827,0.0,0.0,0.0,0.0,1778833947,190562012
2179,1778833947,249552191,gps,360983.1702440368,4065956.9222365064,98.82300000000001,0.0,0.0,0.0,0.0,1778833947,315780913
2180,1778833947,374552126,gps,360983.16149434436,4065956.933475648,98.821,0.0,0.0,0.0,0.0,1778833947,440371854
2181,1778833947,499552062,gps,360983.1525643304,4065956.933620795,98.848,0.0,0.0,0.0,0.0,1778833947,565113250
2182,1778833947,624551997,gps,360983.1613140242,4065956.922381653,98.837,0.0,0.0,0.0,0.0,1778833947,685903594
2183,1778833947,749551933,gps,360983.1613140242,4065956.922381653,98.83500000000001,0.0,0.0,0.0,0.0,1778833947,814474533
2184,1778833947,874551868,gps,360983.17042435694,4065956.9333305014,98.818,0.0,0.0,0.0,0.0,1778833947,938906472
2185,1778833947,999551805,gps,360983.16149434436,4065956.933475648,98.836,0.0,0.0,0.0,0.0,1778833948,69636882
2186,1778833948,124551739,gps,360983.1613140242,4065956.922381653,98.815,0.0,0.0,0.0,0.0,1778833948,190266204
2187,1778833948,249551675,gps,360983.1613140242,4065956.922381653,98.812,0.0,0.0,0.0,0.0,1778833948,315609244
2188,1778833948,374551610,gps,360983.1613140242,4065956.922381653,98.811,0.0,0.0,0.0,0.0,1778833948,438437002
2189,1778833948,499551545,gps,360983.1613140242,4065956.922381653,98.82300000000001,0.0,0.0,0.0,0.0,1778833948,559878086
2190,1778833948,624551481,gps,360983.161133704,4065956.911287659,98.818,0.0,0.0,0.0,0.0,1778833948,688770001
2191,1778833948,749551416,gps,360983.15220369,4065956.9114328055,98.815,0.0,0.0,0.0,0.0,1778833948,814121265
2192,1778833948,874551352,gps,360983.15220369,4065956.9114328055,98.818,0.0,0.0,0.0,0.0,1778833948,939600237
2193,1778833948,999551288,gps,360983.15220369,4065956.9114328055,98.81400000000001,0.0,0.0,0.0,0.0,1778833949,69822458
2194,1778833949,124551223,gps,360983.1613140242,4065956.922381653,98.798,0.0,0.0,0.0,0.0,1778833949,188787651
2195,1778833949,249551158,gps,360983.1700637167,4065956.9111425118,98.789,0.0,0.0,0.0,0.0,1778833949,315686654
2196,1778833949,374551094,gps,360983.161133704,4065956.911287659,98.782,0.0,0.0,0.0,0.0,1778833949,437592104
2197,1778833949,499551029,gps,360983.1700637167,4065956.9111425118,98.792,0.0,0.0,0.0,0.0,1778833949,565588664
2198,1778833949,624550965,gps,360983.1700637167,4065956.9111425118,98.78,0.0,0.0,0.0,0.0,1778833949,690766192
2199,1778833949,749550900,gps,360983.1789937306,4065956.9109973647,98.773,0.0,0.0,0.0,0.0,1778833949,815087932
2200,1778833949,874550836,gps,360983.1789937306,4065956.9109973647,98.761,0.0,0.0,0.0,0.0,1778833949,938069803
2201,1778833949,999550772,gps,360983.17881341046,4065956.8999033687,98.771,0.0,0.0,0.0,0.0,1778833950,68684817
2202,1778833950,124550706,gps,360983.1789937306,4065956.9109973647,98.759,0.0,0.0,0.0,0.0,1778833950,190103062
2203,1778833950,249550642,gps,360983.17881341046,4065956.8999033687,98.755,0.0,0.0,0.0,0.0,1778833950,316993910
2204,1778833950,374550577,gps,360983.1789937306,4065956.9109973647,98.765,0.0,0.0,0.0,0.0,1778833950,439674186
2205,1778833950,499550513,gps,360983.1879237433,4065956.910852217,98.739,0.0,0.0,0.0,0.0,1778833950,564805676
2206,1778833950,624550448,gps,360983.17881341046,4065956.8999033687,98.748,0.0,0.0,0.0,0.0,1778833950,689774528
2207,1778833950,749550384,gps,360983.18774342316,4065956.899758221,98.746,0.0,0.0,0.0,0.0,1778833950,814432186
2208,1778833950,874550319,gps,360983.17863309034,4065956.888809374,98.753,0.0,0.0,0.0,0.0,1778833950,938825804
2209,1778833950,999550256,gps,360983.17863309034,4065956.888809374,98.757,0.0,0.0,0.0,0.0,1778833951,69874518
2210,1778833951,124550190,gps,360983.1784527701,4065956.8777153785,98.73700000000001,0.0,0.0,0.0,0.0,1778833951,192132355
2211,1778833951,249550126,gps,360983.1695227561,4065956.877860526,98.741,0.0,0.0,0.0,0.0,1778833951,314055912
2212,1778833951,374550061,gps,360983.1784527701,4065956.8777153785,98.738,0.0,0.0,0.0,0.0,1778833951,440062552
2213,1778833951,499549997,gps,360983.17827245,4065956.8666213825,98.717,0.0,0.0,0.0,0.0,1778833951,564025714
2214,1778833951,624549932,gps,360983.17827245,4065956.8666213825,98.736,0.0,0.0,0.0,0.0,1778833951,689532842
2215,1778833951,749549868,gps,360983.1872024627,4065956.8664762354,98.711,0.0,0.0,0.0,0.0,1778833951,814601666
2216,1778833951,874549803,gps,360983.1872024627,4065956.8664762354,98.717,0.0,0.0,0.0,0.0,1778833951,939910166
2217,1778833951,999549740,gps,360983.17827245,4065956.8666213825,98.702,0.0,0.0,0.0,0.0,1778833952,70165216
2218,1778833952,124549674,gps,360983.1872024627,4065956.8664762354,98.705,0.0,0.0,0.0,0.0,1778833952,186763765
2219,1778833952,249549610,gps,360983.1872024627,4065956.8664762354,98.687,0.0,0.0,0.0,0.0,1778833952,315838111
2220,1778833952,374549545,gps,360983.1870221426,4065956.855382242,98.685,0.0,0.0,0.0,0.0,1778833952,440010134
2221,1778833952,499549481,gps,360983.1870221426,4065956.855382242,98.67,0.0,0.0,0.0,0.0,1778833952,565559604
2222,1778833952,624549416,gps,360983.1959521553,4065956.8552370938,98.67,0.0,0.0,0.0,0.0,1778833952,690682213
2223,1778833952,749549352,gps,360983.1870221426,4065956.855382242,98.667,0.0,0.0,0.0,0.0,1778833952,814783329
2224,1778833952,874549287,gps,360983.1870221426,4065956.855382242,98.662,0.0,0.0,0.0,0.0,1778833952,938719357
2225,1778833952,999549224,gps,360983.1870221426,4065956.855382242,98.64,0.0,0.0,0.0,0.0,1778833953,64995070
2226,1778833953,124549158,gps,360983.1870221426,4065956.855382242,98.667,0.0,0.0,0.0,0.0,1778833953,190644300
2227,1778833953,249549093,gps,360983.1959521553,4065956.8552370938,98.635,0.0,0.0,0.0,0.0,1778833953,315929001
2228,1778833953,374549029,gps,360983.1959521553,4065956.8552370938,98.643,0.0,0.0,0.0,0.0,1778833953,440028616
2229,1778833953,499548964,gps,360983.1959521553,4065956.8552370938,98.63,0.0,0.0,0.0,0.0,1778833953,564181837
2230,1778833953,624548900,gps,360983.1870221426,4065956.855382242,98.637,0.0,0.0,0.0,0.0,1778833953,689331154
2231,1778833953,749548835,gps,360983.2048821694,4065956.855091947,98.642,0.0,0.0,0.0,0.0,1778833953,813862172
2232,1778833953,874548771,gps,360983.2048821694,4065956.855091947,98.618,0.0,0.0,0.0,0.0,1778833953,936958053
2233,1778833953,999548707,gps,360983.2050624894,4065956.866185941,98.595,0.0,0.0,0.0,0.0,1778833954,69781069
2234,1778833954,124548642,gps,360983.2050624894,4065956.866185941,98.608,0.0,0.0,0.0,0.0,1778833954,190008227
2235,1778833954,249548577,gps,360983.19613247545,4065956.8663310884,98.599,0.0,0.0,0.0,0.0,1778833954,316071076
2236,1778833954,374548513,gps,360983.19613247545,4065956.8663310884,98.60600000000001,0.0,0.0,0.0,0.0,1778833954,439679082
2237,1778833954,499548448,gps,360983.2050624894,4065956.866185941,98.598,0.0,0.0,0.0,0.0,1778833954,564842904
2238,1778833954,624548384,gps,360983.2139925022,4065956.8660407937,98.59700000000001,0.0,0.0,0.0,0.0,1778833954,690572235
2239,1778833954,749548319,gps,360983.20524280955,4065956.8772799377,98.60000000000001,0.0,0.0,0.0,0.0,1778833954,814827557
2240,1778833954,874548255,gps,360983.2143531424,4065956.8882287857,98.56700000000001,0.0,0.0,0.0,0.0,1778833954,940458884
2241,1778833954,999548191,gps,360983.2141728223,4065956.8771347906,98.58,0.0,0.0,0.0,0.0,1778833955,70484890
2242,1778833955,124548126,gps,360983.2141728223,4065956.8771347906,98.578,0.0,0.0,0.0,0.0,1778833955,189827525
2243,1778833955,249548061,gps,360983.2141728223,4065956.8771347906,98.58,0.0,0.0,0.0,0.0,1778833955,315836250
2244,1778833955,374547997,gps,360983.2143531424,4065956.8882287857,98.568,0.0,0.0,0.0,0.0,1778833955,439939117
2245,1778833955,499547932,gps,360983.2231028363,4065956.8769896426,98.562,0.0,0.0,0.0,0.0,1778833955,567073732
2246,1778833955,624547868,gps,360983.2141728223,4065956.8771347906,98.562,0.0,0.0,0.0,0.0,1778833955,690405269
2247,1778833955,749547803,gps,360983.2232831564,4065956.8880836386,98.551,0.0,0.0,0.0,0.0,1778833955,812493868
2248,1778833955,874547739,gps,360983.2143531424,4065956.8882287857,98.571,0.0,0.0,0.0,0.0,1778833955,938851558
2249,1778833955,999547675,gps,360983.2143531424,4065956.8882287857,98.55,0.0,0.0,0.0,0.0,1778833956,68766679
2250,1778833956,124547610,gps,360983.22346347646,4065956.8991776323,98.537,0.0,0.0,0.0,0.0,1778833956,189857929
2251,1778833956,249547545,gps,360983.2322131691,4065956.887938491,98.551,0.0,0.0,0.0,0.0,1778833956,315692040
2252,1778833956,374547480,gps,360983.2232831564,4065956.8880836386,98.55,0.0,0.0,0.0,0.0,1778833956,440843281
2253,1778833956,499547416,gps,360983.22346347646,4065956.8991776323,98.549,0.0,0.0,0.0,0.0,1778833956,564949566
2254,1778833956,624547351,gps,360983.22346347646,4065956.8991776323,98.539,0.0,0.0,0.0,0.0,1778833956,686090746
2255,1778833956,749547287,gps,360983.23239348916,4065956.8990324857,98.527,0.0,0.0,0.0,0.0,1778833956,814407405
2256,1778833956,874547222,gps,360983.22346347646,4065956.8991776323,98.539,0.0,0.0,0.0,0.0,1778833956,939906046
2257,1778833956,999547159,gps,360983.22346347646,4065956.8991776323,98.555,0.0,0.0,0.0,0.0,1778833957,70267270
2258,1778833957,124547093,gps,360983.22346347646,4065956.8991776323,98.541,0.0,0.0,0.0,0.0,1778833957,190652858
2259,1778833957,249547029,gps,360983.23239348916,4065956.8990324857,98.543,0.0,0.0,0.0,0.0,1778833957,317134102
2260,1778833957,374546964,gps,360983.2236437966,4065956.9102716283,98.569,0.0,0.0,0.0,0.0,1778833957,440024159
2261,1778833957,499546900,gps,360983.2236437966,4065956.9102716283,98.551,0.0,0.0,0.0,0.0,1778833957,560594874
2262,1778833957,624546835,gps,360983.2236437966,4065956.9102716283,98.554,0.0,0.0,0.0,0.0,1778833957,689886763
2263,1778833957,749546771,gps,360983.2148941027,4065956.92151077,98.56400000000001,0.0,0.0,0.0,0.0,1778833957,814883002
2264,1778833957,874546706,gps,360983.22346347646,4065956.8991776323,98.549,0.0,0.0,0.0,0.0,1778833957,940557279
2265,1778833957,999546643,gps,360983.2236437966,4065956.9102716283,98.535,0.0,0.0,0.0,0.0,1778833958,69916429
2266,1778833958,124546577,gps,360983.2238241167,4065956.921365623,98.533,0.0,0.0,0.0,0.0,1778833958,189097861
2267,1778833958,249546513,gps,360983.2236437966,4065956.9102716283,98.547,0.0,0.0,0.0,0.0,1778833958,314812185
2268,1778833958,374546448,gps,360983.2236437966,4065956.9102716283,98.541,0.0,0.0,0.0,0.0,1778833958,437108117
2269,1778833958,499546384,gps,360983.2236437966,4065956.9102716283,98.539,0.0,0.0,0.0,0.0,1778833958,564885060
2270,1778833958,624546319,gps,360983.2238241167,4065956.921365623,98.551,0.0,0.0,0.0,0.0,1778833958,690049752
2271,1778833958,749546255,gps,360983.21471378265,4065956.9104167763,98.556,0.0,0.0,0.0,0.0,1778833958,814102870
2272,1778833958,874546190,gps,360983.21471378265,4065956.9104167763,98.556,0.0,0.0,0.0,0.0,1778833958,937782747
2273,1778833958,999546126,gps,360983.2148941027,4065956.92151077,98.56700000000001,0.0,0.0,0.0,0.0,1778833959,67995689
2274,1778833959,124546061,gps,360983.2148941027,4065956.92151077,98.556,0.0,0.0,0.0,0.0,1778833959,190338125
2275,1778833959,249545996,gps,360983.2148941027,4065956.92151077,98.56700000000001,0.0,0.0,0.0,0.0,1778833959,314695568
2276,1778833959,374545932,gps,360983.20596409007,4065956.9216559175,98.587,0.0,0.0,0.0,0.0,1778833959,438877850
2277,1778833959,499545868,gps,360983.20596409007,4065956.9216559175,98.533,0.0,0.0,0.0,0.0,1778833959,563916065
2278,1778833959,624545803,gps,360983.2150744228,4065956.9326047655,98.565,0.0,0.0,0.0,0.0,1778833959,688487750
2279,1778833959,749545738,gps,360983.2061444102,4065956.9327499126,98.56700000000001,0.0,0.0,0.0,0.0,1778833959,814008928
2280,1778833959,874545674,gps,360983.2061444102,4065956.9327499126,98.57900000000001,0.0,0.0,0.0,0.0,1778833959,938822980
2281,1778833959,999545610,gps,360983.2150744228,4065956.9326047655,98.56700000000001,0.0,0.0,0.0,0.0,1778833960,69699682
2282,1778833960,124545545,gps,360983.2150744228,4065956.9326047655,98.577,0.0,0.0,0.0,0.0,1778833960,190207575
2283,1778833960,249545480,gps,360983.2150744228,4065956.9326047655,98.587,0.0,0.0,0.0,0.0,1778833960,313948978
2284,1778833960,374545416,gps,360983.22418475687,4065956.9435536144,98.559,0.0,0.0,0.0,0.0,1778833960,439496290
2285,1778833960,499545351,gps,360983.22400443675,4065956.9324596184,98.57300000000001,0.0,0.0,0.0,0.0,1778833960,564882109
2286,1778833960,624545287,gps,360983.22418475687,4065956.9435536144,98.568,0.0,0.0,0.0,0.0,1778833960,689645647
2287,1778833960,749545222,gps,360983.22418475687,4065956.9435536144,98.544,0.0,0.0,0.0,0.0,1778833960,814480387
2288,1778833960,874545158,gps,360983.224365077,4065956.954647609,98.547,0.0,0.0,0.0,0.0,1778833960,939035073
